global_step,epoch,step_in_epoch,sample_idx,loss,running_mean_loss,lr,seconds
0,0,0,1463,104.89845275878906,104.89845275878906,0.001,5.7776994705200195
1,0,1,1918,104.5440444946289,104.6279728899344,0.001,3.542973041534424
2,0,2,1265,115.90460205078125,107.0450993608709,0.001,3.9735989570617676
3,0,3,1793,108.5372085571289,107.59897236200115,0.001,4.03097128868103
4,0,4,1274,115.84517669677734,109.38512442958066,0.001,4.823317527770996
5,0,5,1846,108.75605010986328,109.2720781893886,0.001,3.5725183486938477
6,0,6,1543,129.27133178710938,110.88333073526508,0.001,4.156250238418579
7,0,7,1902,99.4297866821289,109.24476216960534,0.001,4.557693243026733
8,0,8,1514,114.56338500976562,109.58099922966477,0.001,3.5085699558258057
9,0,9,1682,108.72659301757812,109.48039806336057,0.001,4.378446817398071
10,0,10,1250,102.52789306640625,109.11454527232233,0.001,4.648742914199829
11,0,11,1161,117.69124603271484,109.52393067983557,0.001,4.332882881164551
12,0,12,1151,111.08998107910156,109.63083201832497,0.001,3.8822476863861084
13,0,13,1132,111.85159301757812,109.83408564773157,0.001,3.8644068241119385
14,0,14,1111,109.82913970947266,109.83367783416631,0.001,3.508608102798462
15,0,15,1838,119.37026977539062,110.5505204161451,0.001,3.8670520782470703
16,0,16,178,119.05262756347656,111.14115329908314,0.001,4.23447585105896
17,0,17,1915,122.68882751464844,111.69417312306626,0.001,4.390138864517212
18,0,18,1306,97.11174774169922,110.4890495485885,0.001,4.819600820541382
19,0,19,1945,113.64605712890625,110.73092359128717,0.001,3.8607189655303955
20,0,20,1615,117.404541015625,111.08604539707227,0.001,4.558628559112549
21,0,21,1557,101.33439636230469,110.4234351148569,0.001,3.5145819187164307
22,0,22,1346,116.68152618408203,110.80612921677123,0.001,3.643012762069702
23,0,23,1394,102.51960754394531,110.4299177728567,0.001,3.5647623538970947
24,0,24,1365,126.4902572631836,110.77072020452627,0.001,3.763547658920288
25,0,25,1118,110.42909240722656,110.756239567845,0.001,4.219099760055542
26,0,26,1675,101.82151794433594,110.4955048774909,0.001,4.550740003585815
27,0,27,1334,131.0855255126953,110.8860743350653,0.001,4.427201509475708
28,0,28,1965,104.7866439819336,110.57091256503543,0.001,4.36797571182251
29,0,29,2075,112.38274383544922,110.61852610026443,0.001,4.518113613128662
30,0,30,190,111.18718719482422,110.64617539111724,0.001,4.462093114852905
31,0,31,1576,123.7931137084961,110.86192226037998,0.001,4.205684423446655
32,0,32,1523,133.04673767089844,111.22661116910196,0.001,4.999848365783691
33,0,33,1122,109.51657104492188,111.18491187042468,0.001,4.6458353996276855
34,0,34,2095,109.49857330322266,111.11391866658754,0.001,4.615416049957275
35,0,35,2008,137.9579315185547,111.47696172602922,0.001,3.7748641967773438
36,0,36,1690,102.67179107666016,111.34475541886746,0.001,4.192804574966431
37,0,37,1642,120.2643051147461,111.61154049703731,0.001,4.315053224563599
38,0,38,1089,111.99179077148438,111.62630692705723,0.001,4.847011089324951
39,0,39,1093,104.56373596191406,111.36666620437809,0.001,5.246869325637817
40,0,40,1099,110.19212341308594,111.32415307524346,0.001,3.6075971126556396
41,0,41,2080,111.28820037841797,111.32289265330802,0.001,3.739445209503174
42,0,42,1397,95.08289337158203,110.77007519899409,0.001,3.9508697986602783
43,0,43,1105,100.65194702148438,110.64514091925676,0.001,4.3546624183654785
44,0,44,1264,116.73255157470703,110.71790098255804,0.001,4.234181642532349
45,0,45,2166,113.48368072509766,110.76546765614526,0.001,3.748324155807495
46,0,46,1360,128.0482940673828,110.95677426868022,0.001,4.318724632263184
47,0,47,2034,108.59902954101562,110.88491238508885,0.001,4.040354013442993
48,0,48,1343,114.03011322021484,110.91709082783366,0.001,3.3706564903259277
49,0,49,1580,104.62945556640625,110.81580720011964,0.001,3.769296646118164
50,0,50,1586,104.18544006347656,110.62042515748016,0.001,4.6591269969940186
51,0,51,1443,107.26860809326172,110.52572134726074,0.001,4.191348552703857
52,0,52,1888,114.05870056152344,110.62184654481342,0.001,4.049795627593994
53,0,53,1951,117.8094482421875,110.76807911338749,0.001,4.519705295562744
54,0,54,1439,112.32566833496094,110.8086267758878,0.001,4.6647539138793945
55,0,55,1370,100.78214263916016,110.61279637153703,0.001,4.305454254150391
56,0,56,1699,121.60563659667969,110.75929007085833,0.001,3.528064012527466
57,0,57,1470,113.47472381591797,110.80898156582072,0.001,4.361758708953857
58,0,58,2202,108.7927474975586,110.75938107755155,0.001,3.9137496948242188
59,0,59,1480,120.3028793334961,110.84068306468157,0.001,3.715606689453125
60,0,60,1717,125.2378921508789,110.9627288916177,0.001,3.8915629386901855
61,0,61,1751,118.08853149414062,111.05345726110703,0.001,5.323910236358643
62,0,62,1858,118.30168151855469,111.17876375903333,0.001,4.197806358337402
63,0,63,1814,117.52083587646484,111.28618279370332,0.001,3.507901430130005
64,0,64,1568,115.58806610107422,111.35835108535271,0.001,3.5710337162017822
65,0,65,2241,103.60575866699219,111.18544940819851,0.001,4.463391304016113
66,0,66,2067,115.3594741821289,111.23526081490276,0.001,3.7400405406951904
67,0,67,1648,116.23046112060547,111.29267975403134,0.001,4.290120363235474
68,0,68,1577,116.91155242919922,111.38146982413339,0.001,4.612236738204956
69,0,69,2147,103.02413940429688,111.20712458493689,0.001,3.911808967590332
70,0,70,1262,114.63284301757812,111.23192970515946,0.001,4.137141227722168
71,0,71,1333,103.98638153076172,111.1215619216371,0.001,4.7776453495025635
72,0,72,2055,119.16260528564453,111.28132970559548,0.001,4.61683988571167
73,0,73,1493,114.11734771728516,111.33669421906794,0.001,3.9971230030059814
74,0,74,1363,98.4778823852539,111.15199239493796,0.001,4.252043008804321
75,0,75,1263,110.99111938476562,111.1497124786305,0.001,4.637102365493774
76,0,76,2101,113.3667221069336,111.19123735522228,0.001,3.925462007522583
77,0,77,2181,132.16726684570312,111.32989079072257,0.001,3.537470579147339
78,0,78,1845,118.49903869628906,111.3741534505132,0.001,3.513941764831543
79,0,79,1173,114.83616638183594,111.39680039412909,0.001,4.489245891571045
80,0,80,1127,112.57154083251953,111.40838218598398,0.001,3.641961097717285
81,0,81,2335,124.46051788330078,111.49403093814591,0.001,4.220985651016235
82,0,82,2174,102.33184051513672,111.33717996510615,0.001,4.75895619392395
83,0,83,1361,102.93305969238281,111.28469942208055,0.001,4.492966175079346
84,0,84,1636,102.84888458251953,111.13925695620637,0.001,3.678663730621338
85,0,85,1540,107.06570434570312,111.11420745796117,0.001,3.911348342895508
86,0,86,2099,113.54170227050781,111.13632995822898,0.001,4.391111850738525
87,0,87,2399,106.65724182128906,111.11218516489163,0.001,3.918794631958008
88,0,88,2297,120.49066925048828,111.23169102186374,0.001,3.87980318069458
89,0,89,2204,99.01603698730469,111.03486676162402,0.001,3.6648099422454834
90,0,90,1737,106.55188751220703,110.9646428849852,0.001,4.156940460205078
91,0,91,1903,111.26142883300781,110.96714077758024,0.001,4.501794338226318
92,0,92,1878,114.76899719238281,110.99899691761405,0.001,4.172728061676025
93,0,93,2327,114.76982879638672,111.030133875619,0.001,4.073188781738281
94,0,94,2184,120.14302062988281,111.10685727826916,0.001,3.6910951137542725
95,0,95,2205,112.13789367675781,111.1189596891417,0.001,3.396961212158203
96,0,96,1317,115.71095275878906,111.14401267476572,0.001,3.2217535972595215
97,0,97,2221,108.66036224365234,111.1152907699521,0.001,4.114001989364624
98,0,98,2073,118.50969696044922,111.15344673051106,0.001,4.288895130157471
99,0,99,1896,106.2779312133789,111.09940479124774,0.001,3.9910285472869873
100,0,100,1772,108.89801788330078,111.06662500552949,0.001,3.5255002975463867
101,0,101,2070,113.753662109375,111.10536862606968,0.001,4.541628837585449
102,0,102,2293,112.06565856933594,111.11590573122673,0.001,4.171384811401367
103,0,103,2144,110.60980224609375,111.11336142271497,0.001,4.052830457687378
104,0,104,1551,113.35074615478516,111.1373552132406,0.001,5.146301984786987
105,0,105,2341,112.85033416748047,111.16129247576225,0.001,4.500845193862915
106,0,106,2140,123.82756805419922,111.22106305696589,0.001,3.6689846515655518
107,0,107,2233,114.8646011352539,111.2476941581362,0.001,3.8467578887939453
108,0,108,1879,124.6337661743164,111.34690586589376,0.001,4.3886878490448
109,0,109,2435,102.68794250488281,111.30377860267674,0.001,4.669758558273315
110,0,110,1556,109.61146545410156,111.28669718688518,0.001,4.597775459289551
111,0,111,2163,110.75498962402344,111.28127003317005,0.001,4.214038372039795
112,0,112,2235,115.40790557861328,111.33507442976284,0.001,4.162108421325684
113,0,113,1342,121.50337982177734,111.43211698959361,0.001,3.5791845321655273
114,0,114,1676,107.8261947631836,111.38562927848547,0.001,3.9405713081359863
115,0,115,1442,111.42364501953125,111.38588486910113,0.001,4.342733860015869
116,0,116,29,113.30747985839844,111.40391479430737,0.001,3.835310935974121
117,0,117,2229,103.387939453125,111.35743179520605,0.001,3.606410264968872
118,0,118,1569,105.8801040649414,111.3061614245113,0.001,3.98129940032959
119,0,119,256,111.15377044677734,111.30516753442632,0.001,4.566740274429321
120,0,120,1457,110.62760162353516,111.29700042913781,0.001,3.954434394836426
121,0,121,1714,110.21282958984375,111.28743432053308,0.001,4.416748285293579
122,0,122,1571,110.07109832763672,111.27298104882165,0.001,4.501333475112915
123,0,123,2340,122.80722045898438,111.37295699207857,0.001,4.798522233963013
124,0,124,2000,104.32018280029297,111.34366475822468,0.001,4.28158974647522
125,0,125,2464,98.56919860839844,111.28904945502774,0.001,3.9399540424346924
126,0,126,1862,105.35428619384766,111.26428950336724,0.001,5.055837392807007
127,0,127,1196,112.33601379394531,111.26837080713418,0.001,4.09744668006897
128,0,128,1113,119.48271942138672,111.3626988982033,0.001,4.0261547565460205
129,0,129,1602,100.6734619140625,111.3337744861856,0.001,5.18778133392334
130,0,130,2401,111.3841323852539,111.33420957027079,0.001,4.092195987701416
131,0,131,254,106.22032928466797,111.27703966734883,0.001,4.001683473587036
132,0,132,2511,128.52561950683594,111.38149734971091,0.001,3.838146448135376
133,0,133,2450,120.8354721069336,111.45855725453731,0.001,4.247361660003662
134,0,134,1794,99.19937133789062,111.35927204791929,0.001,4.529736042022705
135,0,135,1549,115.36833953857422,111.38339921004791,0.001,3.2726757526397705
136,0,136,1779,127.05824279785156,111.55227746383997,0.001,5.005603790283203
137,0,137,2460,110.8101806640625,111.54942928195115,0.001,4.0986878871917725
138,0,138,2538,114.59400939941406,111.56111059336081,0.001,4.260995149612427
139,0,139,2535,139.60919189453125,111.66800066926369,0.001,5.332239389419556
140,0,140,2113,115.33392333984375,111.69751336859716,0.001,4.412363052368164
141,0,141,2425,105.36723327636719,111.64741395045984,0.001,4.1073455810546875
142,0,142,2179,98.3902359008789,111.57219994953552,0.001,4.2413330078125
143,0,143,2272,112.3144302368164,111.57796484809839,0.001,4.237452268600464
144,0,144,1821,115.7368392944336,111.59326061311572,0.001,4.152857065200806
145,0,145,1516,111.40397644042969,111.59181515941361,0.001,4.027486085891724
146,0,146,1088,102.6412582397461,111.52494769582144,0.001,3.5826685428619385
147,0,147,2583,108.52678680419922,111.50207374074623,0.001,4.398984909057617
148,0,148,2392,113.58488464355469,111.51341230406392,0.001,4.4156410694122314
149,0,149,1506,108.63774108886719,111.50365973286343,0.001,3.320927858352661
150,0,150,38,110.04965209960938,111.49584685249756,0.001,4.945301532745361
151,0,151,2343,116.61427307128906,111.52265422645817,0.001,3.983242988586426
152,0,152,1923,116.18901824951172,111.55781378852198,0.001,4.115952968597412
153,0,153,266,119.25542449951172,111.6328398453319,0.001,4.743717193603516
154,0,154,2040,122.33927154541016,111.7373181198818,0.001,5.505509376525879
155,0,155,1530,104.9811019897461,111.67289388965985,0.001,4.510387659072876
156,0,156,2452,111.95416259765625,111.67489239106234,0.001,4.331774711608887
157,0,157,1087,107.46605682373047,111.63608145819796,0.001,4.677152633666992
158,0,158,2580,114.77046966552734,111.66459348721577,0.001,3.627354145050049
159,0,159,1693,99.25630950927734,111.55060335878653,0.001,4.442994117736816
160,0,160,1399,111.93375396728516,111.55415504421103,0.001,4.200109958648682
161,0,161,2564,96.89073181152344,111.4561156210129,0.001,3.819791555404663
162,0,162,1174,112.3236083984375,111.46199578547744,0.001,3.9802417755126953
163,0,163,2569,110.7386474609375,111.45853090396342,0.001,4.328234910964966
164,0,164,2294,119.77325439453125,111.48421778468654,0.001,4.903110027313232
165,0,165,2278,104.61292266845703,111.43775862011007,0.001,3.8311331272125244
166,0,166,1482,120.95152282714844,111.4674591683123,0.001,4.6547019481658936
167,0,167,2197,109.35013580322266,111.4535854048581,0.001,4.177430868148804
168,0,168,1090,111.5592041015625,111.45407380338379,0.001,4.399294376373291
169,0,169,1495,120.48884582519531,111.51327205916712,0.001,3.5275115966796875
170,0,170,1679,127.78968811035156,111.59028459218229,0.001,3.606105327606201
171,0,171,2479,116.71727752685547,111.62225538541817,0.001,4.991217613220215
172,0,172,2117,111.9637451171875,111.62439167782551,0.001,3.9963912963867188
173,0,173,2669,110.34484100341797,111.6204462083196,0.001,4.174826145172119
174,0,174,2449,105.57144927978516,111.58200727873809,0.001,3.657315731048584
175,0,175,1395,125.12395477294922,111.62349078188262,0.001,4.003857612609863
176,0,176,1756,102.98936462402344,111.57007075115739,0.001,4.0860595703125
177,0,177,1120,95.61390686035156,111.50209098957606,0.001,4.3389904499053955
178,0,178,1925,138.39572143554688,111.58126711267741,0.001,4.604686498641968
179,0,179,2563,115.05107879638672,111.59672350110861,0.001,4.069535255432129
180,0,180,1128,107.58293914794922,111.57189407081273,0.001,3.811732053756714
181,0,181,1817,104.1376724243164,111.55079969189751,0.001,3.93584942817688
182,0,182,2274,99.21810913085938,111.47667959341778,0.001,4.098642349243164
183,0,183,2203,125.59004211425781,111.59129787129511,0.001,4.134702682495117
184,0,184,1700,113.5502700805664,111.60022468259793,0.001,4.287518739700317
185,0,185,1355,107.19761657714844,111.57362931397073,0.001,4.6790149211883545
186,0,186,1791,110.02544403076172,111.56710949027442,0.001,3.3410305976867676
187,0,187,2377,108.3663101196289,111.54813965635879,0.001,3.5574021339416504
188,0,188,2413,116.21229553222656,111.57610151076611,0.001,4.288049936294556
189,0,189,1368,129.05154418945312,111.65112202416786,0.001,4.697134256362915
190,0,190,1081,104.12057495117188,111.60696249472181,0.001,4.65005087852478
191,0,191,1938,105.13994598388672,111.58961679472046,0.001,3.6641621589660645
192,0,192,1627,113.99493408203125,111.60369505473483,0.001,4.064190864562988
193,0,193,2513,100.93655395507812,111.57445041678248,0.001,4.704108715057373
194,0,194,2476,119.49964904785156,111.59632217389502,0.001,4.617680311203003
195,0,195,1802,124.87297058105469,111.67220441336593,0.001,3.5921034812927246
196,0,196,1806,104.22724151611328,111.61554980061298,0.001,4.3481621742248535
197,0,197,2864,115.15272521972656,111.6300312737748,0.001,4.032315731048584
198,0,198,2196,121.83354949951172,111.6547995588512,0.001,4.217983722686768
199,0,199,175,122.37699890136719,111.698865886753,0.001,4.174428462982178
200,0,200,272,117.70906066894531,111.72310931267772,0.001,4.17103910446167
201,0,201,1083,120.87648010253906,111.78942921555904,0.001,4.798413038253784
202,0,202,2149,106.72628021240234,111.76096062943785,0.001,4.080907344818115
203,0,203,1585,105.18356323242188,111.71331010997922,0.001,5.803600549697876
204,0,204,2763,120.71548461914062,111.73666062395922,0.001,4.125170469284058
205,0,205,2510,114.63030242919922,111.75749809660563,0.001,3.860650062561035
206,0,206,2619,111.01937103271484,111.75487836870651,0.001,4.3327085971832275
207,0,207,2861,91.74138641357422,111.64612184457721,0.001,4.699300765991211
208,0,208,1155,119.33121490478516,111.6661689092692,0.001,4.333812475204468
209,0,209,2552,116.70307922363281,111.69287993418126,0.001,4.163262844085693
210,0,210,2909,123.46418762207031,111.75614084981318,0.001,4.686362266540527
211,0,211,1692,114.7405776977539,111.77712012909856,0.001,4.116608142852783
212,0,212,2448,102.53639221191406,111.71279018266449,0.001,3.5023789405822754
213,0,213,1441,113.120361328125,111.71638156066223,0.001,4.312699556350708
214,0,214,2325,114.26399993896484,111.72969195891747,0.001,4.003210067749023
215,0,215,1921,111.71357727050781,111.72960855095721,0.001,3.791858434677124
216,0,216,340,108.64242553710938,111.71364557320379,0.001,4.136297941207886
217,0,217,2098,112.39663696289062,111.71595019587326,0.001,4.800103187561035
218,0,218,2298,111.18630981445312,111.71468881525182,0.001,3.6163198947906494
219,0,219,1310,106.35791015625,111.67811647058724,0.001,3.663990020751953
220,0,220,350,117.52584838867188,111.70795441132385,0.001,3.5552151203155518
221,0,221,2608,95.8249740600586,111.59931310084521,0.001,4.311056613922119
222,0,222,2522,99.05620574951172,111.5370994454506,0.001,3.7607955932617188
223,0,223,1626,114.81501770019531,111.54464092079323,0.001,4.370469808578491
224,0,224,1344,98.84939575195312,111.4820918341147,0.001,4.637551307678223
225,0,225,2548,102.65634155273438,111.43913610911585,0.001,4.601940155029297
226,0,226,1777,114.65992736816406,111.45476248941836,0.001,3.96355938911438
227,0,227,378,118.11849975585938,111.4982436154561,0.001,4.059571981430054
228,0,228,1819,95.7240219116211,111.46129374554138,0.001,5.126633882522583
229,0,229,2585,112.14604187011719,111.46455508288723,0.001,3.6590895652770996
230,0,230,1762,113.42803192138672,111.4740206085428,0.001,4.098365068435669
231,0,231,1181,120.22024536132812,111.51510568434126,0.001,4.281837224960327
232,0,232,1259,110.84236907958984,111.51284995505439,0.001,3.915212631225586
233,0,233,2157,111.5731201171875,111.5132327369678,0.001,3.7671306133270264
234,0,234,37,108.53084564208984,111.4945087181347,0.001,4.755279064178467
235,0,235,1440,101.14824676513672,111.44680557548261,0.001,4.296354293823242
236,0,236,1900,136.44737243652344,111.50417671991418,0.001,3.606797695159912
237,0,237,2911,101.7401123046875,111.48397714705423,0.001,4.323766708374023
238,0,238,2051,112.66986083984375,111.48954844902728,0.001,5.224409580230713
239,0,239,405,106.08666229248047,111.4711777533473,0.001,3.923011302947998
240,0,240,448,114.97166442871094,111.48776552882093,0.001,4.002368688583374
241,0,241,2584,105.7470932006836,111.45264554204488,0.001,4.26616907119751
242,0,242,1807,98.0333480834961,111.37184934393497,0.001,4.5844197273254395
243,0,243,367,136.8072509765625,111.4536626841659,0.001,4.27974009513855
244,0,244,2603,103.92208099365234,111.40927130489624,0.001,4.049842596054077
245,0,245,2750,123.54143524169922,111.43519057510919,0.001,4.896475076675415
246,0,246,2219,119.60164642333984,111.45167609621767,0.001,4.702364921569824
247,0,247,1383,112.51004028320312,111.45513093645808,0.001,4.199661016464233
248,0,248,1393,112.03497314453125,111.45774381801907,0.001,4.276354074478149
249,0,249,1339,140.94398498535156,111.52149717687428,0.001,4.0999109745025635
250,0,250,2282,100.92755889892578,111.49904901123526,0.001,4.001985788345337
251,0,251,1769,110.34757232666016,111.49217333676657,0.001,4.1082987785339355
252,0,252,1126,114.68791961669922,111.51101347280003,0.001,4.519253969192505
253,0,253,372,124.09832763671875,111.53416822748119,0.001,3.8543589115142822
254,0,254,2498,126.70638275146484,111.581603917749,0.001,3.7299795150756836
255,0,255,496,101.01913452148438,111.5374392238493,0.001,3.6618056297302246
256,0,256,2871,100.0031967163086,111.4710218448376,0.001,4.370588779449463
257,0,257,2007,110.44511413574219,111.46661060858005,0.001,3.9747328758239746
258,0,258,1596,109.99462890625,111.46218298872503,0.001,3.828596830368042
259,0,259,382,120.13202667236328,111.47944368083793,0.001,3.340672016143799
260,0,260,1735,112.57398223876953,111.4817022299811,0.001,4.444572687149048
261,0,261,177,109.51094818115234,111.47339403552647,0.001,4.2700347900390625
262,0,262,1302,103.08625793457031,111.42889593118547,0.001,4.065666913986206
263,0,263,2378,114.70976257324219,111.44294390403657,0.001,4.711632013320923
264,0,264,1766,107.8470687866211,111.4377794105717,0.001,4.400916814804077
265,0,265,2794,103.06426239013672,111.42074808053647,0.001,3.7484169006347656
266,0,266,264,97.53610229492188,111.36203047476214,0.001,4.188366174697876
267,0,267,2614,113.42936706542969,111.37345659313571,0.001,4.450445652008057
268,0,268,2502,115.23822784423828,111.39507856867117,0.001,4.299182653427124
269,0,269,2436,99.96277618408203,111.37231916000599,0.001,3.4589343070983887
270,0,270,325,94.22969818115234,111.30175656215471,0.001,3.5666396617889404
271,0,271,1503,105.30670928955078,111.28549925070567,0.001,3.972033977508545
272,0,272,1097,115.36946105957031,111.29327296857483,0.001,3.8531248569488525
273,0,273,1844,113.78121185302734,111.29759582440116,0.001,3.955585479736328
274,0,274,2406,110.03318786621094,111.29064946172102,0.001,4.884267091751099
275,0,275,2784,120.29898071289062,111.3396149940786,0.001,4.056301832199097
276,0,276,1617,108.9954605102539,111.3274281330046,0.001,4.464673757553101
277,0,277,2249,105.47813415527344,111.3034392846893,0.001,4.393259286880493
278,0,278,64,122.90234375,111.32590433537892,0.001,5.06997537612915
279,0,279,400,114.1581039428711,111.33316053538537,0.001,3.7869482040405273
280,0,280,2767,100.02367401123047,111.28743800344516,0.001,3.770928382873535
281,0,281,2482,114.56542205810547,111.30493372439757,0.001,4.485644578933716
282,0,282,2613,122.0627212524414,111.34689813862562,0.001,4.181197166442871
283,0,283,2529,111.05475616455078,111.34572206386918,0.001,3.327319383621216
284,0,284,695,100.94232177734375,111.304598396487,0.001,3.6462018489837646
285,0,285,2191,108.87017059326172,111.29765259863642,0.001,4.58344292640686
286,0,286,2537,110.54508972167969,111.29465802063376,0.001,4.131446599960327
287,0,287,1832,111.72832489013672,111.29689963995153,0.001,4.403119087219238
288,0,288,1620,114.4861068725586,111.30082734104872,0.001,4.875326871871948
289,0,289,2505,109.97498321533203,111.29833623487215,0.001,4.32298469543457
290,0,290,407,120.61433410644531,111.33415876686297,0.001,3.682027816772461
291,0,291,2720,123.00590515136719,111.35389153771398,0.001,4.1662492752075195
292,0,292,2387,110.67337036132812,111.35202724753147,0.001,4.731927394866943
293,0,293,459,106.88053131103516,111.3439534330265,0.001,4.1509833335876465
294,0,294,2874,111.43356323242188,111.34428772973652,0.001,3.14650297164917
295,0,295,2652,120.08989715576172,111.35983439143723,0.001,4.048287391662598
296,0,296,507,108.49990844726562,111.35623223684311,0.001,4.4170050621032715
297,0,297,2781,103.57946014404297,111.33780626240721,0.001,4.0329272747039795
298,0,298,492,91.3074722290039,111.23700515594311,0.001,3.778501033782959
299,0,299,1828,115.29869842529297,111.25774882723289,0.001,4.236965179443359
300,0,300,611,104.53626251220703,111.24010409373761,0.001,4.293213844299316
301,0,301,2546,91.94013214111328,111.16880142236579,0.001,4.2952258586883545
302,0,302,2523,106.5699691772461,111.14603963590893,0.001,4.32628321647644
303,0,303,521,121.45323944091797,111.16411109027698,0.001,4.623094320297241
304,0,304,1823,105.45091247558594,111.13543222479598,0.001,3.7288153171539307
305,0,305,2789,108.46761322021484,111.12568314109413,0.001,3.927832841873169
306,0,306,719,99.9236068725586,111.0711052163239,0.001,4.252631902694702
307,0,307,401,115.9413833618164,111.08883564775643,0.001,3.915252685546875
308,0,308,771,108.89256286621094,111.08092657375155,0.001,3.828461170196533
309,0,309,273,116.22309875488281,111.09965656300542,0.001,4.312584638595581
310,0,310,717,115.14998626708984,111.11905031713506,0.001,5.390190601348877
311,0,311,2593,104.0291748046875,111.09313189289053,0.001,4.387698411941528
312,0,312,832,99.34076690673828,111.03761038099111,0.001,3.8970866203308105
313,0,313,1527,102.413818359375,111.00718149025913,0.001,4.285823106765747
314,0,314,607,118.11339569091797,111.01871052237554,0.001,4.070257902145386
315,0,315,778,109.60108947753906,111.01374386669062,0.001,3.547499656677246
316,0,316,488,120.3003158569336,111.05684440784674,0.001,4.170334577560425
317,0,317,827,113.01829528808594,111.06093336866317,0.001,4.797384977340698
318,0,318,803,116.51405334472656,111.06978796504829,0.001,3.0883588790893555
319,0,319,481,113.42777252197266,111.07801383179336,0.001,3.6301939487457275
320,0,320,2654,103.58051300048828,111.04314014567072,0.001,3.4187264442443848
321,0,321,2590,127.64617156982422,111.08298591783827,0.001,4.881576776504517
322,0,322,2060,107.13284301757812,111.0692665476584,0.001,4.0964062213897705
323,0,323,851,104.74779510498047,111.03961458827006,0.001,4.339302062988281
324,0,324,2694,128.8504638671875,111.06851525991304,0.001,4.755685329437256
325,0,325,2601,114.60895538330078,111.08436616284656,0.001,3.8253884315490723
326,0,326,914,102.62732696533203,111.05567344071557,0.001,4.2465620040893555
327,0,327,374,99.39088439941406,111.00325312647779,0.001,4.095708131790161
328,0,328,2834,114.93841552734375,111.02102793126383,0.001,4.629058122634888
329,0,329,825,110.03667449951172,111.01948861931093,0.001,4.2511069774627686
330,0,330,743,124.31121826171875,111.04064020233058,0.001,4.318986415863037
331,0,331,2672,112.35486602783203,111.04654344016166,0.001,4.397977352142334
332,0,332,2328,110.13263702392578,111.04433566300025,0.001,4.099887847900391
333,0,333,1488,105.39656066894531,111.0207856129569,0.001,3.900653839111328
334,0,334,471,103.32862091064453,110.98715165369235,0.001,3.931593656539917
335,0,335,368,97.71395111083984,110.94187091077555,0.001,4.673579216003418
336,0,336,819,112.96693420410156,110.9485649353342,0.001,3.5430827140808105
337,0,337,685,109.72709655761719,110.9446141086843,0.001,4.422642469406128
338,0,338,915,111.71847534179688,110.94577747053822,0.001,4.076859951019287
339,0,339,392,107.8332748413086,110.9323727542028,0.001,4.386499404907227
340,0,340,2706,111.55868530273438,110.93329520966898,0.001,3.835519552230835
341,0,341,518,117.01596069335938,110.94275322939393,0.001,4.16911244392395
342,0,342,342,104.2230224609375,110.91329885410269,0.001,4.386419057846069
343,0,343,693,112.6631851196289,110.92085099085196,0.001,3.9845938682556152
344,0,344,1311,105.97811889648438,110.89976071878984,0.001,4.241558074951172
345,0,345,966,106.74076080322266,110.8904411807579,0.001,4.276904106140137
346,0,346,1373,96.94261169433594,110.85544891658095,0.001,4.7610228061676025
347,0,347,2347,120.20661926269531,110.88516486768745,0.001,3.659989595413208
348,0,348,468,101.95740509033203,110.84779869097679,0.001,4.311598300933838
349,0,349,1149,91.26067352294922,110.78532243993047,0.001,4.161250114440918
350,0,350,1797,131.57574462890625,110.81721141550734,0.001,3.757930040359497
351,0,351,1313,94.70491790771484,110.75255283584887,0.001,4.249755620956421
352,0,352,434,122.29122924804688,110.76816557936533,0.001,3.926548957824707
353,0,353,858,109.52430725097656,110.7664837282882,0.001,4.9519994258880615
354,0,354,344,114.70625305175781,110.77237051806448,0.001,4.387666463851929
355,0,355,2349,118.04230499267578,110.80240250384556,0.001,4.470162868499756
356,0,356,2772,110.53258514404297,110.80156714511882,0.001,4.199110984802246
357,0,357,432,109.31489562988281,110.79705033180635,0.001,3.4238431453704834
358,0,358,2596,118.39190673828125,110.81379911604024,0.001,4.300923109054565
359,0,359,2682,103.76651000976562,110.7844801504936,0.001,3.527970790863037
360,0,360,383,107.14192199707031,110.77005901521798,0.001,4.8238890171051025
361,0,361,388,113.37716674804688,110.7737004231006,0.001,4.459339380264282
362,0,362,424,116.4932861328125,110.78556837170336,0.001,4.10467267036438
363,0,363,469,110.14187622070312,110.78296636869187,0.001,4.32326602935791
364,0,364,2243,122.63624572753906,110.83094764376169,0.001,4.110032081604004
365,0,365,2782,108.85045623779297,110.82289662160363,0.001,3.6271543502807617
366,0,366,514,129.34275817871094,110.86328233618765,0.001,4.14560604095459
367,0,367,2595,146.96580505371094,110.91457198853193,0.001,4.7891011238098145
368,0,368,2432,110.75421905517578,110.91434021007856,0.001,3.865469217300415
369,0,369,2543,101.80703735351562,110.8869047479113,0.001,4.282588005065918
370,0,370,811,111.13741302490234,110.88723517641402,0.001,4.220900774002075
371,0,371,2050,104.98954010009766,110.87490082622385,0.001,4.351816177368164
372,0,372,1117,119.524658203125,110.90109922364702,0.001,4.161280393600464
373,0,373,447,128.27093505859375,110.92596275921947,0.001,3.774792194366455
374,0,374,2534,124.19501495361328,110.94494016750365,0.001,4.276948690414429
375,0,375,2422,95.9856185913086,110.92382281257225,0.001,4.1264214515686035
376,0,376,453,115.77108001708984,110.93396534967046,0.001,3.525557518005371
377,0,377,774,109.13558959960938,110.92866067256281,0.001,4.029687404632568
378,0,378,986,107.93334197998047,110.91971423258872,0.001,4.495441436767578
379,0,379,2901,116.58598327636719,110.93185045963054,0.001,3.9471845626831055
380,0,380,250,96.57379913330078,110.91178011323319,0.001,4.0493505001068115
381,0,381,1434,112.29121398925781,110.91566729863845,0.001,4.8327038288116455
382,0,382,920,110.14264678955078,110.91262998361978,0.001,4.2958903312683105
383,0,383,77,111.18032836914062,110.91341578062912,0.001,4.252266883850098
384,0,384,787,108.87885284423828,110.91057192788794,0.001,3.897568464279175
385,0,385,1570,99.7443618774414,110.89503089438247,0.001,4.386545419692993
386,0,386,2673,102.73109436035156,110.87113768904301,0.001,3.7236039638519287
387,0,387,376,125.07720184326172,110.89090415630237,0.001,4.129623651504517
388,0,388,2188,102.07918548583984,110.86581724193906,0.001,4.631043434143066
389,0,389,2929,111.41492462158203,110.8673901052717,0.001,5.162183523178101
390,0,390,773,121.85209655761719,110.89873865897387,0.001,4.313690900802612
391,0,391,2443,97.27228546142578,110.86026383008014,0.001,3.9805195331573486
392,0,392,56,119.73616027832031,110.8854509869791,0.001,4.703671455383301
393,0,393,1812,103.55464172363281,110.85749790772874,0.001,4.215308427810669
394,0,394,2152,101.74429321289062,110.83205881205826,0.001,4.205347061157227
395,0,395,728,108.37007904052734,110.82511683478913,0.001,4.662318468093872
396,0,396,522,106.60692596435547,110.80931110634175,0.001,4.265892505645752
397,0,397,616,106.56939697265625,110.79368723166075,0.001,3.650348424911499
398,0,398,961,104.2234878540039,110.76944844606287,0.001,4.3693907260894775
399,0,399,2927,89.51700592041016,110.74508937359451,0.001,4.539327621459961
400,0,400,2533,105.78115844726562,110.7350807594635,0.001,4.139927625656128
401,0,401,2013,120.71910095214844,110.74802096997678,0.001,3.99212908744812
402,0,402,441,111.09114837646484,110.74896637962664,0.001,4.364728927612305
403,0,403,2793,106.94831848144531,110.73479739477105,0.001,3.674621820449829
404,0,404,710,104.96073913574219,110.7190482759221,0.001,4.590948820114136
405,0,405,680,129.48406982421875,110.74327279200693,0.001,4.292983531951904
406,0,406,2462,109.52838897705078,110.73879327042019,0.001,4.641661882400513
407,0,407,2588,115.88387298583984,110.75765952040094,0.001,4.335451364517212
408,0,408,1649,95.67782592773438,110.71667427032462,0.001,4.25665545463562
409,0,409,742,103.46319580078125,110.69043101826901,0.001,4.680224180221558
410,0,410,904,110.86099243164062,110.69072164605787,0.001,4.1559882164001465
411,0,411,1768,113.96460723876953,110.69489528880163,0.001,3.818568706512451
412,0,412,873,109.03286743164062,110.69302221367032,0.001,3.7345261573791504
413,0,413,1809,116.38311004638672,110.7129802042789,0.001,3.998030424118042
414,0,414,951,107.3047866821289,110.70389346504655,0.001,3.169576406478882
415,0,415,1519,111.06207275390625,110.70486635316374,0.001,4.462098598480225
416,0,416,2722,105.97551727294922,110.69932624677578,0.001,4.288363695144653
417,0,417,682,130.2245330810547,110.76793383211665,0.001,4.991887331008911
418,0,418,707,103.8126449584961,110.75971121577652,0.001,3.662919282913208
419,0,419,446,100.88478088378906,110.73380815855487,0.001,4.000017166137695
420,0,420,455,102.68323516845703,110.72604581308376,0.001,4.840109586715698
421,0,421,1324,103.24272155761719,110.70000572140839,0.001,4.253917932510376
422,0,422,1914,91.6548080444336,110.67618193285274,0.001,3.867108106613159
423,0,423,2192,100.75369262695312,110.66577541311554,0.001,4.056843280792236
424,0,424,989,121.01016235351562,110.69280812568026,0.001,4.394580364227295
425,0,425,361,101.0696029663086,110.66092855887008,0.001,4.1408796310424805
426,0,426,788,105.01266479492188,110.64128158961375,0.001,4.193582534790039
427,0,427,2709,112.97789764404297,110.64413661985708,0.001,4.779992580413818
428,0,428,2455,112.41309356689453,110.64637090353209,0.001,4.4240803718566895
429,0,429,337,118.12039947509766,110.65888077350745,0.001,4.229090929031372
430,0,430,2832,103.59425354003906,110.63572143306637,0.001,4.768937110900879
431,0,431,1502,109.59212493896484,110.63208962406594,0.001,4.653166770935059
432,0,432,727,129.6436004638672,110.65502602819925,0.001,3.924794912338257
433,0,433,390,116.53512573242188,110.66552598822008,0.001,4.005803108215332
434,0,434,870,104.8360366821289,110.65484384265832,0.001,5.2038047313690186
435,0,435,1460,106.40940856933594,110.64706046036248,0.001,3.954007387161255
436,0,436,770,95.91928100585938,110.6089687919167,0.001,3.6387617588043213
437,0,437,814,102.34432220458984,110.59867315652137,0.001,4.513362407684326
438,0,438,1109,99.08391571044922,110.5610655128264,0.001,4.400422811508179
439,0,439,852,105.21477508544922,110.54767096543914,0.001,3.8850743770599365
440,0,440,1706,112.54204559326172,110.55268741322762,0.001,3.936171293258667
441,0,441,1182,103.73822784423828,110.53537976950639,0.001,4.7201988697052
442,0,442,336,103.57292938232422,110.51191697412312,0.001,4.533661842346191
443,0,443,2845,106.86581420898438,110.49977018082815,0.001,4.608866453170776
444,0,444,759,118.9250717163086,110.52058024844514,0.001,4.854444980621338
445,0,445,1909,109.1995849609375,110.51626333631856,0.001,4.174763917922974
446,0,446,436,116.33063507080078,110.52639803570237,0.001,4.3297247886657715
447,0,447,2565,114.74113464355469,110.53145998859402,0.001,4.597997188568115
448,0,448,919,102.63430786132812,110.50501388807594,0.001,3.213383913040161
449,0,449,916,110.98931884765625,110.50559323695441,0.001,3.62243914604187
450,0,450,1686,123.04441833496094,110.546655234072,0.001,3.91416597366333
451,0,451,689,107.44349670410156,110.5412277177353,0.001,4.2166664600372314
452,0,452,1453,107.2978515625,110.53769804007312,0.001,4.484131574630737
453,0,453,861,121.03300476074219,110.55608147740664,0.001,3.4668872356414795
454,0,454,721,104.40021514892578,110.54550653151304,0.001,4.065917491912842
455,0,455,2547,99.72919464111328,110.51903987714627,0.001,4.691007614135742
456,0,456,981,116.85803985595703,110.53450015965828,0.001,4.6057188510894775
457,0,457,1839,119.18523406982422,110.54431261291475,0.001,3.803499221801758
458,0,458,523,115.0626449584961,110.55904203130005,0.001,3.708012580871582
459,0,459,2758,110.99946594238281,110.5601017681729,0.001,4.221725702285767
460,0,460,377,132.07754516601562,110.59719591192714,0.001,4.170426607131958
461,0,461,94,106.70990753173828,110.58544660290652,0.001,4.141878128051758
462,0,462,1473,104.60234069824219,110.57650239446677,0.001,4.8911707401275635
463,0,463,60,121.06390380859375,110.59441326017391,0.001,4.3586647510528564
464,0,464,705,99.15167999267578,110.55737079326325,0.001,3.600310802459717
465,0,465,2692,120.3370361328125,110.58840238302479,0.001,3.819211721420288
466,0,466,2906,106.57776641845703,110.57890174684255,0.001,4.377346992492676
467,0,467,1123,101.31422424316406,110.56324411864665,0.001,4.092414617538452
468,0,468,1372,112.62897491455078,110.56811094291933,0.001,4.801347970962524
469,0,469,834,103.05453491210938,110.54450674941438,0.001,4.883683204650879
470,0,470,2775,109.8469467163086,110.54288648767754,0.001,4.15781307220459
471,0,471,1098,118.1126480102539,110.5557221970296,0.001,4.0503387451171875
472,0,472,686,104.81541442871094,110.5419700552238,0.001,5.194569826126099
473,0,473,2610,125.7436752319336,110.55896180663304,0.001,4.621490240097046
474,0,474,408,108.355224609375,110.55531764705094,0.001,4.126054763793945
475,0,475,74,112.81500244140625,110.55779670247266,0.001,3.6476621627807617
476,0,476,2251,117.63788604736328,110.56986337950418,0.001,4.476287364959717
477,0,477,73,122.5305404663086,110.58329798347489,0.001,4.07518196105957
478,0,478,1326,123.56456756591797,110.59746687781167,0.001,4.575562477111816
479,0,479,863,100.75090026855469,110.57445319107416,0.001,3.9020090103149414
480,0,480,2064,105.9667739868164,110.56366156430225,0.001,4.475655794143677
481,0,481,98,95.99600982666016,110.51861080293615,0.001,4.621682167053223
482,0,482,2458,113.34779357910156,110.52510498061254,0.001,4.26531457901001
483,0,483,2499,114.80667877197266,110.53215270075749,0.001,4.6150290966033936
484,0,484,1548,106.03181457519531,110.52223110568241,0.001,4.41957950592041
485,0,485,1764,109.19564819335938,110.51810802725673,0.001,4.345381259918213
486,0,486,519,113.02164459228516,110.52575384152277,0.001,4.860000133514404
487,0,487,990,94.11754608154297,110.48755248241591,0.001,3.8420464992523193
488,0,488,65,114.85205078125,110.49238534181002,0.001,4.067504644393921
489,0,489,808,104.52758026123047,110.47897500897048,0.001,4.509360313415527
490,0,490,2668,118.49647521972656,110.49731843662833,0.001,4.515918016433716
491,0,491,2066,104.80780792236328,110.48030419594824,0.001,3.374009847640991
492,0,492,2225,111.75167846679688,110.48410837428119,0.001,3.301239252090454
493,0,493,972,108.11619567871094,110.47889512432212,0.001,3.8765015602111816
494,0,494,956,104.79183197021484,110.46199474410784,0.001,4.230707168579102
495,0,495,954,118.31587219238281,110.47034103300906,0.001,4.009304761886597
496,0,496,2923,127.69226837158203,110.49695756755517,0.001,3.599252462387085
497,0,497,28,114.26191711425781,110.50093412293938,0.001,5.542431116104126
498,0,498,2660,118.85265350341797,110.52518128243351,0.001,3.6018524169921875
499,0,499,2216,119.15230560302734,110.53336012594494,0.001,4.024235963821411
500,1,0,461,109.2055435180664,109.2055435180664,0.001,3.7022550106048584
501,1,1,977,114.49136352539062,111.02387145907306,0.001,3.99546480178833
502,1,2,69,103.92800903320312,108.18305057095581,0.001,2.9460020065307617
503,1,3,1532,106.87065124511719,107.81181005864829,0.001,4.1394734382629395
504,1,4,1554,107.09249877929688,107.74463445089208,0.001,4.633577585220337
505,1,5,2494,105.51229858398438,107.38512195900383,0.001,3.7680845260620117
506,1,6,1864,107.61387634277344,107.40166212800011,0.001,4.26445746421814
507,1,7,2427,94.52127075195312,105.74631288462479,0.001,4.69469690322876
508,1,8,68,120.84046936035156,107.0636320982156,0.001,4.524956464767456
509,1,9,2930,109.56181335449219,107.19560670819436,0.001,4.3989784717559814
510,1,10,1092,96.85974884033203,105.83511672591743,0.001,4.5815465450286865
511,1,11,694,106.80828094482422,105.94799913792794,0.001,3.865905284881592
512,1,12,2617,110.5346908569336,106.42258446401277,0.001,3.971170425415039
513,1,13,913,114.5661849975586,106.8512304210204,0.001,4.872446775436401
514,1,14,601,103.2637710571289,106.52930919767464,0.001,5.316009521484375
515,1,15,67,102.13385772705078,106.25174410401488,0.001,3.2623517513275146
516,1,16,699,98.29994201660156,105.78674417095941,0.001,4.146576166152954
517,1,17,1153,104.61406707763672,105.70003124478957,0.001,4.904132127761841
518,1,18,1484,114.80965423583984,106.17944324196213,0.001,4.221349716186523
519,1,19,2223,102.4624252319336,105.93638529274877,0.001,4.055300235748291
520,1,20,274,102.96466064453125,105.80048854009297,0.001,4.731649875640869
521,1,21,1575,107.58910369873047,105.88171271082639,0.001,4.202154874801636
522,1,22,1481,111.95454406738281,106.1428950546909,0.001,3.8333001136779785
523,1,23,458,110.70612335205078,106.2358199781647,0.001,3.75426983833313
524,1,24,490,110.64338684082031,106.32314471480903,0.001,4.374866247177124
525,1,25,1848,99.2852554321289,105.9589810882408,0.001,3.5798754692077637
526,1,26,1541,117.05635833740234,106.14189194629887,0.001,3.6060643196105957
527,1,27,2172,92.1692886352539,105.62176530386147,0.001,3.683537244796753
528,1,28,2270,103.4657974243164,105.52036479888847,0.001,4.5370283126831055
529,1,29,363,101.50235748291016,105.45501006799145,0.001,4.801659822463989
530,1,30,2398,99.91546630859375,105.21474962947791,0.001,4.425736665725708
531,1,31,991,113.85567474365234,105.34491528691332,0.001,4.589575290679932
532,1,32,789,107.91339874267578,105.4251144231997,0.001,4.955896377563477
533,1,33,801,116.25823974609375,105.6554052516299,0.001,4.594166994094849
534,1,34,864,121.32201385498047,105.86898371695224,0.001,3.8332786560058594
535,1,35,706,114.26206970214844,105.99006301959479,0.001,3.458493709564209
536,1,36,403,99.12277221679688,105.84827788524387,0.001,4.311867713928223
537,1,37,2071,109.67752075195312,105.92591853312044,0.001,3.8021633625030518
538,1,38,32,101.36966705322266,105.75562409573351,0.001,4.140269994735718
539,1,39,1616,120.86427307128906,106.16946842164353,0.001,4.750081300735474
540,1,40,962,99.35903930664062,106.04058346130519,0.001,3.643073797225952
541,1,41,1503,101.53870391845703,105.96403898420685,0.001,4.402754783630371
542,1,42,1395,121.78849792480469,106.15937207884933,0.001,5.070018529891968
543,1,43,1343,108.61373901367188,106.18694380042695,0.001,3.968153238296509
544,1,44,1530,101.19346618652344,106.02463750023858,0.001,4.282101154327393
545,1,45,1311,102.07490539550781,105.90050008529866,0.001,4.654206275939941
546,1,46,1394,98.10291290283203,105.7204742150933,0.001,3.9550507068634033
547,1,47,1109,97.04956817626953,105.47028305751893,0.001,4.096045732498169
548,1,48,1361,98.3846664428711,105.39548241899121,0.001,3.831235647201538
549,1,49,1766,104.55389404296875,105.38918832306541,0.001,4.127069473266602
550,1,50,1540,102.7798080444336,105.36191157583097,0.001,3.668727397918701
551,1,51,1259,104.75226593017578,105.35276055554351,0.001,4.268444061279297
552,1,52,1482,115.03787994384766,105.44953364177239,0.001,4.052737236022949
553,1,53,1577,111.89068603515625,105.582918558526,0.001,3.450678586959839
554,1,54,1821,112.2799301147461,105.64842413725168,0.001,4.258039712905884
555,1,55,1797,126.3332748413086,105.85357093862073,0.001,3.7302846908569336
556,1,56,1682,103.470458984375,105.80604672453364,0.001,4.414526462554932
557,1,57,1878,109.13671112060547,105.85237441958924,0.001,3.790609836578369
558,1,58,1794,94.24954986572266,105.63180245083721,0.001,4.212627649307251
559,1,59,1123,100.03958892822266,105.55581878069536,0.001,4.097747564315796
560,1,60,1809,113.69393920898438,105.75399917001648,0.001,4.350756406784058
561,1,61,1495,115.86824798583984,105.93966783253052,0.001,4.897428035736084
562,1,62,1676,103.3885498046875,105.87855689859592,0.001,3.7433786392211914
563,1,63,1586,100.14122772216797,105.74430959790315,0.001,4.923187494277954
564,1,64,1543,124.17748260498047,105.89819480260103,0.001,4.326018333435059
565,1,65,1807,95.00578308105469,105.65615033500895,0.001,3.2900047302246094
566,1,66,1965,100.26451110839844,105.53646588268369,0.001,3.388805389404297
567,1,67,1575,106.90213775634766,105.55916034429654,0.001,4.808661460876465
568,1,68,1324,100.87276458740234,105.46067293191518,0.001,4.441507577896118
569,1,69,2064,104.23245239257812,105.44123831590947,0.001,3.6711983680725098
570,1,70,1484,113.42601776123047,105.56541381015037,0.001,5.050456285476685
571,1,71,1399,106.84930419921875,105.59162734936844,0.001,4.000312805175781
572,1,72,1717,121.60368347167969,105.70449721203401,0.001,3.3167755603790283
573,1,73,1434,109.12335205078125,105.7532353380117,0.001,4.250781774520874
574,1,74,1473,102.44114685058594,105.72307256867713,0.001,4.452975511550903
575,1,75,2101,108.97110748291016,105.78575967244096,0.001,4.311614751815796
576,1,76,1383,109.11714935302734,105.82007871171292,0.001,3.923081159591675
577,1,77,2113,110.45989990234375,105.88590887963004,0.001,4.651189804077148
578,1,78,1092,95.9196548461914,105.7029492440111,0.001,4.109758138656616
579,1,79,1576,118.37763977050781,105.78405481978548,0.001,3.7037296295166016
580,1,80,2050,99.97969055175781,105.72901222555497,0.001,4.177072048187256
581,1,81,2055,113.05020904541016,105.85875357941457,0.001,4.804669380187988
582,1,82,1751,112.12149810791016,105.9177601167184,0.001,4.684756278991699
583,1,83,1093,99.4382095336914,105.80804747310283,0.001,4.317706346511841
584,1,84,1896,101.27027893066406,105.75048551666993,0.001,4.44408917427063
585,1,85,1909,106.45122528076172,105.76205091450291,0.001,3.6850552558898926
586,1,86,1848,98.08358764648438,105.6350866801004,0.001,3.278531074523926
587,1,87,1764,107.2337417602539,105.66148532482181,0.001,4.103586196899414
588,1,88,1580,100.09983825683594,105.61372515841416,0.001,4.342182636260986
589,1,89,1900,131.07095336914062,105.76255703202254,0.001,4.000056266784668
590,1,90,1334,124.14961242675781,105.86505436246941,0.001,4.387150049209595
591,1,91,1460,103.84087371826172,105.84790865683338,0.001,4.155471086502075
592,1,92,1122,103.20345306396484,105.82544001372125,0.001,4.557086229324341
593,1,93,1117,114.86195373535156,105.93192634721356,0.001,4.3102195262908936
594,1,94,1363,94.18761444091797,105.79788539652843,0.001,4.3077380657196045
595,1,95,1097,110.19928741455078,105.82107413786399,0.001,4.591347932815552
596,1,96,1690,95.80757904052734,105.76667548599335,0.001,3.9453771114349365
597,1,97,1339,134.47146606445312,105.9229385287159,0.001,3.9901702404022217
598,1,98,1627,110.23904418945312,105.9713738469486,0.001,5.078015089035034
599,1,99,2172,91.02134704589844,105.80410435175135,0.001,3.8370888233184814
600,1,100,2051,107.1414794921875,105.81874944335466,0.001,4.398753881454468
601,1,101,2219,114.31407928466797,105.85988980134523,0.001,4.313465595245361
602,1,102,1457,104.65222930908203,105.84286209721367,0.001,4.737250089645386
603,1,103,1777,108.89034271240234,105.87459798003465,0.001,3.748974561691284
604,1,104,1442,103.46853637695312,105.85679883229584,0.001,3.3673994541168213
605,1,105,2188,99.06462097167969,105.78685996479872,0.001,4.13655948638916
606,1,106,1181,114.9775619506836,105.87909675953674,0.001,4.629478454589844
607,1,107,1556,102.75384521484375,105.84716533534312,0.001,3.576732635498047
608,1,108,2216,116.3906478881836,105.89276321962605,0.001,3.6799211502075195
609,1,109,2243,117.63252258300781,106.04949415564187,0.001,4.081709623336792
610,1,110,2294,112.32984924316406,106.07827929080938,0.001,4.132112741470337
611,1,111,2278,100.18865966796875,106.0193918354347,0.001,3.728283405303955
612,1,112,2205,107.48210144042969,106.03389562538894,0.001,4.269332408905029
613,1,113,1925,132.74069213867188,106.1560770112745,0.001,5.155574560165405
614,1,114,2229,97.85333251953125,106.10660481536651,0.001,4.385983943939209
615,1,115,1263,106.02023315429688,106.10578066620761,0.001,4.033066987991333
616,1,116,2328,103.96410369873047,106.09108378955001,0.001,4.85297966003418
617,1,117,1506,101.23831939697266,106.07036418462691,0.001,4.758653163909912
618,1,118,2327,110.7248306274414,106.10099562215468,0.001,4.3130834102630615
619,1,119,2070,108.3033676147461,106.1281614792361,0.001,4.694777250289917
620,1,120,1735,106.31346893310547,106.12898350004441,0.001,4.094914436340332
621,1,121,2191,104.01980590820312,106.114864927917,0.001,4.85980486869812
622,1,122,1365,120.318115234375,106.17677771943212,0.001,4.117718935012817
623,1,123,2034,102.57275390625,106.13407984251484,0.001,4.950605630874634
624,1,124,2060,102.47225952148438,106.10116388513525,0.001,4.11281156539917
625,1,125,1151,105.82182312011719,106.09945649098769,0.001,4.084691524505615
626,1,126,1443,100.36947631835938,106.0327537024866,0.001,4.56592583656311
627,1,127,1620,107.91255187988281,106.03799551410643,0.001,3.6320273876190186
628,1,128,1938,99.66940307617188,106.01247941328336,0.001,4.447302341461182
629,1,129,1346,112.03173065185547,106.07923054693178,0.001,4.136871814727783
630,1,130,1502,105.16050720214844,106.0686372916524,0.001,4.39512825012207
631,1,131,178,111.15167236328125,106.11058240345763,0.001,3.237971067428589
632,1,132,2297,112.75556945800781,106.16749661699669,0.001,3.861854314804077
633,1,133,1921,104.53679656982422,106.15396341265638,0.001,4.651162147521973
634,1,134,1602,98.005615234375,106.1326942106906,0.001,4.273404598236084
635,1,135,1838,110.56013488769531,106.16847641583891,0.001,4.091524600982666
636,1,136,1596,104.282470703125,106.15771557222376,0.001,3.9266843795776367
637,1,137,2432,103.85791015625,106.14869701449089,0.001,5.465698957443237
638,1,138,2443,93.81131744384766,106.04979076167513,0.001,4.254006624221802
639,1,139,2399,100.97737121582031,106.03236109855936,0.001,3.798448324203491
640,1,140,1083,114.44515991210938,106.11953289610119,0.001,4.286921739578247
641,1,141,1393,105.76915740966797,106.11674681279557,0.001,3.7921552658081055
642,1,142,1481,108.61003112792969,106.13655163211774,0.001,4.347948312759399
643,1,143,1306,90.2887954711914,105.97303715163889,0.001,4.051795959472656
644,1,144,2098,106.23287963867188,105.97435434102097,0.001,3.726094961166382
645,1,145,1174,104.86861419677734,105.96585508725919,0.001,3.388429641723633
646,1,146,1118,103.28551483154297,105.94555098771266,0.001,4.135491609573364
647,1,147,2436,94.73157501220703,105.90476107884292,0.001,4.3370137214660645
648,1,148,1333,100.5849380493164,105.86466595003924,0.001,3.564394235610962
649,1,149,1342,113.45895385742188,105.9203132924209,0.001,3.860024929046631
650,1,150,2498,120.54295349121094,105.99771078077427,0.001,4.277716159820557
651,1,151,2196,115.12305450439453,106.02668569163941,0.001,4.073041915893555
652,1,152,2401,103.15664672851562,106.00530583014191,0.001,4.311208724975586
653,1,153,1693,94.38388061523438,105.8929514158426,0.001,4.179970979690552
654,1,154,1675,96.52161407470703,105.8450332789816,0.001,3.9698150157928467
655,1,155,2455,108.43559265136719,105.85412861538187,0.001,4.097998857498169
656,1,156,2479,109.2103500366211,105.87737145268167,0.001,4.200828552246094
657,1,157,1132,102.922607421875,105.85603614605412,0.001,4.561589241027832
658,1,158,29,106.18353271484375,105.85833394634875,0.001,4.623439073562622
659,1,159,1714,102.00997924804688,105.8320147185824,0.001,3.4818472862243652
660,1,160,1756,97.35397338867188,105.77393544413725,0.001,4.784534931182861
661,1,161,1769,102.81952667236328,105.7464816036412,0.001,3.4633564949035645
662,1,162,1173,109.19640350341797,105.7578455411633,0.001,3.4081051349639893
663,1,163,1196,103.21539306640625,105.75023059634238,0.001,4.021570920944214
664,1,164,2349,110.781005859375,105.79555143474002,0.001,4.206706523895264
665,1,165,1113,112.31502532958984,105.85405062629482,0.001,3.613504409790039
666,1,166,1806,97.04566955566406,105.7755045739557,0.001,3.8876430988311768
667,1,167,2325,107.64647674560547,105.78794033140466,0.001,3.928300142288208
668,1,168,1858,108.97960662841797,105.80873447468733,0.001,4.149911642074585
669,1,169,1648,110.16354370117188,105.82907753438211,0.001,3.85086989402771
670,1,170,2377,100.14192962646484,105.7921788842013,0.001,4.037817478179932
671,1,171,2499,110.56295776367188,105.81432133545145,0.001,4.4081361293792725
672,1,172,2080,102.1951904296875,105.78310687592185,0.001,4.396639823913574
673,1,173,2529,103.93184661865234,105.77101203056093,0.001,4.040067434310913
674,1,174,1551,106.2765121459961,105.77427183756171,0.001,3.926908254623413
675,1,175,1915,112.23036193847656,105.80308701286701,0.001,4.004934072494507
676,1,176,1360,118.87043762207031,105.84114373422938,0.001,3.6540331840515137
677,1,177,1313,89.04987335205078,105.70717238952874,0.001,3.9043867588043213
678,1,178,1523,122.1505126953125,105.75605288143109,0.001,4.219482421875
679,1,179,1470,106.3195571899414,105.75945105197755,0.001,3.94553279876709
680,1,180,1310,98.3822250366211,105.6987300728559,0.001,4.48757529258728
681,1,181,28,108.9130630493164,105.7080561658719,0.001,3.6835415363311768
682,1,182,1397,87.5423812866211,105.55926822233435,0.001,3.5226120948791504
683,1,183,1888,104.30901336669922,105.54938420313495,0.001,3.5878446102142334
684,1,184,2282,94.99571990966797,105.5192698023646,0.001,3.9050352573394775
685,1,185,1879,114.41090393066406,105.55790436549124,0.001,3.778563976287842
686,1,186,2179,93.16336059570312,105.50446708782962,0.001,3.565669536590576
687,1,187,1111,101.42188262939453,105.48037248770385,0.001,4.611237049102783
688,1,188,1089,105.2021255493164,105.47819626740738,0.001,4.355193138122559
689,1,189,1126,106.75385284423828,105.48813921866027,0.001,4.1941211223602295
690,1,190,2435,95.15287017822266,105.45867022460763,0.001,3.7401435375213623
691,1,191,274,98.75851440429688,105.42058181855589,0.001,3.9283206462860107
692,1,192,1585,97.7636947631836,105.36275112282682,0.001,4.126199722290039
693,1,193,273,108.49368286132812,105.38076190581506,0.001,4.105403900146484
694,1,194,2270,99.36811828613281,105.33490148016406,0.001,3.979679822921753
695,1,195,2476,110.13037109375,105.34783869443527,0.001,4.082950592041016
696,1,196,1128,96.95853424072266,105.30071242053073,0.001,4.220622539520264
697,1,197,1812,97.3421859741211,105.2409290285249,0.001,3.7908663749694824
698,1,198,2601,107.26579284667969,105.25559817374412,0.001,4.800889730453491
699,1,199,2233,106.42163848876953,105.26016466092597,0.001,4.404303312301636
700,1,200,2538,105.26593780517578,105.26017979437222,0.001,3.626389980316162
701,1,201,1828,105.8073501586914,105.2642443357925,0.001,4.686788082122803
702,1,202,2343,106.61572265625,105.26942086747114,0.001,4.183855295181274
703,1,203,1923,107.50736236572266,105.28177765554858,0.001,3.824678659439087
704,1,204,2000,95.41361999511719,105.25676203545412,0.001,3.713749885559082
705,1,205,2652,109.8927001953125,105.26841499525868,0.001,3.520782709121704
706,1,206,2502,107.10763549804688,105.281625972302,0.001,3.736834764480591
707,1,207,2235,106.37821197509766,105.28934185513712,0.001,4.04060173034668
708,1,208,1493,104.36186981201172,105.28282093859484,0.001,3.88411545753479
709,1,209,1480,111.3917007446289,105.29785111205777,0.001,3.509126663208008
710,1,210,1372,105.31470489501953,105.2979386728508,0.001,4.281606674194336
711,1,211,1649,89.07618713378906,105.21348895549953,0.001,3.8165597915649414
712,1,212,2192,95.6950454711914,105.19378878826728,0.001,4.572861671447754
713,1,213,1265,105.75716400146484,105.19518031582665,0.001,3.8784587383270264
714,1,214,2603,94.80223846435547,105.1258026851348,0.001,4.369428396224976
715,1,215,2692,114.03435516357422,105.18631295686859,0.001,4.196056604385376
716,1,216,2387,106.28213500976562,105.1902976739132,0.001,3.9131972789764404
717,1,217,1127,103.825927734375,105.18526221638986,0.001,3.674562692642212
718,1,218,2073,108.06244659423828,105.19190593488062,0.001,3.6194753646850586
719,1,219,1514,104.01702117919922,105.18910858629019,0.001,4.366024017333984
720,1,220,1088,94.89771270751953,105.13858537888945,0.001,3.8848319053649902
721,1,221,2095,101.459228515625,105.11461402769416,0.001,4.063101291656494
722,1,222,2425,97.12355041503906,105.07483840743724,0.001,3.7201859951019287
723,1,223,1642,109.65248107910156,105.09709695962847,0.001,3.9991965293884277
724,1,224,1570,92.62247467041016,105.06754265800164,0.001,4.280504465103149
725,1,225,2406,101.6677474975586,105.04517054922358,0.001,4.234442472457886
726,1,226,2590,119.7797622680664,105.09487944988668,0.001,3.7890424728393555
727,1,227,1692,104.69974517822266,105.09233730519954,0.001,3.85146427154541
728,1,228,2535,127.2383804321289,105.14323374994513,0.001,3.455246686935425
729,1,229,37,99.05692291259766,105.10449687845295,0.001,4.184325695037842
730,1,230,2458,105.20590209960938,105.10497957250702,0.001,4.467162609100342
731,1,231,32,96.103515625,105.04699375320025,0.001,3.6750214099884033
732,1,232,1161,106.60678100585938,105.05030432677476,0.001,4.02770209312439
733,1,233,2223,97.55046081542969,105.0029305907054,0.001,4.331961154937744
734,1,234,1903,101.18775177001953,104.99035648040372,0.001,3.895364761352539
735,1,235,1706,108.94447326660156,105.00874211454207,0.001,3.796178102493286
736,1,236,2166,103.66609191894531,105.00430331332669,0.001,3.8971712589263916
737,1,237,1845,105.928466796875,105.00623014085184,0.001,4.2713682651519775
738,1,238,1532,102.26764678955078,104.98948414904277,0.001,3.9432637691497803
739,1,239,1700,105.14077758789062,104.99000841362734,0.001,3.6650900840759277
740,1,240,2543,93.72808074951172,104.93812842829715,0.001,3.762112855911255
741,1,241,1081,98.11004638671875,104.90696487941065,0.001,4.580105781555176
742,1,242,2781,95.13410949707031,104.8791808422424,0.001,3.9561126232147217
743,1,243,2450,109.33280181884766,104.8989491002241,0.001,4.449413537979126
744,1,244,2347,109.41331481933594,104.91924298685159,0.001,3.6131718158721924
745,1,245,1772,99.33404541015625,104.88539220521521,0.001,3.692866802215576
746,1,246,2341,100.87773895263672,104.86144183835803,0.001,3.792332172393799
747,1,247,1557,93.50865173339844,104.79409633407138,0.001,4.25903844833374
748,1,248,2392,103.63256072998047,104.79039491408228,0.001,4.064642667770386
749,1,249,2117,103.1407699584961,104.78332763347355,0.001,4.036923170089722
750,1,250,2782,100.4481430053711,104.75784198311025,0.001,3.4263834953308105
751,1,251,2563,101.61164093017578,104.74803653312411,0.001,3.9631974697113037
752,1,252,2184,111.55223846435547,104.76930797653365,0.001,4.052659749984741
753,1,253,2505,99.5741195678711,104.75836520298607,0.001,4.336215972900391
754,1,254,2378,106.02595520019531,104.76388763741386,0.001,4.527086019515991
755,1,255,2927,84.86641693115234,104.72856299488177,0.001,4.035668611526489
756,1,256,337,108.14507293701172,104.73803060255624,0.001,4.178308486938477
757,1,257,2513,97.06076049804688,104.72246686442931,0.001,3.9371073246002197
758,1,258,1302,95.75215148925781,104.67482074116252,0.001,3.9625420570373535
759,1,259,1149,82.8233871459961,104.58130640305106,0.001,3.820981025695801
760,1,260,1819,88.79956817626953,104.54925477281515,0.001,3.704685688018799
761,1,261,2203,115.61605834960938,104.61149557011375,0.001,3.7171387672424316
762,1,262,2584,94.87648010253906,104.55736756831027,0.001,4.23447060585022
763,1,263,2147,95.2047119140625,104.50515631507302,0.001,3.885800361633301
764,1,264,2157,100.38761138916016,104.48244427541766,0.001,3.856264352798462
765,1,265,1527,95.70252990722656,104.4464906472379,0.001,4.606892347335815
766,1,266,2588,106.27368927001953,104.45658959243313,0.001,3.9702396392822266
767,1,267,2225,104.38832092285156,104.45621936421846,0.001,3.783745050430298
768,1,268,367,124.89077758789062,104.51478405608627,0.001,4.218821048736572
769,1,269,2251,110.47392272949219,104.53243208812081,0.001,4.359832048416138
770,1,270,266,110.74549865722656,104.56586865719399,0.001,3.9342362880706787
771,1,271,2929,102.15420532226562,104.55618113580532,0.001,3.947345733642578
772,1,272,424,106.15001678466797,104.56051492042438,0.001,3.9892523288726807
773,1,273,1519,103.62356567382812,104.55671000593813,0.001,3.8273136615753174
774,1,274,2596,110.82173919677734,104.57448281304492,0.001,4.370500564575195
775,1,275,1368,114.91985321044922,104.6043754838032,0.001,3.538709878921509
776,1,276,2682,94.22038269042969,104.54902861882947,0.001,3.307027578353882
777,1,277,2593,94.29192352294922,104.50789786053298,0.001,4.69173526763916
778,1,278,2462,100.95477294921875,104.48914289406495,0.001,4.679703712463379
779,1,279,1862,92.62899780273438,104.46710089318577,0.001,3.4552955627441406
780,1,280,38,98.3418197631836,104.44995999842493,0.001,4.360001087188721
781,1,281,2460,98.70335388183594,104.43935440697737,0.001,3.949218988418579
782,1,282,2793,97.9001235961914,104.40512818289135,0.001,3.789013624191284
783,1,283,342,94.23570251464844,104.35223293031532,0.001,4.243176460266113
784,1,284,1569,96.4400863647461,104.32177118631192,0.001,4.5150370597839355
785,1,285,2511,115.04330444335938,104.35134853832292,0.001,4.0149383544921875
786,1,286,2614,99.8118667602539,104.32855865222014,0.001,4.636355400085449
787,1,287,1440,94.31354522705078,104.29149889553527,0.001,4.171777725219727
788,1,288,390,109.27005767822266,104.30456955538197,0.001,3.530749797821045
789,1,289,2040,109.23452758789062,104.32955000867575,0.001,4.3006837368011475
790,1,290,2758,105.438720703125,104.33367832788296,0.001,4.0819597244262695
791,1,291,2864,102.676513671875,104.32921873050701,0.001,3.6330325603485107
792,1,292,2152,94.00353240966797,104.29123448897666,0.001,3.8222670555114746
793,1,293,1626,100.19210815429688,104.28423391198938,0.001,3.8131680488586426
794,1,294,377,119.34363555908203,104.32403152613588,0.001,3.998985528945923
795,1,295,403,92.3270492553711,104.29273087235713,0.001,4.5867462158203125
796,1,296,376,116.58141326904297,104.31460618175656,0.001,3.6475167274475098
797,1,297,250,87.69692993164062,104.28543471618431,0.001,4.167430400848389
798,1,298,1099,99.90216064453125,104.26399875305812,0.001,4.373545169830322
799,1,299,382,104.18769073486328,104.26386980077649,0.001,4.233825445175171
800,1,300,1326,113.59494018554688,104.27982969666348,0.001,3.9501864910125732
801,1,301,1902,91.86927032470703,104.23467399117143,0.001,4.043459892272949
802,1,302,68,113.4837646484375,104.25908241518364,0.001,3.89986252784729
803,1,303,405,97.36292266845703,104.24087580682834,0.001,4.137052297592163
804,1,304,2144,96.34685516357422,104.22745307499962,0.001,5.562766075134277
805,1,305,518,103.90533447265625,104.22689820545871,0.001,4.204004764556885
806,1,306,455,91.74541473388672,104.21051240388672,0.001,4.073511123657227
807,1,307,1541,104.9066162109375,104.21159573893604,0.001,4.210645437240601
808,1,308,1945,99.61022186279297,104.18965060645431,0.001,4.156217813491821
809,1,309,2709,107.638916015625,104.19543740558495,0.001,3.5913233757019043
810,1,310,1463,91.41547393798828,104.1765566998358,0.001,3.9746482372283936
811,1,311,1087,96.2697525024414,104.13984473509021,0.001,4.680086374282837
812,1,312,2617,101.3772964477539,104.12692830722092,0.001,4.585917234420776
813,1,313,453,107.30950927734375,104.13486115964479,0.001,3.8583171367645264
814,1,314,2722,92.77458953857422,104.11729800887908,0.001,3.8884105682373047
815,1,315,2706,97.9329605102539,104.10747954267946,0.001,4.238132476806641
816,1,316,2585,99.09227752685547,104.09027807480287,0.001,4.005944728851318
817,1,317,2140,110.0005874633789,104.0996835349798,0.001,4.321794509887695
818,1,318,1274,102.59332275390625,104.09454566228878,0.001,4.384162425994873
819,1,319,1549,103.4587631225586,104.09292403828982,0.001,4.296500205993652
820,1,320,607,108.08177947998047,104.09925097438756,0.001,4.122735023498535
821,1,321,693,101.81926727294922,104.0887174741385,0.001,3.31339693069458
822,1,322,2534,114.21544647216797,104.1055357424377,0.001,4.099903345108032
823,1,323,459,102.59346008300781,104.10307937830886,0.001,4.442104816436768
824,1,324,1373,86.9526138305664,104.05687904728252,0.001,3.861427068710327
825,1,325,175,109.88394165039062,104.07141338550252,0.001,4.204244613647461
826,1,326,2673,94.67169952392578,104.03888384495454,0.001,4.646686792373657
827,1,327,74,105.00228118896484,104.04042375525134,0.001,4.300500392913818
828,1,328,2067,102.70777893066406,104.03711593237027,0.001,4.453607559204102
829,1,329,523,105.69483947753906,104.04465290121594,0.001,4.430255889892578
830,1,330,441,98.3871841430664,104.02563222255803,0.001,3.344068765640259
831,1,331,73,109.38180541992188,104.03431739534253,0.001,3.8980422019958496
832,1,332,2413,102.82456970214844,104.03020832944239,0.001,4.069856405258179
833,1,333,2608,86.55625915527344,103.95098574028877,0.001,3.6774048805236816
834,1,334,2422,84.19042205810547,103.91961489747631,0.001,3.6637210845947266
835,1,335,2874,98.0268325805664,103.90044696584617,0.001,4.143520355224609
836,1,336,728,94.97367858886719,103.8708223515448,0.001,4.076473951339722
837,1,337,519,102.42253875732422,103.86443288663732,0.001,3.905574321746826
838,1,338,69,97.71617126464844,103.83731538597252,0.001,3.750276565551758
839,1,339,401,101.83427429199219,103.83076090701772,0.001,4.238236665725708
840,1,340,721,96.72901153564453,103.8144915858493,0.001,3.7926177978515625
841,1,341,446,93.3698959350586,103.78080560797797,0.001,4.307028293609619
842,1,342,2613,110.3274917602539,103.80175182088287,0.001,4.057149887084961
843,1,343,458,101.03430938720703,103.79736907773186,0.001,3.702981948852539
844,1,344,699,90.8631591796875,103.75631064390082,0.001,4.040048360824585
845,1,345,468,92.15436553955078,103.70711853390965,0.001,4.460165977478027
846,1,346,2784,106.84075164794922,103.7205355707025,0.001,4.255234956741333
847,1,347,2494,92.49476623535156,103.68504552418956,0.001,3.402125120162964
848,1,348,811,92.85671997070312,103.66983809341964,0.001,3.9911839962005615
849,1,349,2272,98.524658203125,103.65353213253589,0.001,3.988278865814209
850,1,350,1839,102.65774536132812,103.65206000903915,0.001,4.162485599517822
851,1,351,1846,95.82550811767578,103.62755678498807,0.001,4.091556072235107
852,1,352,2174,87.6300277709961,103.56232729457123,0.001,4.034628868103027
853,1,353,2013,110.51817321777344,103.57255805779906,0.001,4.0317933559417725
854,1,354,2565,100.28885650634766,103.56757186212431,0.001,3.818118095397949
855,1,355,2911,87.82125091552734,103.54582772323029,0.001,3.7724525928497314
856,1,356,436,105.05258178710938,103.5491324291681,0.001,4.0596301555633545
857,1,357,2789,98.16014862060547,103.53240698857657,0.001,4.506728649139404
858,1,358,2007,96.28196716308594,103.51001774209662,0.001,3.897563934326172
859,1,359,1864,98.61775970458984,103.50273575025682,0.001,4.632171392440796
860,1,360,1823,92.03086853027344,103.45443348443291,0.001,3.6757774353027344
861,1,361,616,96.26448059082031,103.4252334508818,0.001,4.0662031173706055
862,1,362,1516,97.06522369384766,103.4058659400535,0.001,4.055278539657593
863,1,363,2564,84.43643951416016,103.34888864397158,0.001,4.498470067977905
864,1,364,2249,96.30872344970703,103.32701196611076,0.001,4.251005172729492
865,1,365,272,105.40304565429688,103.33154816016093,0.001,4.256716728210449
866,1,366,514,116.3218002319336,103.3600898491954,0.001,4.527271509170532
867,1,367,1182,92.0429916381836,103.32557537540717,0.001,4.432711362838745
868,1,368,1370,85.10689544677734,103.27025807307989,0.001,3.870903491973877
869,1,369,2668,107.61763000488281,103.2834762044894,0.001,3.8073346614837646
870,1,370,408,94.6280746459961,103.26511392538708,0.001,4.3261494636535645
871,1,371,340,96.82044982910156,103.24579133729831,0.001,3.748305082321167
872,1,372,383,96.854736328125,103.22119784800414,0.001,3.7193241119384766
873,1,373,461,100.62294006347656,103.21100841613281,0.001,3.4038197994232178
874,1,374,2202,97.66622161865234,103.1890069819823,0.001,3.6773767471313477
875,1,375,819,98.2332992553711,103.17433322227107,0.001,3.3131439685821533
876,1,376,1616,110.19105529785156,103.19542116843083,0.001,3.4467825889587402
877,1,377,2075,92.63563537597656,103.17367930958879,0.001,3.5699856281280518
878,1,378,825,97.060302734375,103.16537098033918,0.001,4.350585222244263
879,1,379,256,96.57791900634766,103.151784406979,0.001,4.198195695877075
880,1,380,2610,108.70673370361328,103.15952037427367,0.001,4.146897554397583
881,1,381,990,83.86026763916016,103.10205651754879,0.001,4.3148274421691895
882,1,382,1737,95.33455657958984,103.07285794108387,0.001,4.265692949295044
883,1,383,972,98.6023178100586,103.06017899500975,0.001,3.9022297859191895
884,1,384,1814,98.31636810302734,103.04670219448204,0.001,4.26761269569397
885,1,385,336,92.12154388427734,103.00459710768222,0.001,4.269084215164185
886,1,386,98,89.76861572265625,102.9538872877745,0.001,4.581504821777344
887,1,387,863,91.48348999023438,102.92094977567756,0.001,4.3787946701049805
888,1,388,904,98.33411407470703,102.91269978280611,0.001,4.25407862663269
889,1,389,2569,101.35616302490234,102.90955040755743,0.001,3.5087757110595703
890,1,390,1914,82.61534881591797,102.88215397374663,0.001,4.031381845474243
891,1,391,915,99.95989227294922,102.87835280274501,0.001,4.541870355606079
892,1,392,2522,83.7044906616211,102.8246952411168,0.001,3.770045280456543
893,1,393,2750,106.1187973022461,102.82908432317194,0.001,3.863924980163574
894,1,394,2861,78.4039306640625,102.75990315233558,0.001,3.8780665397644043
895,1,395,611,92.67225646972656,102.74001255695167,0.001,3.8499865531921387
896,1,396,2427,85.42951965332031,102.69255296752479,0.001,3.937074899673462
897,1,397,601,94.28840637207031,102.66131278164227,0.001,4.632846832275391
898,1,398,2547,92.15296173095703,102.631987879457,0.001,4.319254398345947
899,1,399,1791,94.42967224121094,102.61596339894663,0.001,4.389950513839722
900,1,400,727,108.35640716552734,102.62343614757802,0.001,4.429208278656006
901,1,401,852,97.79196166992188,102.61021293163323,0.001,4.099082708358765
902,1,402,254,90.06361389160156,102.5643445681591,0.001,4.151052713394165
903,1,403,2537,96.87843322753906,102.54837315204504,0.001,4.1605284214019775
904,1,404,770,87.1048583984375,102.50544441768866,0.001,4.171164035797119
905,1,405,2204,90.15215301513672,102.46115703007996,0.001,4.371436595916748
906,1,406,1317,99.43695831298828,102.45723781107975,0.001,4.0732457637786865
907,1,407,2660,106.31170654296875,102.47091930275077,0.001,3.7904179096221924
908,1,408,2548,90.30686950683594,102.43849218877365,0.001,3.9298505783081055
909,1,409,1098,99.48822021484375,102.43273586251017,0.001,4.053755521774292
910,1,410,966,92.38520050048828,102.41375182715662,0.001,3.4658825397491455
911,1,411,1617,96.33466339111328,102.39269869517759,0.001,4.111479997634888
912,1,412,363,93.8096694946289,102.38177122074177,0.001,4.258171319961548
913,1,413,2523,96.26090240478516,102.35988951463176,0.001,4.03016209602356
914,1,414,685,95.77777862548828,102.34255655395887,0.001,3.667494297027588
915,1,415,1686,108.0511245727539,102.36276645508185,0.001,4.371171951293945
916,1,416,2595,124.57593536376953,102.3906547938589,0.001,3.94875431060791
917,1,417,190,93.69889068603516,102.35923051514541,0.001,3.8137733936309814
918,1,418,914,90.10183715820312,102.32698239415863,0.001,4.381276607513428
919,1,419,2071,101.20830535888672,102.32489230728038,0.001,4.108007431030273
920,1,420,2149,89.4645004272461,102.29058836861336,0.001,3.86138916015625
921,1,421,1441,90.9307632446289,102.27606466492006,0.001,3.563631296157837
922,1,422,827,99.20770263671875,102.27128590015734,0.001,3.6921613216400146
923,1,423,2794,90.10188293457031,102.25593101123435,0.001,4.2370765209198
924,1,424,686,89.79501342773438,102.22268996080291,0.001,4.09852409362793
925,1,425,56,103.78447723388672,102.2267568402653,0.001,4.032078981399536
926,1,426,851,91.5444107055664,102.1889353252807,0.001,3.6344125270843506
927,1,427,350,98.06019592285156,102.17817555595228,0.001,4.1308276653289795
928,1,428,1548,97.11945343017578,102.1656262962558,0.001,3.563807725906372
929,1,429,1488,91.0357666015625,102.12972831903605,0.001,3.6986312866210938
930,1,430,2619,95.23909759521484,102.11815285740063,0.001,3.767467498779297
931,1,431,1250,88.81005859375,102.10208507937567,0.001,4.076867341995239
932,1,432,789,94.3360595703125,102.08227611056942,0.001,4.399752616882324
933,1,433,1554,94.68299865722656,102.07314924851244,0.001,4.438906669616699
934,1,434,986,92.21971130371094,102.0476071311219,0.001,4.028814792633057
935,1,435,490,99.66014862060547,102.04465315579603,0.001,3.627992630004883
936,1,436,2923,111.96024322509766,102.06211247169121,0.001,4.21524715423584
937,1,437,2221,94.54540252685547,102.04268833534768,0.001,4.020075559616089
938,1,438,2293,90.47747039794922,102.01274910882294,0.001,4.297638654708862
939,1,439,705,86.29632568359375,101.95910321338415,0.001,3.703026294708252
940,1,440,488,104.28606414794922,101.96681900133734,0.001,4.484148979187012
941,1,441,2763,106.24565124511719,101.9718942027961,0.001,4.001980781555176
942,1,442,492,79.92931365966797,101.89827403210255,0.001,4.841295957565308
943,1,443,177,96.55345916748047,101.88512879096086,0.001,4.476125955581665
944,1,444,774,94.3642349243164,101.86639567610888,0.001,3.7495667934417725
945,1,445,951,93.93138122558594,101.84675693211064,0.001,4.464348793029785
946,1,446,2906,92.56690216064453,101.82385927368202,0.001,4.452986478805542
947,1,447,873,95.64730834960938,101.8174599133162,0.001,3.5248830318450928
948,1,448,1453,95.28912353515625,101.8103073750594,0.001,3.65588641166687
949,1,449,920,96.37709045410156,101.79222863763952,0.001,3.709923267364502
950,1,450,2546,83.40564727783203,101.74743201391033,0.001,4.140075922012329
951,1,451,521,99.71729278564453,101.7450716164296,0.001,3.9668760299682617
952,1,452,2669,99.24663543701172,101.74211720463889,0.001,4.584179401397705
953,1,453,2008,124.68666076660156,101.76603872111797,0.001,4.086376428604126
954,1,454,60,102.86134338378906,101.7679451201178,0.001,4.412070035934448
955,1,455,2448,88.96277618408203,101.72660408899617,0.001,3.901254177093506
956,1,456,1832,101.75094604492188,101.7266829822419,0.001,4.380674600601196
957,1,457,65,102.18479919433594,101.72722434746474,0.001,4.079790830612183
958,1,458,522,88.3653564453125,101.6840099161698,0.001,4.481321811676025
959,1,459,742,90.62933349609375,101.64833552161669,0.001,3.947944164276123
960,1,460,1768,100.27117919921875,101.64676669880765,0.001,4.46303915977478
961,1,461,2552,100.35603332519531,101.64369802160617,0.001,3.8903253078460693
962,1,462,400,101.30697631835938,101.64318143940892,0.001,4.407010078430176
963,1,463,1090,96.0464096069336,101.63374608001527,0.001,4.121833324432373
964,1,464,2832,88.02668762207031,101.59252739669745,0.001,4.296245574951172
965,1,465,682,112.24759674072266,101.62608145740428,0.001,3.5031700134277344
966,1,466,2181,111.97993469238281,101.63783467073642,0.001,3.242335796356201
967,1,467,2654,92.95086669921875,101.61029177288674,0.001,3.211350202560425
968,1,468,2694,114.885498046875,101.6251388302919,0.001,3.88173770904541
969,1,469,2163,95.04425811767578,101.6092016923629,0.001,4.542911529541016
970,1,470,507,101.77400207519531,101.60933064576156,0.001,3.5596861839294434
971,1,471,378,105.17383575439453,101.62050843286771,0.001,3.4877707958221436
972,1,472,2241,96.5095443725586,101.60433801815527,0.001,3.8216636180877686
973,1,473,447,112.5011215209961,101.61663087757191,0.001,4.500986814498901
974,1,474,962,87.68836975097656,101.59318774906372,0.001,4.112956523895264
975,1,475,325,81.03373718261719,101.5454214233342,0.001,3.7282731533050537
976,1,476,717,98.77653503417969,101.53684607284454,0.001,4.359522581100464
977,1,477,2775,96.55144500732422,101.5254417820027,0.001,4.0083630084991455
978,1,478,2834,94.459228515625,101.50357932770831,0.001,4.114184856414795
979,1,479,787,93.48896026611328,101.49464467721461,0.001,3.8493149280548096
980,1,480,374,83.71615600585938,101.44039342725866,0.001,3.723085641860962
981,1,481,2772,93.25251007080078,101.42165264883036,0.001,4.133172512054443
982,1,482,1439,95.74697875976562,101.40455492746241,0.001,4.422946929931641
983,1,483,2482,97.16864013671875,101.39154263278901,0.001,3.900231122970581
984,1,484,2340,103.4598617553711,101.39614936256551,0.001,3.815934896469116
985,1,485,2930,97.4998779296875,101.39202272689154,0.001,4.1888039112091064
986,1,486,1802,105.68107604980469,101.40171787306377,0.001,4.088714122772217
987,1,487,981,103.09215545654297,101.40555490763755,0.001,3.863398551940918
988,1,488,956,93.22745513916016,101.38102274716545,0.001,4.490577936172485
989,1,489,808,93.8118896484375,101.36411263642322,0.001,4.203871726989746
990,1,490,743,101.84190368652344,101.36462132289905,0.001,3.9315571784973145
991,1,491,1262,96.70470428466797,101.35970624890223,0.001,4.469832897186279
992,1,492,388,101.16850280761719,101.35951029572368,0.001,4.346271991729736
993,1,493,361,89.70167541503906,101.32637844680006,0.001,4.410292625427246
994,1,494,344,95.6962890625,101.32036388602123,0.001,4.027239561080933
995,1,495,2871,82.1082534790039,101.26354243020961,0.001,3.7873494625091553
996,1,496,94,90.55149841308594,101.23360499094345,0.001,3.617312431335449
997,1,497,2767,87.65660858154297,101.20305384149135,0.001,4.128159999847412
998,1,498,1918,86.3460693359375,101.15911509578666,0.001,3.8963782787323
999,1,499,1153,94.1537857055664,101.13834218006052,0.001,4.483466863632202
1000,2,0,2335,106.72075653076172,106.72075653076172,0.001,3.7238950729370117
1001,2,1,2452,99.10485076904297,101.60444474560107,0.001,4.018864870071411
1002,2,2,448,102.41024780273438,101.93274814718484,0.001,4.245709657669067
1003,2,3,1120,80.4017333984375,97.34410949893847,0.001,3.8002443313598633
1004,2,4,858,98.7397232055664,97.5103231027014,0.001,4.08275842666626
1005,2,5,706,93.87638092041016,97.08210320843753,0.001,4.076578378677368
1006,2,6,1615,99.51312255859375,97.55008410512566,0.001,3.869123935699463
1007,2,7,407,98.03305053710938,97.62944156297202,0.001,3.772247791290283
1008,2,8,861,105.07240295410156,98.4119787873677,0.001,3.685849666595459
1009,2,9,694,90.8299789428711,97.1705593406436,0.001,3.434204578399658
1010,2,10,803,105.52128601074219,97.6209021003525,0.001,3.525167465209961
1011,2,11,916,95.83562469482422,97.52564633516941,0.001,3.9669923782348633
1012,2,12,1571,96.44408416748047,97.38755852771232,0.001,4.21201753616333
1013,2,13,496,86.55876922607422,96.47558771390808,0.001,4.856865644454956
1014,2,14,372,98.10039520263672,96.53322901590485,0.001,3.9756126403808594
1015,2,15,773,106.00804138183594,97.27431161336672,0.001,4.238264799118042
1016,2,16,864,106.45025634765625,97.58679370568026,0.001,3.9258086681365967
1017,2,17,1155,103.7247543334961,97.80354512248027,0.001,4.423757791519165
1018,2,18,1793,94.76483154296875,97.5376048064265,0.001,4.315176963806152
1019,2,19,2398,87.62335205078125,96.736960554917,0.001,3.6968350410461426
1020,2,20,67,91.36558532714844,96.42725621741214,0.001,3.3334357738494873
1021,2,21,2099,88.51277160644531,96.1130720139875,0.001,4.22787070274353
1022,2,22,1105,81.28141021728516,95.71742729368172,0.001,4.567050933837891
1023,2,23,1762,97.73194885253906,95.82011577317735,0.001,4.285632610321045
1024,2,24,2901,99.16874694824219,95.94065028915821,0.001,3.7806668281555176
1025,2,25,2533,84.64595031738281,95.54981310222423,0.001,4.613062381744385
1026,2,26,961,86.81243133544922,95.03109446785693,0.001,4.035102128982544
1027,2,27,2672,95.5253677368164,95.05907417728707,0.001,3.8665904998779297
1028,2,28,471,91.2564468383789,94.85839999104323,0.001,4.360950469970703
1029,2,29,1679,93.81126403808594,94.82874843200153,0.001,4.196621417999268
1030,2,30,788,90.00395202636719,94.59052432701256,0.001,3.9381585121154785
1031,2,31,778,97.89404296875,94.70724622201624,0.001,4.157968521118164
1032,2,32,2464,71.26226043701172,94.30790477548773,0.001,4.567784309387207
1033,2,33,2583,94.38270568847656,94.31045368332131,0.001,3.8233673572540283
1034,2,34,680,113.01387786865234,94.60396271387093,0.001,3.6486494541168213
1035,2,35,264,88.37655639648438,94.40208356449801,0.001,4.090597629547119
1036,2,36,919,89.2556381225586,94.18689654268566,0.001,3.9518258571624756
1037,2,37,1344,82.50890350341797,93.84028543199994,0.001,3.9944229125976562
1038,2,38,469,94.7565689086914,93.87535288027229,0.001,4.156919479370117
1039,2,39,707,90.17676544189453,93.82844502603116,0.001,3.9953453540802
1040,2,40,2510,92.80802917480469,93.79147196668056,0.001,3.8052539825439453
1041,2,41,1699,96.89651489257812,93.84961971082505,0.001,4.038087368011475
1042,2,42,1817,76.96842956542969,93.64311202078788,0.001,4.596722602844238
1043,2,43,710,91.06255340576172,93.57668050716188,0.001,3.936506509780884
1044,2,44,368,84.68106079101562,93.34494682248894,0.001,3.9831998348236084
1045,2,45,870,91.0865478515625,93.30493262213612,0.001,4.174905300140381
1046,2,46,977,96.24625396728516,93.35454912337602,0.001,3.865607500076294
1047,2,47,1568,93.86913299560547,93.36669408511736,0.001,3.981353759765625
1048,2,48,2197,98.38885498046875,93.4825553073569,0.001,3.4632482528686523
1049,2,49,834,91.3764419555664,93.41940487212472,0.001,3.807004451751709
1050,2,50,695,87.4506607055664,93.28682073463023,0.001,3.9348278045654297
1051,2,51,481,97.5983657836914,93.37967512799969,0.001,4.345607280731201
1052,2,52,432,88.97660064697266,93.2885240982116,0.001,3.723695993423462
1053,2,53,2909,98.44921112060547,93.39610785205198,0.001,4.060061931610107
1054,2,54,719,82.51962280273438,93.10416141260843,0.001,3.8952314853668213
1055,2,55,991,102.98699188232422,93.19586854067445,0.001,3.632988929748535
1056,2,56,64,106.25275421142578,93.32018970178405,0.001,4.096985101699829
1057,2,57,832,81.40408325195312,93.01637183260327,0.001,3.7653868198394775
1058,2,58,2720,101.93450164794922,93.09125986274735,0.001,3.773679494857788
1059,2,59,2449,84.00006866455078,92.92102314896209,0.001,4.745950222015381
1060,2,60,771,89.0732192993164,92.85077974543717,0.001,4.047143220901489
1061,2,61,434,99.45037078857422,92.90264062820837,0.001,4.809406995773315
1062,2,62,1636,80.29720306396484,92.6028390098731,0.001,4.716850996017456
1063,2,63,2066,94.61442565917969,92.6491984656645,0.001,4.21795916557312
1064,2,64,2580,97.20953369140625,92.75023785358151,0.001,4.603018283843994
1065,2,65,1355,85.64666748046875,92.63094115073909,0.001,4.263186693191528
1066,2,66,801,98.01414489746094,92.69258912939749,0.001,3.9108986854553223
1067,2,67,1951,98.57271575927734,92.78829959341788,0.001,3.876408576965332
1068,2,68,1844,105.34125518798828,92.87407310054117,0.001,3.9809224605560303
1069,2,69,1264,95.0067138671875,92.89064797939453,0.001,4.077718496322632
1070,2,70,2274,88.3929672241211,92.8210656117249,0.001,3.8070993423461914
1071,2,71,2845,90.56761932373047,92.77473205469344,0.001,3.9682977199554443
1072,2,72,989,101.59717559814453,92.90859606815546,0.001,4.018316745758057
1073,2,73,689,92.82814025878906,92.90773430102051,0.001,4.275158166885376
1074,2,74,913,92.6514663696289,92.90502059530702,0.001,4.030043840408325
1075,2,75,2298,84.12179565429688,92.84472103717121,0.001,4.349822521209717
1076,2,76,1779,103.94098663330078,93.05866076261583,0.001,4.200057506561279
1077,2,77,759,100.12327575683594,93.15858985710942,0.001,3.7418785095214844
1078,2,78,814,82.79672241210938,93.08663529475021,0.001,4.225485563278198
1079,2,79,954,89.04317474365234,93.05952467023096,0.001,3.755314826965332
1080,2,80,392,93.23819732666016,93.06279128391101,0.001,3.5729522705078125
1081,2,81,77,93.96434783935547,93.07525132186487,0.001,3.7971270084381104
1082,2,82,1554,91.63645935058594,93.06583674051205,0.001,4.403991222381592
1083,2,83,1768,97.07041931152344,93.09137624700406,0.001,4.015146017074585
1084,2,84,1153,92.3495864868164,93.07818146999718,0.001,4.531692266464233
1085,2,85,1951,98.06722259521484,93.14345034950816,0.001,3.6304678916931152
1086,2,86,1503,86.847900390625,93.0897769955276,0.001,4.216005325317383
1087,2,87,1679,90.51953887939453,93.06574094228408,0.001,3.864384651184082
1088,2,88,1457,90.59706115722656,93.02462220836689,0.001,3.995789051055908
1089,2,89,1779,103.47332763671875,93.19701622426035,0.001,4.74362587928772
1090,2,90,1896,87.52271270751953,93.12796083432403,0.001,3.4030649662017822
1091,2,91,1502,89.87458038330078,93.0749142081711,0.001,4.170166492462158
1092,2,92,1128,81.6593246459961,92.93878255784605,0.001,3.414691686630249
1093,2,93,1443,85.47980499267578,92.82282535535687,0.001,4.105105638504028
1094,2,94,1888,88.81079864501953,92.76202041738162,0.001,3.8248109817504883
1095,2,95,1858,93.37227630615234,92.76891273382729,0.001,3.6114940643310547
1096,2,96,1700,94.6136703491211,92.78465045010135,0.001,4.205242395401001
1097,2,97,1793,93.38075256347656,92.79340066480644,0.001,3.8853018283843994
1098,2,98,1714,84.15922546386719,92.70049087684193,0.001,4.320333242416382
1099,2,99,1363,85.5653076171875,92.62278687820277,0.001,3.9728140830993652
1100,2,100,1393,92.35799407958984,92.61991139272102,0.001,4.698877573013306
1101,2,101,1311,84.19210815429688,92.5006207401887,0.001,4.2806432247161865
1102,2,102,1259,85.3465576171875,92.44775893217972,0.001,4.275972604751587
1103,2,103,2013,104.48646545410156,92.50702914925047,0.001,3.572835922241211
1104,2,104,1324,90.99457550048828,92.48629645660455,0.001,4.397006511688232
1105,2,105,1310,86.1827163696289,92.39988418391485,0.001,4.161193370819092
1106,2,106,1173,99.98009490966797,92.43682889485142,0.001,3.83941912651062
1107,2,107,1126,92.2554702758789,92.43439367785136,0.001,3.403726577758789
1108,2,108,1769,88.94090270996094,92.38779139054756,0.001,4.043538808822632
1109,2,109,2034,92.14356231689453,92.38465459998238,0.001,4.515707492828369
1110,2,110,1879,95.88662719726562,92.40935754751966,0.001,4.225804328918457
1111,2,111,1556,84.69854736328125,92.33487945962304,0.001,4.039579391479492
1112,2,112,1342,97.1778793334961,92.38016436562903,0.001,3.93483829498291
1113,2,113,2149,84.4359130859375,92.30410278586866,0.001,4.211507797241211
1114,2,114,1627,100.3204116821289,92.37965002823498,0.001,4.318400144577026
1115,2,115,1845,90.92688751220703,92.37357836061167,0.001,4.301234722137451
1116,2,116,1092,87.95137023925781,92.3192779063212,0.001,3.5946898460388184
1117,2,117,1809,97.0192642211914,92.37513565503998,0.001,3.761178970336914
1118,2,118,2070,94.24146270751953,92.39742078512745,0.001,4.693579912185669
1119,2,119,1118,89.44578552246094,92.37126750019158,0.001,4.334317684173584
1120,2,120,1361,84.36408996582031,92.33751652009991,0.001,3.629361152648926
1121,2,121,1334,102.82512664794922,92.38081726210436,0.001,3.2257869243621826
1122,2,122,1441,83.00323486328125,92.34070194250585,0.001,4.169132709503174
1123,2,123,1823,85.07047271728516,92.25465122148022,0.001,3.9367010593414307
1124,2,124,1439,92.14756774902344,92.25344194730393,0.001,3.5322227478027344
1125,2,125,2152,87.91812896728516,92.21691193934062,0.001,4.2590649127960205
1126,2,126,1111,89.63387298583984,92.19518395402145,0.001,3.9820704460144043
1127,2,127,1717,107.74623107910156,92.25668370410328,0.001,4.0177319049835205
1128,2,128,1938,88.53221130371094,92.24235927885537,0.001,4.029252529144287
1129,2,129,1460,92.73391723632812,92.24529348291048,0.001,4.14812707901001
1130,2,130,1196,88.6678237915039,92.23233670564584,0.001,3.464280366897583
1131,2,131,2184,101.72010803222656,92.28871435542213,0.001,3.8564023971557617
1132,2,132,190,85.85276794433594,92.21707613803655,0.001,4.128192901611328
1133,2,133,2181,106.07102966308594,92.27082218306944,0.001,3.976414680480957
1134,2,134,1737,89.37757873535156,92.24067287665082,0.001,4.910998344421387
1135,2,135,1506,85.28559875488281,92.21551381523793,0.001,3.7821099758148193
1136,2,136,1777,90.37113952636719,92.20107672315955,0.001,4.935772180557251
1137,2,137,1372,88.05858612060547,92.16858624348527,0.001,3.4419305324554443
1138,2,138,1751,91.9647445678711,92.16744270606289,0.001,3.8742830753326416
1139,2,139,1182,83.12074279785156,92.09651598828273,0.001,3.8209357261657715
1140,2,140,1317,91.0255355834961,92.09257281431685,0.001,3.953207492828369
1141,2,141,2229,85.8349838256836,92.0627763102914,0.001,3.9458470344543457
1142,2,142,1484,93.2370834350586,92.07184739732779,0.001,4.550513982772827
1143,2,143,1807,86.96388244628906,92.02093909770394,0.001,4.005584716796875
1144,2,144,2192,91.7680892944336,92.02017658064773,0.001,4.408736705780029
1145,2,145,1181,102.22914123535156,92.09490439854294,0.001,3.725811004638672
1146,2,146,1918,82.86099243164062,92.00331232137427,0.001,3.7528023719787598
1147,2,147,2216,97.30892944335938,92.02007257499291,0.001,3.8257410526275635
1148,2,148,1814,87.3105697631836,91.98597736085442,0.001,4.279696226119995
1149,2,149,2157,87.15097045898438,91.93909405143236,0.001,4.710611820220947
1150,2,150,1846,89.1234359741211,91.91893831189623,0.001,3.6840617656707764
1151,2,151,2000,84.76272583007812,91.89470495939304,0.001,3.7523062229156494
1152,2,152,1706,104.01502990722656,91.98096932714672,0.001,3.709019184112549
1153,2,153,1543,105.33050537109375,92.02691950924336,0.001,3.829847812652588
1154,2,154,2272,89.160400390625,92.00667479539185,0.001,3.6720714569091797
1155,2,155,2008,119.80482482910156,92.09013120887205,0.001,3.8701162338256836
1156,2,156,1122,83.83370971679688,92.04811289201771,0.001,4.6651740074157715
1157,2,157,2204,89.0123519897461,92.02041036823896,0.001,4.592546463012695
1158,2,158,1649,79.08523559570312,91.93091807109892,0.001,4.026288986206055
1159,2,159,1642,93.0757064819336,91.93865339428861,0.001,4.3404388427734375
1160,2,160,1495,97.09852600097656,91.97394677468615,0.001,3.3750367164611816
1161,2,161,1394,81.01538848876953,91.89984894445288,0.001,3.9203193187713623
1162,2,162,1580,92.24503326416016,91.90150467264124,0.001,4.223884105682373
1163,2,163,1132,83.04374694824219,91.84139472417826,0.001,4.164143085479736
1164,2,164,2140,100.66036987304688,91.86817674033166,0.001,3.940640926361084
1165,2,165,2163,88.85116577148438,91.84768636748103,0.001,3.644946813583374
1166,2,166,1577,92.54987335205078,91.85228112202115,0.001,4.336404323577881
1167,2,167,1302,88.04511260986328,91.82130763224458,0.001,4.2765212059021
1168,2,168,1274,90.23600006103516,91.81123874695442,0.001,3.9096593856811523
1169,2,169,1636,77.285888671875,91.68649190772324,0.001,3.9857051372528076
1170,2,170,1090,90.58511352539062,91.68153018597191,0.001,4.1913416385650635
1171,2,171,1355,82.85286712646484,91.62514796807389,0.001,3.5724213123321533
1172,2,172,1844,104.53939819335938,91.65979866961915,0.001,3.9695451259613037
1173,2,173,1571,93.71058654785156,91.67692738578107,0.001,4.226046323776245
1174,2,174,1965,87.70027160644531,91.6436111824684,0.001,4.384113788604736
1175,2,175,2007,87.42957305908203,91.6176579084809,0.001,3.7839906215667725
1176,2,176,1109,83.31073760986328,91.5519730433775,0.001,3.857818365097046
1177,2,177,2073,91.23761749267578,91.55109250766277,0.001,4.358795881271362
1178,2,178,1473,88.65531921386719,91.54009160401448,0.001,3.8510751724243164
1179,2,179,1832,98.6587905883789,91.59762706397255,0.001,4.958550453186035
1180,2,180,1828,87.49576568603516,91.56406526128616,0.001,4.120597839355469
1181,2,181,2282,83.7393569946289,91.54180874573001,0.001,3.7676584720611572
1182,2,182,1915,90.48839569091797,91.53737002291653,0.001,4.350079536437988
1183,2,183,1682,83.37322998046875,91.48909914327726,0.001,3.898576021194458
1184,2,184,1862,79.0005111694336,91.45391102701024,0.001,3.856485366821289
1185,2,185,2347,91.84490203857422,91.45620466755912,0.001,3.8319759368896484
1186,2,186,2101,96.56851959228516,91.49629091432277,0.001,3.5321903228759766
1187,2,187,1900,107.35665893554688,91.54129891923755,0.001,3.4621849060058594
1188,2,188,2377,81.6541748046875,91.48437489457413,0.001,3.681394577026367
1189,2,189,1120,78.8111801147461,91.43474804400074,0.001,3.9160499572753906
1190,2,190,2449,81.49411010742188,91.37779665446567,0.001,4.373295783996582
1191,2,191,1794,79.81422424316406,91.31309367527672,0.001,3.8368356227874756
1192,2,192,1548,92.02006530761719,91.31693970676442,0.001,3.8992629051208496
1193,2,193,1945,85.94053649902344,91.27662104592405,0.001,3.2471511363983154
1194,2,194,1333,99.1618423461914,91.32077759660436,0.001,4.067546606063843
1195,2,195,1326,100.04503631591797,91.34358758835658,0.001,3.8207828998565674
1196,2,196,2172,82.46443176269531,91.29356042301862,0.001,4.1604979038238525
1197,2,197,1155,99.8218994140625,91.3163966713041,0.001,3.906219005584717
1198,2,198,1368,96.98629760742188,91.33914832776767,0.001,4.238282203674316
1199,2,199,1802,99.59229278564453,91.38414025966333,0.001,4.162753582000732
1200,2,200,2460,86.30250549316406,91.37094450705878,0.001,3.8188445568084717
1201,2,201,2387,99.08734893798828,91.40097763095201,0.001,3.7166733741760254
1202,2,202,1174,89.06514739990234,91.38830333222958,0.001,4.192972898483276
1203,2,203,1576,100.17206573486328,91.41051270947288,0.001,3.725383758544922
1204,2,204,2270,86.44651794433594,91.37466709093715,0.001,4.08986759185791
1205,2,205,2274,87.25736236572266,91.35313716335995,0.001,3.772581100463867
1206,2,206,1806,81.9880142211914,91.28693432107103,0.001,3.8706562519073486
1207,2,207,1149,73.09255981445312,91.19026874736274,0.001,3.5895047187805176
1208,2,208,2455,101.3619384765625,91.21625919768064,0.001,4.085447072982788
1209,2,209,2498,102.99093627929688,91.2601549911709,0.001,3.638535499572754
1210,2,210,1306,75.97464752197266,91.15461804690489,0.001,4.941429615020752
1211,2,211,264,87.49432373046875,91.1355844193383,0.001,3.857290267944336
1212,2,212,2328,84.26448822021484,91.1100071823163,0.001,3.51098895072937
1213,2,213,1585,88.31169891357422,91.09116326147489,0.001,3.8965342044830322
1214,2,214,1263,96.69621276855469,91.11963629480842,0.001,3.5467166900634766
1215,2,215,1530,83.78589630126953,91.07027371816167,0.001,4.664040803909302
1216,2,216,1339,108.17688751220703,91.11197826665429,0.001,3.8888556957244873
1217,2,217,1127,90.16288757324219,91.1085036345899,0.001,3.2084908485412598
1218,2,218,2225,91.69828033447266,91.11241888106323,0.001,4.061262369155884
1219,2,219,2511,97.83307647705078,91.13657630088919,0.001,4.467735767364502
1220,2,220,2205,94.96764373779297,91.15584620516375,0.001,3.8390586376190186
1221,2,221,2221,89.91321563720703,91.14961358819568,0.001,3.772489547729492
1222,2,222,1087,86.95782470703125,91.12277464414268,0.001,4.018746376037598
1223,2,223,32,82.7109375,91.06730960077113,0.001,3.6134731769561768
1224,2,224,2529,90.9601058959961,91.0667794685085,0.001,3.834038496017456
1225,2,225,273,93.75988006591797,91.07984810432006,0.001,4.2188498973846436
1226,2,226,1772,87.50858306884766,91.05673848432119,0.001,4.227643251419067
1227,2,227,2458,86.20854187011719,91.03375813829439,0.001,3.9725983142852783
1228,2,228,2343,90.30504608154297,91.03132204787123,0.001,3.879272699356079
1229,2,229,1344,80.38243103027344,90.9815309313189,0.001,4.189783334732056
1230,2,230,1699,91.0147933959961,90.98163984874331,0.001,3.3792316913604736
1231,2,231,1527,87.43505096435547,90.9651418885293,0.001,4.207842111587524
1232,2,232,1434,93.63771057128906,90.97716367225311,0.001,4.027670621871948
1233,2,233,2147,87.46827697753906,90.9553606698129,0.001,4.299739837646484
1234,2,234,1817,71.3553695678711,90.91365479653201,0.001,3.654096841812134
1235,2,235,1264,91.6401596069336,90.91528042990814,0.001,4.130471467971802
1236,2,236,2569,99.29592895507812,90.9427100041228,0.001,3.279538869857788
1237,2,237,2398,83.64205169677734,90.89866151209056,0.001,3.600700855255127
1238,2,238,2297,91.67282104492188,90.90225768530092,0.001,3.7773516178131104
1239,2,239,28,98.0408935546875,90.91760486711006,0.001,3.5310306549072266
1240,2,240,1617,89.68054962158203,90.91042164822294,0.001,3.8887083530426025
1241,2,241,2335,100.90563201904297,90.93239118529632,0.001,3.6625871658325195
1242,2,242,1250,83.25186157226562,90.91616109421845,0.001,3.861265182495117
1243,2,243,1516,87.04669952392578,90.89897734968385,0.001,3.847930431365967
1244,2,244,2476,95.19818878173828,90.90814711361254,0.001,4.3002870082855225
1245,2,245,2202,90.43547058105469,90.90533308922272,0.001,4.51127290725708
1246,2,246,1346,100.18692016601562,90.9579578126712,0.001,3.7756481170654297
1247,2,247,2563,81.72794342041016,90.92889030717515,0.001,4.932917833328247
1248,2,248,2522,76.3516616821289,90.86569662233101,0.001,4.44914436340332
1249,2,249,2293,79.34068298339844,90.81428965311822,0.001,3.643017053604126
1250,2,250,2325,94.73287200927734,90.83133177406029,0.001,3.195120096206665
1251,2,251,2535,100.81229400634766,90.85189349787721,0.001,4.623459339141846
1252,2,252,272,94.74053955078125,90.86395466284719,0.001,3.4230098724365234
1253,2,253,2219,93.53379821777344,90.86909657568415,0.001,3.715041399002075
1254,2,254,2499,95.81371307373047,90.88429712282186,0.001,3.677170991897583
1255,2,255,2080,82.94343566894531,90.8388008396911,0.001,4.382861137390137
1256,2,256,1088,86.29473876953125,90.8198845481223,0.001,3.7843875885009766
1257,2,257,274,86.63368225097656,90.80244647021368,0.001,4.375828266143799
1258,2,258,1463,82.7449951171875,90.78832194669585,0.001,3.9443836212158203
1259,2,259,2564,78.76441192626953,90.73858617015115,0.001,4.143167495727539
1260,2,260,1762,94.73358917236328,90.75528973536426,0.001,4.540338039398193
1261,2,261,2179,87.75979614257812,90.74622698634727,0.001,3.940249443054199
1262,2,262,2432,81.55766296386719,90.72777745055895,0.001,3.8224422931671143
1263,2,263,2593,81.23043060302734,90.68749947264686,0.001,4.128708600997925
1264,2,264,1903,88.1368637084961,90.68007712174783,0.001,3.7904117107391357
1265,2,265,1493,87.90338134765625,90.66479395148882,0.001,3.7041800022125244
1266,2,266,1370,75.09248352050781,90.60048629048475,0.001,4.1735522747039795
1267,2,267,2436,85.30694580078125,90.5900855639189,0.001,3.9462082386016846
1268,2,268,2060,85.57154846191406,90.56951498106164,0.001,4.136624813079834
1269,2,269,1113,93.54853057861328,90.58560690881646,0.001,3.8457839488983154
1270,2,270,1399,86.79718017578125,90.56493466292417,0.001,3.3990399837493896
1271,2,271,1756,89.24395751953125,90.55971684474007,0.001,3.5886895656585693
1272,2,272,1373,77.56877899169922,90.51885589229194,0.001,4.230674743652344
1273,2,273,1488,82.21276092529297,90.47738382556695,0.001,4.459267616271973
1274,2,274,2452,98.074462890625,90.50751817871915,0.001,3.728593587875366
1275,2,275,250,82.23603820800781,90.49187587190353,0.001,3.8424198627471924
1276,2,276,2223,85.66236114501953,90.46633631264429,0.001,4.139196872711182
1277,2,277,2066,92.69608306884766,90.47792256081229,0.001,4.00086522102356
1278,2,278,2682,82.50028991699219,90.43588034139455,0.001,4.412136793136597
1279,2,279,2098,92.05355834960938,90.44000917128373,0.001,3.8714683055877686
1280,2,280,2654,88.89927673339844,90.43203033315518,0.001,3.7452166080474854
1281,2,281,2772,85.3605728149414,90.41255457674545,0.001,3.9409408569335938
1282,2,282,1442,83.29578399658203,90.39326683931657,0.001,4.534517049789429
1283,2,283,2793,84.15445709228516,90.3609301567977,0.001,3.565910816192627
1284,2,284,1117,94.51793670654297,90.3770515754776,0.001,4.774331092834473
1285,2,285,2610,91.57991790771484,90.37923367022782,0.001,4.193105697631836
1286,2,286,1551,95.43658447265625,90.3986984013164,0.001,3.992117166519165
1287,2,287,2546,82.01775360107422,90.36733900296527,0.001,3.2850420475006104
1288,2,288,2874,88.53148651123047,90.36057780689077,0.001,4.638511419296265
1289,2,289,2188,88.43826293945312,90.35343809248441,0.001,4.263169288635254
1290,2,290,340,85.39024353027344,90.3348767535003,0.001,3.915520668029785
1291,2,291,1596,92.64371490478516,90.34087074649933,0.001,4.764609336853027
1292,2,292,1540,93.56475830078125,90.34661540126295,0.001,4.129663467407227
1293,2,293,1570,81.92847442626953,90.33158960183965,0.001,3.3131282329559326
1294,2,294,2927,81.65973663330078,90.31833861435385,0.001,4.177899122238159
1295,2,295,2929,89.26980590820312,90.31446822746912,0.001,4.634230852127075
1296,2,296,1648,97.12230682373047,90.33231182347038,0.001,4.280789852142334
1297,2,297,2668,96.70866394042969,90.35594760508891,0.001,3.9818406105041504
1298,2,298,256,84.47230529785156,90.34076722629183,0.001,4.483577013015747
1299,2,299,2580,92.18199920654297,90.34949977932925,0.001,4.057668209075928
1300,2,300,363,89.9728775024414,90.3488515652994,0.001,4.667072534561157
1301,2,301,2243,92.85015106201172,90.36092975021145,0.001,4.119368553161621
1302,2,302,2930,91.24653625488281,90.36241732663224,0.001,3.753699779510498
1303,2,303,2673,86.01841735839844,90.34656084653484,0.001,3.6501553058624268
1304,2,304,1838,82.3685531616211,90.31847528070698,0.001,5.013663291931152
1305,2,305,2051,87.16960906982422,90.3071663995143,0.001,3.9771368503570557
1306,2,306,1151,91.85513305664062,90.31095844462625,0.001,4.446585655212402
1307,2,307,2832,80.9135513305664,90.26866626829228,0.001,4.144618272781372
1308,2,308,2871,75.86243438720703,90.20127013569487,0.001,3.9780609607696533
1309,2,309,2669,97.1309585571289,90.21304807944142,0.001,4.2282795906066895
1310,2,310,1766,89.71163940429688,90.21244894546747,0.001,3.804452657699585
1311,2,311,1839,84.50080871582031,90.20308785867967,0.001,3.963974714279175
1312,2,312,1105,78.68177032470703,90.18307658736087,0.001,4.115930557250977
1313,2,313,2505,86.98345184326172,90.17762554963569,0.001,4.003117561340332
1314,2,314,2235,90.0882339477539,90.177211900829,0.001,3.8657307624816895
1315,2,315,2608,84.75337982177734,90.15164942686175,0.001,3.8252995014190674
1316,2,316,1097,97.502685546875,90.16343269939456,0.001,3.6758649349212646
1317,2,317,1099,90.76387786865234,90.16619884164116,0.001,4.467148303985596
1318,2,318,2543,85.58667755126953,90.15037150368778,0.001,4.188969135284424
1319,2,319,441,83.84696197509766,90.12883524882481,0.001,4.1277916431427
1320,2,320,2775,89.57632446289062,90.12697598090061,0.001,3.901747465133667
1321,2,321,2425,87.6009521484375,90.1183536349956,0.001,3.8165600299835205
1322,2,322,1365,98.16682434082031,90.13139688543146,0.001,4.111193656921387
1323,2,323,2494,76.9188003540039,90.08706986033603,0.001,3.669400453567505
1324,2,324,2596,97.92496490478516,90.10594308639821,0.001,3.643702745437622
1325,2,325,2538,92.58190155029297,90.10992376069855,0.001,4.2942585945129395
1326,2,326,400,93.7874526977539,90.11783495518948,0.001,4.131169557571411
1327,2,327,2692,93.30884552001953,90.13205728053849,0.001,4.030649900436401
1328,2,328,2585,83.82485961914062,90.11142453160008,0.001,3.867035388946533
1329,2,329,177,90.7608871459961,90.11355360504164,0.001,4.0139546394348145
1330,2,330,2406,90.12046813964844,90.11358441093849,0.001,3.842411994934082
1331,2,331,432,82.45538330078125,90.08879889990163,0.001,4.265823602676392
1332,2,332,1764,89.69263458251953,90.08703075340155,0.001,3.945828437805176
1333,2,333,490,88.60295104980469,90.08466610497219,0.001,4.647532224655151
1334,2,334,468,84.54317474365234,90.06077623086004,0.001,3.6583662033081055
1335,2,335,2845,86.1884536743164,90.04401402482046,0.001,3.603959321975708
1336,2,336,2709,100.4911880493164,90.05996126462058,0.001,3.643390417098999
1337,2,337,2864,87.12113189697266,90.05309258193556,0.001,3.799247980117798
1338,2,338,2510,84.50261688232422,90.02943072721607,0.001,3.93131422996521
1339,2,339,2502,92.591064453125,90.04050354597028,0.001,3.858908176422119
1340,2,340,1690,74.21937561035156,90.01615736059439,0.001,4.341867208480835
1341,2,341,2588,89.81398010253906,90.0152869176523,0.001,4.371594190597534
1342,2,342,2794,85.56201171875,90.00844629781969,0.001,3.868617057800293
1343,2,343,1586,88.79287719726562,90.00326362592816,0.001,3.937868356704712
1344,2,344,1812,84.39144897460938,89.97934517207922,0.001,4.177994728088379
1345,2,345,1541,83.87596130371094,89.97099758919828,0.001,3.912071943283081
1346,2,346,2278,87.66128540039062,89.96362109610413,0.001,4.10592794418335
1347,2,347,2534,103.30690002441406,89.9838316108761,0.001,4.826170206069946
1348,2,348,2378,92.01190948486328,89.99025178830036,0.001,3.6406288146972656
1349,2,349,2399,88.8034439086914,89.98866834633039,0.001,4.145920038223267
1350,2,350,1693,87.7008056640625,89.97920288318566,0.001,4.211862087249756
1351,2,351,1620,88.12188720703125,89.97736315058054,0.001,3.244554281234741
1352,2,352,2191,93.69097137451172,89.98577772174366,0.001,4.032871961593628
1353,2,353,368,81.8902816772461,89.95989531743086,0.001,3.627192735671997
1354,2,354,2462,88.13003540039062,89.95227736477959,0.001,4.375391244888306
1355,2,355,1081,91.1008071899414,89.95581060600558,0.001,4.0396928787231445
1356,2,356,2552,92.34368896484375,89.96305053994624,0.001,3.5192832946777344
1357,2,357,2144,90.48291778564453,89.9637998033408,0.001,4.124625205993652
1358,2,358,388,96.85687255859375,89.9734034800818,0.001,4.593701601028442
1359,2,359,682,98.7314453125,90.00866544481912,0.001,4.061638832092285
1360,2,360,2720,94.8548812866211,90.01514706119406,0.001,3.4817562103271484
1361,2,361,1925,115.34490966796875,90.0513557730957,0.001,4.151660919189453
1362,2,362,458,85.44328308105469,90.04452520253336,0.001,4.463818788528442
1363,2,363,1440,90.05384063720703,90.0445527218871,0.001,3.5874686241149902
1364,2,364,361,85.42601776123047,90.02692518455231,0.001,3.7528719902038574
1365,2,365,254,78.34819793701172,89.98050706252829,0.001,4.294666528701782
1366,2,366,2251,97.73448944091797,89.99744822788078,0.001,4.231440782546997
1367,2,367,2548,85.59173583984375,89.98453059295355,0.001,4.035301923751831
1368,2,368,2619,88.19196319580078,89.98104392997429,0.001,4.44997763633728
1369,2,369,407,88.57347106933594,89.97686956897043,0.001,3.8590426445007324
1370,2,370,2861,76.05260467529297,89.93542228542009,0.001,4.22658896446228
1371,2,371,1821,99.61410522460938,89.94898944794527,0.001,4.058934450149536
1372,2,372,496,81.72786712646484,89.92581721739464,0.001,3.5183470249176025
1373,2,373,2750,90.1943588256836,89.9261900819721,0.001,4.205160856246948
1374,2,374,1265,93.73628234863281,89.93153534064838,0.001,3.652992010116577
1375,2,375,2422,77.7861328125,89.91455987012127,0.001,4.2442262172698975
1376,2,376,1395,107.24325561523438,89.93911381068119,0.001,4.010944843292236
1377,2,377,2401,81.5078125,89.91415758854593,0.001,4.428438186645508
1378,2,378,601,87.58167266845703,89.90512038314363,0.001,3.9731359481811523
1379,2,379,2565,84.40475463867188,89.89738622864373,0.001,4.088522672653198
1380,2,380,1735,83.34886932373047,89.88825998150544,0.001,3.7149124145507812
1381,2,381,2781,79.45632934570312,89.86936575487263,0.001,3.8968913555145264
1382,2,382,2464,62.90768814086914,89.8314550350761,0.001,4.373093366622925
1383,2,383,2906,85.00556182861328,89.81759271290511,0.001,4.347623825073242
1384,2,384,773,98.60309600830078,89.84284100391586,0.001,3.6091995239257812
1385,2,385,447,100.89234924316406,89.85812555382898,0.001,4.154993534088135
1386,2,386,68,97.87110900878906,89.87484204638186,0.001,4.040039300918579
1387,2,387,29,84.43171691894531,89.85939751673607,0.001,3.8829758167266846
1388,2,388,408,77.9642333984375,89.83542149258392,0.001,4.218623399734497
1389,2,389,2166,85.9300765991211,89.82752854376163,0.001,3.713413953781128
1390,2,390,74,97.10165405273438,89.83723379027158,0.001,3.8377273082733154
1391,2,391,67,86.37364196777344,89.82741527593288,0.001,3.8401081562042236
1392,2,392,1482,90.50997161865234,89.82832324091356,0.001,4.062559366226196
1393,2,393,436,91.27713012695312,89.83119413878356,0.001,3.397890567779541
1394,2,394,1123,89.34440612792969,89.83021731228747,0.001,4.049131870269775
1395,2,395,455,72.71160888671875,89.8126288996095,0.001,4.256137371063232
1396,2,396,403,81.73396301269531,89.79658044903624,0.001,4.30983567237854
1397,2,397,778,93.73435974121094,89.80752120469774,0.001,3.4618682861328125
1398,2,398,2590,103.97750091552734,89.83495165828583,0.001,4.3040852546691895
1399,2,399,2789,88.2837142944336,89.83064266896125,0.001,4.279315233230591
1400,2,400,518,85.0765609741211,89.82431086303393,0.001,4.488552093505859
1401,2,401,514,101.68700408935547,89.84818325558791,0.001,4.501772403717041
1402,2,402,742,83.46283721923828,89.82450786151398,0.001,4.056610345840454
1403,2,403,64,100.1688232421875,89.83830785911682,0.001,4.151364088058472
1404,2,404,2064,85.92914581298828,89.8274074840538,0.001,4.27116322517395
1405,2,405,2413,90.88706970214844,89.83036053469019,0.001,3.7878544330596924
1406,2,406,788,83.3578872680664,89.80665441511815,0.001,3.494218111038208
1407,2,407,1093,83.83622741699219,89.78532909012374,0.001,4.4353461265563965
1408,2,408,65,93.90991973876953,89.79080754254176,0.001,3.987858295440674
1409,2,409,1569,89.1976318359375,89.78918479054535,0.001,4.548539161682129
1410,2,410,337,85.17017364501953,89.78108673027467,0.001,3.9421591758728027
1411,2,411,680,105.68162536621094,89.8013994149245,0.001,4.328850507736206
1412,2,412,2233,93.33342742919922,89.80819322246141,0.001,3.7008275985717773
1413,2,413,864,97.500244140625,89.8175596763542,0.001,3.926030397415161
1414,2,414,1262,89.33515930175781,89.81694903561146,0.001,3.5512797832489014
1415,2,415,2095,86.49666595458984,89.80527400483267,0.001,3.906862735748291
1416,2,416,2923,97.0347900390625,89.81871351823047,0.001,4.477499723434448
1417,2,417,2782,81.75953674316406,89.78968176727709,0.001,3.9075582027435303
1418,2,418,481,91.43560028076172,89.79406867821957,0.001,4.0088584423065186
1419,2,419,1575,97.56725311279297,89.81522656690535,0.001,4.517166376113892
1420,2,420,383,89.54812622070312,89.81431215704163,0.001,3.8027870655059814
1421,2,421,1083,94.52410125732422,89.83048822981267,0.001,3.7600507736206055
1422,2,422,706,81.38385772705078,89.81970480504339,0.001,3.3199996948242188
1423,2,423,77,87.85603332519531,89.81447360011656,0.001,3.7403576374053955
1424,2,424,1676,84.73046875,89.79656938461049,0.001,3.9507997035980225
1425,2,425,1557,84.44145965576172,89.77780384407826,0.001,3.860532283782959
1426,2,426,770,87.00601196289062,89.7704768737134,0.001,4.415064096450806
1427,2,427,461,93.42859649658203,89.7830297842832,0.001,4.125447511672974
1428,2,428,2537,85.4554443359375,89.77157207610934,0.001,3.415886640548706
1429,2,429,2513,99.65420532226562,89.78367909820967,0.001,3.5590312480926514
1430,2,430,991,99.67436981201172,89.79558172510662,0.001,4.245346546173096
1431,2,431,694,82.56430053710938,89.77079078011815,0.001,3.894015312194824
1432,2,432,803,103.2536849975586,89.78686400923141,0.001,4.704253435134888
1433,2,433,1819,84.49407958984375,89.78033830724138,0.001,3.998650312423706
1434,2,434,607,97.77235412597656,89.78972266405908,0.001,3.7005207538604736
1435,2,435,1098,80.16789245605469,89.77194725897905,0.001,4.173754692077637
1436,2,436,699,78.4580307006836,89.74350091947437,0.001,3.6928374767303467
1437,2,437,870,86.88096618652344,89.73827835668918,0.001,4.132388591766357
1438,2,438,2203,98.09539794921875,89.76666599626606,0.001,4.4093523025512695
1439,2,439,523,91.61148834228516,89.77295159421466,0.001,4.194933652877808
1440,2,440,2055,84.49787139892578,89.75519512279008,0.001,4.340597152709961
1441,2,441,37,82.37791442871094,89.73058509434611,0.001,4.47036600112915
1442,2,442,1480,89.89131927490234,89.73077443549477,0.001,4.4328413009643555
1443,2,443,2349,85.52460479736328,89.71681191492685,0.001,4.2740561962127686
1444,2,444,1313,82.27799224853516,89.69309889591368,0.001,4.176576375961304
1445,2,445,367,100.71512603759766,89.71246756047076,0.001,3.5716135501861572
1446,2,446,2435,85.08094787597656,89.70681240250944,0.001,4.057480096817017
1447,2,447,382,80.43119049072266,89.6961432458867,0.001,4.383545637130737
1448,2,448,1089,89.71642303466797,89.69621014806873,0.001,4.341146945953369
1449,2,449,2595,100.57987976074219,89.70893613989988,0.001,3.7577412128448486
1450,2,450,405,89.9604721069336,89.70939012805016,0.001,4.267648458480835
1451,2,451,1616,94.9754638671875,89.72266223159505,0.001,4.630744934082031
1452,2,452,990,76.2811508178711,89.68885231583916,0.001,4.047277450561523
1453,2,453,2067,89.94662475585938,89.68931474269891,0.001,4.288074016571045
1454,2,454,913,83.73202514648438,89.67893548000588,0.001,4.120117425918579
1455,2,455,920,87.59888458251953,89.67207409570862,0.001,3.581139326095581
1456,2,456,56,90.48260498046875,89.67404774767536,0.001,4.039229154586792
1457,2,457,819,85.45887756347656,89.66376023038741,0.001,4.329836845397949
1458,2,458,693,87.4431381225586,89.6565589833046,0.001,4.622951984405518
1459,2,459,519,83.413330078125,89.63637828368068,0.001,4.383280992507935
1460,2,460,915,95.58444213867188,89.64296147989991,0.001,3.9775733947753906
1461,2,461,2340,89.92475891113281,89.64362426653209,0.001,4.273722887039185
1462,2,462,2341,82.49036407470703,89.62058908125428,0.001,4.920586585998535
1463,2,463,1791,81.27122497558594,89.60652970178046,0.001,3.8375675678253174
1464,2,464,685,86.8382797241211,89.6000105993146,0.001,4.269793510437012
1465,2,465,2834,83.17023468017578,89.57952704987383,0.001,4.301116466522217
1466,2,466,38,82.71311950683594,89.56778435517687,0.001,3.745992422103882
1467,2,467,73,86.22286224365234,89.56395593810862,0.001,4.017102241516113
1468,2,468,2601,90.5317153930664,89.56695609568321,0.001,4.196676969528198
1469,2,469,1921,82.07281494140625,89.54929745345362,0.001,4.15412449836731
1470,2,470,743,86.9698715209961,89.54642055446885,0.001,4.1359241008758545
1471,2,471,342,81.43161010742188,89.52058987151133,0.001,4.028619766235352
1472,2,472,336,82.45314025878906,89.49836255696673,0.001,4.100666522979736
1473,2,473,2603,75.69026184082031,89.45643573603647,0.001,4.070662260055542
1474,2,474,914,83.78319549560547,89.4432638369619,0.001,3.698892593383789
1475,2,475,522,77.20632934570312,89.40523021063608,0.001,3.4584527015686035
1476,2,476,710,85.02861785888672,89.39514069073671,0.001,4.648928880691528
1477,2,477,2533,69.20568084716797,89.36115244734388,0.001,3.641786813735962
1478,2,478,2672,86.53666687011719,89.35241387700701,0.001,4.250187397003174
1479,2,479,616,88.87918853759766,89.35097670404578,0.001,4.355776786804199
1480,2,480,1615,89.9061050415039,89.3522237217335,0.001,4.312283039093018
1481,2,481,424,89.36115264892578,89.35223761687948,0.001,3.867757797241211
1482,2,482,1523,87.96772003173828,89.35072557684416,0.001,4.013313055038452
1483,2,483,717,90.3548812866211,89.3537785341798,0.001,3.8878965377807617
1484,2,484,448,97.08882904052734,89.37179167155377,0.001,4.035773754119873
1485,2,485,787,88.0873031616211,89.37038162625281,0.001,4.27117395401001
1486,2,486,2547,85.86775970458984,89.36241198483887,0.001,4.187089443206787
1487,2,487,977,87.30314636230469,89.3591799623483,0.001,3.4270975589752197
1488,2,488,2758,99.69208526611328,89.38242513323254,0.001,3.817577600479126
1489,2,489,1626,75.39414978027344,89.36788382092742,0.001,4.049484491348267
1490,2,490,954,75.94483947753906,89.35348887258657,0.001,4.1858484745025635
1491,2,491,372,81.63632202148438,89.34622028620439,0.001,4.152133226394653
1492,2,492,686,75.44647979736328,89.31429843016582,0.001,3.6556177139282227
1493,2,493,2099,78.49160766601562,89.29687156909925,0.001,4.51590371131897
1494,2,494,771,85.35651397705078,89.28810313695881,0.001,4.302450895309448
1495,2,495,1864,93.12047576904297,89.29221789182014,0.001,3.752145767211914
1496,2,496,986,78.38085174560547,89.26746080220553,0.001,3.8473410606384277
1497,2,497,2392,86.43717193603516,89.26290261855034,0.001,4.138137102127075
1498,2,498,1514,90.94076538085938,89.26466710257444,0.001,4.203293085098267
1499,2,499,966,83.06568908691406,89.25502490744168,0.001,4.196685552597046
1500,3,0,376,102.8723373413086,102.8723373413086,0.001,3.862365484237671
1501,3,1,1397,79.56108856201172,85.71113926814152,0.001,4.21226954460144
1502,3,2,2482,87.08283996582031,86.29200699135284,0.001,3.9778313636779785
1503,3,3,873,88.84400177001953,86.58922488107805,0.001,4.288557291030884
1504,3,4,904,80.79703521728516,85.72376042761798,0.001,4.481663942337036
1505,3,5,266,99.69036865234375,89.07583046600453,0.001,4.609599351882935
1506,3,6,2294,94.07221984863281,89.45794269829652,0.001,3.8378090858459473
1507,3,7,811,73.45388793945312,88.36586230752732,0.001,3.8517966270446777
1508,3,8,2327,101.35491943359375,89.63639349792797,0.001,4.169331073760986
1509,3,9,2909,86.48069763183594,89.2469942435614,0.001,4.048222780227661
1510,3,10,469,90.4677963256836,89.41765633103194,0.001,3.495103359222412
1511,3,11,727,84.08035278320312,89.16646450788501,0.001,4.075286149978638
1512,3,12,852,91.71813201904297,89.39678684451644,0.001,3.578017234802246
1513,3,13,1481,81.89205169677734,88.76215283577466,0.001,3.751924514770508
1514,3,14,916,90.4863510131836,88.8291899698392,0.001,3.930882453918457
1515,3,15,2450,86.55143737792969,88.66291961080681,0.001,4.229105710983276
1516,3,16,2196,95.62850952148438,88.87832133087826,0.001,4.313493013381958
1517,3,17,759,88.9134750366211,88.8806623145693,0.001,3.6014742851257324
1518,3,18,1902,88.49246215820312,88.85614965822676,0.001,3.6451971530914307
1519,3,19,1343,86.2169418334961,88.78406532909867,0.001,4.138455629348755
1520,3,20,1675,87.61736297607422,88.73562895321899,0.001,3.7467803955078125
1521,3,21,814,74.48281860351562,88.3372556545961,0.001,4.212867736816406
1522,3,22,2075,76.06521606445312,87.86393726834353,0.001,4.134783029556274
1523,3,23,2763,96.20915222167969,88.07516118256407,0.001,4.006678819656372
1524,3,24,390,95.57545471191406,88.34461081037944,0.001,3.907548189163208
1525,3,25,392,90.3265380859375,88.47110884551148,0.001,4.483677387237549
1526,3,26,989,92.27801513671875,88.6461981288135,0.001,4.125391483306885
1527,3,27,1453,93.01045227050781,88.73362736810235,0.001,4.5970070362091064
1528,3,28,2040,87.11257934570312,88.64043689871338,0.001,4.217250823974609
1529,3,29,1383,92.61258697509766,88.7594329110759,0.001,4.165847301483154
1530,3,30,705,80.85264587402344,88.34056972633624,0.001,4.370488166809082
1531,3,31,2722,74.04330444335938,88.09876589432496,0.001,3.878237009048462
1532,3,32,453,99.45088195800781,88.39964049424518,0.001,4.311269044876099
1533,3,33,1568,83.32575225830078,88.21780231592638,0.001,4.709819316864014
1534,3,34,719,80.4319839477539,87.85994631278434,0.001,4.258440732955933
1535,3,35,521,84.8845443725586,87.81217603362187,0.001,4.572435140609741
1536,3,36,1470,92.88673400878906,87.97428171076288,0.001,3.801145076751709
1537,3,37,507,99.06725311279297,88.09370893818966,0.001,4.09208607673645
1538,3,38,2174,75.21270751953125,87.57381276067159,0.001,4.100086688995361
1539,3,39,1602,96.64271545410156,87.6618383880815,0.001,4.325795412063599
1540,3,40,695,85.3145980834961,87.59104527416919,0.001,4.065060138702393
1541,3,41,801,87.76361083984375,87.59454988835054,0.001,3.858044147491455
1542,3,42,1360,99.05622863769531,87.74775072798387,0.001,4.462063312530518
1543,3,43,2117,91.50037384033203,87.85070387609419,0.001,3.7327380180358887
1544,3,44,2583,90.37458801269531,87.92021539036563,0.001,4.231168270111084
1545,3,45,789,81.59575653076172,87.75248190710103,0.001,4.470510005950928
1546,3,46,60,88.4776840209961,87.76597128591602,0.001,3.7435081005096436
1547,3,47,2050,74.28274536132812,87.52354151336885,0.001,4.3047637939453125
1548,3,48,689,89.92840576171875,87.56666512910009,0.001,3.816915273666382
1549,3,49,2613,98.40686798095703,87.82971657451378,0.001,5.059950828552246
1550,3,50,721,89.80030822753906,87.863158544299,0.001,4.207843065261841
1551,3,51,961,79.1539306640625,87.59261494968915,0.001,3.6587600708007812
1552,3,52,94,79.12893676757812,87.35080017700687,0.001,3.631387710571289
1553,3,53,2113,88.11326599121094,87.3679741514205,0.001,4.0177435874938965
1554,3,54,69,88.91635131835938,87.41291750003774,0.001,3.5293192863464355
1555,3,55,611,87.4899673461914,87.41406772291151,0.001,4.702831983566284
1556,3,56,707,86.21969604492188,87.40284966956962,0.001,3.6760101318359375
1557,3,57,350,82.8695068359375,87.30870997666483,0.001,4.3353283405303955
1558,3,58,2584,82.53553771972656,87.18137689567898,0.001,4.08519172668457
1559,3,59,834,89.96154022216797,87.25373392393323,0.001,3.9052441120147705
1560,3,60,2071,94.7945785522461,87.35681246548708,0.001,3.602003574371338
1561,3,61,374,75.33814239501953,87.05723970191983,0.001,4.103093147277832
1562,3,62,2660,91.12855529785156,87.15484801700914,0.001,4.032271862030029
1563,3,63,2694,102.71746826171875,87.28871016268927,0.001,3.812175989151001
1564,3,64,98,88.02989959716797,87.30634510873669,0.001,4.176770210266113
1565,3,65,446,87.60012817382812,87.31143236669175,0.001,4.339039325714111
1566,3,66,1797,77.20941162109375,87.22643523987588,0.001,4.345582723617554
1567,3,67,2249,88.6259994506836,87.2507075584925,0.001,3.6858062744140625
1568,3,68,1692,88.01036834716797,87.26749762916003,0.001,4.548211574554443
1569,3,69,377,90.10051727294922,87.3007638277615,0.001,3.2915451526641846
1570,3,70,2901,92.36390686035156,87.36084236750543,0.001,3.546823740005493
1571,3,71,832,75.74586486816406,87.11600352313594,0.001,3.837547779083252
1572,3,72,2784,89.16910552978516,87.15879915193361,0.001,3.899580240249634
1573,3,73,1161,83.8154525756836,87.1356339552821,0.001,4.625489950180054
1574,3,74,178,82.06707000732422,87.0603007715857,0.001,3.5138285160064697
1575,3,75,1923,87.07650756835938,87.06054921683982,0.001,3.9638960361480713
1576,3,76,808,86.87306213378906,87.05780225247234,0.001,4.094408750534058
1577,3,77,858,93.30028533935547,87.09734741734763,0.001,3.4283549785614014
1578,3,78,2617,84.26596069335938,87.04332443938686,0.001,4.346111297607422
1579,3,79,378,96.31460571289062,87.21809284816437,0.001,4.711394309997559
1580,3,80,951,89.84001159667969,87.25452382223152,0.001,3.718485116958618
1581,3,81,981,92.6608657836914,87.32898237443182,0.001,4.329324960708618
1582,3,82,2427,79.69758605957031,87.22767170833835,0.001,3.8743345737457275
1583,3,83,774,86.6671142578125,87.22016434526122,0.001,4.179133892059326
1584,3,84,2241,99.55342102050781,87.43899324820596,0.001,4.324313163757324
1585,3,85,2614,79.7100830078125,87.30696013610033,0.001,4.313298463821411
1586,3,86,1519,87.60687255859375,87.31085496404489,0.001,3.881608247756958
1587,3,87,919,85.5718002319336,87.2813308005913,0.001,3.966078281402588
1588,3,88,972,88.94046020507812,87.3014859295903,0.001,4.048104763031006
1589,3,89,2767,83.65713500976562,87.25630817978318,0.001,4.507001876831055
1590,3,90,1532,94.38817596435547,87.3700115293611,0.001,3.4946413040161133
1591,3,91,325,82.02249145507812,87.30665010039299,0.001,3.8853588104248047
1592,3,92,825,80.95416259765625,87.2717899749428,0.001,3.861823558807373
1593,3,93,2652,89.53199005126953,87.28422133125866,0.001,4.412723541259766
1594,3,94,344,84.88944244384766,87.27084979474694,0.001,3.906358480453491
1595,3,95,1686,90.91972351074219,87.32675541774779,0.001,3.912688732147217
1596,3,96,488,88.74211883544922,87.3479457730978,0.001,3.578676223754883
1597,3,97,1914,83.59487915039062,87.32780007570389,0.001,3.6482481956481934
1598,3,98,492,79.14675903320312,87.20636114204446,0.001,3.202287435531616
1599,3,99,1549,93.13335418701172,87.25437092714908,0.001,3.6848154067993164
1600,3,100,2443,88.22148895263672,87.26483352732316,0.001,3.560561180114746
1601,3,101,2298,75.16954040527344,87.20389434139186,0.001,4.506520748138428
1602,3,102,827,93.92864990234375,87.2469656965259,0.001,4.305836200714111
1603,3,103,401,83.47232055664062,87.20666779356846,0.001,4.934691905975342
1604,3,104,471,87.04887390136719,87.20447723445638,0.001,4.337139129638672
1605,3,105,459,107.73847961425781,87.30600424294032,0.001,3.756197214126587
1606,3,106,1848,83.62897491455078,87.25522371250854,0.001,3.1528725624084473
1607,3,107,434,89.67001342773438,87.26592142925288,0.001,3.5605595111846924
1608,3,108,728,81.69766998291016,87.20912414562214,0.001,3.681091070175171
1609,3,109,2479,85.73680877685547,87.19479037074957,0.001,4.0313615798950195
1610,3,110,175,91.31414794921875,87.22482159461785,0.001,4.312767744064331
1611,3,111,2448,81.9708251953125,87.15611798062696,0.001,3.8597116470336914
1612,3,112,962,75.60100555419922,87.07457730926511,0.001,3.898371696472168
1613,3,113,1878,87.15242767333984,87.07511169936501,0.001,4.152681112289429
1614,3,114,2523,91.65729522705078,87.1338834667734,0.001,4.330681085586548
1615,3,115,1909,87.52731323242188,87.13878554793564,0.001,4.26400351524353
1616,3,116,863,82.51150512695312,87.09500982822516,0.001,4.492218255996704
1617,3,117,956,83.8935546875,87.0555451599567,0.001,4.300855875015259
1618,3,118,2197,94.96144104003906,87.12776716947963,0.001,4.386119365692139
1619,3,119,851,85.30279541015625,87.10515563109463,0.001,4.003812313079834
1620,3,120,2911,78.52666473388672,87.07094300616698,0.001,4.663921594619751
1621,3,121,861,93.99007415771484,87.11540097294734,0.001,3.404477119445801
1622,3,122,2706,79.11095428466797,87.08299155405525,0.001,3.6179943084716797
1623,3,123,1128,73.92816162109375,86.96617624740196,0.001,3.7304067611694336
1624,3,124,1441,78.3165512084961,86.92897103721945,0.001,3.8204376697540283
1625,3,125,1714,74.60050201416016,86.8236976219988,0.001,3.778291940689087
1626,3,126,1817,67.7999038696289,86.74729293856261,0.001,4.464596509933472
1627,3,127,1777,82.52445983886719,86.71130774772608,0.001,3.8385586738586426
1628,3,128,1570,84.88298034667969,86.70372789080548,0.001,3.5783233642578125
1629,3,129,1918,79.58087158203125,86.6226790285267,0.001,3.50253963470459
1630,3,130,1457,84.63546752929688,86.60058930307034,0.001,4.242900133132935
1631,3,131,1484,88.70232391357422,86.61830521256448,0.001,4.222245454788208
1632,3,132,1838,76.23185729980469,86.53379639649579,0.001,3.6943066120147705
1633,3,133,1149,71.5807876586914,86.40985078127207,0.001,3.885509729385376
1634,3,134,1181,97.22074890136719,86.49584935473229,0.001,3.9547200202941895
1635,3,135,1346,97.9380874633789,86.61445071538795,0.001,3.752314805984497
1636,3,136,1938,83.4229736328125,86.60267528791123,0.001,3.9548754692077637
1637,3,137,1097,96.38059997558594,86.63890260238568,0.001,4.193159818649292
1638,3,138,2013,101.04603576660156,86.69269094246701,0.001,3.6445086002349854
1639,3,139,1105,78.79161071777344,86.66161017921402,0.001,4.068890810012817
1640,3,140,1365,94.20368194580078,86.69010092579329,0.001,3.7229747772216797
1641,3,141,2060,81.94560241699219,86.65265740371257,0.001,4.012356519699097
1642,3,142,1772,85.84700012207031,86.64418509035897,0.001,4.076185941696167
1643,3,143,1123,89.63285064697266,86.66062477045001,0.001,4.1373162269592285
1644,3,144,1706,103.65655517578125,86.79037219001705,0.001,4.563446044921875
1645,3,145,1089,88.80921173095703,86.81076649480852,0.001,3.828117847442627
1646,3,146,1797,76.15095520019531,86.77159262998026,0.001,4.045373201370239
1647,3,147,1806,79.71543884277344,86.70104759731741,0.001,3.802320957183838
1648,3,148,2040,86.2151870727539,86.69618748521603,0.001,3.752836227416992
1649,3,149,1686,90.72087097167969,86.73547696853453,0.001,4.351107358932495
1650,3,150,1878,87.07528686523438,86.73722673209072,0.001,3.706596612930298
1651,3,151,1791,81.1281967163086,86.70857159472635,0.001,4.152643203735352
1652,3,152,1839,79.73577117919922,86.68502563632929,0.001,3.6790049076080322
1653,3,153,1153,88.0296401977539,86.69797812950932,0.001,4.484865427017212
1654,3,154,1495,91.26264953613281,86.73061173867583,0.001,3.8618648052215576
1655,3,155,1858,82.69457244873047,86.70240477466375,0.001,4.178629636764526
1656,3,156,1302,86.13035583496094,86.69740631158159,0.001,4.431511402130127
1657,3,157,1615,88.58795928955078,86.710282172563,0.001,4.190714597702026
1658,3,158,1914,83.84444427490234,86.70082701813519,0.001,3.696207284927368
1659,3,159,1397,80.376708984375,86.64223119083505,0.001,3.9222168922424316
1660,3,160,2117,91.42155456542969,86.67405924626124,0.001,4.48115086555481
1661,3,161,1111,87.30276489257812,86.67830703240314,0.001,3.797516107559204
1662,3,162,1576,96.64569854736328,86.70986136472575,0.001,4.632756948471069
1663,3,163,2140,96.35952758789062,86.73948170950734,0.001,3.8142881393432617
1664,3,164,1274,85.66230773925781,86.73241732394537,0.001,3.9000678062438965
1665,3,165,1580,95.76738739013672,86.77530329907287,0.001,4.242729425430298
1666,3,166,1737,86.89759063720703,86.77635039661558,0.001,3.9008543491363525
1667,3,167,1676,84.36502075195312,86.75515356876254,0.001,4.022798538208008
1668,3,168,2188,88.0499038696289,86.76350367395543,0.001,3.351226329803467
1669,3,169,1902,89.11174774169922,86.77869815703825,0.001,3.6285393238067627
1670,3,170,1443,78.31231689453125,86.70681000424129,0.001,3.7546122074127197
1671,3,171,2197,94.93892669677734,86.75886619754549,0.001,4.268982887268066
1672,3,172,1649,77.36177062988281,86.69928918850853,0.001,4.019392251968384
1673,3,173,1554,87.3060073852539,86.70113508529853,0.001,4.140120983123779
1674,3,174,2219,90.02059936523438,86.71046619678945,0.001,4.443801164627075
1675,3,175,1844,103.74542236328125,86.75569082075728,0.001,3.6874091625213623
1676,3,176,1965,85.13715362548828,86.74216069110531,0.001,4.567930459976196
1677,3,177,1945,79.86614990234375,86.68556810711962,0.001,3.5760579109191895
1678,3,178,1470,92.89529418945312,86.7226456019312,0.001,3.7639496326446533
1679,3,179,1675,87.59037017822266,86.72638679436878,0.001,4.068840265274048
1680,3,180,1915,80.99866485595703,86.70178807709311,0.001,4.038634538650513
1681,3,181,190,77.14672088623047,86.62314032322425,0.001,3.6702628135681152
1682,3,182,178,81.65193176269531,86.59406746959736,0.001,3.65366792678833
1683,3,183,1262,88.44510650634766,86.5992565947375,0.001,4.136336326599121
1684,3,184,1093,83.7948989868164,86.57749745966072,0.001,3.9577131271362305
1685,3,185,1113,88.33186340332031,86.59124779501566,0.001,3.7596404552459717
1686,3,186,2149,80.8241958618164,86.55702593338643,0.001,3.8366591930389404
1687,3,187,1585,86.81478118896484,86.5589958665494,0.001,3.2372312545776367
1688,3,188,1543,100.42879486083984,86.59779263240743,0.001,4.102121114730835
1689,3,189,2073,83.1553726196289,86.58871008112749,0.001,3.759274959564209
1690,3,190,2157,80.27808380126953,86.54052319305488,0.001,5.270297050476074
1691,3,191,2191,93.52873992919922,86.56962319636862,0.001,3.7197206020355225
1692,3,192,2051,83.9722900390625,86.5548035851603,0.001,4.403761863708496
1693,3,193,1481,81.08739471435547,86.523579833298,0.001,4.787582159042358
1694,3,194,2249,88.69839477539062,86.53601401692987,0.001,4.133795976638794
1695,3,195,2008,113.81694030761719,86.60099770262758,0.001,4.2872443199157715
1696,3,196,1862,78.8643569946289,86.58042579093386,0.001,3.5971148014068604
1697,3,197,2172,84.04124450683594,86.56610618329965,0.001,4.270356178283691
1698,3,198,1368,88.11815643310547,86.57235653830107,0.001,4.058477163314819
1699,3,199,1088,86.4926528930664,86.57192777174315,0.001,4.450340986251831
1700,3,200,2225,90.12752532958984,86.59773658861434,0.001,3.651744842529297
1701,3,201,2241,99.99431610107422,86.69568380368028,0.001,4.188801050186157
1702,3,202,1832,97.16458129882812,86.77081247977934,0.001,3.8186137676239014
1703,3,203,2147,86.95238494873047,86.77211294027428,0.001,4.228760480880737
1704,3,204,2205,93.01455688476562,86.80581563565498,0.001,4.72081995010376
1705,3,205,1440,91.6680908203125,86.8309421912904,0.001,3.635758638381958
1706,3,206,2067,88.45053100585938,86.83717255889404,0.001,4.387124061584473
1707,3,207,1636,72.49380493164062,86.73699959245543,0.001,4.187010288238525
1708,3,208,1324,89.0145263671875,86.75262176965825,0.001,4.239340782165527
1709,3,209,1373,75.53120422363281,86.70706696986063,0.001,3.857328414916992
1710,3,210,1764,88.15531158447266,86.71716532987642,0.001,3.5443387031555176
1711,3,211,2050,74.29584503173828,86.67264103801759,0.001,4.276049375534058
1712,3,212,2055,81.48988342285156,86.63753708896783,0.001,3.980628252029419
1713,3,213,1311,76.14301300048828,86.56713904285232,0.001,4.207094192504883
1714,3,214,2406,88.67704010009766,86.58136808050831,0.001,4.0885396003723145
1715,3,215,1802,93.4605941772461,86.61551875303323,0.001,3.8577303886413574
1716,3,216,2347,84.45138549804688,86.60480154363293,0.001,4.553181886672974
1717,3,217,2098,89.40986633300781,86.61390585543879,0.001,4.064800977706909
1718,3,218,2340,88.1981430053711,86.6215293883523,0.001,3.9596431255340576
1719,3,219,1548,91.23645782470703,86.64324766338646,0.001,4.123483419418335
1720,3,220,1814,77.72171783447266,86.60038375726322,0.001,4.105402231216431
1721,3,221,2328,79.52330017089844,86.57552808746043,0.001,3.736879825592041
1722,3,222,1549,93.54579162597656,86.60031694572945,0.001,3.793077230453491
1723,3,223,2113,87.67273712158203,86.60555081606478,0.001,3.5086193084716797
1724,3,224,2066,93.7510757446289,86.65089132533913,0.001,3.9041333198547363
1725,3,225,1127,88.89175415039062,86.65868142948302,0.001,4.093803882598877
1726,3,226,1182,76.3067398071289,86.60914083295236,0.001,3.998626947402954
1727,3,227,1692,87.99299621582031,86.61781486100602,0.001,4.459702014923096
1728,3,228,2335,96.5000228881836,86.64052571887171,0.001,3.8675377368927
1729,3,229,1442,82.92820739746094,86.62824699839113,0.001,4.220102787017822
1730,3,230,1463,82.42938232421875,86.62009602521984,0.001,3.618154525756836
1731,3,231,1383,92.07440948486328,86.63855183608834,0.001,3.4254746437072754
1732,3,232,2034,88.668701171875,86.65091455283219,0.001,3.8547887802124023
1733,3,233,2452,100.2950439453125,86.71386474665978,0.001,3.8835253715515137
1734,3,234,1523,86.78362274169922,86.71401805305302,0.001,4.113387107849121
1735,3,235,1250,82.71383666992188,86.70536902331632,0.001,3.7648348808288574
1736,3,236,2425,87.79795837402344,86.71038723490344,0.001,3.710937738418579
1737,3,237,1453,93.86294555664062,86.72486615323875,0.001,4.28843092918396
1738,3,238,1557,84.5670394897461,86.71173507953904,0.001,4.092409133911133
1739,3,239,1174,85.96607208251953,86.70835716449727,0.001,4.002577304840088
1740,3,240,1083,92.43401336669922,86.74178460414939,0.001,3.7900261878967285
1741,3,241,256,79.66143798828125,86.71941726391556,0.001,4.3478193283081055
1742,3,242,1617,88.08731079101562,86.72725429195023,0.001,3.961965560913086
1743,3,243,1879,82.988525390625,86.71520637302045,0.001,4.357390880584717
1744,3,244,1514,91.41857147216797,86.72504354485459,0.001,4.028107166290283
1745,3,245,2427,79.96184539794922,86.69585998646195,0.001,3.7838878631591797
1746,3,246,1493,83.9158935546875,86.67957977211739,0.001,4.072421550750732
1747,3,247,1679,73.90040588378906,86.63889173759108,0.001,4.0704827308654785
1748,3,248,1151,91.80408477783203,86.65436533353412,0.001,4.133261203765869
1749,3,249,2502,90.64533996582031,86.67762670674159,0.001,3.813014268875122
1750,3,250,2341,80.74363708496094,86.64331885451655,0.001,4.000131845474243
1751,3,251,32,79.04592895507812,86.59918633351734,0.001,4.484537601470947
1752,3,252,1571,92.1575927734375,86.63061873556474,0.001,4.197636127471924
1753,3,253,2460,81.38345336914062,86.62002243408561,0.001,3.702352285385132
1754,3,254,2522,78.00663757324219,86.58394654706002,0.001,4.536447763442993
1755,3,255,1098,76.64112854003906,86.55370637040163,0.001,3.906224250793457
1756,3,256,1888,79.16806030273438,86.51307238449864,0.001,3.995124340057373
1757,3,257,2216,90.43685913085938,86.52008432693736,0.001,4.190584182739258
1758,3,258,2327,101.45785522460938,86.56378363773331,0.001,4.310435056686401
1759,3,259,2458,78.85480499267578,86.5318569775518,0.001,4.571914196014404
1760,3,260,1519,87.35346984863281,86.53532029546317,0.001,4.431254863739014
1761,3,261,1394,77.71470642089844,86.49897196028863,0.001,3.979130506515503
1762,3,262,1620,85.23963928222656,86.49732153647115,0.001,3.743359088897705
1763,3,263,1370,73.44947052001953,86.44347239062958,0.001,4.479427814483643
1764,3,264,1693,89.21401977539062,86.45847885381967,0.001,4.1584718227386475
1765,3,265,1333,103.70279693603516,86.52864140631692,0.001,3.2275614738464355
1766,3,266,1259,78.28904724121094,86.5053122273885,0.001,4.373629331588745
1767,3,267,2099,77.39540100097656,86.4789264993199,0.001,3.995168447494507
1768,3,268,1602,97.36445617675781,86.49274178897375,0.001,4.305520296096802
1769,3,269,1161,83.09812927246094,86.48661894719957,0.001,3.911302328109741
1770,3,270,1460,89.18438720703125,86.49438326542902,0.001,3.641857862472534
1771,3,271,2563,76.0188217163086,86.46435556513848,0.001,3.99192476272583
1772,3,272,1735,80.13085174560547,86.45220037432603,0.001,3.9954898357391357
1773,3,273,2095,85.4498519897461,86.44699270582242,0.001,4.059990644454956
1774,3,274,2152,86.70526885986328,86.44800471679831,0.001,4.085482835769653
1775,3,275,1090,86.50674438476562,86.4481679953915,0.001,4.055386543273926
1776,3,276,2233,93.76097869873047,86.46863127257488,0.001,4.158878326416016
1777,3,277,1845,79.64702606201172,86.45659845542828,0.001,4.263009071350098
1778,3,278,1551,93.77885437011719,86.48571762525842,0.001,4.170349597930908
1779,3,279,2436,87.02525329589844,86.48672903670227,0.001,4.398869037628174
1780,3,280,1769,82.30059814453125,86.46483067906735,0.001,4.5904059410095215
1781,3,281,1951,92.70315551757812,86.48901067663245,0.001,4.75525689125061
1782,3,282,1306,75.64063262939453,86.43349291527335,0.001,4.370071887969971
1783,3,283,1821,99.23606872558594,86.45684874029578,0.001,3.907276153564453
1784,3,284,2538,93.89598846435547,86.4704668434798,0.001,4.305973529815674
1785,3,285,2174,74.82869720458984,86.41286342028435,0.001,3.9435031414031982
1786,3,286,1541,80.48664855957031,86.40307585749575,0.001,3.725471258163452
1787,3,287,2462,87.55777740478516,86.40899133297869,0.001,4.2066874504089355
1788,3,288,2552,90.44378662109375,86.42408076910831,0.001,3.413910388946533
1789,3,289,2101,93.51104736328125,86.4598974033871,0.001,3.5591630935668945
1790,3,290,2547,86.18499755859375,86.458865150334,0.001,4.816815376281738
1791,3,291,1642,84.07474517822266,86.45009952892116,0.001,3.7524194717407227
1792,3,292,2584,82.67562103271484,86.43148154057737,0.001,3.7903130054473877
1793,3,293,1339,96.00353240966797,86.44863339459349,0.001,3.326422929763794
1794,3,294,1596,91.76078033447266,86.46232947919923,0.001,3.94193172454834
1795,3,295,1313,84.14747619628906,86.45145643614585,0.001,3.6549224853515625
1796,3,296,2619,87.09159851074219,86.45299227999129,0.001,3.7485907077789307
1797,3,297,2298,74.94793701171875,86.4334218190911,0.001,3.7158896923065186
1798,3,298,2184,95.09141540527344,86.45622290088049,0.001,4.1177191734313965
1799,3,299,1809,87.72272491455078,86.46224761464546,0.001,4.314451694488525
1800,3,300,1921,80.62342834472656,86.44113152822104,0.001,3.882127046585083
1801,3,301,2593,78.07200622558594,86.41028485938291,0.001,3.706505060195923
1802,3,302,2672,85.31209564208984,86.4049939622704,0.001,4.602296590805054
1803,3,303,1540,96.7783432006836,86.42283891918945,0.001,4.845884323120117
1804,3,304,2603,74.98470306396484,86.36976811990898,0.001,4.6202380657196045
1805,3,305,2274,87.6548843383789,86.37425323720095,0.001,4.394646644592285
1806,3,306,1690,76.62055206298828,86.3576290819468,0.001,4.342411279678345
1807,3,307,2772,80.30433654785156,86.33628442772186,0.001,3.931556463241577
1808,3,308,1109,83.80169677734375,86.32479661968178,0.001,3.752467393875122
1809,3,309,2401,78.62374877929688,86.29739338608933,0.001,4.500547885894775
1810,3,310,2166,84.42601013183594,86.29273831757035,0.001,3.9238686561584473
1811,3,311,266,99.16484069824219,86.35263610041189,0.001,4.360393524169922
1812,3,312,2435,85.67802429199219,86.35148474266651,0.001,4.228346824645996
1813,3,313,1488,80.61186218261719,86.32656896285751,0.001,4.158432483673096
1814,3,314,2706,79.11123657226562,86.31528120966098,0.001,3.571305751800537
1815,3,315,29,81.5433120727539,86.298942181789,0.001,4.439236879348755
1816,3,316,2750,85.04883575439453,86.29691113576438,0.001,3.9995481967926025
1817,3,317,1360,98.64552307128906,86.31652768517633,0.001,3.8964905738830566
1818,3,318,2758,99.99958038330078,86.36315983750855,0.001,3.9925525188446045
1819,3,319,1699,86.86565399169922,86.36435483467739,0.001,3.842982769012451
1820,3,320,2709,99.7984390258789,86.38589635418597,0.001,3.9868931770324707
1821,3,321,1326,92.04584503173828,86.39493606190055,0.001,4.527205228805542
1822,3,322,2694,101.64586639404297,86.41944279920129,0.001,3.7435038089752197
1823,3,323,1819,87.13056945800781,86.42060115814711,0.001,4.019876480102539
1824,3,324,2163,80.889892578125,86.40140861808601,0.001,4.2744293212890625
1825,3,325,2588,87.7221908569336,86.40740555782797,0.001,4.263908624649048
1826,3,326,1506,79.42931365966797,86.39680801588524,0.001,4.89657998085022
1827,3,327,2223,84.8621597290039,86.38991482305563,0.001,3.8306775093078613
1828,3,328,1132,75.54029083251953,86.35318059124776,0.001,4.092741966247559
1829,3,329,1807,86.43402099609375,86.35353377620983,0.001,3.275853395462036
1830,3,330,1794,78.5802001953125,86.328248152026,0.001,3.697384834289551
1831,3,331,1527,86.09086608886719,86.32746998845865,0.001,4.254187345504761
1832,3,332,1556,80.65464782714844,86.30873749634374,0.001,4.075075387954712
1833,3,333,2007,84.53343200683594,86.30295272739095,0.001,3.9890058040618896
1834,3,334,2387,96.85070037841797,86.32762775729653,0.001,4.024803876876831
1835,3,335,2832,78.48580169677734,86.29521512610414,0.001,3.8827075958251953
1836,3,336,2583,90.6450424194336,86.30943638881958,0.001,4.163975238800049
1837,3,337,2767,83.8310775756836,86.30130879581846,0.001,3.926316261291504
1838,3,338,2476,93.85260772705078,86.31296723383063,0.001,4.349817514419556
1839,3,339,2871,74.71810913085938,86.26352977569873,0.001,4.2271342277526855
1840,3,340,2669,98.13028717041016,86.28191459475973,0.001,3.291250705718994
1841,3,341,2861,79.11373138427734,86.25882128701832,0.001,3.6227049827575684
1842,3,342,1896,80.9229965209961,86.24191841665495,0.001,4.02636194229126
1843,3,343,2543,86.160400390625,86.24165753697847,0.001,4.155118703842163
1844,3,344,1577,87.12960052490234,86.24445880729299,0.001,4.208154201507568
1845,3,345,2775,87.49258422851562,86.24834997696955,0.001,3.6498329639434814
1846,3,346,1310,82.1492919921875,86.23106003919848,0.001,3.821232557296753
1847,3,347,2179,91.99533081054688,86.24416159585766,0.001,4.159448623657227
1848,3,348,1626,74.67251586914062,86.22745606808243,0.001,4.494153022766113
1849,3,349,1099,89.41263580322266,86.24074941272923,0.001,4.252798795700073
1850,3,350,2181,98.39766693115234,86.25885633771948,0.001,3.973057746887207
1851,3,351,2464,61.751220703125,86.22174913583835,0.001,4.1891303062438965
1852,3,352,1372,79.02515411376953,86.19952501606002,0.001,4.223335027694702
1853,3,353,1925,111.45472717285156,86.23641104479924,0.001,3.501438617706299
1854,3,354,2272,85.13187408447266,86.23300318796646,0.001,3.730893850326538
1855,3,355,1575,98.54765319824219,86.2718094357538,0.001,4.1736509799957275
1856,3,356,1768,93.36677551269531,86.28213496538515,0.001,4.203771114349365
1857,3,357,2293,74.22992706298828,86.24431968599647,0.001,3.893256425857544
1858,3,358,2422,78.19108581542969,86.23257083231606,0.001,4.130640983581543
1859,3,359,2378,89.24193572998047,86.24185490659275,0.001,4.360637426376343
1860,3,360,350,82.33113861083984,86.22987685914778,0.001,3.501599073410034
1861,3,361,2392,86.1285171508789,86.22965449002818,0.001,3.9986274242401123
1862,3,362,2398,81.83139038085938,86.21209186113364,0.001,4.356520414352417
1863,3,363,1439,87.75154113769531,86.21819136688693,0.001,4.232616186141968
1864,3,364,2204,93.471923828125,86.24675773493142,0.001,3.998748779296875
1865,3,365,1848,83.93753051757812,86.23752671697233,0.001,4.68543004989624
1866,3,366,405,90.65477752685547,86.24714658650446,0.001,3.959857225418091
1867,3,367,2580,89.23101806640625,86.2586958220743,0.001,3.9831461906433105
1868,3,368,2652,89.23052978515625,86.26281735798894,0.001,3.6909308433532715
1869,3,369,432,78.94835662841797,86.24160412735313,0.001,4.240075349807739
1870,3,370,1756,90.56818389892578,86.25414763108695,0.001,4.564565420150757
1871,3,371,2564,81.40499114990234,86.24014162638632,0.001,3.9962289333343506
1872,3,372,2923,92.89149475097656,86.25365645334419,0.001,3.6209590435028076
1873,3,373,2794,86.50606536865234,86.2540128077714,0.001,3.8427979946136475
1874,3,374,1717,101.89955139160156,86.27554732025766,0.001,4.656896114349365
1875,3,375,408,74.7376708984375,86.2517284060098,0.001,4.78491997718811
1876,3,376,1530,80.82559967041016,86.23071068996457,0.001,4.063474655151367
1877,3,377,1393,88.72488403320312,86.23798425052877,0.001,3.89414119720459
1878,3,378,1344,80.58407592773438,86.22178522111831,0.001,4.7402472496032715
1879,3,379,1823,82.10072326660156,86.20560280223951,0.001,3.6786246299743652
1880,3,380,1682,77.45172119140625,86.18053072036064,0.001,4.592032194137573
1881,3,381,325,82.64002990722656,86.17042775926043,0.001,4.052778482437134
1882,3,382,1122,76.22334289550781,86.1498042798439,0.001,3.6377735137939453
1883,3,383,1586,88.12540435791016,86.15735926988698,0.001,4.277387857437134
1884,3,384,1502,80.67414855957031,86.13633221328584,0.001,3.8744752407073975
1885,3,385,1648,96.64859008789062,86.15752706825725,0.001,4.294257402420044
1886,3,386,2537,83.85060119628906,86.15087280977077,0.001,3.584306478500366
1887,3,387,2505,86.04999542236328,86.15073446160866,0.001,4.169527530670166
1888,3,388,2793,80.91282653808594,86.13080055084563,0.001,4.821676731109619
1889,3,389,514,98.98298645019531,86.15687466259195,0.001,4.373476028442383
1890,3,390,2494,75.14041900634766,86.1263500995549,0.001,3.933117389678955
1891,3,391,1482,90.76925659179688,86.13244139737279,0.001,4.091259002685547
1892,3,392,376,102.78534698486328,86.15486847181148,0.001,4.510097026824951
1893,3,393,2929,86.10651397705078,86.15473401816702,0.001,3.837066888809204
1894,3,394,616,89.2009506225586,86.1658703039634,0.001,4.150473594665527
1895,3,395,2595,95.32427978515625,86.17783341685946,0.001,4.007901191711426
1896,3,396,461,92.5267105102539,86.20094343919712,0.001,4.629013538360596
1897,3,397,2692,88.3130111694336,86.20866315764525,0.001,3.6805272102355957
1898,3,398,73,83.18838500976562,86.20467098386692,0.001,4.028639078140259
1899,3,399,2229,84.34415435791016,86.20152686334343,0.001,3.8569819927215576
1900,3,400,607,96.18767547607422,86.21401744140294,0.001,3.8169338703155518
1901,3,401,2000,86.38406372070312,86.21423581859628,0.001,4.016024827957153
1902,3,402,490,87.80403137207031,86.21634127901733,0.001,4.468679428100586
1903,3,403,685,86.77578735351562,86.21784119133815,0.001,3.832045078277588
1904,3,404,680,104.52819061279297,86.24127329324655,0.001,3.834228038787842
1905,3,405,2668,93.80107116699219,86.2619743480652,0.001,3.8302602767944336
1906,3,406,2499,92.77328491210938,86.27456966152194,0.001,3.8900086879730225
1907,3,407,342,81.56660461425781,86.25740203842746,0.001,4.520250082015991
1908,3,408,468,85.24825286865234,86.25382738570949,0.001,4.525281667709351
1909,3,409,695,85.63005065917969,86.2521440556445,0.001,3.813851833343506
1910,3,410,710,84.43844604492188,86.24733011872132,0.001,4.376241445541382
1911,3,411,519,81.09042358398438,86.22896522777293,0.001,4.553121566772461
1912,3,412,447,96.25592041015625,86.24179897658155,0.001,4.36826491355896
1913,3,413,693,86.15025329589844,86.24147453326502,0.001,3.8550305366516113
1914,3,414,1317,81.25098419189453,86.23520605336284,0.001,3.5997190475463867
1915,3,415,2482,85.97256469726562,86.23427526096121,0.001,4.321850776672363
1916,3,416,2927,86.00440979003906,86.23402566784624,0.001,4.0935235023498535
1917,3,417,2479,85.19410705566406,86.23138772818567,0.001,3.576760768890381
1918,3,418,1361,80.6604995727539,86.2244407723503,0.001,3.4060416221618652
1919,3,419,2546,84.89456939697266,86.22099294617561,0.001,3.4935038089752197
1920,3,420,1793,92.10868072509766,86.24117445166374,0.001,3.602940082550049
1921,3,421,2243,86.75809478759766,86.24296714241079,0.001,4.156588315963745
1922,3,422,2720,91.59143829345703,86.24907457641224,0.001,3.645575761795044
1923,3,423,2763,95.2977294921875,86.26015324335692,0.001,3.9766275882720947
1924,3,424,2294,94.55341339111328,86.27003751145887,0.001,3.7859232425689697
1925,3,425,274,87.6351089477539,86.27350234937558,0.001,3.875070571899414
1926,3,426,2535,89.53040313720703,86.27749594859084,0.001,4.670968055725098
1927,3,427,727,81.74349975585938,86.27201800344213,0.001,3.442772150039673
1928,3,428,2235,87.7636947631836,86.27709981893594,0.001,4.3223326206207275
1929,3,429,2325,92.36947631835938,86.29272540185556,0.001,3.9564504623413086
1930,3,430,742,82.64327239990234,86.28026287579807,0.001,4.395817041397095
1931,3,431,2432,75.63126373291016,86.26720740065637,0.001,4.754005670547485
1932,3,432,1480,87.25007629394531,86.26837954588702,0.001,3.7020108699798584
1933,3,433,374,74.93946075439453,86.23030833351997,0.001,3.6460628509521484
1934,3,434,1762,95.879638671875,86.25464547758739,0.001,4.4184041023254395
1935,3,435,1516,82.91986846923828,86.24629092336573,0.001,4.186794281005859
1936,3,436,448,96.92585754394531,86.27377969212088,0.001,3.6700446605682373
1937,3,437,770,89.46562194824219,86.28190515370852,0.001,3.6493325233459473
1938,3,438,392,90.15291595458984,86.29469384007871,0.001,4.540477752685547
1939,3,439,436,87.93505859375,86.29756846858774,0.001,3.2722508907318115
1940,3,440,2722,73.08392333984375,86.2830738929261,0.001,3.972367286682129
1941,3,441,827,94.1324234008789,86.29468818924576,0.001,3.098048686981201
1942,3,442,801,86.25353240966797,86.29461726138054,0.001,4.477124452590942
1943,3,443,2909,85.13031005859375,86.29170438224125,0.001,3.8913886547088623
1944,3,444,68,94.4945068359375,86.30649429410973,0.001,4.248895883560181
1945,3,445,904,78.72175598144531,86.29465021934497,0.001,3.6732311248779297
1946,3,446,858,92.92227935791016,86.30170996326191,0.001,3.845041513442993
1947,3,447,382,78.01918029785156,86.29225906810817,0.001,4.01232385635376
1948,3,448,344,84.49247741699219,86.29014224703482,0.001,4.409106731414795
1949,3,449,1342,84.50798797607422,86.28584407992656,0.001,4.245182514190674
1950,3,450,1766,87.75330352783203,86.2870677378502,0.001,4.094585657119751
1951,3,451,507,99.4920425415039,86.29781676366417,0.001,4.1418046951293945
1952,3,452,401,82.62894439697266,86.28882906607727,0.001,3.5342864990234375
1953,3,453,2529,89.44615936279297,86.29671423456278,0.001,3.638608455657959
1954,3,454,705,81.56843566894531,86.28113384123664,0.001,3.9257054328918457
1955,3,455,2278,88.12723541259766,86.28568279892085,0.001,3.815368413925171
1956,3,456,787,88.42359161376953,86.28818498900708,0.001,3.3540890216827393
1957,3,457,951,90.1041030883789,86.29738669930622,0.001,4.204446792602539
1958,3,458,38,83.37266540527344,86.29230490517077,0.001,4.454661130905151
1959,3,459,1627,97.92770385742188,86.32055855908133,0.001,4.762177228927612
1960,3,460,453,99.14373779296875,86.34238594275084,0.001,3.75948166847229
1961,3,461,518,81.7916259765625,86.33715859853432,0.001,3.5416839122772217
1962,3,462,69,89.01922607421875,86.34579261074785,0.001,4.139296054840088
1963,3,463,1909,87.42121124267578,86.34916349901998,0.001,3.514765501022339
1964,3,464,832,76.32592010498047,86.3175520748226,0.001,4.243765115737915
1965,3,465,481,90.05438995361328,86.32641400204169,0.001,4.345235824584961
1966,3,466,2511,87.4805908203125,86.32839103906736,0.001,3.788456439971924
1967,3,467,2196,95.75836944580078,86.33796338826303,0.001,3.914951801300049
1968,3,468,496,80.7188720703125,86.32526316143951,0.001,3.878042697906494
1969,3,469,966,81.74478912353516,86.31770576709063,0.001,4.380552053451538
1970,3,470,919,86.1361312866211,86.31712779867748,0.001,4.116248607635498
1971,3,471,28,96.40689849853516,86.32835018435597,0.001,3.8730130195617676
1972,3,472,916,89.89417266845703,86.33240043660733,0.001,4.064805269241333
1973,3,473,759,86.76669311523438,86.33340571748404,0.001,3.8585739135742188
1974,3,474,1751,85.55514526367188,86.33210479341413,0.001,4.029301643371582
1975,3,475,1779,92.34561920166016,86.35072070706208,0.001,4.36853289604187
1976,3,476,177,89.21980285644531,86.35729098933511,0.001,3.8215935230255127
1977,3,477,2654,87.7254638671875,86.3615319069112,0.001,4.159743547439575
1978,3,478,2377,75.63825225830078,86.33685885329074,0.001,4.4932897090911865
1979,3,479,363,90.2742691040039,86.34116433673475,0.001,4.017831802368164
1980,3,480,789,80.97296142578125,86.32884762546007,0.001,3.4213056564331055
1981,3,481,264,91.03893280029297,86.33973505683285,0.001,4.142279386520386
1982,3,482,98,89.15350341796875,86.3483661598721,0.001,4.2808616161346436
1983,3,483,424,88.82526397705078,86.35221287819209,0.001,3.9866037368774414
1984,3,484,1503,82.48265838623047,86.34639723936323,0.001,4.073349714279175
1985,3,485,367,96.62310791015625,86.36291568806301,0.001,3.711373805999756
1986,3,486,446,88.37560272216797,86.36745661798281,0.001,4.287230730056763
1987,3,487,743,84.63133239746094,86.36559104382798,0.001,3.638185977935791
1988,3,488,2075,75.82131958007812,86.34879925104413,0.001,3.9916434288024902
1989,3,489,2270,84.70719146728516,86.34379590309914,0.001,4.532860517501831
1990,3,490,825,80.31204223632812,86.33747288370748,0.001,4.558090686798096
1991,3,491,803,102.67588806152344,86.35456176949636,0.001,4.611607551574707
1992,3,492,60,87.43829345703125,86.3563005280507,0.001,3.719350814819336
1993,3,493,2080,78.86153411865234,86.33371404471569,0.001,4.200791120529175
1994,3,494,441,81.1836929321289,86.32219327788324,0.001,4.0960853099823
1995,3,495,65,92.12462615966797,86.32852225956708,0.001,4.681682825088501
1996,3,496,459,109.21683502197266,86.35270419896092,0.001,4.494464635848999
1997,3,497,989,90.62561798095703,86.36221578064807,0.001,3.3289289474487305
1998,3,498,2911,78.83808135986328,86.3548207641514,0.001,3.2700650691986084
1999,3,499,719,80.87742614746094,86.33857239780147,0.001,4.317723751068115
2000,4,0,990,76.51180267333984,76.51180267333984,0.001,3.9809935092926025
2001,4,1,2343,86.10519409179688,80.425670951422,0.001,3.951512336730957
2002,4,2,74,97.51921081542969,84.07787706937617,0.001,4.269227504730225
2003,4,3,778,92.8564224243164,86.80720522889482,0.001,4.066905498504639
2004,4,4,788,81.58617401123047,85.26522763280124,0.001,4.33737325668335
2005,4,5,870,86.79029083251953,85.47337529830097,0.001,4.205907106399536
2006,4,6,1081,92.96663665771484,86.67531116506908,0.001,4.172833681106567
2007,4,7,2585,81.7252426147461,86.00342191149284,0.001,4.171614408493042
2008,4,8,2590,100.61823272705078,87.28150952634654,0.001,3.73294997215271
2009,4,9,2682,80.64129638671875,86.31308679953383,0.001,4.169192790985107
2010,4,10,250,86.94551849365234,86.34407006735451,0.001,4.229161262512207
2011,4,11,522,76.14551544189453,85.11312591280743,0.001,4.216652870178223
2012,4,12,2614,79.14593505859375,84.47705327215516,0.001,3.9139821529388428
2013,4,13,1434,89.65473937988281,84.85081657634011,0.001,3.5925323963165283
2014,4,14,2144,91.87767791748047,85.09006926361958,0.001,3.719608783721924
2015,4,15,956,83.09381866455078,84.91528809797254,0.001,4.032307863235474
2016,4,16,611,88.5890884399414,85.07778733605126,0.001,3.670621156692505
2017,4,17,2399,91.94925689697266,85.25765888351062,0.001,3.8429977893829346
2018,4,18,706,79.82772827148438,85.10111220995083,0.001,3.9452931880950928
2019,4,19,400,89.6701431274414,85.26890726895026,0.001,3.8074417114257812
2020,4,20,2789,86.8921127319336,85.35669728687006,0.001,4.3851213455200195
2021,4,21,1569,89.7398681640625,85.5837452108962,0.001,3.6493496894836426
2022,4,22,1126,81.0304946899414,85.29050035837872,0.001,3.9035487174987793
2023,4,23,458,83.47746276855469,85.24874526472652,0.001,3.3488988876342773
2024,4,24,961,79.13380432128906,84.88939849112404,0.001,3.9253790378570557
2025,4,25,1155,94.13107299804688,85.08351044311516,0.001,3.6627936363220215
2026,4,26,336,81.9754867553711,84.91258175560817,0.001,3.928457736968994
2027,4,27,1568,81.96734619140625,84.79745032000208,0.001,4.652013778686523
2028,4,28,773,96.83627319335938,85.25341427800761,0.001,4.047940969467163
2029,4,29,254,75.82332611083984,84.8022020799852,0.001,3.593581438064575
2030,4,30,175,90.45140075683594,84.946965254505,0.001,5.122895240783691
2031,4,31,601,86.21598815917969,85.00372134480523,0.001,3.493074893951416
2032,4,32,699,77.55994415283203,84.76563118287461,0.001,3.8047196865081787
2033,4,33,1265,93.53889465332031,84.89975833778703,0.001,3.7975709438323975
2034,4,34,2523,91.70542907714844,85.17864821667271,0.001,4.068974018096924
2035,4,35,1532,94.8118667602539,85.55505048507517,0.001,4.759749412536621
2036,4,36,1812,83.19752502441406,85.46487160965668,0.001,4.1196653842926025
2037,4,37,852,92.39512634277344,85.65406189776569,0.001,3.6710758209228516
2038,4,38,986,77.32245635986328,85.4267687956698,0.001,3.7915420532226562
2039,4,39,403,83.202880859375,85.38535415161948,0.001,3.9323890209198
2040,4,40,273,89.06293487548828,85.48052800094429,0.001,3.8320884704589844
2041,4,41,2608,87.21643829345703,85.53900971823404,0.001,3.945828914642334
2042,4,42,2221,90.38343811035156,85.65838149632978,0.001,3.7030868530273438
2043,4,43,721,90.86289978027344,85.74529323970803,0.001,3.21243953704834
2044,4,44,991,98.85221099853516,85.88883856130522,0.001,3.991060972213745
2045,4,45,2203,95.59536743164062,86.18463376494495,0.001,4.637472629547119
2046,4,46,873,89.10081481933594,86.21221789553474,0.001,4.152548551559448
2047,4,47,337,78.9455795288086,86.10773176001318,0.001,3.9225406646728516
2048,4,48,1264,88.39338684082031,86.13215586355028,0.001,4.470130920410156
2049,4,49,2565,80.17208862304688,86.06928442695681,0.001,4.465519189834595
2050,4,50,977,86.14681243896484,86.0704374307471,0.001,4.629803419113159
2051,4,51,1120,80.9819564819336,85.9972316024872,0.001,4.5553810596466064
2052,4,52,707,86.58049774169922,86.0026824966253,0.001,4.287198781967163
2053,4,53,920,86.45970153808594,86.01526758368895,0.001,3.87387752532959
2054,4,54,851,85.72417449951172,86.00739280245722,0.001,4.124051570892334
2055,4,55,814,74.56900787353516,85.89750718034581,0.001,3.66150164604187
2056,4,56,2930,87.19739532470703,85.90928173409068,0.001,4.893533706665039
2057,4,57,962,75.30278778076172,85.76267382998817,0.001,4.445833444595337
2058,4,58,377,87.79158782958984,85.79011403834583,0.001,4.068425893783569
2059,4,59,1399,81.75727081298828,85.68938332244981,0.001,5.17096734046936
2060,4,60,728,81.9743881225586,85.62185776841392,0.001,3.998661994934082
2061,4,61,2864,85.30179595947266,85.61772585632629,0.001,4.042769908905029
2062,4,62,2251,96.46511840820312,85.7577194556589,0.001,4.182133436203003
2063,4,63,2450,85.43822479248047,85.75227819299482,0.001,4.228586196899414
2064,4,64,2071,94.83674621582031,85.86268854367346,0.001,3.7861483097076416
2065,4,65,981,91.57181549072266,85.95912976517526,0.001,3.5460922718048096
2066,4,66,2673,84.8784408569336,85.94094651378924,0.001,3.5469648838043213
2067,4,67,2569,101.34811401367188,86.12067449961773,0.001,4.2185890674591064
2068,4,68,1196,87.216552734375,86.12845832623354,0.001,3.673642158508301
2069,4,69,383,90.16558837890625,86.21151126331107,0.001,3.82363224029541
2070,4,70,771,85.44363403320312,86.19954573314175,0.001,3.8562638759613037
2071,4,71,1263,96.3608627319336,86.35618889960165,0.001,4.370731353759766
2072,4,72,37,80.9825210571289,86.24837704256132,0.001,3.632788896560669
2073,4,73,1923,86.40228271484375,86.25072097865552,0.001,4.060971021652222
2074,4,74,2533,67.11656951904297,86.04554694048895,0.001,3.7865917682647705
2075,4,75,834,90.48776245117188,86.13102447518506,0.001,4.012208700180054
2076,4,76,2513,101.72330474853516,86.2370383123181,0.001,4.469874382019043
2077,4,77,1087,85.3185806274414,86.22009103917189,0.001,3.5931413173675537
2078,4,78,378,95.95559692382812,86.39972193254013,0.001,4.60162878036499
2079,4,79,488,87.57890319824219,86.42086550870314,0.001,4.360016345977783
2080,4,80,689,89.88850402832031,86.45407799279718,0.001,3.9207870960235596
2081,4,81,2192,92.02104187011719,86.48382806397055,0.001,3.846630811691284
2082,4,82,1118,84.31507110595703,86.45530230484873,0.001,4.140190124511719
2083,4,83,469,90.65169525146484,86.52766255482189,0.001,3.9799771308898926
2084,4,84,2064,85.42483520507812,86.51337498965891,0.001,3.4761931896209717
2085,4,85,913,83.83182525634766,86.4891603138067,0.001,4.005382776260376
2086,4,86,1334,87.36505889892578,86.49433325292469,0.001,3.8437259197235107
2087,4,87,1473,84.74505615234375,86.48070260165262,0.001,3.9717626571655273
2088,4,88,2874,87.6153793334961,86.49445443117564,0.001,4.149435043334961
2089,4,89,2596,94.21902465820312,86.56203877101308,0.001,3.517136573791504
2090,4,90,77,86.16609191894531,86.55718379492708,0.001,4.0845136642456055
2091,4,91,1092,86.85405731201172,86.56190941048438,0.001,4.373243093490601
2092,4,92,361,85.42230987548828,86.54493194848844,0.001,4.086335182189941
2093,4,93,67,85.64661407470703,86.53450005763553,0.001,4.4723193645477295
2094,4,94,2448,82.10575103759766,86.46742241077281,0.001,4.134116172790527
2095,4,95,1828,78.27300262451172,86.34179030398506,0.001,3.8077993392944336
2096,4,96,2781,76.76744079589844,86.27485079988858,0.001,4.6270973682403564
2097,4,97,1363,86.26478576660156,86.27473982774997,0.001,3.9787375926971436
2098,4,98,1395,107.3102798461914,86.38663443049484,0.001,4.47828221321106
2099,4,99,2202,88.53133392333984,86.41782020451775,0.001,4.054763078689575
2100,4,100,471,87.2617416381836,86.4297173331151,0.001,5.004098653793335
2101,4,101,2455,101.5356674194336,86.50783008966494,0.001,3.8514773845672607
2102,4,102,1343,86.77114868164062,86.50907028913491,0.001,4.325276613235474
2103,4,103,94,78.13748168945312,86.39930662178548,0.001,4.190559148788452
2104,4,104,2349,82.51116943359375,86.3462531633095,0.001,4.3217198848724365
2105,4,105,1355,77.30265808105469,86.25366119000384,0.001,4.075586557388306
2106,4,106,2498,95.9117660522461,86.32328850658578,0.001,4.173991680145264
2107,4,107,2782,78.88661193847656,86.2233240464017,0.001,4.047770261764526
2108,4,108,272,88.99201965332031,86.24303641257929,0.001,3.9598312377929688
2109,4,109,64,97.89453125,86.29847239104352,0.001,4.524891376495361
2110,4,110,1903,85.83761596679688,86.29530108906806,0.001,4.385320663452148
2111,4,111,694,82.68128967285156,86.24878649471331,0.001,4.15487265586853
2112,4,112,1700,87.94425964355469,86.26104657067128,0.001,3.597858190536499
2113,4,113,2510,80.36721801757812,86.18721121987286,0.001,5.006275653839111
2114,4,114,368,82.70022583007812,86.15339423138218,0.001,3.9134278297424316
2115,4,115,864,95.04927825927734,86.19086216074096,0.001,4.165575265884399
2116,4,116,863,82.37272644042969,86.15527047363204,0.001,4.063426494598389
2117,4,117,407,85.07964324951172,86.14540455699881,0.001,4.118869066238403
2118,4,118,372,80.04121398925781,86.12208574049912,0.001,4.5382819175720215
2119,4,119,808,87.03024291992188,86.1302403945897,0.001,3.8291478157043457
2120,4,120,56,88.10919189453125,86.14799930706297,0.001,3.667088747024536
2121,4,121,434,88.57466888427734,86.15735328296401,0.001,3.9853873252868652
2122,4,122,1900,93.03900909423828,86.18725174858037,0.001,3.9209930896759033
2123,4,123,340,82.15902709960938,86.15162647512786,0.001,3.991422414779663
2124,4,124,2070,89.345947265625,86.18868296567423,0.001,4.050271987915039
2125,4,125,915,96.54412841796875,86.22997252050781,0.001,3.5243964195251465
2126,4,126,388,97.72733306884766,86.2753566193208,0.001,3.523638963699341
2127,4,127,2601,89.52395629882812,86.31176694332714,0.001,4.045437812805176
2128,4,128,2784,87.75950622558594,86.32816140886551,0.001,4.428226947784424
2129,4,129,819,84.50261688232422,86.3127810269384,0.001,3.918062925338745
2130,4,130,1846,85.59378814697266,86.30685348720935,0.001,4.027822732925415
2131,4,131,455,67.6632080078125,86.25042491809167,0.001,4.044863700866699
2132,4,132,1117,90.50030517578125,86.2860092933161,0.001,3.9292659759521484
2133,4,133,1173,95.67166900634766,86.32282084951368,0.001,4.529153823852539
2134,4,134,972,88.44905853271484,86.33977151044415,0.001,3.994915723800659
2135,4,135,2534,101.10338592529297,86.39739029993214,0.001,4.1928722858428955
2136,4,136,2449,79.39151763916016,86.3411047407039,0.001,3.9851064682006836
2137,4,137,914,83.56426239013672,86.31907120765018,0.001,4.402114152908325
2138,4,138,954,73.89031219482422,86.2721768766185,0.001,4.273051977157593
2139,4,139,2845,84.71981048583984,86.25594895990073,0.001,4.503976106643677
2140,4,140,2413,90.22697448730469,86.28730095601298,0.001,4.063120603561401
2141,4,141,390,94.69041442871094,86.33261212026478,0.001,4.227588415145874
2142,4,142,2617,83.32665252685547,86.30207441986606,0.001,4.505352020263672
2143,4,143,2901,91.81322479248047,86.33278014779901,0.001,3.854495048522949
2144,4,144,717,89.85726928710938,86.36823584279018,0.001,3.7673048973083496
2145,4,145,523,89.52848815917969,86.40001091759449,0.001,3.799546718597412
2146,4,146,521,83.55651092529297,86.38997670381393,0.001,4.104846954345703
2147,4,147,2613,98.08484649658203,86.47533860357176,0.001,4.469245910644531
2148,4,148,811,73.63964080810547,86.43360864275623,0.001,4.1944684982299805
2149,4,149,492,80.65303802490234,86.37727254823685,0.001,4.203627347946167
2150,4,150,686,73.89128112792969,86.28487925028246,0.001,4.070183753967285
2151,4,151,682,92.227294921875,86.34131845816657,0.001,4.041393041610718
2152,4,152,861,92.40945434570312,86.37228450181118,0.001,4.463030099868774
2153,4,153,1616,93.34884643554688,86.42284459666095,0.001,3.3843672275543213
2154,4,154,2610,82.9647445678711,86.41119099712992,0.001,3.540339469909668
2155,4,155,1864,94.93592071533203,86.43998923244371,0.001,3.993518114089966
2156,4,156,2906,83.82994079589844,86.42181065676097,0.001,4.861116647720337
2157,4,157,2834,82.0170669555664,86.38099021366006,0.001,4.679173707962036
2158,4,158,2443,89.84368133544922,86.40461446867802,0.001,3.7189316749572754
2159,4,159,2548,86.0615234375,86.40230907463062,0.001,3.596848249435425
2160,4,160,774,87.01566314697266,86.40647450477198,0.001,3.729618549346924
2161,4,161,2660,89.58121490478516,86.43436345127682,0.001,4.49919867515564
2162,4,162,2282,84.49211883544922,86.42817953253905,0.001,4.401580333709717
2163,4,163,2297,84.95547485351562,86.41816221296098,0.001,3.8764779567718506
2164,4,164,1306,76.41887664794922,86.33045015091513,0.001,3.771104097366333
2165,4,165,1676,84.61124420166016,86.31534514337815,0.001,3.934566020965576
2166,4,166,1616,93.33154296875,86.36197424658667,0.001,3.933161735534668
2167,4,167,1556,81.0477523803711,86.32751722894638,0.001,4.571497201919556
2168,4,168,1087,85.47136688232422,86.3203407980552,0.001,4.5219786167144775
2169,4,169,1580,97.24592590332031,86.36996448380712,0.001,4.24652361869812
2170,4,170,1530,80.73466491699219,86.32253361848133,0.001,4.710645437240601
2171,4,171,1083,91.6219253540039,86.36571712242593,0.001,4.2516233921051025
2172,4,172,1123,90.11986541748047,86.38239946590618,0.001,3.531529664993286
2173,4,173,1394,78.10320281982422,86.3310662059743,0.001,3.4987432956695557
2174,4,174,1965,85.05541229248047,86.32052068061145,0.001,4.02307653427124
2175,4,175,1541,80.24124908447266,86.30436126065828,0.001,4.030690908432007
2176,4,176,1523,86.68701171875,86.30547794868598,0.001,4.079176902770996
2177,4,177,1126,80.73330688476562,86.26027804392372,0.001,4.1791088581085205
2178,4,178,1914,85.28299713134766,86.25746557047688,0.001,3.517144203186035
2179,4,179,1355,77.19603729248047,86.20272205102727,0.001,3.5772387981414795
2180,4,180,1439,87.78300476074219,86.21512450217139,0.001,4.072919845581055
2181,4,181,2051,83.55513000488281,86.199258087617,0.001,3.885820150375366
2182,4,182,2060,80.85305786132812,86.1675754811202,0.001,4.012143611907959
2183,4,183,1399,81.61554718017578,86.13155756870222,0.001,4.070277690887451
2184,4,184,1105,78.9439468383789,86.11079943858194,0.001,3.6603074073791504
2185,4,185,1127,89.20853424072266,86.12390878184674,0.001,4.294166088104248
2186,4,186,1762,96.23614501953125,86.18212684356092,0.001,4.180686950683594
2187,4,187,2000,87.20538330078125,86.18489837717573,0.001,4.288722515106201
2188,4,188,1311,75.62902069091797,86.10470776883598,0.001,3.833164930343628
2189,4,189,1149,72.31018829345703,86.02561729834514,0.001,4.256380558013916
2190,4,190,1182,76.10711669921875,85.96913623121092,0.001,3.9430816173553467
2191,4,191,1923,86.30854797363281,85.97108451661929,0.001,3.8812015056610107
2192,4,192,1113,87.59557342529297,85.98314739670926,0.001,4.108151912689209
2193,4,193,1482,91.08692169189453,85.99648895181294,0.001,3.7662439346313477
2194,4,194,1274,85.39857482910156,85.99324892490527,0.001,4.330097913742065
2195,4,195,1568,81.76361083984375,85.97015558463586,0.001,3.723947763442993
2196,4,196,1174,85.960693359375,85.9701036854734,0.001,4.2321765422821045
2197,4,197,1161,82.40028381347656,85.96137562582857,0.001,4.2910497188568115
2198,4,198,1368,86.87723541259766,85.96500310130607,0.001,3.7835469245910645
2199,4,199,1900,92.65654754638672,85.98270289582992,0.001,4.041131019592285
2200,4,200,1196,87.27044677734375,85.98574356520619,0.001,4.401393175125122
2201,4,201,1777,81.69902801513672,85.96302712967413,0.001,4.101602554321289
2202,4,202,1557,84.91896057128906,85.95555045412247,0.001,3.4026715755462646
2203,4,203,1259,77.92445373535156,85.92567366938835,0.001,4.002675533294678
2204,4,204,1585,86.93167114257812,85.93267197715865,0.001,3.770585775375366
2205,4,205,1682,77.38517761230469,85.88787410399391,0.001,4.721101760864258
2206,4,206,1473,84.62274932861328,85.88375042972014,0.001,3.7743442058563232
2207,4,207,1370,73.69891357421875,85.81982876586746,0.001,3.993009090423584
2208,4,208,1151,92.47048950195312,85.84358019650469,0.001,4.035060167312622
2209,4,209,1532,94.9351806640625,85.90569310563087,0.001,3.8620004653930664
2210,4,210,2073,81.91222381591797,85.89630295256661,0.001,3.5743284225463867
2211,4,211,178,80.6585693359375,85.8701408431019,0.001,3.1188740730285645
2212,4,212,1903,85.92047882080078,85.87032123874204,0.001,4.164075136184692
2213,4,213,2157,79.77244567871094,85.82914319851011,0.001,3.8488664627075195
2214,4,214,1902,90.20512390136719,85.85123254770652,0.001,3.4562032222747803
2215,4,215,1099,89.3600082397461,85.8747131445973,0.001,4.424433708190918
2216,4,216,1794,79.02161407470703,85.84115772461728,0.001,3.860568046569824
2217,4,217,2070,89.31147766113281,85.86400488938845,0.001,3.7937021255493164
2218,4,218,1642,83.27362060546875,85.85143043306833,0.001,4.01690673828125
2219,4,219,1915,79.59058380126953,85.82971880405664,0.001,3.614603042602539
2220,4,220,2064,85.50048065185547,85.82809271727419,0.001,4.17276930809021
2221,4,221,1690,77.85560607910156,85.80944821521682,0.001,3.9624626636505127
2222,4,222,2202,88.4871826171875,85.82684664701388,0.001,4.30046272277832
2223,4,223,1839,78.24394989013672,85.8097587283744,0.001,3.494661808013916
2224,4,224,190,76.10918426513672,85.74620576656032,0.001,4.002054929733276
2225,4,225,2184,94.59595489501953,85.77670711756929,0.001,4.246397018432617
2226,4,226,1700,87.93905639648438,85.78446943683882,0.001,3.7974910736083984
2227,4,227,1089,88.44312286376953,85.80122761878897,0.001,4.033448934555054
2228,4,228,2008,113.23963165283203,85.85643465610781,0.001,3.7291018962860107
2229,4,229,1263,96.520751953125,85.90650844384494,0.001,4.014353036880493
2230,4,230,1699,86.57725524902344,85.90869744787096,0.001,3.972337245941162
2231,4,231,2163,80.42678833007812,85.8824577353194,0.001,4.106588125228882
2232,4,232,1118,84.22689819335938,85.87480155945367,0.001,4.149663925170898
2233,4,233,2099,76.7708511352539,85.8445736495803,0.001,3.798154354095459
2234,4,234,2152,87.15129852294922,85.85053381774469,0.001,4.489890813827515
2235,4,235,2188,88.37205505371094,85.86200190754008,0.001,4.030266761779785
2236,4,236,1372,78.57593536376953,85.82890342106109,0.001,4.370991230010986
2237,4,237,1395,107.4560775756836,85.87657112830439,0.001,3.63082218170166
2238,4,238,2235,87.5726318359375,85.88676908848268,0.001,4.260408163070679
2239,4,239,1828,77.90946197509766,85.83786561116557,0.001,3.8119609355926514
2240,4,240,1819,88.52897644042969,85.84366535358319,0.001,3.307169198989868
2241,4,241,1714,73.66373443603516,85.79057455871116,0.001,4.1067564487457275
2242,4,242,1097,96.0380630493164,85.81173951697518,0.001,4.197981119155884
2243,4,243,1310,82.40235900878906,85.7914742414264,0.001,3.9055113792419434
2244,4,244,1896,80.8566665649414,85.7698404553106,0.001,4.309422254562378
2245,4,245,1751,85.40928649902344,85.76870454613967,0.001,3.8904242515563965
2246,4,246,2144,92.12657928466797,85.78186671847303,0.001,3.601038932800293
2247,4,247,2013,101.37187194824219,85.81386538369905,0.001,4.104229688644409
2248,4,248,1397,81.76700592041016,85.79008226983022,0.001,4.259004831314087
2249,4,249,1627,98.16043853759766,85.84419259100643,0.001,4.265779733657837
2250,4,250,2050,74.6862564086914,85.81036160427513,0.001,3.5921857357025146
2251,4,251,1484,88.65980529785156,85.82275092166591,0.001,3.955937147140503
2252,4,252,2075,75.84715270996094,85.79267927876357,0.001,4.344304800033569
2253,4,253,2140,95.68730163574219,85.81200092311933,0.001,3.807304620742798
2254,4,254,1122,75.83074951171875,85.78106458848704,0.001,4.136741399765015
2255,4,255,1453,95.01471710205078,85.798522249623,0.001,3.9089841842651367
2256,4,256,2233,94.00308990478516,85.82332095992132,0.001,4.110477447509766
2257,4,257,2007,84.46295928955078,85.81759547249983,0.001,3.2977497577667236
2258,4,258,1393,89.05913543701172,85.83133695065241,0.001,4.09246563911438
2259,4,259,1109,84.4366683959961,85.82381354776214,0.001,4.408393383026123
2260,4,260,2174,74.72074890136719,85.7638036163171,0.001,3.7137258052825928
2261,4,261,1675,87.62063598632812,85.76925594797922,0.001,3.9133312702178955
2262,4,262,1586,88.19168090820312,85.78271006040707,0.001,3.675447702407837
2263,4,263,2149,81.13871002197266,85.76331028474074,0.001,3.795905113220215
2264,4,264,1576,96.13349914550781,85.78327582356427,0.001,4.065988779067993
2265,4,265,1549,94.58853912353516,85.80978081236496,0.001,3.9955062866210938
2266,4,266,1569,89.86335754394531,85.82642305475535,0.001,4.140558242797852
2267,4,267,1571,92.41476440429688,85.86195057885169,0.001,4.064193964004517
2268,4,268,1817,68.3451156616211,85.82928214334595,0.001,3.752450704574585
2269,4,269,177,89.17050170898438,85.84257158063643,0.001,4.4323999881744385
2270,4,270,1570,86.45806884765625,85.84376455356713,0.001,3.4519686698913574
2271,4,271,1302,86.37781524658203,85.84643343676666,0.001,3.9066200256347656
2272,4,272,1440,92.53916931152344,85.87256444630144,0.001,4.177560806274414
2273,4,273,1864,94.8205795288086,85.88967108467143,0.001,4.114457607269287
2274,4,274,2181,97.99983215332031,85.9126716002595,0.001,3.5653493404388428
2275,4,275,1333,104.64420318603516,85.98699847522857,0.001,4.040010690689087
2276,4,276,1812,83.17909240722656,85.97208278299169,0.001,4.5254058837890625
2277,4,277,2223,85.08739471435547,85.96743025141323,0.001,3.9968576431274414
2278,4,278,2335,96.15503692626953,85.98688538162763,0.001,4.541386365890503
2279,4,279,1735,79.64956665039062,85.97499906510846,0.001,4.411719560623169
2280,4,280,2080,78.81830596923828,85.93771553462184,0.001,4.587841510772705
2281,4,281,1832,97.32821655273438,85.99644262175362,0.001,5.163047790527344
2282,4,282,1324,89.0779037475586,86.01209727218131,0.001,4.349926710128784
2283,4,283,1262,88.21414947509766,86.01606001942478,0.001,3.573071241378784
2284,4,284,1756,90.97618103027344,86.03470207928835,0.001,4.455284357070923
2285,4,285,1361,80.63868713378906,86.024907760205,0.001,3.6235272884368896
2286,4,286,1495,90.967041015625,86.04377604541003,0.001,4.2392683029174805
2287,4,287,2297,85.25517272949219,86.04072610811897,0.001,4.289961099624634
2288,4,288,1620,84.9576644897461,86.03942219629208,0.001,4.384353399276733
2289,4,289,2460,81.10836029052734,86.03057227682588,0.001,3.792139768600464
2290,4,290,1326,91.46492767333984,86.04017682155755,0.001,3.8592424392700195
2291,4,291,1769,82.05320739746094,86.02005331394653,0.001,4.269206762313843
2292,4,292,1540,97.5202407836914,86.04069589539456,0.001,4.024080038070679
2293,4,293,2216,90.21886444091797,86.04736039137627,0.001,3.783611297607422
2294,4,294,1373,75.46390533447266,86.01639168085953,0.001,3.6411805152893066
2295,4,295,2270,84.7113037109375,86.0098719575789,0.001,4.479680776596069
2296,4,296,2436,87.43759155273438,86.01240732963231,0.001,4.012444972991943
2297,4,297,1766,87.77226257324219,86.01461580474788,0.001,4.188619136810303
2298,4,298,1951,92.5761489868164,86.03880934883678,0.001,3.9090099334716797
2299,4,299,1117,90.56067657470703,86.05569770294467,0.001,3.9098196029663086
2300,4,300,2387,96.79187774658203,86.08379892696368,0.001,3.8230717182159424
2301,4,301,2448,82.11798095703125,86.06466553280497,0.001,3.445474624633789
2302,4,302,2452,100.88098907470703,86.11838671679826,0.001,4.364172458648682
2303,4,303,2449,79.385498046875,86.09403566715913,0.001,3.780240297317505
2304,4,304,2221,90.42317962646484,86.10992267344396,0.001,4.024632930755615
2305,4,305,2546,85.3035659790039,86.10705317723232,0.001,3.5704593658447266
2306,4,306,2251,96.4632339477539,86.13414004331216,0.001,3.6551363468170166
2307,4,307,1693,89.69976043701172,86.15101322122624,0.001,4.308877944946289
2308,4,308,1342,84.27296447753906,86.14447096867272,0.001,4.326193809509277
2309,4,309,2196,95.78498077392578,86.15912514080334,0.001,4.275586366653442
2310,4,310,2511,87.31182861328125,86.16207133250371,0.001,4.9370551109313965
2311,4,311,1250,82.96782684326172,86.15676761954863,0.001,4.365489721298218
2312,4,312,2067,87.8922348022461,86.16123397059442,0.001,3.967808723449707
2313,4,313,29,81.2433090209961,86.14409633079356,0.001,3.661768913269043
2314,4,314,1519,87.17559051513672,86.14776856075976,0.001,3.976496934890747
2315,4,315,2272,85.05744171142578,86.14397562744065,0.001,4.348828554153442
2316,4,316,1543,99.90022277832031,86.16709489943457,0.001,4.230457544326782
2317,4,317,1615,87.56128692626953,86.17182458926197,0.001,4.228534460067749
2318,4,318,1527,86.15599060058594,86.17177024924321,0.001,4.519222736358643
2319,4,319,1846,85.5931396484375,86.16979624672102,0.001,3.7714931964874268
2320,4,320,2274,87.99408721923828,86.17593601827161,0.001,3.1208372116088867
2321,4,321,1925,110.9370346069336,86.2159035403416,0.001,3.9234957695007324
2322,4,322,2378,88.95550537109375,86.22535638120294,0.001,3.4528839588165283
2323,4,323,2095,85.35208892822266,86.22147646577265,0.001,3.754041910171509
2324,4,324,2499,92.71307373046875,86.23722560149595,0.001,3.443802833557129
2325,4,325,1346,97.65131378173828,86.28674654406731,0.001,3.9043588638305664
2326,4,326,2482,85.6822280883789,86.28401380260229,0.001,3.8877205848693848
2327,4,327,2219,90.32901763916016,86.2900796499045,0.001,3.852508306503296
2328,4,328,2349,82.40314483642578,86.27287348242548,0.001,4.5996880531311035
2329,4,329,273,89.01914978027344,86.28209442170021,0.001,4.332230091094971
2330,4,330,1793,92.32511901855469,86.30844322763764,0.001,4.339900016784668
2331,4,331,2583,90.84156799316406,86.32352604044334,0.001,4.675752639770508
2332,4,332,1823,82.30738067626953,86.30552121210692,0.001,3.4454569816589355
2333,4,333,2603,74.87579345703125,86.25687945130531,0.001,4.515997886657715
2334,4,334,2172,84.66989135742188,86.25161487215036,0.001,3.3288347721099854
2335,4,335,2166,84.47168731689453,86.24749782499856,0.001,4.03542160987854
2336,4,336,2398,81.92625427246094,86.22899632539465,0.001,3.8605966567993164
2337,4,337,2229,84.6047592163086,86.22575125607975,0.001,3.883558988571167
2338,4,338,2534,101.14461517333984,86.24898908956199,0.001,4.259711980819702
2339,4,339,2406,88.51181030273438,86.25878398201614,0.001,4.01279354095459
2340,4,340,1081,93.0687484741211,86.28064920003094,0.001,4.323999643325806
2341,4,341,2610,83.27635192871094,86.27606027831962,0.001,4.138595104217529
2342,4,342,2564,82.0656509399414,86.26285954024588,0.001,4.420147895812988
2343,4,343,1814,76.90336608886719,86.23351568506298,0.001,4.630374908447266
2344,4,344,1945,79.27497863769531,86.20410317628095,0.001,3.9882781505584717
2345,4,345,2758,100.16494750976562,86.24798172180607,0.001,4.082234859466553
2346,4,346,2034,88.51366424560547,86.25733774514106,0.001,4.1705262660980225
2347,4,347,1365,93.35649871826172,86.2679802976237,0.001,3.666994571685791
2348,4,348,2614,79.09478759765625,86.23831911648614,0.001,4.128351926803589
2349,4,349,256,78.9357681274414,86.22224025212167,0.001,4.457366466522217
2350,4,350,2510,80.33824920654297,86.19807340937182,0.001,3.891552209854126
2351,4,351,2588,87.57783508300781,86.20383111306306,0.001,4.110990047454834
2352,4,352,2098,89.05003356933594,86.20959944810006,0.001,3.5592093467712402
2353,4,353,1848,84.21961212158203,86.20141111341746,0.001,3.672891616821289
2354,4,354,2548,85.94100189208984,86.2006257685412,0.001,4.782092332839966
2355,4,355,2535,88.60750579833984,86.20413159740794,0.001,4.620134353637695
2356,4,356,175,90.36943054199219,86.21340905717226,0.001,3.8380212783813477
2357,4,357,2425,88.14033508300781,86.21930074571343,0.001,3.7519190311431885
2358,4,358,1132,75.17643737792969,86.18526640045923,0.001,3.9454944133758545
2359,4,359,1909,87.44265747070312,86.19026052312694,0.001,3.9500973224639893
2360,4,360,2298,74.85333251953125,86.17436466489218,0.001,4.213067531585693
2361,4,361,2613,98.07942962646484,86.20975071351512,0.001,4.671460151672363
2362,4,362,1502,80.33590698242188,86.18593389509259,0.001,4.172735214233398
2363,4,363,250,87.30905151367188,86.18753947489756,0.001,3.9422030448913574
2364,4,364,1339,94.7412338256836,86.19990693600397,0.001,4.261512279510498
2365,4,365,2427,80.40080261230469,86.18298385053318,0.001,4.236799001693726
2366,4,366,2066,94.34283447265625,86.2151066380048,0.001,4.453774929046631
2367,4,367,2294,94.72276306152344,86.22672939835809,0.001,3.7244396209716797
2368,4,368,2590,100.46812438964844,86.25590641553865,0.001,3.618720293045044
2369,4,369,2654,87.76473236083984,86.26185965716655,0.001,4.51727557182312
2370,4,370,1181,96.7769546508789,86.29203510282547,0.001,4.14654016494751
2371,4,371,2720,91.17051696777344,86.29834070460953,0.001,3.8372960090637207
2372,4,372,1442,83.44502258300781,86.2924469468037,0.001,4.275949001312256
2373,4,373,2476,93.93709564208984,86.30313611878425,0.001,3.8272547721862793
2374,4,374,1617,88.23085021972656,86.31036752937392,0.001,4.602829456329346
2375,4,375,38,83.50792694091797,86.30450243732771,0.001,4.00180983543396
2376,4,376,1481,80.5249252319336,86.2875320002049,0.001,4.14497447013855
2377,4,377,2071,94.8523941040039,86.3050979832077,0.001,3.751328468322754
2378,4,378,2911,78.8942642211914,86.29565544362308,0.001,3.490164041519165
2379,4,379,1090,86.51012420654297,86.29609109087605,0.001,4.1279237270355225
2380,4,380,1888,78.58135986328125,86.26700772348248,0.001,4.627468585968018
2381,4,381,2399,92.17950439453125,86.27424687374267,0.001,4.0940260887146
2382,4,382,2682,80.63967895507812,86.25247516053838,0.001,4.3452324867248535
2383,4,383,1858,81.46675872802734,86.23898421090911,0.001,3.7440643310546875
2384,4,384,1779,92.13775634765625,86.26125745156945,0.001,3.6956992149353027
2385,4,385,2834,82.07897186279297,86.24542295184554,0.001,4.378364086151123
2386,4,386,2709,99.95526123046875,86.26363531983132,0.001,3.7663722038269043
2387,4,387,1845,79.0816879272461,86.25453656652361,0.001,3.8855724334716797
2388,4,388,374,74.87071990966797,86.21211918297635,0.001,3.5860936641693115
2389,4,389,2692,87.73893737792969,86.21781331386545,0.001,4.098331928253174
2390,4,390,2117,91.47693634033203,86.23214718021543,0.001,4.457610130310059
2391,4,391,337,78.54582977294922,86.21830384253485,0.001,4.736419916152954
2392,4,392,272,88.8499984741211,86.2235654091505,0.001,4.195129871368408
2393,4,393,1363,86.37422180175781,86.22398243419582,0.001,4.1698009967803955
2394,4,394,2325,92.26802062988281,86.24074559323978,0.001,4.4265055656433105
2395,4,395,1548,91.52689361572266,86.25476132120332,0.001,3.3261826038360596
2396,4,396,2101,93.4830093383789,86.2814864979136,0.001,3.591338872909546
2397,4,397,1503,82.48844146728516,86.27463380569048,0.001,4.289935111999512
2398,4,398,342,81.8015365600586,86.25807028038996,0.001,4.555745601654053
2399,4,399,1265,93.54003143310547,86.26757018665633,0.001,4.176057577133179
2400,4,400,1516,82.77819061279297,86.25813246472632,0.001,4.4728617668151855
2401,4,401,1093,84.10377502441406,86.25048276953362,0.001,4.419403791427612
2402,4,402,2225,90.36711120605469,86.26529289722804,0.001,3.922506809234619
2403,4,403,1434,89.61663818359375,86.27401695665841,0.001,3.380258321762085
2404,4,404,350,82.14181518554688,86.26282723479925,0.001,4.158689498901367
2405,4,405,2793,80.64807891845703,86.24242966419054,0.001,3.950878381729126
2406,4,406,377,87.43687438964844,86.2447119290787,0.001,4.117915868759155
2407,4,407,266,99.02981567382812,86.29021051891768,0.001,3.9312000274658203
2408,4,408,2668,93.63287353515625,86.30994767448543,0.001,3.8377206325531006
2409,4,409,2533,67.01849365234375,86.27271623760896,0.001,3.908540725708008
2410,4,410,1768,93.7718276977539,86.28211984588482,0.001,3.767717123031616
2411,4,411,448,96.96016693115234,86.31098458238297,0.001,4.3370583057403564
2412,4,412,1153,87.98060607910156,86.31689268861136,0.001,4.125838279724121
2413,4,413,2763,94.94760131835938,86.32762179198558,0.001,3.8706789016723633
2414,4,414,471,87.36650848388672,86.33121537789178,0.001,3.659230947494507
2415,4,415,1938,83.46795654296875,86.32777293543307,0.001,3.7519166469573975
2416,4,416,2923,91.83706665039062,86.33774275562178,0.001,3.878203868865967
2417,4,417,1764,88.09479522705078,86.34395824185476,0.001,4.331436395645142
2418,4,418,325,83.28607940673828,86.3360453461296,0.001,3.7627224922180176
2419,4,419,2927,86.7801513671875,86.33652080718372,0.001,4.350594997406006
2420,4,420,1692,88.02911376953125,86.34233524283293,0.001,3.976966619491577
2421,4,421,2055,80.02025604248047,86.32061483580486,0.001,3.2221598625183105
2422,4,422,488,87.41452026367188,86.32432196428319,0.001,3.729665756225586
2423,4,423,2529,89.46082305908203,86.33253862612412,0.001,3.9222593307495117
2424,4,424,2565,79.91197967529297,86.32458817603987,0.001,3.8621506690979004
2425,4,425,2522,78.83751678466797,86.30567176598953,0.001,3.906977653503418
2426,4,426,2789,86.85174560546875,86.3070560907195,0.001,3.8102262020111084
2427,4,427,2652,89.06756591796875,86.31033753583209,0.001,4.575669765472412
2428,4,428,2432,75.19232940673828,86.296751683162,0.001,4.223684310913086
2429,4,429,1636,72.36793518066406,86.24964859279083,0.001,4.239060640335083
2430,4,430,67,85.72228240966797,86.24831683843536,0.001,3.9305694103240967
2431,4,431,432,78.56369018554688,86.2293420917567,0.001,3.691335439682007
2432,4,432,264,91.33819580078125,86.24225066817854,0.001,4.330557107925415
2433,4,433,2293,74.16787719726562,86.21129727083681,0.001,4.477525949478149
2434,4,434,2113,87.32344055175781,86.21411241518314,0.001,3.7138431072235107
2435,4,435,2502,90.43026733398438,86.22824362920817,0.001,3.420152187347412
2436,4,436,1717,101.5319595336914,86.24614975519124,0.001,3.990760326385498
2437,4,437,2538,94.36128234863281,86.25576862012791,0.001,3.600013494491577
2438,4,438,363,90.41482543945312,86.26065799998892,0.001,4.416343927383423
2439,4,439,392,90.16867065429688,86.27342217971159,0.001,4.129488945007324
2440,4,440,2243,86.16409301757812,86.27306220864145,0.001,3.7206156253814697
2441,4,441,361,85.50804138183594,86.27067708860241,0.001,4.0888566970825195
2442,4,442,32,78.86651611328125,86.24606573770974,0.001,4.0053229331970215
2443,4,443,2450,85.32254791259766,86.24385204202758,0.001,4.4272801876068115
2444,4,444,401,82.3960952758789,86.23446557808046,0.001,3.9590375423431396
2445,4,445,2929,85.88288116455078,86.23361022570252,0.001,4.148024797439575
2446,4,446,2669,98.46015930175781,86.24793523542827,0.001,3.6351513862609863
2447,4,447,372,79.93081665039062,86.24152924549288,0.001,3.759753465652466
2448,4,448,496,80.6928482055664,86.22867543015869,0.001,3.6649184226989746
2449,4,449,2794,86.86854553222656,86.22942089312606,0.001,3.886589288711548
2450,4,450,2462,87.66828155517578,86.23410545719818,0.001,3.6232187747955322
2451,4,451,2401,78.1940689086914,86.21451297453345,0.001,3.956296682357788
2452,4,452,1460,89.15743255615234,86.21957739266415,0.001,3.817268133163452
2453,4,453,682,92.28832244873047,86.2387943318951,0.001,3.6786229610443115
2454,4,454,68,94.12545776367188,86.25251004895638,0.001,3.6935315132141113
2455,4,455,2569,101.55694580078125,86.27849038857578,0.001,3.9440646171569824
2456,4,456,2347,83.6121826171875,86.27216125996016,0.001,3.8754894733428955
2457,4,457,2249,88.97954559326172,86.27871035566054,0.001,4.140659332275391
2458,4,458,1443,78.06077575683594,86.25294977424409,0.001,3.9340922832489014
2459,4,459,458,83.41844940185547,86.24967257335818,0.001,4.088478326797485
2460,4,460,2673,84.92976379394531,86.24651492799937,0.001,3.869325876235962
2461,4,461,693,85.79307556152344,86.24508847216677,0.001,3.9350814819335938
2462,4,462,1457,84.33185577392578,86.23917334188538,0.001,3.5911974906921387
2463,4,463,73,82.03792572021484,86.23443446482143,0.001,3.4248626232147217
2464,4,464,773,96.73189544677734,86.258929041777,0.001,4.418833494186401
2465,4,465,519,80.49082946777344,86.24095825102532,0.001,4.3956215381622314
2466,4,466,1878,86.59693908691406,86.24154152849066,0.001,4.028087377548218
2467,4,467,2722,72.91397094726562,86.22794164087033,0.001,4.343430995941162
2468,4,468,28,96.3132095336914,86.23901746440907,0.001,3.7088303565979004
2469,4,469,514,98.26366424560547,86.25916548085422,0.001,3.823701858520508
2470,4,470,56,87.90089416503906,86.262954852675,0.001,4.3877081871032715
2471,4,471,1173,95.59635162353516,86.27326099691163,0.001,4.462619304656982
2472,4,472,2750,83.9114761352539,86.2706923328813,0.001,4.032020330429077
2473,4,473,1551,93.59519958496094,86.28779915968886,0.001,3.993316411972046
2474,4,474,787,88.56262969970703,86.29032011244985,0.001,3.8854939937591553
2475,4,475,1791,81.60701751708984,86.2827692971348,0.001,4.229150772094727
2476,4,476,2537,83.64259338378906,86.27659876866574,0.001,3.966552257537842
2477,4,477,522,76.04017639160156,86.24538311645809,0.001,3.7136390209198
2478,4,478,834,90.70574951171875,86.25887583179788,0.001,4.41950798034668
2479,4,479,1360,98.44036865234375,86.2716630870748,0.001,4.4580912590026855
2480,4,480,481,90.02397918701172,86.2801563374083,0.001,3.972248077392578
2481,4,481,2906,83.82377624511719,86.27462441036386,0.001,3.8778698444366455
2482,4,482,717,89.853515625,86.28536942574013,0.001,4.093518972396851
2483,4,483,2458,77.7955551147461,86.26634992206036,0.001,3.8197197914123535
2484,4,484,1470,93.09965515136719,86.28127846959003,0.001,4.1827781200408936
2485,4,485,436,87.3233413696289,86.28291645504484,0.001,4.5015130043029785
2486,4,486,1098,75.02263641357422,86.26475348910766,0.001,3.143190383911133
2487,4,487,1602,98.30841064453125,86.2732245721342,0.001,4.441723108291626
2488,4,488,742,82.65789794921875,86.2624382820976,0.001,4.149322748184204
2489,4,489,2864,85.28912353515625,86.26087600531515,0.001,3.927332639694214
2490,4,490,2523,91.77288055419922,86.27719824368931,0.001,4.073322296142578
2491,4,491,705,81.94047546386719,86.26421276995876,0.001,4.059057712554932
2492,4,492,1480,86.593994140625,86.2645542547027,0.001,3.826294183731079
2493,4,493,2192,92.09386444091797,86.26969125770695,0.001,4.256860733032227
2494,4,494,2494,75.31554412841797,86.2457691442004,0.001,4.2093822956085205
2495,4,495,2772,79.37104034423828,86.23071704570944,0.001,3.793914318084717
2496,4,496,808,87.19660949707031,86.23281661664454,0.001,3.676712989807129
2497,4,497,2443,89.99299621582031,86.24097701256677,0.001,3.7090542316436768
2498,4,498,1120,81.4757080078125,86.23389820081846,0.001,3.902070999145508
2499,4,499,2191,93.83079528808594,86.24599302096787,0.001,4.155062675476074
2500,5,0,919,86.50154876708984,86.50154876708984,0.001,4.201852560043335
2501,5,1,2585,81.62406921386719,84.45333376350185,0.001,3.792835235595703
2502,5,2,1844,103.7470932006836,87.41424757900054,0.001,4.98167085647583
2503,5,3,759,86.24312591552734,87.10505262563326,0.001,4.008115530014038
2504,5,4,1737,87.27019500732422,87.14750293251001,0.001,3.929889678955078
2505,5,5,873,89.3073959350586,87.31308847808565,0.001,3.94098162651062
2506,5,6,743,84.17835235595703,87.06332925429098,0.001,3.7436046600341797
2507,5,7,1344,81.14102172851562,86.2161947518125,0.001,4.412856340408325
2508,5,8,986,77.1642074584961,85.05782782369842,0.001,3.6073989868164062
2509,5,9,789,80.9104232788086,84.59556677841606,0.001,4.742190837860107
2510,5,10,819,84.50405883789062,84.58632329274329,0.001,3.9136290550231934
2511,5,11,990,76.70425415039062,83.8509763343907,0.001,3.928818941116333
2512,5,12,706,79.78472900390625,83.67917143987168,0.001,4.366063117980957
2513,5,13,459,109.76741027832031,84.71273773181218,0.001,3.900899887084961
2514,5,14,461,92.2835922241211,85.46794115350855,0.001,3.7169992923736572
2515,5,15,1918,80.10628509521484,84.97658170189118,0.001,4.111149787902832
2516,5,16,98,89.61262512207031,85.36659534468453,0.001,3.863224983215332
2517,5,17,376,103.04283905029297,85.88736035341259,0.001,4.48896336555481
2518,5,18,2767,84.05667877197266,85.78081352400355,0.001,4.1566314697265625
2519,5,19,1772,86.03248596191406,85.79896488513477,0.001,4.24722146987915
2520,5,20,1111,87.88892364501953,85.90433897386679,0.001,4.0263285636901855
2521,5,21,2340,87.27143859863281,85.96876825544284,0.001,3.972357749938965
2522,5,22,1514,92.17819213867188,86.10701312524422,0.001,4.167084455490112
2523,5,23,1577,86.85578918457031,86.14055374788182,0.001,3.49153733253479
2524,5,24,904,78.15971374511719,85.91986290027323,0.001,3.530245065689087
2525,5,25,2197,94.91722106933594,86.29478354079694,0.001,3.6766891479492188
2526,5,26,2596,94.07476043701172,86.52087060664104,0.001,4.4312403202056885
2527,5,27,77,86.0708236694336,86.50304910553658,0.001,4.135854721069336
2528,5,28,2455,101.63400268554688,86.78569496834518,0.001,3.8355917930603027
2529,5,29,1317,80.68156433105469,86.67634521317446,0.001,3.746880531311035
2530,5,30,858,92.7647705078125,86.77377413436884,0.001,3.760927438735962
2531,5,31,408,74.09255981445312,86.44966099617058,0.001,4.197728395462036
2532,5,32,2617,83.28228759765625,86.304938384971,0.001,4.059292316436768
2533,5,33,611,88.91714477539062,86.36670358381221,0.001,3.7419040203094482
2534,5,34,2505,86.19731140136719,86.36397205812443,0.001,3.81296706199646
2535,5,35,507,99.71495056152344,86.50915376892405,0.001,4.05737566947937
2536,5,36,778,92.87877655029297,86.70967318399988,0.001,3.7567899227142334
2537,5,37,721,91.14585876464844,86.806421174733,0.001,4.184684991836548
2538,5,38,2593,78.08089447021484,86.53828953720723,0.001,4.379429817199707
2539,5,39,1807,86.6566162109375,86.54279659185508,0.001,4.912914037704468
2540,5,40,468,85.64567565917969,86.50977155133525,0.001,4.155767202377319
2541,5,41,2909,84.80396270751953,86.46310231927644,0.001,3.916123390197754
2542,5,42,1313,85.10969543457031,86.41779999677581,0.001,3.564814329147339
2543,5,43,2343,86.04296875,86.41099711990863,0.001,3.9354851245880127
2544,5,44,2584,83.05011749267578,86.29985238227603,0.001,3.6716232299804688
2545,5,45,441,81.10165405273438,86.17385487983813,0.001,3.9814343452453613
2546,5,46,2694,100.98004150390625,86.3418860730019,0.001,3.487496852874756
2547,5,47,962,75.29138946533203,86.15405914135009,0.001,3.564556360244751
2548,5,48,2278,88.27393341064453,86.20365880300473,0.001,3.4954845905303955
2549,5,49,455,67.51628875732422,86.04776684203817,0.001,3.8259668350219727
2550,5,50,989,90.39669036865234,86.1447139119867,0.001,3.766267776489258
2551,5,51,915,96.6413345336914,86.25129009889967,0.001,4.167999982833862
2552,5,52,2552,90.10552215576172,86.33388594058982,0.001,4.097314119338989
2553,5,53,2930,87.01764678955078,86.34070592669327,0.001,4.708949089050293
2554,5,54,825,80.1552734375,86.27980160664917,0.001,4.344688892364502
2555,5,55,699,77.55274200439453,86.10128310126322,0.001,3.69869065284729
2556,5,56,2547,86.39747619628906,86.10733098345237,0.001,3.632354736328125
2557,5,57,1506,78.91834259033203,86.04180877369262,0.001,4.270028829574585
2558,5,58,954,73.83003234863281,85.92577721859386,0.001,4.354265213012695
2559,5,59,2595,93.54011535644531,85.99698642843849,0.001,3.726646661758423
2560,5,60,827,94.26573944091797,86.09310007314022,0.001,4.1341211795806885
2561,5,61,1862,79.99007415771484,86.03671406656501,0.001,4.210115671157837
2562,5,62,1343,86.91471862792969,86.0442291648142,0.001,3.604185104370117
2563,5,63,1686,89.4218978881836,86.12844480065456,0.001,3.6301655769348145
2564,5,64,1441,79.06657409667969,86.06458763436824,0.001,4.02045464515686
2565,5,65,388,97.81829071044922,86.1633343947396,0.001,4.198409080505371
2566,5,66,1626,74.50634002685547,86.06533253647358,0.001,3.561854124069214
2567,5,67,2392,86.06586456298828,86.06533946599238,0.001,4.3749213218688965
2568,5,68,981,91.3259506225586,86.15865390345492,0.001,4.0420982837677
2569,5,69,2479,84.92781829833984,86.13794739742978,0.001,3.9568731784820557
2570,5,70,728,82.11553955078125,86.06894279219708,0.001,4.096541404724121
2571,5,71,2845,84.72331237792969,86.03898086200336,0.001,4.167635202407837
2572,5,72,2601,89.46119689941406,86.11235860520505,0.001,4.170733213424683
2573,5,73,951,90.20682525634766,86.17809748066354,0.001,3.8098089694976807
2574,5,74,2464,61.716060638427734,85.98799243384315,0.001,4.461057424545288
2575,5,75,2179,93.08429718017578,86.06912809110231,0.001,3.673544406890869
2576,5,76,2563,75.37581634521484,85.94949222678817,0.001,4.51412034034729
2577,5,77,913,84.00894927978516,85.9281707042771,0.001,4.306817531585693
2578,5,78,254,75.6880874633789,85.722544632026,0.001,3.9196627140045166
2579,5,79,2205,92.9000015258789,85.83134509843781,0.001,3.822495698928833
2580,5,80,2328,79.08007049560547,85.75935395301988,0.001,3.8511695861816406
2581,5,81,1706,104.07914733886719,86.0245459116576,0.001,4.228892087936401
2582,5,82,383,90.36722564697266,86.10456025129204,0.001,4.392251491546631
2583,5,83,490,88.13441467285156,86.11853295628941,0.001,4.390641450881958
2584,5,84,814,74.6834487915039,86.03982142212259,0.001,4.1550140380859375
2585,5,85,771,85.48612976074219,86.03218611458688,0.001,3.9891085624694824
2586,5,86,914,83.56216430664062,85.99850451363973,0.001,3.730316162109375
2587,5,87,403,83.4895248413086,85.9744529036189,0.001,4.114332914352417
2588,5,88,407,84.9452896118164,85.9606895477247,0.001,4.470265865325928
2589,5,89,870,86.8467788696289,85.96908902651784,0.001,3.72353458404541
2590,5,90,1809,87.09225463867188,85.98822389945151,0.001,4.318572998046875
2591,5,91,1493,83.42585754394531,85.94439233489447,0.001,4.187941074371338
2592,5,92,378,95.90060424804688,86.11152852465526,0.001,4.474116325378418
2593,5,93,811,73.61677551269531,86.042535797868,0.001,3.4813199043273926
2594,5,94,521,83.53789520263672,86.0277699310364,0.001,3.795485734939575
2595,5,95,689,89.92152404785156,86.06195411516975,0.001,4.185562610626221
2596,5,96,710,84.39506530761719,86.04175668367509,0.001,4.400226593017578
2597,5,97,1797,72.17900085449219,85.96013885249319,0.001,4.324510335922241
2598,5,98,920,86.4158935546875,85.9674771215409,0.001,4.255431652069092
2599,5,99,2377,75.50739288330078,85.84479098879774,0.001,3.9943697452545166
2600,5,100,961,79.21273040771484,85.7427490528176,0.001,4.243936538696289
2601,5,101,1821,99.42179107666016,85.81762733077076,0.001,3.5104494094848633
2602,5,102,864,94.8895492553711,85.8645320365853,0.001,3.7556025981903076
2603,5,103,1554,87.27556610107422,85.87229950980945,0.001,4.343889236450195
2604,5,104,1334,86.87767791748047,85.87763896874317,0.001,3.6441049575805664
2605,5,105,832,76.53463745117188,85.7391483420058,0.001,3.928685188293457
2606,5,106,1155,93.91007995605469,85.7831657360471,0.001,3.955124855041504
2607,5,107,2784,87.64518737792969,85.81048251489123,0.001,3.988825559616089
2608,5,108,1575,99.0079574584961,85.95681606981778,0.001,3.986475944519043
2609,5,109,601,86.14539337158203,85.95949949606526,0.001,4.390218019485474
2610,5,110,727,80.80846405029297,85.93380344115063,0.001,4.221704483032227
2611,5,111,94,77.98567199707031,85.82907706949663,0.001,5.182983160018921
2612,5,112,453,99.10913848876953,85.9269569166282,0.001,4.094239234924316
2613,5,113,2422,78.59732055664062,85.8907665179451,0.001,4.33983302116394
2614,5,114,2861,79.98194122314453,85.82978962099163,0.001,4.442457437515259
2615,5,115,340,82.11669921875,85.7920193991836,0.001,3.8441882133483887
2616,5,116,2543,86.4723892211914,85.7988969847203,0.001,4.659848690032959
2617,5,117,65,92.06007385253906,85.82939313173097,0.001,4.109318256378174
2618,5,118,382,77.72219848632812,85.79206847474022,0.001,3.980238914489746
2619,5,119,788,81.50242614746094,85.73575032261964,0.001,4.195590972900391
2620,5,120,1088,87.03475952148438,85.74811885025893,0.001,3.9970922470092773
2621,5,121,37,80.8770980834961,85.68609240549445,0.001,4.50299859046936
2622,5,122,2706,79.23551177978516,85.6581939652666,0.001,4.334857702255249
2623,5,123,1488,80.7679443359375,85.60029120648825,0.001,4.572005033493042
2624,5,124,956,82.88955688476562,85.56669403273516,0.001,4.248471260070801
2625,5,125,774,87.0012435913086,85.579968538118,0.001,4.412137269973755
2626,5,126,861,92.38868713378906,85.62467342697583,0.001,3.5957143306732178
2627,5,127,2782,78.65856170654297,85.53955202759876,0.001,3.8730063438415527
2628,5,128,446,88.64033508300781,85.56720813964033,0.001,3.769873857498169
2629,5,129,801,85.77890014648438,85.56851924634792,0.001,4.206084251403809
2630,5,130,2660,89.61373901367188,85.61518768849034,0.001,3.976034164428711
2631,5,131,2204,94.4073715209961,85.71597175913392,0.001,4.562655448913574
2632,5,132,69,89.11539459228516,85.7554200705651,0.001,3.7244601249694824
2633,5,133,972,88.42732238769531,85.77785238981662,0.001,3.7209885120391846
2634,5,134,2413,90.22981262207031,85.81613059938373,0.001,4.171231985092163
2635,5,135,424,88.87435150146484,85.83365118799787,0.001,3.919490337371826
2636,5,136,274,88.277587890625,85.85376155000534,0.001,4.303756237030029
2637,5,137,966,81.47674560546875,85.82828496214749,0.001,4.419113636016846
2638,5,138,344,84.33002471923828,85.82235909714174,0.001,3.8754324913024902
2639,5,139,368,82.8969497680664,85.797530444636,0.001,3.783129930496216
2640,5,140,523,89.49378204345703,85.83792649960913,0.001,4.230544567108154
2641,5,141,803,102.61418914794922,85.9008587018994,0.001,3.641483783721924
2642,5,142,2203,95.38385009765625,86.00234701173348,0.001,3.983168363571167
2643,5,143,2241,101.06644439697266,86.16343934162256,0.001,4.203733682632446
2644,5,144,2871,74.81795501708984,86.04553304556218,0.001,4.052572727203369
2645,5,145,1806,79.71517181396484,85.97993408633357,0.001,3.8530917167663574
2646,5,146,492,80.69960021972656,85.92578853534633,0.001,4.008790969848633
2647,5,147,390,94.64562225341797,85.97213524227655,0.001,3.995023488998413
2648,5,148,1128,74.1672134399414,85.88257785642753,0.001,4.487616300582886
2649,5,149,1383,91.7201156616211,85.91449045666754,0.001,4.0178892612457275
2650,5,150,2832,78.31400299072266,85.84245475097528,0.001,5.0154194831848145
2651,5,151,863,82.38371276855469,85.81664863468555,0.001,3.9466769695281982
2652,5,152,2327,101.59178161621094,85.89817168939736,0.001,3.974865198135376
2653,5,153,707,86.7359848022461,85.90091696728142,0.001,4.1768858432769775
2654,5,154,60,87.23308563232422,85.90785179329994,0.001,3.623098134994507
2655,5,155,2341,80.04015350341797,85.85080433149987,0.001,4.337659120559692
2656,5,156,2874,87.61402130126953,85.86322142713121,0.001,3.795226812362671
2657,5,157,336,81.99658966064453,85.8262733854425,0.001,4.238391399383545
2658,5,158,2147,87.27647399902344,85.83999412555883,0.001,4.242542743682861
2659,5,159,2781,76.6324691772461,85.79955035106353,0.001,4.313575029373169
2660,5,160,1092,86.97230529785156,85.81044466531772,0.001,4.484150409698486
2661,5,161,1838,74.6721420288086,85.73484027382173,0.001,4.54643440246582
2662,5,162,2672,84.97132110595703,85.72783120251232,0.001,4.223936080932617
2663,5,163,518,81.58285522460938,85.71430518075084,0.001,4.58623743057251
2664,5,164,977,85.98798370361328,85.71559285638033,0.001,4.377459526062012
2665,5,165,2040,84.36378479003906,85.70331262229718,0.001,4.3924946784973145
2666,5,166,2901,91.79783630371094,85.73312560845699,0.001,4.383229970932007
2667,5,167,852,92.59349060058594,85.77828145481091,0.001,4.675830602645874
2668,5,168,695,85.91960144042969,85.77922316244724,0.001,4.424060344696045
2669,5,169,694,82.81050109863281,85.75333510037912,0.001,4.947200775146484
2670,5,170,685,86.88650512695312,85.76060763805988,0.001,3.8272480964660645
2671,5,171,74,97.6357421875,85.79679206203366,0.001,4.465002536773682
2672,5,172,719,81.00663757324219,85.75566721744134,0.001,4.018809080123901
2673,5,173,1648,96.96611785888672,85.80680508730302,0.001,4.154174566268921
2674,5,174,607,95.74297332763672,85.8358360059488,0.001,4.099706172943115
2675,5,175,447,95.38516998291016,85.86512667258151,0.001,3.7394766807556152
2676,5,176,2282,84.39672088623047,85.86070121042319,0.001,4.147632360458374
2677,5,177,64,97.73453521728516,85.89694314331224,0.001,3.8932197093963623
2678,5,178,1596,92.08316802978516,85.92412496970319,0.001,3.5505199432373047
2679,5,179,434,88.37796783447266,85.93077020630832,0.001,4.391769886016846
2680,5,180,1879,81.86450958251953,85.91230187725792,0.001,3.529773473739624
2681,5,181,400,89.42186737060547,85.92628749038155,0.001,4.041527509689331
2682,5,182,991,98.83454895019531,85.96362026984848,0.001,3.6949100494384766
2683,5,183,405,91.0290298461914,85.9864965104075,0.001,4.137914419174194
2684,5,184,2513,101.99493408203125,86.03322284747276,0.001,4.205294132232666
2685,5,185,916,89.81303405761719,86.0444755265772,0.001,4.696249961853027
2686,5,186,367,96.13632202148438,86.08802009819809,0.001,3.9514331817626953
2687,5,187,1649,77.49752807617188,86.03565318357126,0.001,4.745823860168457
2688,5,188,1802,92.6163330078125,86.07526059163767,0.001,4.317891359329224
2689,5,189,770,90.13886260986328,86.1000257745302,0.001,4.012222528457642
2690,5,190,680,104.31961059570312,86.15147347943318,0.001,4.385821580886841
2691,5,191,686,73.85459899902344,86.07666647133617,0.001,4.054911851882935
2692,5,192,2608,87.53726196289062,86.08839129709625,0.001,4.205287933349609
2693,5,193,1264,88.25919342041016,86.09459604569865,0.001,3.623572587966919
2694,5,194,2775,87.35298156738281,86.10186532657919,0.001,4.456288576126099
2695,5,195,1679,72.74613189697266,86.04510048217423,0.001,4.302620887756348
2696,5,196,469,90.7606430053711,86.08135121960423,0.001,3.9331510066986084
2697,5,197,616,89.55682373046875,86.10770481671186,0.001,4.08476448059082
2698,5,198,2619,86.97428131103516,86.11094621942166,0.001,4.089985132217407
2699,5,199,1463,82.95797729492188,86.10348408215644,0.001,4.1476030349731445
2700,5,200,2435,86.08386993408203,86.10342931770157,0.001,3.7739503383636475
2701,5,201,851,85.8791732788086,86.10170143026743,0.001,4.628239154815674
2702,5,202,2498,95.7272720336914,86.14028959173741,0.001,3.28865122795105
2703,5,203,1921,80.06365203857422,86.10636166079216,0.001,4.0455029010772705
2704,5,204,2580,89.02433776855469,86.12748252881622,0.001,4.433608055114746
2705,5,205,1551,93.59968566894531,86.16941637132079,0.001,4.455249547958374
2706,5,206,1568,81.7101821899414,86.14510173726373,0.001,4.238476514816284
2707,5,207,1098,75.18201446533203,86.10184259898212,0.001,4.45194411277771
2708,5,208,177,89.1627197265625,86.11826127503939,0.001,4.191689491271973
2709,5,209,1334,86.72402954101562,86.11979972655554,0.001,4.019768953323364
2710,5,210,2000,87.25941467285156,86.12270209450193,0.001,3.733991861343384
2711,5,211,1132,75.04873657226562,86.06217880348855,0.001,4.545042276382446
2712,5,212,1326,91.16545867919922,86.07503399063228,0.001,4.164995193481445
2713,5,213,1093,84.16993713378906,86.06174115361391,0.001,4.191914796829224
2714,5,214,1838,74.59899139404297,86.0019955854164,0.001,3.8905160427093506
2715,5,215,1845,78.93896484375,85.98521276980004,0.001,4.3814167976379395
2716,5,216,1083,91.5781021118164,86.02343084013461,0.001,3.7380571365356445
2717,5,217,1182,76.07600402832031,85.97099560634868,0.001,3.851940870285034
2718,5,218,1821,99.481201171875,86.00444084606255,0.001,4.752156734466553
2719,5,219,1161,82.2431411743164,85.99567007794346,0.001,3.867324113845825
2720,5,220,1109,84.51932525634766,85.98585171286163,0.001,4.258301019668579
2721,5,221,1679,72.64961242675781,85.93579875342313,0.001,3.415647029876709
2722,5,222,1395,107.4990234375,85.9893914096794,0.001,4.189116954803467
2723,5,223,1878,86.55178833007812,85.99142185685206,0.001,4.1644697189331055
2724,5,224,1648,97.02159118652344,86.03149229638666,0.001,4.503585577011108
2725,5,225,1482,91.1781234741211,86.04380274873301,0.001,4.217596530914307
2726,5,226,1397,81.84955596923828,86.01522339205307,0.001,4.248259782791138
2727,5,227,1756,91.29793548583984,86.04134032083235,0.001,4.205327987670898
2728,5,228,1617,88.35909271240234,86.05624347601149,0.001,3.947481870651245
2729,5,229,190,76.00164031982422,85.98813268544728,0.001,3.6520442962646484
2730,5,230,1495,90.93496704101562,86.01266545004245,0.001,4.259760618209839
2731,5,231,1577,86.82605743408203,86.0166416628841,0.001,3.812830686569214
2732,5,232,1921,79.99409484863281,85.98725412805777,0.001,4.214623928070068
2733,5,233,1087,85.51484680175781,85.98424965880278,0.001,3.962702989578247
2734,5,234,1088,87.10977172851562,85.98957621544942,0.001,4.285595655441284
2735,5,235,175,90.2203598022461,86.00443779354376,0.001,3.7279605865478516
2736,5,236,1909,87.490966796875,86.01378502176526,0.001,4.463127613067627
2737,5,237,1714,73.62638092041016,85.95623492000566,0.001,4.4181067943573
2738,5,238,1794,79.12784576416016,85.92440603581332,0.001,4.001794099807739
2739,5,239,2140,95.65545654296875,85.9453916707956,0.001,3.3037819862365723
2740,5,240,1363,86.55057525634766,85.9482354365762,0.001,4.411200284957886
2741,5,241,1923,86.25960540771484,85.94972740046224,0.001,4.3408119678497314
2742,5,242,1263,96.57228088378906,85.99921381503668,0.001,3.5592257976531982
2743,5,243,178,80.58592987060547,85.97467801378609,0.001,3.912393093109131
2744,5,244,1636,72.41092681884766,85.8909884707027,0.001,4.012601375579834
2745,5,245,1762,96.32887268066406,85.93882152387157,0.001,4.17761492729187
2746,5,246,1355,77.13543701171875,85.8983608382716,0.001,4.306818962097168
2747,5,247,1918,80.11334991455078,85.86321588233699,0.001,3.555706739425659
2748,5,248,1768,93.95977020263672,85.88059816015866,0.001,3.7767465114593506
2749,5,249,2051,83.52235412597656,85.86988550119045,0.001,4.1304121017456055
2750,5,250,1864,95.01771545410156,85.88966929334096,0.001,3.907860040664673
2751,5,251,2008,113.21589660644531,85.94200097834027,0.001,3.500950813293457
2752,5,252,1333,104.95664978027344,86.02730734424419,0.001,4.221073865890503
2753,5,253,2188,88.37501525878906,86.03768537998168,0.001,4.394596099853516
2754,5,254,1484,88.65779113769531,86.04942329804929,0.001,3.735614776611328
2755,5,255,1779,91.9244384765625,86.08388372818305,0.001,3.6605777740478516
2756,5,256,1097,96.05363464355469,86.10420231432867,0.001,4.043693780899048
2757,5,257,2184,94.56265258789062,86.13095713893416,0.001,3.8472342491149902
2758,5,258,1914,85.32268524169922,86.12927305806429,0.001,3.885770320892334
2759,5,259,2174,74.71077728271484,86.06482386706585,0.001,4.053509712219238
2760,5,260,2080,78.75251770019531,86.0223509815847,0.001,4.98571515083313
2761,5,261,1302,86.42576599121094,86.02451775550435,0.001,4.258212089538574
2762,5,262,1310,82.37633514404297,86.00358415262987,0.001,4.117799282073975
2763,5,263,1700,87.92990112304688,86.00977781758266,0.001,3.9817163944244385
2764,5,264,2075,75.8375473022461,85.97939110291395,0.001,4.183596611022949
2765,5,265,1814,76.67301177978516,85.9405276885641,0.001,4.081523656845093
2766,5,266,2166,84.51815032958984,85.93625887310513,0.001,3.9415602684020996
2767,5,267,1259,77.90911102294922,85.91261626133591,0.001,4.444006443023682
2768,5,268,2221,90.57457733154297,85.93254099050583,0.001,4.5582311153411865
2769,5,269,2197,94.91716766357422,85.9698176887823,0.001,4.259994745254517
2770,5,270,2225,90.41063690185547,85.9943580043621,0.001,4.229447364807129
2771,5,271,1812,83.16747283935547,85.97861165473249,0.001,4.0609660148620605
2772,5,272,2073,81.88985443115234,85.97090721543529,0.001,3.7438619136810303
2773,5,273,1346,97.63378143310547,86.03239148990366,0.001,3.4387927055358887
2774,5,274,1846,85.58263397216797,86.03057082508592,0.001,4.52356219291687
2775,5,275,1453,94.9791488647461,86.04674681142667,0.001,3.8277220726013184
2776,5,276,1394,78.07730865478516,86.01439484011938,0.001,4.459680795669556
2777,5,277,2040,84.35243225097656,86.00533460852952,0.001,4.356142520904541
2778,5,278,2163,80.43565368652344,85.98235299884051,0.001,4.094727993011475
2779,5,279,1793,92.43075561523438,86.01629195997943,0.001,4.099709987640381
2780,5,280,1586,88.17862701416016,86.02784952301161,0.001,4.4746994972229
2781,5,281,1502,80.26190185546875,85.99699201464958,0.001,4.259340047836304
2782,5,282,1556,81.0066909790039,85.97723630501818,0.001,3.7617197036743164
2783,5,283,1802,92.63191223144531,86.00325195316697,0.001,4.198185682296753
2784,5,284,1580,97.15917205810547,86.03438313201472,0.001,4.348058462142944
2785,5,285,1118,84.21759033203125,86.0273259558032,0.001,4.46210241317749
2786,5,286,2067,87.708984375,86.03210764608374,0.001,3.95397686958313
2787,5,287,2274,88.19642639160156,86.04033496636238,0.001,4.055537939071655
2788,5,288,1676,84.60108184814453,86.03288443373692,0.001,4.085209369659424
2789,5,289,1571,92.4240493774414,86.06545197704239,0.001,3.9401800632476807
2790,5,290,1342,83.9669189453125,86.05758383166443,0.001,4.584697961807251
2791,5,291,2098,88.97787475585938,86.06488781968385,0.001,3.6888515949249268
2792,5,292,1368,86.83373260498047,86.06701744812099,0.001,3.871812582015991
2793,5,293,1463,82.91028594970703,86.06205078610594,0.001,4.260557651519775
2794,5,294,1902,90.19378662109375,86.07769187467012,0.001,4.236299991607666
2795,5,295,1365,93.23507690429688,86.09058571489983,0.001,4.764095783233643
2796,5,296,1817,68.36605072021484,86.0598472010646,0.001,3.63090443611145
2797,5,297,1181,96.76638793945312,86.09907761977055,0.001,5.061741352081299
2798,5,298,1806,79.70536041259766,86.06718611431086,0.001,4.104994297027588
2799,5,299,2249,88.97899627685547,86.07823044455013,0.001,4.109846830368042
2800,5,300,1439,87.77239227294922,86.08648177529439,0.001,4.15905499458313
2801,5,301,1399,81.62417602539062,86.0642420703805,0.001,4.109079360961914
2802,5,302,1862,79.97047424316406,86.053563096145,0.001,3.7592287063598633
2803,5,303,2149,81.12899017333984,86.03525972659763,0.001,4.310903787612915
2804,5,304,2413,90.22850036621094,86.05077019193968,0.001,4.184418678283691
2805,5,305,2406,88.49170684814453,86.06270114119826,0.001,3.8513357639312744
2806,5,306,1343,86.8966293334961,86.06404781026114,0.001,4.5541088581085205
2807,5,307,1265,93.54205322265625,86.07697896273697,0.001,4.2576823234558105
2808,5,308,2204,94.28418731689453,86.11579791043238,0.001,4.271144151687622
2809,5,309,2095,85.3554458618164,86.11223286865875,0.001,4.305439472198486
2810,5,310,2476,93.95426177978516,86.12565092734243,0.001,3.6128382682800293
2811,5,311,2147,87.24590301513672,86.13100523589038,0.001,3.864140033721924
2812,5,312,2071,94.85706329345703,86.1529828117599,0.001,4.505076885223389
2813,5,313,1682,77.33313751220703,86.12183646532898,0.001,3.8394622802734375
2814,5,314,1554,87.27233123779297,86.12379860503546,0.001,3.9185025691986084
2815,5,315,1879,81.96528625488281,86.11314862510886,0.001,4.0124266147613525
2816,5,316,1149,72.20687866210938,86.06383657796425,0.001,4.348816871643066
2817,5,317,1122,75.85354614257812,86.0378768755428,0.001,4.0155088901519775
2818,5,318,1113,87.63689422607422,86.04530708577636,0.001,4.738483428955078
2819,5,319,2349,82.31717681884766,86.02814986574579,0.001,4.236429214477539
2820,5,320,2066,94.3430404663086,86.06624849080912,0.001,3.841135025024414
2821,5,321,32,78.87555694580078,86.03267477067111,0.001,3.9133851528167725
2822,5,322,1089,88.45922088623047,86.04373715578348,0.001,3.6628477573394775
2823,5,323,1470,93.04438018798828,86.06700564952013,0.001,4.174005746841431
2824,5,324,2117,91.4714584350586,86.08494506485707,0.001,3.737037420272827
2825,5,325,1111,87.77093505859375,86.09064221092565,0.001,4.091749429702759
2826,5,326,1699,86.64069366455078,86.09193742314862,0.001,4.364744186401367
2827,5,327,2450,85.35240936279297,86.0894915616724,0.001,3.576120615005493
2828,5,328,1616,93.4122314453125,86.1146498604761,0.001,3.3228416442871094
2829,5,329,2458,78.04277801513672,86.0877192368743,0.001,4.355356693267822
2830,5,330,2327,101.56207275390625,86.12395157680395,0.001,4.181512117385864
2831,5,331,2223,85.10482788085938,86.11940281247418,0.001,4.084897518157959
2832,5,332,2219,90.38116455078125,86.12572879533343,0.001,3.4409797191619873
2833,5,333,2179,92.8810806274414,86.14192643368233,0.001,4.376426935195923
2834,5,334,1717,101.56254577636719,86.16592121761322,0.001,4.34942626953125
2835,5,335,2298,74.85159301757812,86.14857227103862,0.001,4.7378363609313965
2836,5,336,2243,86.22273254394531,86.14889796838895,0.001,4.16329026222229
2837,5,337,2502,90.44091033935547,86.16780963944531,0.001,4.233813047409058
2838,5,338,1642,83.38715362548828,86.15886771973068,0.001,3.8743784427642822
2839,5,339,1772,85.98585510253906,86.15810678558894,0.001,4.1359171867370605
2840,5,340,2505,86.1357650756836,86.15807152209241,0.001,3.9743504524230957
2841,5,341,1766,87.79036712646484,86.159867387542,0.001,3.5617434978485107
2842,5,342,1361,80.63277435302734,86.15136116642194,0.001,4.263003826141357
2843,5,343,1081,93.15697479248047,86.17398314001308,0.001,4.513638734817505
2844,5,344,1339,94.71583557128906,86.18728109449074,0.001,4.370789527893066
2845,5,345,1900,92.80567932128906,86.1976634310488,0.001,3.5921902656555176
2846,5,346,2235,87.62079620361328,86.20371215427876,0.001,4.689735412597656
2847,5,347,1823,82.34434509277344,86.18694415973636,0.001,4.6261560916900635
2848,5,348,1807,86.61882019042969,86.18874732410045,0.001,4.091165542602539
2849,5,349,274,88.12679290771484,86.19477797401437,0.001,4.260089159011841
2850,5,350,2513,101.8927001953125,86.21825888387653,0.001,4.890897274017334
2851,5,351,1250,83.03472900390625,86.21353485568987,0.001,3.5303804874420166
2852,5,352,1092,86.92565155029297,86.2165219181731,0.001,4.208858489990234
2853,5,353,2452,100.98445129394531,86.26273919443679,0.001,4.692393779754639
2854,5,354,1615,87.43172454833984,86.26631109016954,0.001,3.877206563949585
2855,5,355,1896,80.86547088623047,86.24962503989862,0.001,3.602419853210449
2856,5,356,2510,80.31543731689453,86.22531597657724,0.001,3.8598999977111816
2857,5,357,2297,85.16233825683594,86.22196126899901,0.001,3.880093574523926
2858,5,358,1839,78.38233947753906,86.21067795569205,0.001,3.5793843269348145
2859,5,359,1153,87.96587371826172,86.21792432719471,0.001,3.8487977981567383
2860,5,360,1692,88.0278091430664,86.22528266294123,0.001,4.718571901321411
2861,5,361,1769,82.01700592041016,86.20801810298892,0.001,4.338664293289185
2862,5,362,2007,84.46649932861328,86.20275812188143,0.001,3.995729446411133
2863,5,363,1155,93.96256256103516,86.21416067385042,0.001,3.9747040271759033
2864,5,364,1317,80.74481201171875,86.20628792796047,0.001,3.6940979957580566
2865,5,365,2335,96.14185333251953,86.22096247472686,0.001,4.281888723373413
2866,5,366,2546,85.45806884765625,86.21868100480559,0.001,3.484830856323242
2867,5,367,1313,84.98988342285156,86.21396764436241,0.001,3.7880659103393555
2868,5,368,1262,88.19635772705078,86.21675703666973,0.001,3.6619091033935547
2869,5,369,1626,74.51100158691406,86.20061208483243,0.001,4.015939712524414
2870,5,370,1117,90.46823120117188,86.21358956017595,0.001,3.463898181915283
2871,5,371,1575,98.95262908935547,86.25240040961481,0.001,3.9508578777313232
2872,5,372,2448,82.15145111083984,86.23628349285922,0.001,4.3107452392578125
2873,5,373,2583,90.89876556396484,86.25017099903845,0.001,4.562828779220581
2874,5,374,2377,75.52269744873047,86.21867416621457,0.001,4.090627670288086
2875,5,375,2543,86.41360473632812,86.21925072304336,0.001,4.248700857162476
2876,5,376,2669,98.44371032714844,86.23656265898512,0.001,3.5271542072296143
2877,5,377,1819,88.17408752441406,86.23928840447087,0.001,4.1816136837005615
2878,5,378,1602,98.05928039550781,86.25018360810061,0.001,3.2651402950286865
2879,5,379,2192,92.04144287109375,86.25694777260053,0.001,4.4588634967803955
2880,5,380,2113,87.33216857910156,86.26012494098288,0.001,3.4859514236450195
2881,5,381,1809,87.16807556152344,86.26357568258223,0.001,4.052788257598877
2882,5,382,1945,79.24195861816406,86.23645947772495,0.001,4.241406202316284
2883,5,383,1473,84.68321990966797,86.23366729337069,0.001,3.7610251903533936
2884,5,384,1480,86.84868621826172,86.23449907779107,0.001,3.8359386920928955
2885,5,385,2278,88.22742462158203,86.24031872591847,0.001,3.9793341159820557
2886,5,386,2522,78.76436614990234,86.21908236619569,0.001,4.1948347091674805
2887,5,387,1523,86.62303161621094,86.21963448996799,0.001,3.759124755859375
2888,5,388,2060,80.94170379638672,86.20447821251474,0.001,4.332237720489502
2889,5,389,2523,91.72673797607422,86.22545844309441,0.001,3.986647367477417
2890,5,390,1493,83.461669921875,86.21498925735814,0.001,4.005059003829956
2891,5,391,2013,101.32684326171875,86.23501999424144,0.001,3.7810192108154297
2892,5,392,2782,78.76194763183594,86.20663355622428,0.001,4.391730308532715
2893,5,393,2548,85.95511627197266,86.20593779801285,0.001,4.212469816207886
2894,5,394,1090,86.51067352294922,86.20654019771034,0.001,4.6845619678497314
2895,5,395,2832,78.35026550292969,86.17864945504348,0.001,3.2954158782958984
2896,5,396,1488,80.72406768798828,86.15959868593201,0.001,4.134655714035034
2897,5,397,2294,94.71305847167969,86.17056699373505,0.001,3.767730474472046
2898,5,398,2055,80.12519073486328,86.14821058385554,0.001,4.0160231590271
2899,5,399,1675,87.59555053710938,86.15103972515568,0.001,4.272508859634399
2900,5,400,1706,104.02770233154297,86.20017908585547,0.001,4.300887584686279
2901,5,401,1440,92.45745086669922,86.21702995498633,0.001,3.840773105621338
2902,5,402,1751,85.46698760986328,86.21555511902771,0.001,3.5474798679351807
2903,5,403,272,88.85527801513672,86.22075567391698,0.001,3.8039121627807617
2904,5,404,1441,78.96392059326172,86.21108008602742,0.001,4.15158224105835
2905,5,405,1434,89.62075805664062,86.2200678634456,0.001,3.8022260665893555
2906,5,406,1543,99.8299560546875,86.23800767955,0.001,4.052040100097656
2907,5,407,2181,98.01673889160156,86.25333450914523,0.001,3.7331323623657227
2908,5,408,1151,92.34274291992188,86.26472202957741,0.001,3.7215092182159424
2909,5,409,2781,76.6626205444336,86.24841777345102,0.001,4.235369920730591
2910,5,410,1344,80.94039154052734,86.23418084136657,0.001,3.6921184062957764
2911,5,411,1527,86.17156982421875,86.23401288794436,0.001,4.712710857391357
2912,5,412,2511,87.11180114746094,86.2357228106491,0.001,4.357643127441406
2913,5,413,2538,94.31641387939453,86.24609823646601,0.001,4.420451402664185
2914,5,414,2923,91.93582153320312,86.2566821338778,0.001,3.6553359031677246
2915,5,415,2427,80.37235260009766,86.24125202643597,0.001,3.617901086807251
2916,5,416,2328,79.11219024658203,86.227471308228,0.001,3.5837764739990234
2917,5,417,1951,92.55579376220703,86.24437076743229,0.001,4.539491653442383
2918,5,418,2552,90.14924621582031,86.2546522689576,0.001,4.0114359855651855
2919,5,419,2613,98.07616424560547,86.28560919474774,0.001,3.92467999458313
2920,5,420,1174,85.93604278564453,86.28468176507826,0.001,4.304610252380371
2921,5,421,1844,103.73175048828125,86.3041979623971,0.001,3.9356002807617188
2922,5,422,2668,93.64399719238281,86.32375938909495,0.001,3.963777780532837
2923,5,423,2202,88.50531005859375,86.33144901149,0.001,3.847674608230591
2924,5,424,2233,93.96124267578125,86.34566891617963,0.001,4.021958112716675
2925,5,425,1126,80.85366821289062,86.32648610397926,0.001,4.374838829040527
2926,5,426,1506,78.98844146728516,86.31783682552322,0.001,4.118640661239624
2927,5,427,1373,75.45964813232422,86.29562934327541,0.001,4.035326957702637
2928,5,428,2793,80.6423568725586,86.27574593653219,0.001,3.52825927734375
2929,5,429,2498,95.78790283203125,86.2933021545537,0.001,3.786445379257202
2930,5,430,2901,91.82424926757812,86.30374645473019,0.001,3.9943583011627197
2931,5,431,2580,89.04950714111328,86.31296626542775,0.001,4.094802618026733
2932,5,432,2436,87.551025390625,86.31449517793486,0.001,4.001521587371826
2933,5,433,2340,87.36719512939453,86.31713691915927,0.001,3.8468422889709473
2934,5,434,2399,92.27241516113281,86.32365103994665,0.001,3.8006224632263184
2935,5,435,1128,74.13108825683594,86.29244349421393,0.001,3.1810410022735596
2936,5,436,2588,87.54955291748047,86.29676393402444,0.001,4.052995681762695
2937,5,437,1514,92.06653594970703,86.30370188385511,0.001,3.5636208057403564
2938,5,438,2347,83.64212799072266,86.29695705324315,0.001,3.6021809577941895
2939,5,439,2565,79.89460754394531,86.28909711846953,0.001,2.9572954177856445
2940,5,440,2172,84.76496887207031,86.285178412226,0.001,3.9200596809387207
2941,5,441,2449,79.3826904296875,86.26775311440076,0.001,4.109867811203003
2942,5,442,1372,78.6168441772461,86.24859425088641,0.001,3.2513794898986816
2943,5,443,2191,93.74991607666016,86.26234903680393,0.001,3.509424924850464
2944,5,444,1196,87.24353790283203,86.26342418692013,0.001,3.622645854949951
2945,5,445,2610,83.04957580566406,86.25958088959631,0.001,3.5507235527038574
2946,5,446,1516,82.76316833496094,86.25090021317963,0.001,4.617281198501587
2947,5,447,1585,86.90746307373047,86.25305449180306,0.001,4.2100701332092285
2948,5,448,2533,66.99373626708984,86.2182070415858,0.001,4.411033391952515
2949,5,449,2722,72.91934967041016,86.2036763987565,0.001,4.097288370132446
2950,5,450,405,90.9864273071289,86.2123415101102,0.001,4.153259992599487
2951,5,451,2619,86.98091125488281,86.21358567719223,0.001,4.270111322402954
2952,5,452,1693,89.88619995117188,86.22562689449933,0.001,4.076096773147583
2953,5,453,2595,93.57115173339844,86.23418092204221,0.001,4.840640544891357
2954,5,454,1832,97.3897933959961,86.27076214213365,0.001,4.015908479690552
2955,5,455,2499,92.70252227783203,86.28205278167768,0.001,4.0583720207214355
2956,5,456,361,85.52298736572266,86.27969797039417,0.001,4.033166885375977
2957,5,457,441,81.10385131835938,86.26709729845307,0.001,4.615103721618652
2958,5,458,2585,81.67967987060547,86.25615204186954,0.001,3.827608346939087
2959,5,459,1105,78.9139404296875,86.24731395850753,0.001,3.926314353942871
2960,5,460,388,97.80198669433594,86.26011151246362,0.001,3.925278425216675
2961,5,461,458,83.42404174804688,86.2567457586286,0.001,3.876037120819092
2962,5,462,2270,84.74348449707031,86.2518165189877,0.001,3.844996690750122
2963,5,463,325,83.32231140136719,86.24477837173795,0.001,4.365063428878784
2964,5,464,2272,85.03250122070312,86.24186635825856,0.001,3.9561188220977783
2965,5,465,455,67.49378204345703,86.22542213700049,0.001,3.6409473419189453
2966,5,466,1370,73.6585922241211,86.19509080698006,0.001,4.1423399448394775
2967,5,467,1925,110.74884796142578,86.22280207344885,0.001,4.166553735733032
2968,5,468,2534,101.08562469482422,86.23994372372319,0.001,4.2338547706604
2969,5,469,1120,81.23682403564453,86.23181919462883,0.001,4.062070846557617
2970,5,470,2099,76.81364440917969,86.2157117291343,0.001,3.7301249504089355
2971,5,471,1965,85.05355834960938,86.2119997195241,0.001,3.8035295009613037
2972,5,472,254,75.69657897949219,86.17895607415768,0.001,3.846240758895874
2973,5,473,363,90.42176818847656,86.18371278155365,0.001,4.025667190551758
2974,5,474,250,87.49710083007812,86.18519484799255,0.001,4.325923204421997
2975,5,475,342,81.82470703125,86.17128308476123,0.001,3.3390769958496094
2976,5,476,65,92.04727935791016,86.17802005060713,0.001,3.855584144592285
2977,5,477,69,89.09131622314453,86.18720989239081,0.001,3.7011916637420654
2978,5,478,2593,78.06756591796875,86.16780876716778,0.001,3.987776756286621
2979,5,479,68,94.13859558105469,86.1813709516573,0.001,3.7537968158721924
2980,5,480,424,88.87030029296875,86.18563085102949,0.001,3.9886975288391113
2981,5,481,1306,76.2793197631836,86.15501490857652,0.001,4.575092077255249
2982,5,482,1938,83.45995330810547,86.15213956316832,0.001,4.3346147537231445
2983,5,483,1457,84.32687377929688,86.14655947802376,0.001,5.203296422958374
2984,5,484,340,82.12138366699219,86.13723818706336,0.001,3.4972167015075684
2985,5,485,2050,74.60784149169922,86.11859679506053,0.001,3.846904993057251
2986,5,486,2435,85.99898529052734,86.11846160249777,0.001,4.344844341278076
2987,5,487,60,87.30323028564453,86.12040232405231,0.001,3.9702463150024414
2988,5,488,1576,96.1823501586914,86.13123445650403,0.001,4.304418563842773
2989,5,489,706,79.78060150146484,86.12418160523262,0.001,4.246137380599976
2990,5,490,436,87.54085540771484,86.12645988724552,0.001,4.228142738342285
2991,5,491,2772,79.61709594726562,86.11163001265405,0.001,3.975069046020508
2992,5,492,2216,90.19189453125,86.11560893176241,0.001,4.187487602233887
2993,5,493,461,92.34207153320312,86.13434325644069,0.001,4.685689449310303
2994,5,494,2462,87.66292572021484,86.13903199633224,0.001,4.257026195526123
2995,5,495,372,79.95623016357422,86.13317024103699,0.001,4.53531289100647
2996,5,496,2874,87.60260009765625,86.13642820490224,0.001,3.888662338256836
2997,5,497,1549,94.51105499267578,86.15032969604371,0.001,4.691291332244873
2998,5,498,1737,87.16407775878906,86.15329096121975,0.001,4.2088658809661865
2999,5,499,2547,86.37364196777344,86.15378765377919,0.001,3.965297222137451
3000,6,0,1541,80.24336242675781,80.24336242675781,0.001,4.197632312774658
3001,6,1,2563,75.43025970458984,77.24451905593132,0.001,3.7536509037017822
3002,6,2,2464,61.708587646484375,72.62587187075887,0.001,3.7273471355438232
3003,6,3,1127,89.17989349365234,77.72783110131908,0.001,4.120150804519653
3004,6,4,382,77.77320861816406,77.73525594321477,0.001,3.7103567123413086
3005,6,5,1548,91.5332260131836,81.23454961962186,0.001,3.838914155960083
3006,6,6,2341,80.08982849121094,80.93493883105033,0.001,4.2395336627960205
3007,6,7,2070,89.32268524169922,82.66167864533446,0.001,4.069928884506226
3008,6,8,2794,86.8521957397461,82.95252070706532,0.001,4.018059730529785
3009,6,9,685,86.87287902832031,83.44006500475034,0.001,4.360750913619995
3010,6,10,2911,78.91179656982422,83.20155234924535,0.001,4.162268161773682
3011,6,11,1481,80.4947738647461,82.9094302080377,0.001,4.091161489486694
3012,6,12,273,88.973388671875,83.49806128257309,0.001,3.7498550415039062
3013,6,13,2034,88.49576568603516,84.058749697065,0.001,3.25884747505188
3014,6,14,2692,87.68616485595703,84.42926330262661,0.001,4.398725986480713
3015,6,15,401,82.3985366821289,84.28446513962965,0.001,3.8578567504882812
3016,6,16,2569,101.52225494384766,85.11671077095063,0.001,4.0987420082092285
3017,6,17,77,86.09044647216797,85.17925216393326,0.001,4.080309152603149
3018,6,18,717,89.84175109863281,85.5426715076134,0.001,4.592023849487305
3019,6,19,2425,88.1913070678711,85.68960239994612,0.001,4.063235759735107
3020,6,20,1274,85.3958969116211,85.67451568664666,0.001,5.022195100784302
3021,6,21,432,78.57015991210938,85.32713496512233,0.001,3.867415189743042
3022,6,22,1735,79.59563446044922,85.19305111731981,0.001,4.108677387237549
3023,6,23,2196,95.84959411621094,85.41101780291827,0.001,4.22133731842041
3024,6,24,819,84.49613952636719,85.3691921403926,0.001,4.158646821975708
3025,6,25,2564,82.25310516357422,85.23582304203632,0.001,3.633197069168091
3026,6,26,2845,84.71243286132812,85.20713300731363,0.001,4.695882558822632
3027,6,27,1540,97.76630401611328,85.45037532292189,0.001,4.171101331710815
3028,6,28,695,85.87847900390625,85.46712498951361,0.001,3.836202621459961
3029,6,29,759,86.42372131347656,85.50249021079861,0.001,4.648118019104004
3030,6,30,811,73.61112213134766,85.30966117058597,0.001,3.9998409748077393
3031,6,31,787,88.50769805908203,85.36541821067685,0.001,4.058654308319092
3032,6,32,73,82.13465881347656,85.31011879768728,0.001,3.6703333854675293
3033,6,33,803,102.64241790771484,85.59066909025137,0.001,3.4486143589019775
3034,6,34,861,92.4932861328125,85.75880791075605,0.001,4.060050964355469
3035,6,35,808,87.06986236572266,85.80164920237019,0.001,3.635438919067383
3036,6,36,2494,75.20805358886719,85.46634494258134,0.001,3.6384894847869873
3037,6,37,773,96.75992584228516,85.81557769332909,0.001,4.120766878128052
3038,6,38,601,86.14879608154297,85.82876368647685,0.001,3.865605115890503
3039,6,39,2203,95.4556655883789,86.1963960299786,0.001,4.189612150192261
3040,6,40,2282,84.29790496826172,86.17098007683434,0.001,3.7038090229034424
3041,6,41,682,92.32875061035156,86.39249134794102,0.001,4.0104169845581055
3042,6,42,403,83.4488296508789,86.33699601463479,0.001,4.5657548904418945
3043,6,43,1596,92.03544616699219,86.44104916834588,0.001,4.068186044692993
3044,6,44,367,96.26323699951172,86.61905294526164,0.001,4.512280225753784
3045,6,45,962,75.28565216064453,86.41308542360908,0.001,4.1370933055877686
3046,6,46,98,89.40826416015625,86.51100708234377,0.001,3.8263280391693115
3047,6,47,1569,89.83851623535156,86.59077386472012,0.001,4.2661707401275635
3048,6,48,447,95.47856140136719,86.69165395959692,0.001,3.440025806427002
3049,6,49,337,78.43191528320312,86.56786589322815,0.001,3.272327423095703
3050,6,50,2767,83.99990844726562,86.50885684583957,0.001,3.5921857357025146
3051,6,51,680,104.3580551147461,86.6975250721127,0.001,3.9395687580108643
3052,6,52,852,92.54269409179688,86.82442281262183,0.001,4.0768821239471436
3053,6,53,1532,94.91236877441406,87.05288933785083,0.001,4.021008014678955
3054,6,54,916,89.81510162353516,87.08112629773746,0.001,4.243750333786011
3055,6,55,2460,81.037841796875,87.02108947029949,0.001,3.7319836616516113
3056,6,56,1570,86.46043395996094,87.01550715377626,0.001,3.8633527755737305
3057,6,57,2775,87.35592651367188,87.02231423155044,0.001,3.8908863067626953
3058,6,58,74,97.5960922241211,87.12202828715454,0.001,4.075397729873657
3059,6,59,1686,89.48326110839844,87.18347046846101,0.001,4.375272035598755
3060,6,60,686,73.9092025756836,86.92344834516538,0.001,4.43084192276001
3061,6,61,523,89.54996490478516,86.9894958857274,0.001,3.7848691940307617
3062,6,62,2482,85.59304809570312,86.95523463862887,0.001,3.327378034591675
3063,6,63,507,99.66749572753906,87.031677420808,0.001,4.150987148284912
3064,6,64,2673,84.91474914550781,86.9934317136601,0.001,3.9586293697357178
3065,6,65,29,81.14178466796875,86.89177617223217,0.001,3.429116725921631
3066,6,66,2596,94.10518646240234,86.98067352821779,0.001,4.496636867523193
3067,6,67,728,82.09254455566406,86.8974435432959,0.001,3.3588407039642334
3068,6,68,689,89.92599487304688,86.93360843948084,0.001,4.306539297103882
3069,6,69,400,89.46278381347656,86.96046733293062,0.001,3.8931400775909424
3070,6,70,863,82.38053131103516,86.88519523144518,0.001,3.8894076347351074
3071,6,71,522,76.05891418457031,86.6538271089668,0.001,3.992370367050171
3072,6,72,1460,89.14420318603516,86.68203541207913,0.001,3.606133222579956
3073,6,73,2834,82.05188751220703,86.58619059714277,0.001,3.740659713745117
3074,6,74,801,85.82341766357422,86.57809945099449,0.001,3.6881649494171143
3075,6,75,990,76.62493896484375,86.42464233905909,0.001,4.327213764190674
3076,6,76,1173,95.62342834472656,86.49053556146106,0.001,4.327847719192505
3077,6,77,2652,89.05343627929688,86.5083417463913,0.001,4.553515672683716
3078,6,78,834,90.6172866821289,86.58801454313063,0.001,3.5701892375946045
3079,6,79,2443,89.75634002685547,86.63314810818648,0.001,4.2545998096466064
3080,6,80,991,98.83654022216797,86.71422037554031,0.001,4.188102960586548
3081,6,81,1393,89.02820587158203,86.74694652131488,0.001,4.364506483078003
3082,6,82,981,91.34329223632812,86.81081701737601,0.001,4.416697263717651
3083,6,83,2603,74.8553237915039,86.59913654327465,0.001,4.40548300743103
3084,6,84,1764,88.09344482421875,86.62629027093791,0.001,3.8132212162017822
3085,6,85,2864,85.29165649414062,86.61353267689503,0.001,3.8215482234954834
3086,6,86,2064,85.48190307617188,86.59857405568748,0.001,4.550372123718262
3087,6,87,2871,74.79930877685547,86.39758265942658,0.001,4.427504062652588
3088,6,88,2398,81.96331024169922,86.32359005130401,0.001,4.754148721694946
3089,6,89,2682,80.65071868896484,86.22833624737878,0.001,4.480393886566162
3090,6,90,788,81.51551055908203,86.15134709421427,0.001,3.9776275157928467
3091,6,91,2152,87.09851837158203,86.16266879451614,0.001,3.728259801864624
3092,6,92,521,83.5135498046875,86.14760059526606,0.001,3.969888925552368
3093,6,93,377,87.34185028076172,86.1577548689875,0.001,4.361118316650391
3094,6,94,496,80.69227600097656,86.09619233301275,0.001,4.207448959350586
3095,6,95,2929,85.87873077392578,86.09366127270133,0.001,4.149045467376709
3096,6,96,851,85.84942626953125,86.08984622250613,0.001,3.6512374877929688
3097,6,97,778,92.87409973144531,86.16601695805076,0.001,4.736766576766968
3098,6,98,2101,93.48100280761719,86.27570953682995,0.001,4.279247283935547
3099,6,99,742,82.6496810913086,86.22235746879568,0.001,3.8680102825164795
3100,6,100,2584,83.04727935791016,86.17666778372175,0.001,4.1958770751953125
3101,6,101,2706,79.23136138916016,86.1428124878184,0.001,4.181886672973633
3102,6,102,469,90.73950958251953,86.20769424097838,0.001,3.839836835861206
3103,6,103,1649,77.48806762695312,86.11581607638396,0.001,4.142294883728027
3104,6,104,771,85.46955871582031,86.1091350611601,0.001,4.335869789123535
3105,6,105,705,81.77606201171875,86.04893522860753,0.001,4.640365362167358
3106,6,106,481,90.03589630126953,86.0893933519408,0.001,3.8240745067596436
3107,6,107,2325,92.25859069824219,86.15155552199636,0.001,4.5659003257751465
3108,6,108,721,91.05804443359375,86.18595561277766,0.001,3.5313925743103027
3109,6,109,459,109.54545593261719,86.29559908809182,0.001,3.91213321685791
3110,6,110,774,86.96824645996094,86.3022225264439,0.001,5.01423454284668
3111,6,111,519,80.54663848876953,86.22738476055422,0.001,4.191054582595825
3112,6,112,38,83.52538299560547,86.20863509674554,0.001,3.617064952850342
3113,6,113,390,94.6855239868164,86.26513983517226,0.001,4.60791015625
3114,6,114,951,90.17443084716797,86.30211884579073,0.001,4.02716588973999
3115,6,115,1903,85.8335189819336,86.29901573946874,0.001,4.120842933654785
3116,6,116,490,88.07142639160156,86.30709400176603,0.001,4.2875282764434814
3117,6,117,1888,78.56201171875,86.21291583939464,0.001,4.631815671920776
3118,6,118,2608,87.3633804321289,86.22722480814143,0.001,4.4492270946502686
3119,6,119,693,85.84839630126953,86.22263801598672,0.001,4.151184320449829
3120,6,120,1530,80.74532318115234,86.15746374815534,0.001,4.388081073760986
3121,6,121,2784,87.74678039550781,86.17624929348625,0.001,3.744597911834717
3122,6,122,1383,91.7545166015625,86.21173773784999,0.001,3.6937403678894043
3123,6,123,827,94.22799682617188,86.25329733692618,0.001,4.203929662704468
3124,6,124,956,82.9830093383789,86.21582490972564,0.001,4.5176167488098145
3125,6,125,378,95.92406463623047,86.32626291191676,0.001,3.892712354660034
3126,6,126,2660,89.77106475830078,86.36421552725756,0.001,4.105288505554199
3127,6,127,1099,89.3639907836914,86.39765768214176,0.001,4.112643718719482
3128,6,128,2909,84.88337707519531,86.38502353241384,0.001,3.9437859058380127
3129,6,129,376,102.95413970947266,86.4509934578841,0.001,4.237405776977539
3130,6,130,94,78.0334701538086,86.364771653994,0.001,4.948348522186279
3131,6,131,64,97.79336547851562,86.40955432187225,0.001,4.491426706314087
3132,6,132,1443,78.03807830810547,86.32039482594878,0.001,3.578929901123047
3133,6,133,2654,87.76872253417969,86.3358069424917,0.001,3.809656858444214
3134,6,134,2229,84.64478302001953,86.32754599070897,0.001,3.835569143295288
3135,6,135,2709,99.9763412475586,86.37812621276848,0.001,4.541388034820557
3136,6,136,616,89.46453857421875,86.40991608542178,0.001,4.295496463775635
3137,6,137,1791,81.44322967529297,86.38281085674554,0.001,3.625520944595337
3138,6,138,743,84.44190216064453,86.3757151173295,0.001,4.136866569519043
3139,6,139,904,78.28785705566406,86.33641288369222,0.001,4.165053129196167
3140,6,140,514,98.39764404296875,86.40322020257145,0.001,4.185536623001099
3141,6,141,1442,83.4510726928711,86.38738213819863,0.001,3.9537410736083984
3142,6,142,972,88.4410171508789,86.40259816031822,0.001,3.657615900039673
3143,6,143,2387,96.77871704101562,86.45836059436819,0.001,3.8468151092529297
3144,6,144,707,86.64408111572266,86.45898056803253,0.001,3.3581132888793945
3145,6,145,264,91.29354858398438,86.49512660864892,0.001,4.573728561401367
3146,6,146,67,85.71025848388672,86.48933409283183,0.001,4.594799995422363
3147,6,147,2432,75.23351287841797,86.44951535887697,0.001,4.198176383972168
3148,6,148,2758,100.20326232910156,86.54939567957713,0.001,4.02253270149231
3149,6,149,344,84.38645935058594,86.54188741907764,0.001,3.8991127014160156
3150,6,150,832,76.4740982055664,86.44577076878126,0.001,3.8966495990753174
3151,6,151,915,96.59797668457031,86.47921895577335,0.001,3.753201723098755
3152,6,152,914,83.55204772949219,86.45843786263266,0.001,4.072079181671143
3153,6,153,1324,89.08918762207031,86.48298851415306,0.001,4.381159067153931
3154,6,154,2251,96.45416259765625,86.53417164784852,0.001,3.7657806873321533
3155,6,155,873,89.14740753173828,86.54183693822665,0.001,3.6496286392211914
3156,6,156,468,85.55945587158203,86.53283770533766,0.001,4.283737897872925
3157,6,157,2930,87.07593536376953,86.5345861268221,0.001,3.4333512783050537
3158,6,158,2789,86.85415649414062,86.53677300556612,0.001,3.757941722869873
3159,6,159,2672,85.00931549072266,86.52282987466725,0.001,4.651914358139038
3160,6,160,2927,86.67170715332031,86.52324692234237,0.001,3.9904541969299316
3161,6,161,1858,81.47840881347656,86.48960935309174,0.001,3.9535608291625977
3162,6,162,2763,94.931396484375,86.51642878146029,0.001,4.3585803508758545
3163,6,163,727,81.03892517089844,86.49920444257886,0.001,3.8462870121002197
3164,6,164,719,80.93218231201172,86.44986536470698,0.001,3.935770273208618
3165,6,165,488,87.46920013427734,86.45872173718716,0.001,3.8969788551330566
3166,6,166,2750,84.15369415283203,86.45157995345143,0.001,3.6179356575012207
3167,6,167,825,80.18092346191406,86.43254223301652,0.001,4.016974925994873
3168,6,168,1828,78.09471893310547,86.35888649684344,0.001,4.205510854721069
3169,6,169,986,77.22811889648438,86.29909091298245,0.001,3.776343584060669
3170,6,170,448,96.94831085205078,86.3688113711951,0.001,4.423458099365234
3171,6,171,374,74.86439514160156,86.27204161677537,0.001,4.168854236602783
3172,6,172,2157,79.78400421142578,86.21761746924841,0.001,3.891272783279419
3173,6,173,2590,100.45515441894531,86.27937596797332,0.001,4.507349252700806
3174,6,174,870,86.8282470703125,86.28182548784702,0.001,3.6182150840759277
3175,6,175,392,90.16553497314453,86.31355860238345,0.001,3.9102978706359863
3176,6,176,1557,84.86695098876953,86.30165507811543,0.001,4.203464984893799
3177,6,177,607,95.79430389404297,86.3282350523312,0.001,3.9975056648254395
3178,6,178,434,88.42973327636719,86.33376392647807,0.001,4.6730828285217285
3179,6,179,2422,78.55691528320312,86.31121066267572,0.001,4.073453187942505
3180,6,180,966,81.5238265991211,86.29091056067206,0.001,4.126165390014648
3181,6,181,2537,83.6476821899414,86.27464149240419,0.001,4.163241624832153
3182,6,182,2455,101.61920928955078,86.31947692765512,0.001,4.434242248535156
3183,6,183,408,74.123046875,86.26791612099812,0.001,3.8819808959960938
3184,6,184,2535,88.29235076904297,86.27365827603975,0.001,3.775020122528076
3185,6,185,350,82.12452697753906,86.24890278590968,0.001,4.0275373458862305
3186,6,186,518,81.58110046386719,86.23570983703341,0.001,4.37276291847229
3187,6,187,2479,84.9232177734375,86.22825532025873,0.001,3.6449270248413086
3188,6,188,1690,77.87579345703125,86.20476630444853,0.001,4.1720898151397705
3189,6,189,954,73.7845230102539,86.17025882208893,0.001,3.863818645477295
3190,6,190,407,84.89956665039062,86.16287857360344,0.001,3.9015302658081055
3191,6,191,28,96.31742095947266,86.19075185677707,0.001,3.587679624557495
3192,6,192,1797,71.8322525024414,86.150431346679,0.001,3.6943509578704834
3193,6,193,864,94.80403900146484,86.17290167238075,0.001,3.850708484649658
3194,6,194,256,78.68740844726562,86.14258744217172,0.001,4.117735147476196
3195,6,195,37,80.85379028320312,86.10264649121291,0.001,4.212651014328003
3196,6,196,2694,100.8559799194336,86.14225796571002,0.001,3.528707981109619
3197,6,197,266,99.0087890625,86.23910349807447,0.001,3.787236213684082
3198,6,198,453,99.09638977050781,86.29021000938998,0.001,4.251801252365112
3199,6,199,961,79.28895568847656,86.23843629503148,0.001,3.7180230617523193
3200,6,200,699,77.56716918945312,86.19113257322577,0.001,4.13641357421875
3201,6,201,919,86.49205780029297,86.19337499489664,0.001,4.625340700149536
3202,6,202,1777,81.61579895019531,86.16869503958318,0.001,3.8115127086639404
3203,6,203,710,84.43110656738281,86.15929047408068,0.001,3.474261999130249
3204,6,204,2601,89.41387176513672,86.18233136669129,0.001,4.128097295761108
3205,6,205,1503,82.5467529296875,86.16944507522994,0.001,4.374447584152222
3206,6,206,1123,90.1842269897461,86.18478089541888,0.001,3.771355628967285
3207,6,207,56,87.80085754394531,86.19340174814158,0.001,3.9636242389678955
3208,6,208,2241,101.24507904052734,86.30104213698992,0.001,3.9784302711486816
3209,6,209,2293,74.215576171875,86.23586896347696,0.001,3.9751033782958984
3210,6,210,770,90.33940124511719,86.25768237769537,0.001,3.789480686187744
3211,6,211,2529,89.51300811767578,86.27504143803706,0.001,3.8064165115356445
3212,6,212,1915,79.4022445678711,86.2498217368499,0.001,4.12517786026001
3213,6,213,1264,88.2061767578125,86.25473983087991,0.001,4.246957540512085
3214,6,214,2401,78.05404663085938,86.21189576838839,0.001,3.8444151878356934
3215,6,215,858,92.70706176757812,86.22630397613743,0.001,3.5791242122650146
3216,6,216,2392,86.0589828491211,86.22568446404419,0.001,4.174396514892578
3217,6,217,2378,88.74195861816406,86.23864974748595,0.001,3.6614174842834473
3218,6,218,2614,78.97309875488281,86.19000972342273,0.001,4.13837742805481
3219,6,219,2617,83.20764923095703,86.17014350216103,0.001,3.9398365020751953
3220,6,220,977,85.903076171875,86.16921619671265,0.001,4.058042764663696
3221,6,221,611,89.10545349121094,86.179510614905,0.001,4.317745685577393
3222,6,222,2343,85.99539184570312,86.17886454915012,0.001,4.122838973999023
3223,6,223,1848,84.43928527832031,86.16735855411925,0.001,4.348760366439819
3224,6,224,2906,83.82523345947266,86.15587814760717,0.001,4.298052549362183
3225,6,225,1620,84.84632110595703,86.15383034665726,0.001,3.9588794708251953
3226,6,226,471,87.54876708984375,86.1628147062512,0.001,3.936335563659668
3227,6,227,446,88.82649993896484,86.17564677707773,0.001,3.7090888023376465
3228,6,228,1360,98.43215942382812,86.20310608502679,0.001,3.902515411376953
3229,6,229,2144,92.20921325683594,86.21679068926368,0.001,4.878047227859497
3230,6,230,383,90.54747009277344,86.24365996551434,0.001,4.609103679656982
3231,6,231,920,86.38304138183594,86.24455889622736,0.001,4.115563869476318
3232,6,232,2861,80.20614624023438,86.21568642571859,0.001,3.888679027557373
3233,6,233,368,83.02050018310547,86.20007874802961,0.001,3.4438023567199707
3234,6,234,2720,90.93160247802734,86.20990738594004,0.001,4.618103742599487
3235,6,235,789,80.89982604980469,86.1850623531628,0.001,4.241344451904297
3236,6,236,1519,87.14749145507812,86.1896431197591,0.001,3.957627773284912
3237,6,237,814,74.74677276611328,86.1635454445179,0.001,3.9783687591552734
3238,6,238,492,80.84027862548828,86.13060419846033,0.001,4.219218969345093
3239,6,239,989,90.24944305419922,86.14955541503058,0.001,3.7384040355682373
3240,6,240,1627,98.19560241699219,86.20531043401353,0.001,3.4561069011688232
3241,6,241,1311,75.57978057861328,86.14084276641822,0.001,3.670717477798462
3242,6,242,913,84.0770492553711,86.13416613716724,0.001,3.991159200668335
3243,6,243,336,82.0108413696289,86.10914709884891,0.001,4.063156843185425
3244,6,244,694,82.84968566894531,86.0896474274001,0.001,4.201707124710083
3245,6,245,2205,92.8922119140625,86.12058905549385,0.001,4.037720680236816
3246,6,246,1259,77.89029693603516,86.09492459910905,0.001,3.937472343444824
3247,6,247,1123,90.12825775146484,86.10769203213697,0.001,3.59195876121521
3248,6,248,1620,84.86418914794922,86.10593460613836,0.001,3.8089895248413086
3249,6,249,1914,85.32614135742188,86.10429124788786,0.001,3.966107130050659
3250,6,250,1326,91.16619110107422,86.11478687112488,0.001,4.420955657958984
3251,6,251,1399,81.60018157958984,86.08794522597644,0.001,4.197098731994629
3252,6,252,1918,80.06497955322266,86.05278515931462,0.001,3.5423693656921387
3253,6,253,1762,96.2793960571289,86.09714528843726,0.001,4.029269695281982
3254,6,254,1395,107.46438598632812,86.14201890061905,0.001,3.9653725624084473
3255,6,255,1636,72.38128662109375,86.06264854248148,0.001,4.667131185531616
3256,6,256,1902,90.2184829711914,86.08053153228741,0.001,3.9718570709228516
3257,6,257,1473,84.6227798461914,86.07664432926067,0.001,4.12332558631897
3258,6,258,1453,94.97295379638672,86.0935160032514,0.001,4.450525760650635
3259,6,259,1682,77.34294891357422,86.05634822843328,0.001,4.403699159622192
3260,6,260,1161,82.32897186279297,86.04924760492997,0.001,3.6639246940612793
3261,6,261,1923,86.31840515136719,86.05041202123329,0.001,4.064529180526733
3262,6,262,1879,81.8833236694336,86.0376406186899,0.001,3.797635078430176
3263,6,263,1844,103.73948669433594,86.06920235127458,0.001,3.7763659954071045
3264,6,264,1434,89.60462188720703,86.0835171813379,0.001,4.1722092628479
3265,6,265,1649,77.48888397216797,86.04753097054511,0.001,4.25645899772644
3266,6,266,1262,88.18507385253906,86.05171124538784,0.001,3.5760958194732666
3267,6,267,1616,93.37293243408203,86.08279489380583,0.001,3.8207054138183594
3268,6,268,2080,78.77312469482422,86.04230706344313,0.001,3.5038273334503174
3269,6,269,1862,79.96113586425781,86.03036488228614,0.001,4.2659125328063965
3270,6,270,1092,86.9637222290039,86.03547282399356,0.001,4.422182321548462
3271,6,271,2034,88.48741912841797,86.04859655790416,0.001,4.187093496322632
3272,6,272,1602,98.13715362548828,86.06408548336253,0.001,3.6817269325256348
3273,6,273,1093,84.121826171875,86.05379541721784,0.001,4.535188913345337
3274,6,274,1132,75.1104507446289,86.00899707007707,0.001,3.8204410076141357
3275,6,275,1772,86.00270080566406,86.00896288092788,0.001,4.024083375930786
3276,6,276,1099,89.36492919921875,86.02685722374353,0.001,4.284018039703369
3277,6,277,1342,84.01891326904297,86.01902672101173,0.001,4.100282907485962
3278,6,278,1343,86.89424133300781,86.02057284830737,0.001,3.941502332687378
3279,6,279,2149,81.11603546142578,86.00091321672092,0.001,4.414125204086304
3280,6,280,1519,87.15371704101562,86.00553338374995,0.001,4.032553195953369
3281,6,281,1642,83.32603454589844,85.9951818989542,0.001,3.3565568923950195
3282,6,282,1797,72.1307373046875,85.96881540956089,0.001,4.234103441238403
3283,6,283,1717,101.52337646484375,85.99739252469233,0.001,4.002226829528809
3284,6,284,1777,81.69862365722656,85.98091556648458,0.001,3.88572096824646
3285,6,285,1848,84.29843139648438,85.97220352028769,0.001,3.7745275497436523
3286,6,286,1779,92.02687072753906,86.00319945515388,0.001,4.065690517425537
3287,6,287,2099,76.80550384521484,85.9778636496469,0.001,4.463699579238892
3288,6,288,2075,75.83137512207031,85.95058575299953,0.001,3.9967195987701416
3289,6,289,1523,86.6373291015625,85.9518382659862,0.001,4.348127841949463
3290,6,290,1339,94.52268981933594,85.96765119068964,0.001,4.401951551437378
3291,6,291,1793,92.42989349365234,85.99992721688639,0.001,3.745394229888916
3292,6,292,2000,87.19573974609375,86.00205908754099,0.001,4.301649808883667
3293,6,293,1460,89.15489196777344,86.01060376455989,0.001,3.390861988067627
3294,6,294,1361,80.64266967773438,86.00096962393506,0.001,3.4310102462768555
3295,6,295,1617,88.29459381103516,86.01205328851475,0.001,3.353430986404419
3296,6,296,1965,85.0537109375,86.00724169409683,0.001,4.585492134094238
3297,6,297,1530,80.73410034179688,85.98113827934694,0.001,4.026310443878174
3298,6,298,1676,84.60531616210938,85.97430463880818,0.001,4.502799987792969
3299,6,299,1302,86.40705108642578,85.97629172283278,0.001,3.5149550437927246
3300,6,300,1113,87.58069610595703,85.98412145383689,0.001,3.837494134902954
3301,6,301,1495,90.94989776611328,86.0023287288091,0.001,4.277321100234985
3302,6,302,177,89.1659927368164,86.01367176627102,0.001,4.4284987449646
3303,6,303,2181,97.9317626953125,86.03434231200477,0.001,4.327061653137207
3304,6,304,1888,78.49956512451172,85.99862072980885,0.001,4.490516662597656
3305,6,305,1540,97.86860656738281,86.01915842240008,0.001,4.449385404586792
3306,6,306,1951,92.52571105957031,86.04257826367522,0.001,3.6772584915161133
3307,6,307,1127,89.2173080444336,86.05087301357153,0.001,4.193378448486328
3308,6,308,1117,90.39920806884766,86.06668687454606,0.001,4.0401811599731445
3309,6,309,2251,96.430908203125,86.09366930732784,0.001,4.222755193710327
3310,6,310,1527,86.21307373046875,86.09409048632511,0.001,4.17708420753479
3311,6,311,2191,93.775634765625,86.11394396796949,0.001,3.6182773113250732
3312,6,312,2007,84.4598617553711,86.10814170778514,0.001,3.9399964809417725
3313,6,313,1900,92.54859924316406,86.11921262586294,0.001,4.414215087890625
3314,6,314,1690,77.86137390136719,86.1052766170735,0.001,4.784406423568726
3315,6,315,1506,78.88931274414062,86.09383215373424,0.001,3.7479567527770996
3316,6,316,1087,85.44978332519531,86.09088542987602,0.001,5.008390426635742
3317,6,317,2204,94.37820434570312,86.12873390091342,0.001,4.817981004714966
3318,6,318,175,90.29308319091797,86.13926954470759,0.001,3.7761168479919434
3319,6,319,1360,98.45088958740234,86.15898995895547,0.001,3.691439390182495
3320,6,320,1541,80.23697662353516,86.1501129293754,0.001,3.795487403869629
3321,6,321,1766,87.81664276123047,86.15206826199598,0.001,3.8058691024780273
3322,6,322,1264,88.27265167236328,86.15561757589627,0.001,4.3295183181762695
3323,6,323,2071,94.86903381347656,86.17686719879978,0.001,4.423372745513916
3324,6,324,1794,79.02135467529297,86.15275187885548,0.001,3.9247076511383057
3325,6,325,1571,92.42481231689453,86.18120226026276,0.001,3.690915584564209
3326,6,326,1306,76.34719848632812,86.13678687020018,0.001,4.294893026351929
3327,6,327,2233,93.99502563476562,86.15572770525165,0.001,3.3182222843170166
3328,6,328,1118,84.21817016601562,86.14920824167737,0.001,3.428682327270508
3329,6,329,2293,74.16958618164062,86.10792403923062,0.001,3.4133975505828857
3330,6,330,2117,91.50115966796875,86.12558571583499,0.001,4.224305868148804
3331,6,331,2174,74.6976318359375,86.07609131323981,0.001,4.443559885025024
3332,6,332,1532,94.92284393310547,86.11508354479156,0.001,3.385849714279175
3333,6,333,1845,78.991943359375,86.10446016160772,0.001,4.017371416091919
3334,6,334,1174,85.94560241699219,86.10393271631989,0.001,4.287649869918823
3335,6,335,1173,95.63444519042969,86.11901741197673,0.001,3.581615686416626
3336,6,336,2163,80.46798706054688,86.09991651111189,0.001,3.9127843379974365
3337,6,337,1250,83.05705261230469,86.09520782101983,0.001,3.903014898300171
3338,6,338,1915,79.68123626708984,86.08033673656456,0.001,4.116552352905273
3339,6,339,1548,91.54668426513672,86.09751657616474,0.001,3.340233325958252
3340,6,340,1675,87.60606384277344,86.10099380840241,0.001,3.6870174407958984
3341,6,341,1151,92.4099349975586,86.11512511020828,0.001,3.9669604301452637
3342,6,342,2066,94.39161682128906,86.15070210166847,0.001,3.813490152359009
3343,6,343,1482,91.08125305175781,86.15820746406956,0.001,3.902435064315796
3344,6,344,2347,83.6463851928711,86.15011682128362,0.001,4.384051561355591
3345,6,345,2225,90.37671661376953,86.16818614516039,0.001,4.387249708175659
3346,6,346,1333,104.71839904785156,86.22772256748956,0.001,3.590607166290283
3347,6,347,1576,96.17324829101562,86.24262460495478,0.001,3.6554346084594727
3348,6,348,1098,75.36199188232422,86.21758190268196,0.001,3.637864112854004
3349,6,349,1838,74.74687957763672,86.18173404894925,0.001,4.164395809173584
3350,6,350,2443,89.67240142822266,86.19271366126489,0.001,4.6050705909729
3351,6,351,1440,92.51378631591797,86.21226139895981,0.001,4.064479112625122
3352,6,352,2325,92.26873779296875,86.23138969803604,0.001,3.7056548595428467
3353,6,353,1081,93.18093872070312,86.25325128776272,0.001,4.6754374504089355
3354,6,354,1839,78.34599304199219,86.24168010218793,0.001,4.06211519241333
3355,6,355,1122,75.84231567382812,86.21806941288331,0.001,4.065386772155762
3356,6,356,1551,93.62408447265625,86.24154811343038,0.001,3.6449270248413086
3357,6,357,2436,87.52583312988281,86.24346806224406,0.001,4.5352349281311035
3358,6,358,1155,93.95441436767578,86.2550852869846,0.001,4.562148571014404
3359,6,359,1149,72.20416259765625,86.21111723523629,0.001,4.537193059921265
3360,6,360,1355,77.20214080810547,86.18313827542285,0.001,4.175720691680908
3361,6,361,1394,78.01152801513672,86.1579645506759,0.001,4.681830644607544
3362,6,362,1090,86.5149154663086,86.15873749716688,0.001,3.9510138034820557
3363,6,363,1945,79.23353576660156,86.13044212047646,0.001,4.125572919845581
3364,6,364,1568,81.78939056396484,86.11728514404751,0.001,4.4726786613464355
3365,6,365,1925,110.8087158203125,86.15275886308079,0.001,3.977503776550293
3366,6,366,1480,86.82475280761719,86.15371778949994,0.001,3.5214662551879883
3367,6,367,1265,93.54428100585938,86.16444930015237,0.001,4.667577743530273
3368,6,368,37,80.91536712646484,86.14337794466155,0.001,4.065627813339233
3369,6,369,2282,84.26408386230469,86.14067981385107,0.001,3.5574870109558105
3370,6,370,1921,80.14647674560547,86.12264753395753,0.001,4.30593466758728
3371,6,371,2272,85.03599548339844,86.11938656097271,0.001,4.346338510513306
3372,6,372,2448,82.15072631835938,86.103646182218,0.001,3.6137192249298096
3373,6,373,2432,75.21863555908203,86.0879872613548,0.001,2.9635469913482666
3374,6,374,1700,87.9262466430664,86.09211714325767,0.001,3.0285370349884033
3375,6,375,1126,80.81998443603516,86.07117881608795,0.001,2.937716484069824
3376,6,376,2398,81.9533920288086,86.05508944891939,0.001,3.965440034866333
3377,6,377,1488,80.74456024169922,86.03547336602736,0.001,4.7089807987213135
3378,6,378,2098,89.0020980834961,86.04120122119986,0.001,3.832653284072876
3379,6,379,2249,88.9488296508789,86.04989680606482,0.001,4.0761308670043945
3380,6,380,1493,83.420166015625,86.0396296877843,0.001,4.010135889053345
3381,6,381,2013,101.35040283203125,86.06054612968288,0.001,3.898214101791382
3382,6,382,2535,88.35409545898438,86.06372540962074,0.001,3.7343668937683105
3383,6,383,2422,78.56089782714844,86.05332126259285,0.001,4.078810691833496
3384,6,384,1317,80.69062805175781,86.04591684009641,0.001,4.40476393699646
3385,6,385,1686,89.45027923583984,86.0590264569946,0.001,4.145517110824585
3386,6,386,2188,88.33959197998047,86.06555375068645,0.001,4.149188995361328
3387,6,387,2060,80.84909057617188,86.05046145656908,0.001,3.9196174144744873
3388,6,388,1346,97.63883972167969,86.09317366785888,0.001,4.99846887588501
3389,6,389,1807,86.65465545654297,86.09528372101587,0.001,4.219079971313477
3390,6,390,273,88.93972778320312,86.10345579335082,0.001,4.929452180862427
3391,6,391,2406,88.48711395263672,86.11255757160785,0.001,4.2109856605529785
3392,6,392,2452,101.10546112060547,86.15495567918131,0.001,4.707209587097168
3393,6,393,2505,86.18097686767578,86.15499145678203,0.001,3.801279067993164
3394,6,394,2529,89.46627044677734,86.16453418255904,0.001,3.7113890647888184
3395,6,395,1370,73.68534088134766,86.12923966834184,0.001,4.77250337600708
3396,6,396,2349,82.16888427734375,86.11454811018673,0.001,3.806838035583496
3397,6,397,28,96.32540130615234,86.12807083682091,0.001,3.260350227355957
3398,6,398,2543,86.47135162353516,86.12903360125252,0.001,4.078846216201782
3399,6,399,1484,88.65538787841797,86.13612263877395,0.001,3.926656723022461
3400,6,400,1764,88.0914535522461,86.14347873788262,0.001,3.814206838607788
3401,6,401,1751,85.41661834716797,86.14204104527191,0.001,4.688066720962524
3402,6,402,2460,81.00941467285156,86.13530559523902,0.001,4.2118470668792725
3403,6,403,2588,87.53502655029297,86.14049601165212,0.001,4.574657440185547
3404,6,404,2595,93.40309143066406,86.14991770532029,0.001,4.114064693450928
3405,6,405,1463,82.92251586914062,86.14624693016705,0.001,4.373186349868774
3406,6,406,1263,96.52067565917969,86.1745805937513,0.001,4.354116916656494
3407,6,407,1823,82.42472076416016,86.16064742138842,0.001,3.8855345249176025
3408,6,408,1502,80.24685668945312,86.13893374601432,0.001,4.051814317703247
3409,6,409,1105,78.92127990722656,86.12923993150338,0.001,3.6159660816192627
3410,6,410,2601,89.44577026367188,86.14098024693082,0.001,4.3000569343566895
3411,6,411,1372,78.57711791992188,86.12069786152324,0.001,4.483515501022339
3412,6,412,2613,98.07989501953125,86.15243005217077,0.001,4.421031713485718
3413,6,413,1580,97.20770263671875,86.17356491793012,0.001,3.3398754596710205
3414,6,414,2040,84.31665802001953,86.16686460276362,0.001,3.4072775840759277
3415,6,415,2464,61.7110481262207,86.13511380921247,0.001,3.6544573307037354
3416,6,416,29,81.10694122314453,86.12181584658552,0.001,4.153789758682251
3417,6,417,2196,95.881103515625,86.13294651683427,0.001,4.666075944900513
3418,6,418,2184,94.56768035888672,86.14908242836378,0.001,3.7823336124420166
3419,6,419,1679,72.7372817993164,86.12318726583865,0.001,4.508241176605225
3420,6,420,2425,88.26872253417969,86.12887843732092,0.001,4.1456334590911865
3421,6,421,2449,79.38570404052734,86.11109839072792,0.001,3.821127414703369
3422,6,422,2274,88.2468490600586,86.11660566001405,0.001,4.148662328720093
3423,6,423,2298,74.85409545898438,86.1028780245185,0.001,4.114604711532593
3424,6,424,1441,79.10640716552734,86.09394647284964,0.001,4.024553060531616
3425,6,425,2511,86.7906723022461,86.09526460623454,0.001,4.053960800170898
3426,6,426,2498,95.72005462646484,86.1131802756032,0.001,3.897719144821167
3427,6,427,2709,100.0435791015625,86.13026670531146,0.001,4.4290173053741455
3428,6,428,2590,100.32775115966797,86.15586095555851,0.001,3.5165579319000244
3429,6,429,1120,81.34391784667969,86.14735521938705,0.001,3.7096498012542725
3430,6,430,1737,87.22601318359375,86.15097874174484,0.001,3.7653791904449463
3431,6,431,1791,81.56205749511719,86.1426310342276,0.001,3.5375330448150635
3432,6,432,2399,92.428955078125,86.14955905423017,0.001,3.8603286743164062
3433,6,433,38,83.61418914794922,86.14485479770708,0.001,4.684753894805908
3434,6,434,1097,96.06348419189453,86.1566791762286,0.001,3.979483127593994
3435,6,435,1802,92.6128921508789,86.17319008187447,0.001,3.7949843406677246
3436,6,436,2750,83.92699432373047,86.17046932462614,0.001,3.775226354598999
3437,6,437,2392,86.06425476074219,86.17027275284526,0.001,4.415328025817871
3438,6,438,2834,82.03406524658203,86.15614630274294,0.001,3.715022563934326
3439,6,439,2051,83.53868865966797,86.1494440161626,0.001,4.1446216106414795
3440,6,440,2548,86.05074310302734,86.14919750741643,0.001,4.417526721954346
3441,6,441,2229,84.7196044921875,86.14695947974627,0.001,4.251788854598999
3442,6,442,1769,81.97516632080078,86.1327685166385,0.001,3.9934587478637695
3443,6,443,1128,74.16938781738281,86.10259122875028,0.001,3.951265335083008
3444,6,444,2513,102.0059814453125,86.12154730717715,0.001,3.8716366291046143
3445,6,445,2216,90.16564178466797,86.12588864115871,0.001,4.144495010375977
3446,6,446,2055,79.873046875,86.10499225704176,0.001,3.456744432449341
3447,6,447,2673,84.93785095214844,86.10203056867505,0.001,4.4659130573272705
3448,6,448,2782,78.65412139892578,86.07703833198615,0.001,4.557075262069702
3449,6,449,254,75.67896270751953,86.04278737665935,0.001,4.2126946449279785
3450,6,450,2067,87.69633483886719,86.0457837147294,0.001,3.3385915756225586
3451,6,451,2243,86.06800079345703,86.04585702886848,0.001,4.668456554412842
3452,6,452,1768,93.87809753417969,86.05500325152963,0.001,3.8993287086486816
3453,6,453,1909,87.47440338134766,86.0595886141836,0.001,4.21160888671875
3454,6,454,1864,94.96659851074219,86.07009062993387,0.001,4.091947555541992
3455,6,455,2660,89.60746765136719,86.0814052744921,0.001,4.378036022186279
3456,6,456,2614,79.0114974975586,86.05858518683681,0.001,3.9564754962921143
3457,6,457,325,83.40226745605469,86.05214005662802,0.001,3.9925708770751953
3458,6,458,1196,87.26390838623047,86.05342722156934,0.001,3.868400812149048
3459,6,459,2767,84.03752899169922,86.0484685575894,0.001,4.229448080062866
3460,6,460,2476,93.97694396972656,86.05765345513687,0.001,3.6909279823303223
3461,6,461,2219,90.46487426757812,86.06242308118762,0.001,4.077359676361084
3462,6,462,2911,78.95062255859375,86.05484026798385,0.001,3.5143659114837646
3463,6,463,2192,92.06429290771484,86.06063787891812,0.001,3.433835029602051
3464,6,464,1557,84.91607666015625,86.05694136430454,0.001,3.8664650917053223
3465,6,465,1828,77.95155334472656,86.03043691660305,0.001,4.296248197555542
3466,6,466,274,88.25175476074219,86.0356692187536,0.001,4.071100234985352
3467,6,467,2458,77.90766906738281,86.01632008848482,0.001,3.639514446258545
3468,6,468,340,82.11296081542969,86.00699562071222,0.001,4.19322395324707
3469,6,469,266,99.01862335205078,86.04827022707575,0.001,4.0275092124938965
3470,6,470,1088,87.02816772460938,86.05054375762016,0.001,4.907680988311768
3471,6,471,2565,79.82467651367188,86.04340764296259,0.001,3.701490879058838
3472,6,472,2294,94.76431274414062,86.05290926360033,0.001,4.311654090881348
3473,6,473,2101,93.48229217529297,86.07646082998038,0.001,4.00501012802124
3474,6,474,2502,90.42640686035156,86.0902210478778,0.001,3.9599366188049316
3475,6,475,2413,90.23035430908203,86.10005801434339,0.001,4.144031286239624
3476,6,476,1569,89.8660888671875,86.10892114875152,0.001,4.094354867935181
3477,6,477,2580,89.03297424316406,86.11780806165318,0.001,3.763899087905884
3478,6,478,392,90.17418670654297,86.1302616757068,0.001,5.051173210144043
3479,6,479,2144,92.07967376708984,86.13677268868881,0.001,4.022268056869507
3480,6,480,2682,80.65353393554688,86.11961632800008,0.001,4.365137338638306
3481,6,481,32,78.86399841308594,86.09689207981467,0.001,4.378644704818726
3482,6,482,1699,86.60749053955078,86.09771106199236,0.001,4.56291389465332
3483,6,483,2172,84.79951477050781,86.09467781332633,0.001,4.594968795776367
3484,6,484,2522,78.89522552490234,86.07832748378921,0.001,4.770240068435669
3485,6,485,1274,85.38939666748047,86.0767826696203,0.001,3.8241145610809326
3486,6,486,2794,86.87726593017578,86.07766435188651,0.001,3.6665241718292236
3487,6,487,2401,78.19574737548828,86.05944387854544,0.001,4.188210487365723
3488,6,488,1344,81.00718688964844,86.04805402017293,0.001,4.006542682647705
3489,6,489,401,82.38209533691406,86.0397246285531,0.001,3.98974347114563
3490,6,490,2157,79.7698974609375,86.02081020904308,0.001,4.155692100524902
3491,6,491,382,77.75821685791016,86.01216792327821,0.001,4.003316164016724
3492,6,492,2340,87.35491180419922,86.01512952084921,0.001,3.7893424034118652
3493,6,493,1858,81.37712097167969,86.00480603719086,0.001,4.087306976318359
3494,6,494,1585,86.90684509277344,86.0074716132003,0.001,4.325032949447632
3495,6,495,1516,82.76055908203125,86.00025144172804,0.001,3.6410655975341797
3496,6,496,2758,100.22883605957031,86.0318922018863,0.001,4.076518297195435
3497,6,497,1368,86.87744140625,86.0332668373241,0.001,4.2491538524627686
3498,6,498,1814,76.7282485961914,86.01285605177424,0.001,3.708280324935913
3499,6,499,403,83.4951400756836,86.00890008878271,0.001,4.152207851409912
3500,7,0,2328,79.0833740234375,79.0833740234375,0.001,3.937568426132202
3501,7,1,1442,83.52367401123047,81.27576129759788,0.001,4.966343641281128
3502,7,2,1109,84.39970397949219,82.75633481041673,0.001,4.126250267028809
3503,7,3,2552,90.09807586669922,84.71826124467826,0.001,4.330112457275391
3504,7,4,342,81.8343505859375,83.94630214777429,0.001,4.143521070480347
3505,7,5,2140,95.73992919921875,84.92079959122968,0.001,3.959315538406372
3506,7,6,190,76.11106872558594,83.17250249820587,0.001,3.994760036468506
3507,7,7,1393,89.02654266357422,83.91906869622383,0.001,4.124989032745361
3508,7,8,2510,80.27909851074219,83.39652001699159,0.001,4.064419269561768
3509,7,9,446,88.58760833740234,83.90139851827908,0.001,3.507657527923584
3510,7,10,374,74.8564453125,82.86116977082251,0.001,4.184987783432007
3511,7,11,1821,99.4365234375,83.5168141813757,0.001,4.341176271438599
3512,7,12,1334,86.849853515625,83.64191505343335,0.001,4.0991175174713135
3513,7,13,1806,79.70083618164062,83.26053060401715,0.001,3.5610451698303223
3514,7,14,1363,86.43124389648438,83.47423483878526,0.001,4.225989818572998
3515,7,15,1181,96.77120208740234,84.29710830057248,0.001,4.570316553115845
3516,7,16,1938,83.47666931152344,84.27389963581962,0.001,4.2760329246521
3517,7,17,1817,68.32779693603516,83.83418725962021,0.001,4.020137310028076
3518,7,18,69,89.09662628173828,84.2264121675574,0.001,3.524531364440918
3519,7,19,2523,91.741943359375,84.74428801544045,0.001,4.432326078414917
3520,7,20,469,90.73463439941406,85.12864475965353,0.001,4.025636434555054
3521,7,21,2335,96.12577819824219,85.38202825867303,0.001,4.002894878387451
3522,7,22,1577,86.88285064697266,85.44933292725973,0.001,4.118083715438843
3523,7,23,2927,86.80022430419922,85.47400011674198,0.001,3.7542710304260254
3524,7,24,455,67.50997161865234,85.18851382459081,0.001,4.590918302536011
3525,7,25,2793,80.62945556640625,84.93441627152058,0.001,4.591262340545654
3526,7,26,1714,73.65518188476562,84.49970472197315,0.001,4.268441915512085
3527,7,27,367,96.26024627685547,84.81863166768473,0.001,3.873440742492676
3528,7,28,1549,94.53531646728516,85.0856409779047,0.001,4.023006916046143
3529,7,29,685,86.8764419555664,85.1493412995427,0.001,4.230694055557251
3530,7,30,2784,87.68510437011719,85.26616038770116,0.001,4.444753408432007
3531,7,31,706,79.77674865722656,85.17626267097003,0.001,3.954055070877075
3532,7,32,2871,74.78701782226562,84.73011318458977,0.001,3.893306016921997
3533,7,33,434,88.43626403808594,84.781156633619,0.001,4.011248826980591
3534,7,34,1310,82.33314514160156,84.68064716039954,0.001,4.088022708892822
3535,7,35,2387,96.77554321289062,84.94005620360122,0.001,4.5629518032073975
3536,7,36,1089,88.45030212402344,85.07477135347078,0.001,4.29438328742981
3537,7,37,2378,88.86028289794922,85.18196932381348,0.001,4.001774549484253
3538,7,38,2203,95.44145202636719,85.5522166088676,0.001,4.113848447799683
3539,7,39,94,77.99877166748047,85.30442011004716,0.001,3.8089687824249268
3540,7,40,448,96.96083068847656,85.60770618352245,0.001,4.122173309326172
3541,7,41,1365,93.26043701171875,85.69952242546401,0.001,4.1543128490448
3542,7,42,2722,72.91417694091797,85.55977346070593,0.001,3.9732768535614014
3543,7,43,1693,89.90108489990234,85.69854176439998,0.001,3.8006088733673096
3544,7,44,1182,76.08900451660156,85.47096254536802,0.001,4.115552186965942
3545,7,45,616,89.5185546875,85.59273178846884,0.001,4.382483720779419
3546,7,46,2720,91.06394958496094,85.64707581834794,0.001,3.812629222869873
3547,7,47,471,87.39610290527344,85.69764396437058,0.001,4.2419774532318115
3548,7,48,1397,81.6456527709961,85.58137583576331,0.001,3.783148765563965
3549,7,49,2772,79.52975463867188,85.45573651961875,0.001,3.6375911235809326
3550,7,50,1615,87.3205795288086,85.49300979181388,0.001,4.215217351913452
3551,7,51,461,92.31758880615234,85.67228911913816,0.001,3.874631404876709
3552,7,52,774,86.99267578125,85.69805286643594,0.001,4.894021987915039
3553,7,53,743,84.3331298828125,85.6855828109336,0.001,4.2450270652771
3554,7,54,492,80.65986633300781,85.55919652793101,0.001,4.157334327697754
3555,7,55,2563,75.37016296386719,85.42359349207496,0.001,3.7035021781921387
3556,7,56,459,109.63285827636719,85.63423975149198,0.001,3.9797587394714355
3557,7,57,2596,94.07955169677734,85.74378448389882,0.001,3.2776732444763184
3558,7,58,2901,91.7979507446289,85.82313310276847,0.001,4.385321378707886
3559,7,59,2235,87.5879135131836,85.86420039584827,0.001,3.68817400932312
3560,7,60,56,87.91474151611328,85.89950749146466,0.001,4.1530280113220215
3561,7,61,787,88.53753662109375,85.92125836670716,0.001,2.9690558910369873
3562,7,62,811,73.64376068115234,85.82943934966445,0.001,4.406134128570557
3563,7,63,2377,75.47280883789062,85.65749609082248,0.001,4.167335271835327
3564,7,64,1896,80.8538818359375,85.57928560379841,0.001,4.0720624923706055
3565,7,65,1735,79.56165313720703,85.53223763077006,0.001,4.353746175765991
3566,7,66,514,98.26734924316406,85.68053562415635,0.001,4.1616761684417725
3567,7,67,1311,75.5978012084961,85.46945518652099,0.001,3.640064001083374
3568,7,68,2050,74.66747283935547,85.35154181125611,0.001,4.075628995895386
3569,7,69,256,78.7122802734375,85.27937096196557,0.001,4.040916681289673
3570,7,70,2861,80.03048706054688,85.1992354994756,0.001,4.3831799030303955
3571,7,71,488,87.31724548339844,85.24080663850665,0.001,3.9719715118408203
3572,7,72,1457,84.32188415527344,85.22311405235911,0.001,3.687657356262207
3573,7,73,250,87.70960235595703,85.2403082660488,0.001,3.5881683826446533
3574,7,74,1878,86.58543395996094,85.25391240814494,0.001,4.370698690414429
3575,7,75,607,95.71173858642578,85.32207974955878,0.001,4.639137029647827
3576,7,76,507,99.74341583251953,85.38991116799099,0.001,4.149741172790527
3577,7,77,717,89.84675598144531,85.4725372982358,0.001,3.9596261978149414
3578,7,78,1692,88.04431915283203,85.51922299419154,0.001,4.092251539230347
3579,7,79,1373,75.45977020263672,85.41242145685946,0.001,4.112905502319336
3580,7,80,2874,87.62052917480469,85.44127921729104,0.001,3.991570234298706
3581,7,81,2669,98.53221893310547,85.52499189858642,0.001,3.7065060138702393
3582,7,82,2585,81.6571273803711,85.47536804440557,0.001,4.5762245655059814
3583,7,83,2070,89.30034637451172,85.54080121122696,0.001,3.828280210494995
3584,7,84,771,85.50337219238281,85.54032894210512,0.001,3.5632002353668213
3585,7,85,2270,84.7634048461914,85.52725624662395,0.001,3.44999361038208
3586,7,86,721,91.1767578125,85.57636300681344,0.001,3.730536937713623
3587,7,87,808,87.12683868408203,85.5951566834441,0.001,4.1590235233306885
3588,7,88,915,96.71577453613281,85.65721728170534,0.001,3.9683878421783447
3589,7,89,441,81.08656311035156,85.60241735286169,0.001,4.117438316345215
3590,7,90,852,92.60914611816406,85.6847183903315,0.001,4.333990812301636
3591,7,91,2923,91.67686462402344,85.73358131777563,0.001,4.353132963180542
3592,7,92,981,91.30702209472656,85.79857037759785,0.001,4.359905242919922
3593,7,93,2617,83.27499389648438,85.7602619846592,0.001,4.112237215042114
3594,7,94,2327,101.5888900756836,85.88640011513439,0.001,4.18057918548584
3595,7,95,962,75.29997253417969,85.80042367820195,0.001,4.729303598403931
3596,7,96,408,74.08546447753906,85.707753438378,0.001,4.190737724304199
3597,7,97,956,82.88529205322266,85.66642756888878,0.001,3.6490349769592285
3598,7,98,2533,66.96656036376953,85.51766358125438,0.001,4.409065008163452
3599,7,99,272,88.7339096069336,85.54273884645781,0.001,4.380569696426392
3600,7,100,2789,86.84587097167969,85.55667383409306,0.001,3.787973403930664
3601,7,101,1153,87.98957824707031,85.59127105451117,0.001,4.001391887664795
3602,7,102,2763,94.82940673828125,85.6372501584817,0.001,4.038344860076904
3603,7,103,788,81.49702453613281,85.57978001229404,0.001,4.089908838272095
3604,7,104,1554,87.27507019042969,85.58823009638098,0.001,3.7555079460144043
3605,7,105,966,81.46119689941406,85.5586050695254,0.001,3.9450204372406006
3606,7,106,2205,92.89359283447266,85.63431710448965,0.001,4.500997543334961
3607,7,107,2202,88.47605895996094,85.6725150145246,0.001,3.9022719860076904
3608,7,108,407,84.87210083007812,85.66458005718123,0.001,4.076725244522095
3609,7,109,1481,80.46639251708984,85.61290475912043,0.001,4.328749895095825
3610,7,110,2479,84.89051818847656,85.60611444257951,0.001,3.769869804382324
3611,7,111,919,86.44317626953125,85.61699664314683,0.001,3.689307689666748
3612,7,112,64,97.6878433227539,85.67263645628744,0.001,4.042356252670288
3613,7,113,914,83.57330322265625,85.65284450117068,0.001,3.9456682205200195
3614,7,114,2930,86.90892791748047,85.65835314647671,0.001,3.76719069480896
3615,7,115,873,89.27381134033203,85.67256542638782,0.001,3.637622117996216
3616,7,116,904,78.05406951904297,85.62766008918861,0.001,3.617199659347534
3617,7,117,337,77.99901580810547,85.58195747825768,0.001,3.8398356437683105
3618,7,118,2197,94.92731475830078,85.66726862893016,0.001,4.106076240539551
3619,7,119,378,95.85070037841797,85.7905765891553,0.001,3.884032964706421
3620,7,120,1575,99.13923645019531,85.91343418019609,0.001,3.5381383895874023
3621,7,121,60,87.13427734375,85.92120418135174,0.001,4.482656002044678
3622,7,122,2652,89.0253677368164,85.93412492978516,0.001,4.356539487838745
3623,7,123,522,76.02592468261719,85.81754556612577,0.001,4.156696796417236
3624,7,124,834,90.74384307861328,85.87455058807917,0.001,4.044361114501953
3625,7,125,1514,92.31080627441406,85.90087655477959,0.001,3.7157554626464844
3626,7,126,1846,85.58406829833984,85.89818097308144,0.001,3.9617810249328613
3627,7,127,920,86.38459777832031,85.90375806960661,0.001,4.106635808944702
3628,7,128,2166,84.55906677246094,85.89569973362325,0.001,4.1902077198028564
3629,7,129,728,82.2059555053711,85.86474833564279,0.001,3.8865082263946533
3630,7,130,863,82.39252471923828,85.83575232866217,0.001,4.1298675537109375
3631,7,131,759,86.19853973388672,85.83870561159489,0.001,4.799250602722168
3632,7,132,789,80.89801025390625,85.79853150294353,0.001,4.227665901184082
3633,7,133,2845,84.75276947021484,85.7872927529815,0.001,3.9601926803588867
3634,7,134,814,74.75991821289062,85.74391987620582,0.001,4.284430265426636
3635,7,135,2583,91.078125,85.78677843823834,0.001,3.8370702266693115
3636,7,136,178,80.56232452392578,85.74642968528262,0.001,3.8499886989593506
3637,7,137,1383,91.68412017822266,85.7803165791738,0.001,5.072256565093994
3638,7,138,2864,85.29048919677734,85.77755078201696,0.001,4.82042670249939
3639,7,139,521,83.41629028320312,85.76882864017794,0.001,4.055433034896851
3640,7,140,2929,85.82699584960938,85.76927889178775,0.001,4.0614588260650635
3641,7,141,2341,79.93771362304688,85.70931648426416,0.001,4.383765459060669
3642,7,142,432,78.47262573242188,85.655378549984,0.001,4.224551677703857
3643,7,143,363,90.57547760009766,85.67302996862796,0.001,3.572014093399048
3644,7,144,2654,87.83260345458984,85.69469833792124,0.001,4.262839317321777
3645,7,145,2427,80.6419677734375,85.65789397990585,0.001,3.3887856006622314
3646,7,146,1313,85.38420104980469,85.65531791928554,0.001,4.021874189376831
3647,7,147,916,89.8001708984375,85.67006538352459,0.001,4.320345163345337
3648,7,148,390,94.60039520263672,85.71548130944896,0.001,3.9847118854522705
3649,7,149,819,84.51101684570312,85.70670394223178,0.001,4.07992959022522
3650,7,150,719,81.07193756103516,85.66226012410175,0.001,3.6419222354888916
3651,7,151,424,88.891357421875,85.67794101428991,0.001,4.255872964859009
3652,7,152,1083,91.52684783935547,85.73180744341366,0.001,3.90669322013855
3653,7,153,1324,89.12845611572266,85.76331807024252,0.001,3.5742735862731934
3654,7,154,2008,113.18851470947266,85.84503486933549,0.001,4.128167390823364
3655,7,155,2584,83.15540313720703,85.82025666685729,0.001,4.008659839630127
3656,7,156,2223,85.22236633300781,85.8147443824084,0.001,4.1932737827301025
3657,7,157,2095,85.38220977783203,85.81089399181975,0.001,4.476221084594727
3658,7,158,699,77.56460571289062,85.75601002835329,0.001,3.773951530456543
3659,7,159,680,104.2899398803711,85.81489394243472,0.001,4.040678262710571
3660,7,160,1439,87.7893295288086,85.83225152891954,0.001,3.498727798461914
3661,7,161,481,90.0282211303711,85.86008140425696,0.001,3.579969882965088
3662,7,162,519,80.37617492675781,85.81176748688836,0.001,3.361551523208618
3663,7,163,1832,97.45831298828125,85.91314279400225,0.001,4.385066032409668
3664,7,164,2499,92.70296478271484,85.94468978220475,0.001,3.6126656532287598
3665,7,165,368,82.97819519042969,85.92492436071663,0.001,4.2564568519592285
3666,7,166,2619,86.9736099243164,85.92932686036816,0.001,4.200777769088745
3667,7,167,383,90.4845199584961,85.96678924709681,0.001,4.189985275268555
3668,7,168,336,82.01392364501953,85.9332883792447,0.001,4.250320911407471
3669,7,169,827,94.31027221679688,85.96459499896675,0.001,4.046961307525635
3670,7,170,861,92.29045867919922,85.99291694031055,0.001,4.840826034545898
3671,7,171,2832,78.29096984863281,85.93217316823556,0.001,4.425266742706299
3672,7,172,405,91.08406066894531,85.95545164314574,0.001,4.1929099559783936
3673,7,173,2668,93.59224700927734,86.00292062646534,0.001,4.236882209777832
3674,7,174,67,85.77924346923828,86.0015532770911,0.001,4.5281195640563965
3675,7,175,376,103.05968475341797,86.05176978866253,0.001,3.511342763900757
3676,7,176,770,90.22123718261719,86.07737198531585,0.001,4.203124284744263
3677,7,177,2547,86.44374084472656,86.0795828398358,0.001,3.4805140495300293
3678,7,178,468,85.70236206054688,86.07660997015464,0.001,3.969470977783203
3679,7,179,1111,87.90019226074219,86.08739664551287,0.001,4.269597291946411
3680,7,180,1556,81.03848266601562,86.05748433375093,0.001,4.184370994567871
3681,7,181,1627,98.15773010253906,86.12902565820826,0.001,4.211739778518677
3682,7,182,2569,101.62470245361328,86.19346871650914,0.001,3.889338493347168
3683,7,183,1596,92.0902328491211,86.21739487367995,0.001,4.235172748565674
3684,7,184,2278,88.29875183105469,86.22961207431716,0.001,4.3705713748931885
3685,7,185,2564,82.32080078125,86.20753137083219,0.001,4.280919313430786
3686,7,186,977,85.9852294921875,86.2066493163778,0.001,5.224249601364136
3687,7,187,436,87.47296905517578,86.2117182312465,0.001,4.0430896282196045
3688,7,188,2450,85.31159973144531,86.20670914370457,0.001,4.696664571762085
3689,7,189,990,76.61172485351562,86.15134202490006,0.001,4.12735390663147
3690,7,190,2694,100.99513244628906,86.19080581665278,0.001,3.7516040802001953
3691,7,191,727,80.8921890258789,86.17685549679754,0.001,3.5609357357025146
3692,7,192,832,76.50690460205078,86.10547374685163,0.001,4.020167827606201
3693,7,193,1812,83.1613540649414,86.08353048836024,0.001,3.7052412033081055
3694,7,194,490,88.09493255615234,86.08891643508605,0.001,3.82470703125
3695,7,195,1819,88.2221450805664,86.09454480812656,0.001,4.066716194152832
3696,7,196,1809,87.12401580810547,86.10189513739988,0.001,3.516322612762451
3697,7,197,689,89.91893768310547,86.1166677896267,0.001,3.7579731941223145
3698,7,198,693,85.82691192626953,86.11457341921088,0.001,4.264826059341431
3699,7,199,2906,83.84407806396484,86.10242691261088,0.001,4.471761226654053
3700,7,200,2297,85.12603759765625,86.09710107071609,0.001,4.592798709869385
3701,7,201,2064,85.46073150634766,86.09368344541356,0.001,4.088590621948242
3702,7,202,2455,101.59772491455078,86.13365005249602,0.001,3.2072629928588867
3703,7,203,870,86.82172393798828,86.13624791503922,0.001,3.6819658279418945
3704,7,204,1903,85.83433532714844,86.13513261245069,0.001,4.405865430831909
3705,7,205,453,99.1319351196289,86.1833273153867,0.001,3.920105218887329
3706,7,206,707,86.63829803466797,86.18438751914577,0.001,4.167229652404785
3707,7,207,986,77.22003173828125,86.13701719605415,0.001,3.868603229522705
3708,7,208,2546,85.44255828857422,86.13345548287337,0.001,4.022085428237915
3709,7,209,1443,78.03787994384766,86.07834052195096,0.001,4.439472198486328
3710,7,210,377,87.47964477539062,86.08346335243486,0.001,3.881002902984619
3711,7,211,1570,86.3890151977539,86.08421418497261,0.001,4.191487073898315
3712,7,212,2435,85.97942352294922,86.08395241231558,0.001,4.268499374389648
3713,7,213,496,80.69600677490234,86.05781945351832,0.001,4.867761850357056
3714,7,214,864,94.97484588623047,86.07813708883475,0.001,3.5961103439331055
3715,7,215,682,92.41799926757812,86.12028810017117,0.001,3.897427797317505
3716,7,216,372,79.98629760742188,86.10743737571973,0.001,3.787407875061035
3717,7,217,518,81.6417236328125,86.09675827696222,0.001,3.7373905181884766
3718,7,218,2534,101.12905883789062,86.13291227405507,0.001,3.659921646118164
3719,7,219,686,73.9402847290039,86.07109969883756,0.001,4.123605966567993
3720,7,220,350,82.13813018798828,86.05154719149319,0.001,4.1518714427948
3721,7,221,2775,87.35698699951172,86.05787497148656,0.001,3.9444241523742676
3722,7,222,264,91.28636932373047,86.08360056169923,0.001,4.131341457366943
3723,7,223,2706,79.21954345703125,86.06845214048847,0.001,4.092329263687134
3724,7,224,801,85.88121795654297,86.06782107568327,0.001,3.6018736362457275
3725,7,225,1586,88.14794158935547,86.0813201578595,0.001,4.383894681930542
3726,7,226,2343,86.05928802490234,86.08124535907994,0.001,4.181204557418823
3727,7,227,65,92.04084014892578,86.09519220988672,0.001,3.9321229457855225
3728,7,228,2672,84.98716735839844,86.08810035502711,0.001,3.733651876449585
3729,7,229,2593,78.06266784667969,86.04918273385718,0.001,3.5551109313964844
3730,7,230,344,84.37755584716797,86.04540073756873,0.001,4.372772455215454
3731,7,231,1626,74.50145721435547,86.02026895084968,0.001,3.944888114929199
3732,7,232,2692,87.68036651611328,86.03065602897244,0.001,4.30349063873291
3733,7,233,695,85.87781524658203,86.02993519760739,0.001,4.263739824295044
3734,7,234,361,85.51429748535156,86.02689356671007,0.001,4.714150667190552
3735,7,235,1648,96.94242858886719,86.06292626027849,0.001,4.0263612270355225
3736,7,236,773,96.75547790527344,86.11223474749173,0.001,3.625004768371582
3737,7,237,913,83.96114349365234,86.10520079005103,0.001,3.386547088623047
3738,7,238,2221,90.53213500976562,86.12584389506638,0.001,3.8840911388397217
3739,7,239,2537,83.64915466308594,86.1143140596279,0.001,3.9390480518341064
3740,7,240,2241,100.95731353759766,86.20502090368332,0.001,4.171237468719482
3741,7,241,1470,93.05806732177734,86.23509906597792,0.001,4.071173191070557
3742,7,242,710,84.38233947753906,86.22683189788208,0.001,3.8107175827026367
3743,7,243,989,90.42449951171875,86.24553633287807,0.001,3.9158332347869873
3744,7,244,2179,92.94976043701172,86.2671424689599,0.001,4.221108436584473
3745,7,245,2073,81.9842758178711,86.25844437380185,0.001,4.206043004989624
3746,7,246,447,95.49414825439453,86.2781781001608,0.001,3.9868085384368896
3747,7,247,803,102.64468383789062,86.31174264753292,0.001,4.314304828643799
3748,7,248,2610,83.0805892944336,86.30493506501885,0.001,4.46666407585144
3749,7,249,705,81.74771118164062,86.27784806863185,0.001,4.123185396194458
3750,7,250,2781,76.63652038574219,86.2514463773966,0.001,4.397768497467041
3751,7,251,851,85.8304214477539,86.24894717463292,0.001,3.083932399749756
3752,7,252,2147,87.2502212524414,86.25475833936572,0.001,3.919312000274658
3753,7,253,991,98.83993530273438,86.28006223235143,0.001,3.921660900115967
3754,7,254,972,88.43791961669922,86.2891636207232,0.001,4.333902359008789
3755,7,255,2113,87.31505584716797,86.29361276472825,0.001,3.422574520111084
3756,7,256,458,83.43267822265625,86.28763171928136,0.001,3.718935489654541
3757,7,257,2603,74.85324096679688,86.22449999822824,0.001,3.8849291801452637
3758,7,258,951,90.18494415283203,86.24120231090488,0.001,4.210470676422119
3759,7,259,98,89.41471862792969,86.25908068851889,0.001,3.8469746112823486
3760,7,260,73,82.1002426147461,86.25066321070149,0.001,4.03619909286499
3761,7,261,778,92.8702621459961,86.27810492328625,0.001,4.339526414871216
3762,7,262,1503,82.47931671142578,86.26768074678137,0.001,4.174572706222534
3763,7,263,601,86.1462173461914,86.26700994919908,0.001,3.88462495803833
3764,7,264,1756,91.0982894897461,86.28662524459727,0.001,3.860069513320923
3765,7,265,2909,84.83721923828125,86.28061364418237,0.001,3.8864262104034424
3766,7,266,858,92.78663635253906,86.29213350279086,0.001,3.4861879348754883
3767,7,267,77,86.08829498291016,86.29129002279173,0.001,4.428816080093384
3768,7,268,954,73.8328857421875,86.2671237307646,0.001,4.471606969833374
3769,7,269,1543,99.7774887084961,86.29370878509528,0.001,4.019072532653809
3770,7,270,68,94.13130187988281,86.31688059256444,0.001,4.292411804199219
3771,7,271,388,97.79425048828125,86.33809804477359,0.001,3.6301791667938232
3772,7,272,1706,104.06495666503906,86.40934436339725,0.001,3.830036163330078
3773,7,273,2482,85.57991790771484,86.40486478349014,0.001,3.8270204067230225
3774,7,274,2538,94.38545989990234,86.42012049945644,0.001,3.687161684036255
3775,7,275,523,89.53218078613281,86.43680265045741,0.001,3.7635233402252197
3776,7,276,2462,87.67562866210938,86.44343656874373,0.001,3.8332583904266357
3777,7,277,961,79.21983337402344,86.40564790439596,0.001,3.5917704105377197
3778,7,278,742,82.6507568359375,86.38592738605404,0.001,4.198883056640625
3779,7,279,611,88.88388061523438,86.39278654707148,0.001,4.372318744659424
3780,7,280,2608,87.4708251953125,86.39848605259445,0.001,4.466536998748779
3781,7,281,74,97.60932159423828,86.41893181063345,0.001,4.281852722167969
3782,7,282,400,89.45651245117188,86.42646077443885,0.001,4.0041797161102295
3783,7,283,694,82.78783416748047,86.40779198041011,0.001,3.58101224899292
3784,7,284,825,80.13687133789062,86.3965971654955,0.001,3.3436007499694824
3785,7,285,2494,75.21717834472656,86.35410818886827,0.001,4.064940929412842
3786,7,286,2152,87.0875473022461,86.35688050406277,0.001,3.8108863830566406
3787,7,287,1262,88.19113159179688,86.36015952628092,0.001,3.400409698486328
3788,7,288,1649,77.48377227783203,86.32638147270846,0.001,4.14821982383728
3789,7,289,1532,94.91443634033203,86.36936366101708,0.001,3.7220187187194824
3790,7,290,1383,91.73388671875,86.38402022693143,0.001,3.4129843711853027
3791,7,291,1700,87.92626953125,86.38838520699025,0.001,3.6648292541503906
3792,7,292,1838,74.73147583007812,86.34551916509746,0.001,4.217538595199585
3793,7,293,1779,92.0627212524414,86.37383011666682,0.001,4.0592360496521
3794,7,294,1324,89.09693145751953,86.38716970757685,0.001,4.061682462692261
3795,7,295,1484,88.65245819091797,86.39561365515304,0.001,3.856329917907715
3796,7,296,1395,107.42407989501953,86.43311397444195,0.001,4.237248659133911
3797,7,297,1326,91.27582550048828,86.44147162916812,0.001,3.8328046798706055
3798,7,298,1122,75.82463836669922,86.41320729697809,0.001,4.158448934555054
3799,7,299,1481,80.48603820800781,86.39126440375624,0.001,3.8523926734924316
3800,7,300,1527,86.19376373291016,86.39054953660192,0.001,4.07292366027832
3801,7,301,1714,73.64942932128906,86.34546001176805,0.001,4.2798919677734375
3802,7,302,1551,93.61290740966797,86.37216964381305,0.001,3.9735538959503174
3803,7,303,2060,80.86488342285156,86.35221831643534,0.001,3.8613100051879883
3804,7,304,190,76.11845397949219,86.302117001913,0.001,3.7655272483825684
3805,7,305,1878,86.61985778808594,86.30291866413093,0.001,3.9458038806915283
3806,7,306,1250,83.07135009765625,86.29749013508679,0.001,3.991866111755371
3807,7,307,1735,79.57707214355469,86.28597958265134,0.001,3.7315096855163574
3808,7,308,1274,85.385986328125,86.28284668598884,0.001,3.823425531387329
3809,7,309,1457,84.32222747802734,86.27369572412617,0.001,4.063241720199585
3810,7,310,1615,87.30607604980469,86.27725629327459,0.001,4.174366235733032
3811,7,311,1265,93.54320526123047,86.28946545520533,0.001,4.598806619644165
3812,7,312,1123,90.0987777709961,86.2989831231068,0.001,4.526514530181885
3813,7,313,1751,85.41500854492188,86.29676879901916,0.001,4.687819004058838
3814,7,314,1113,87.57244110107422,86.30268871430397,0.001,4.202568769454956
3815,7,315,1896,80.85310363769531,86.28390576120358,0.001,3.3813862800598145
3816,7,316,1310,82.37356567382812,86.2657962951726,0.001,4.580981254577637
3817,7,317,1306,76.39232635498047,86.22065864554897,0.001,4.168998718261719
3818,7,318,1360,98.4464111328125,86.24007181735693,0.001,3.5077590942382812
3819,7,319,2073,81.8553466796875,86.23319997019908,0.001,4.4493467807769775
3820,7,320,1460,89.16486358642578,86.2403911124721,0.001,3.8893818855285645
3821,7,321,1768,93.89413452148438,86.25276049232517,0.001,3.9944772720336914
3822,7,322,1333,104.89926147460938,86.31634881523674,0.001,3.3072617053985596
3823,7,323,1439,87.77735137939453,86.32286145462933,0.001,3.977391481399536
3824,7,324,1263,96.52452087402344,86.35725436283013,0.001,3.7525246143341064
3825,7,325,1737,87.2138900756836,86.36098883444356,0.001,4.371762752532959
3826,7,326,1480,86.70279693603516,86.36152669292044,0.001,3.8975257873535156
3827,7,327,1482,91.12256622314453,86.36902897156843,0.001,3.919560670852661
3828,7,328,1620,84.8714599609375,86.3674327218698,0.001,3.93204402923584
3829,7,329,1616,93.35675048828125,86.39128076382933,0.001,4.2909324169158936
3830,7,330,1577,86.86266326904297,86.39284052941547,0.001,4.3883466720581055
3831,7,331,1766,87.81964111328125,86.39444994512313,0.001,3.9526166915893555
3832,7,332,1346,97.63740539550781,86.44225376172786,0.001,4.104455947875977
3833,7,333,1088,87.03365325927734,86.44416229881658,0.001,4.166846036911011
3834,7,334,2166,84.51179504394531,86.43964694138182,0.001,4.180264949798584
3835,7,335,2051,83.5447006225586,86.43010019691194,0.001,4.0026304721832275
3836,7,336,2184,94.59098815917969,86.44933759707851,0.001,3.8481664657592773
3837,7,337,2101,93.48213195800781,86.48013142107963,0.001,4.242867469787598
3838,7,338,2157,79.75182342529297,86.45105379604672,0.001,4.371973514556885
3839,7,339,1361,80.64197540283203,86.44210715384685,0.001,4.433410406112671
3840,7,340,1676,84.60453796386719,86.43415281683441,0.001,4.060335636138916
3841,7,341,1120,81.28173065185547,86.42288446103782,0.001,4.025808095932007
3842,7,342,1568,81.72457885742188,86.4079304983305,0.001,4.001759767532349
3843,7,343,1809,87.05043029785156,86.41061369309045,0.001,4.130582332611084
3844,7,344,2013,101.3633041381836,86.43293163779674,0.001,4.2848289012908936
3845,7,345,1097,96.07504272460938,86.44713924729908,0.001,4.318891763687134
3846,7,346,1516,82.75287628173828,86.43549831855354,0.001,3.8894686698913574
3847,7,347,1848,84.3231201171875,86.42656830194734,0.001,4.053579568862915
3848,7,348,1675,87.61422729492188,86.42921258453104,0.001,4.049147605895996
3849,7,349,2179,93.07768249511719,86.44434909465377,0.001,3.457789182662964
3850,7,350,2174,74.70026397705078,86.39666516365682,0.001,3.7638802528381348
3851,7,351,2235,87.59208679199219,86.40161739679628,0.001,3.8582546710968018
3852,7,352,1155,93.88870239257812,86.41291460035042,0.001,3.5430822372436523
3853,7,353,1636,72.36996459960938,86.3546911468464,0.001,3.683414936065674
3854,7,354,1530,80.73619842529297,86.33157450124735,0.001,4.563640832901001
3855,7,355,1344,81.03104400634766,86.31539905689327,0.001,3.987821102142334
3856,7,356,1617,88.28260040283203,86.32316689552987,0.001,3.6348683834075928
3857,7,357,2181,97.94708251953125,86.34017626304947,0.001,4.213253974914551
3858,7,358,1093,84.12738037109375,86.33134309620327,0.001,3.578023910522461
3859,7,359,1846,85.5820083618164,86.32908401218516,0.001,4.065299987792969
3860,7,360,2050,74.63529205322266,86.30420497347447,0.001,4.086622953414917
3861,7,361,1181,96.77269744873047,86.33513651497486,0.001,4.156094789505005
3862,7,362,1769,81.99211120605469,86.31751280931626,0.001,3.7775533199310303
3863,7,363,2251,96.44049072265625,86.3397610564119,0.001,4.410706281661987
3864,7,364,2325,92.25737762451172,86.35754499830861,0.001,4.186388731002808
3865,7,365,1693,89.88578033447266,86.37154326033962,0.001,3.87149977684021
3866,7,366,1394,78.04424285888672,86.3467533683683,0.001,4.520313024520874
3867,7,367,2113,87.31031036376953,86.3496515061899,0.001,3.4081521034240723
3868,7,368,1909,87.45921325683594,86.35396094785388,0.001,3.926239252090454
3869,7,369,1575,98.97991943359375,86.39204897741585,0.001,3.4823451042175293
3870,7,370,1495,90.95799255371094,86.40553121591593,0.001,3.990713596343994
3871,7,371,1951,92.54057312011719,86.42353829929016,0.001,4.002619981765747
3872,7,372,1117,90.45124053955078,86.43552196034354,0.001,3.974839210510254
3873,7,373,2328,79.0941390991211,86.4200449510618,0.001,3.9008913040161133
3874,7,374,1182,76.0962142944336,86.38978447557287,0.001,4.3896002769470215
3875,7,375,1557,84.86382293701172,86.38385789413532,0.001,3.793886184692383
3876,7,376,2340,87.3653793334961,86.38662938055049,0.001,3.690589189529419
3877,7,377,1355,77.1857681274414,86.36000729678598,0.001,4.139371633529663
3878,7,378,1470,93.0584716796875,86.37873890037974,0.001,3.6080963611602783
3879,7,379,2349,82.25666046142578,86.36310978646763,0.001,4.258488416671753
3880,7,380,1087,85.41497039794922,86.35957200357039,0.001,4.039097547531128
3881,7,381,1442,83.49066925048828,86.35381826428205,0.001,4.090022325515747
3882,7,382,2435,86.0188217163086,86.35335151593206,0.001,4.374678134918213
3883,7,383,1762,96.20986938476562,86.38119177210433,0.001,4.428968191146851
3884,7,384,2188,88.3264389038086,86.38664017555244,0.001,4.13171648979187
3885,7,385,1692,88.03378295898438,86.3927986178978,0.001,3.5629920959472656
3886,7,386,1149,72.22798919677734,86.35268628759526,0.001,4.127464056015015
3887,7,387,1814,76.77095031738281,86.32626315807227,0.001,4.229730844497681
3888,7,388,2192,92.04570007324219,86.33264619435175,0.001,3.9421167373657227
3889,7,389,1399,81.65807342529297,86.31503498247713,0.001,4.157026767730713
3890,7,390,2377,75.52072143554688,86.28518568592354,0.001,4.160582065582275
3891,7,391,2095,85.35574340820312,86.28182333314368,0.001,4.3114402294158936
3892,7,392,2140,95.77468872070312,86.29377572756103,0.001,3.9463839530944824
3893,7,393,1807,86.62454986572266,86.29497387062483,0.001,4.780100107192993
3894,7,394,1819,88.19290161132812,86.2974784227266,0.001,3.809690475463867
3895,7,395,1921,80.14368438720703,86.28063642441825,0.001,3.8875417709350586
3896,7,396,1802,92.715087890625,86.29815440763397,0.001,3.8634274005889893
3897,7,397,1092,86.93328857421875,86.30046542273988,0.001,3.7810018062591553
3898,7,398,2229,84.65107727050781,86.297695046031,0.001,4.0701117515563965
3899,7,399,1602,98.07540893554688,86.30776976604679,0.001,4.3084495067596436
3900,7,400,1111,87.7881088256836,86.31176885178431,0.001,3.801715135574341
3901,7,401,2427,80.39289855957031,86.29610726400357,0.001,4.047978639602661
3902,7,402,2458,78.02781677246094,86.27389592549972,0.001,3.978717565536499
3903,7,403,2482,85.62759399414062,86.27155999831257,0.001,3.9931600093841553
3904,7,404,1126,80.85819244384766,86.25218579478636,0.001,4.0452587604522705
3905,7,405,2327,101.56000518798828,86.28085122571238,0.001,3.687108039855957
3906,7,406,1343,86.86145782470703,86.28154118579714,0.001,4.004904747009277
3907,7,407,2425,88.15538024902344,86.28654775988018,0.001,3.982156991958618
3908,7,408,2448,82.14068603515625,86.2719785728778,0.001,4.225666761398315
3909,7,409,2172,84.70943450927734,86.26777768963655,0.001,3.5907351970672607
3910,7,410,2075,75.82310485839844,86.24842020141996,0.001,3.7222862243652344
3911,7,411,1596,91.99244689941406,86.2589786703204,0.001,4.120378494262695
3912,7,412,1925,110.830810546875,86.2894557023254,0.001,4.368594169616699
3913,7,413,1554,87.26924896240234,86.29069816644024,0.001,3.865638494491577
3914,7,414,1817,68.19478607177734,86.2688259098209,0.001,3.396066904067993
3915,7,415,1463,82.7490005493164,86.26499857371546,0.001,4.02122688293457
3916,7,416,1503,82.45793914794922,86.2584382502701,0.001,4.237896680831909
3917,7,417,1264,88.34374237060547,86.2610838571008,0.001,3.8875555992126465
3918,7,418,2529,89.42306518554688,86.26951813866259,0.001,4.290730714797974
3919,7,419,2243,86.27867889404297,86.26954993528618,0.001,4.654087066650391
3920,7,420,1764,88.10552215576172,86.27600888095736,0.001,4.202687740325928
3921,7,421,32,78.88753509521484,86.25013387538179,0.001,4.547968626022339
3922,7,422,1570,86.30115509033203,86.25019716507433,0.001,4.572709560394287
3923,7,423,274,88.02374267578125,86.254681469323,0.001,3.5147790908813477
3924,7,424,1440,92.37743377685547,86.27004041542968,0.001,3.9606528282165527
3925,7,425,2000,86.91255187988281,86.2708145521814,0.001,3.9189765453338623
3926,7,426,2204,94.05243682861328,86.29689116754881,0.001,3.959904909133911
3927,7,427,1311,75.67868041992188,86.26097712553833,0.001,3.9532418251037598
3928,7,428,1627,98.00432586669922,86.29101696439719,0.001,4.320846319198608
3929,7,429,1132,75.2551040649414,86.26266445843291,0.001,4.718827724456787
3930,7,430,2034,88.52799224853516,86.27016793550412,0.001,4.020025014877319
3931,7,431,1556,80.832763671875,86.25642896121198,0.001,4.005209445953369
3932,7,432,2398,81.91117858886719,86.24203794621553,0.001,3.9975223541259766
3933,7,433,1109,84.17493438720703,86.23538983209517,0.001,3.7610132694244385
3934,7,434,2270,84.69055938720703,86.23020292554821,0.001,3.4190187454223633
3935,7,435,2341,80.23434448242188,86.21020904557719,0.001,3.259185791015625
3936,7,436,1756,90.87818145751953,86.2215783781012,0.001,4.247237920761108
3937,7,437,2149,80.98097229003906,86.20844168175324,0.001,3.7138051986694336
3938,7,438,1127,89.08607482910156,86.2136142712838,0.001,3.9993338584899902
3939,7,439,1502,80.44595336914062,86.19444363064903,0.001,4.622130632400513
3940,7,440,2443,89.36815643310547,86.20216337752368,0.001,4.368078231811523
3941,7,441,2564,81.83635711669922,86.19167082145906,0.001,3.9685251712799072
3942,7,442,1679,73.19480895996094,86.16854011587425,0.001,3.6346631050109863
3943,7,443,2282,83.97119903564453,86.16599486329127,0.001,4.124551773071289
3944,7,444,2203,95.6639175415039,86.19685689609857,0.001,4.117242097854614
3945,7,445,2272,85.06309509277344,86.19411095775963,0.001,4.38753342628479
3946,7,446,1923,86.46287536621094,86.19477552775875,0.001,3.90899395942688
3947,7,447,2511,87.54502868652344,86.19713304966905,0.001,3.9069786071777344
3948,7,448,2387,96.80878448486328,86.21543613890974,0.001,3.6706197261810303
3949,7,449,2335,96.25801086425781,86.22724466128733,0.001,3.8394978046417236
3950,7,450,2613,98.07588958740234,86.25534475442716,0.001,4.036373615264893
3951,7,451,2450,85.49174499511719,86.25354930351169,0.001,4.5518598556518555
3952,7,452,2205,92.9360580444336,86.2697943047071,0.001,4.134188652038574
3953,7,453,1549,94.11677551269531,86.28355350328027,0.001,3.7280187606811523
3954,7,454,1888,78.74065399169922,86.26000827858182,0.001,3.9614713191986084
3955,7,455,1173,95.77655029296875,86.27083716702349,0.001,3.8307793140411377
3956,7,456,1317,80.94257354736328,86.264826846754,0.001,3.83493971824646
3957,7,457,272,89.0322036743164,86.2695388187354,0.001,4.884268045425415
3958,7,458,2552,90.26607513427734,86.27889302299998,0.001,4.370502233505249
3959,7,459,1363,86.19747924804688,86.27870146937137,0.001,4.002640247344971
3960,7,460,1576,96.30154418945312,86.28976460968256,0.001,3.7271370887756348
3961,7,461,2401,78.39836120605469,86.27096190041222,0.001,4.040923833847046
3962,7,462,2464,61.70299530029297,86.24290942347386,0.001,4.335717678070068
3963,7,463,2098,89.1181640625,86.24733275616248,0.001,3.971389055252075
3964,7,464,2535,88.97169494628906,86.2503676334709,0.001,4.596592664718628
3965,7,465,2479,85.05538940429688,86.24766922316367,0.001,4.168220281600952
3966,7,466,2460,81.11907958984375,86.24197865669636,0.001,4.2990007400512695
3967,7,467,2569,101.31511688232422,86.26698505917382,0.001,4.022275924682617
3968,7,468,1823,82.25153350830078,86.2542711981968,0.001,4.258342981338501
3969,7,469,1793,92.2889404296875,86.27265349792455,0.001,4.003896474838257
3970,7,470,2534,101.1989974975586,86.28929824869032,0.001,3.556260108947754
3971,7,471,1339,94.98384094238281,86.29901094917142,0.001,4.0334460735321045
3972,7,472,2147,87.17424011230469,86.30171513800273,0.001,4.397207021713257
3973,7,473,2692,87.85272979736328,86.3064568739052,0.001,4.243503093719482
3974,7,474,2767,83.93907165527344,86.30095962102672,0.001,4.355010032653809
3975,7,475,1777,81.78861236572266,86.29079871183822,0.001,4.150280714035034
3976,7,476,1862,79.61713409423828,86.28353745510204,0.001,3.890500068664551
3977,7,477,1717,101.62298583984375,86.29999483390145,0.001,3.812006711959839
3978,7,478,2152,86.98674774169922,86.30154186144198,0.001,4.547335863113403
3979,7,479,1473,84.72257995605469,86.29930944105902,0.001,3.706348180770874
3980,7,480,1081,93.03058624267578,86.31459154913011,0.001,3.823291063308716
3981,7,481,2660,89.85479736328125,86.32504345349969,0.001,4.165701150894165
3982,7,482,2422,78.4399185180664,86.31655835029478,0.001,4.40997314453125
3983,7,483,1373,75.46353149414062,86.29734423432429,0.001,3.8851189613342285
3984,7,484,2906,83.86054229736328,86.29188380305493,0.001,3.9864940643310547
3985,7,485,2584,82.9223861694336,86.28184514648645,0.001,3.9851558208465576
3986,7,486,1090,86.50181579589844,86.28219195510604,0.001,4.412009000778198
3987,7,487,2911,78.8617935180664,86.2748756519194,0.001,4.41368293762207
3988,7,488,2580,89.08683776855469,86.28304829720712,0.001,4.669728517532349
3989,7,489,1699,86.68258666992188,86.2836675937729,0.001,4.05903172492981
3990,7,490,2298,74.85458374023438,86.27186477772119,0.001,3.9991273880004883
3991,7,491,2789,86.860107421875,86.27316520019198,0.001,4.089126825332642
3992,7,492,2668,93.6722183227539,86.2897324552103,0.001,5.032219886779785
3993,7,493,2071,94.84226989746094,86.3031333530905,0.001,3.8222782611846924
3994,7,494,2502,90.45716857910156,86.31545850244474,0.001,4.047940969467163
3995,7,495,1845,79.09645080566406,86.30832145326731,0.001,4.06880784034729
3996,7,496,325,83.12117004394531,86.3013435361964,0.001,4.12462306022644
3997,7,497,1794,78.84336853027344,86.28527387385654,0.001,4.566046953201294
3998,7,498,1105,78.8779296875,86.2772388715002,0.001,4.223761558532715
3999,7,499,2070,89.34920501708984,86.28616212757049,0.001,4.248082876205444
4000,8,0,2522,78.6539535522461,78.6539535522461,0.001,3.9137933254241943
4001,8,1,1648,96.87116241455078,86.27580445776294,0.001,4.3462464809417725
4002,8,2,1682,77.30457305908203,82.96212307920925,0.001,3.6529154777526855
4003,8,3,1313,84.76704406738281,83.54164303724197,0.001,3.937166690826416
4004,8,4,1434,89.63690948486328,84.73206292557815,0.001,4.237467527389526
4005,8,5,1118,84.28206634521484,84.65659122467041,0.001,3.8073620796203613
4006,8,6,264,91.0891342163086,85.58867151189403,0.001,4.173707723617554
4007,8,7,256,79.02151489257812,84.98285939844338,0.001,3.576594829559326
4008,8,8,2510,80.37298583984375,84.30368015463004,0.001,4.447610378265381
4009,8,9,1900,93.15277099609375,84.76021712645152,0.001,3.2622873783111572
4010,8,10,2462,87.63252258300781,85.11919043829225,0.001,4.119130849838257
4011,8,11,2163,80.60157012939453,84.72759944640595,0.001,3.7505404949188232
4012,8,12,342,81.69464874267578,84.4162396899868,0.001,3.692784309387207
4013,8,13,2197,94.908203125,85.15102594750941,0.001,3.981794595718384
4014,8,14,1945,79.31470489501953,84.64919573492277,0.001,4.396250009536743
4015,8,15,2694,101.1933822631836,85.13822628821934,0.001,3.6114859580993652
4016,8,16,401,82.52596282958984,84.98435429291418,0.001,3.9772918224334717
4017,8,17,374,74.8810043334961,84.25329813858282,0.001,3.934138536453247
4018,8,18,2064,85.4166488647461,84.31416118220366,0.001,4.464437484741211
4019,8,19,392,90.1463851928711,84.68717195531406,0.001,3.9484992027282715
4020,8,20,2223,85.05252838134766,84.7094698555237,0.001,4.389285087585449
4021,8,21,378,95.95281219482422,85.3523846496076,0.001,3.6964852809906006
4022,8,22,2294,94.67488098144531,85.53294212513508,0.001,3.7142932415008545
4023,8,23,1174,85.92205047607422,85.54868376062075,0.001,4.044757604598999
4024,8,24,2781,76.68684387207031,85.33054316960043,0.001,3.910912275314331
4025,8,25,2565,80.07637023925781,85.23232639392684,0.001,3.2130208015441895
4026,8,26,383,90.17433166503906,85.46704413039541,0.001,3.804560899734497
4027,8,27,455,67.67549133300781,85.23138726556384,0.001,3.6425182819366455
4028,8,28,2593,78.05107116699219,84.97484223475948,0.001,4.0556440353393555
4029,8,29,2067,87.87428283691406,85.04716951627567,0.001,4.228777647018433
4030,8,30,2452,100.88983917236328,85.56965729578535,0.001,4.333926677703857
4031,8,31,2191,93.7010498046875,85.7609016119943,0.001,4.392009019851685
4032,8,32,2861,79.67916107177734,85.56987241245963,0.001,4.349350214004517
4033,8,33,1626,74.5253677368164,85.41342795424775,0.001,4.578752040863037
4034,8,34,1915,79.87532043457031,85.29560874993389,0.001,3.886735200881958
4035,8,35,2099,76.92432403564453,85.11859643786002,0.001,4.58147668838501
4036,8,36,390,94.73028564453125,85.31178765722655,0.001,4.788185119628906
4037,8,37,458,83.46355438232422,85.28602554492022,0.001,4.103826999664307
4038,8,38,2537,83.67044067382812,85.24032721996937,0.001,3.9844417572021484
4039,8,39,2378,88.93402862548828,85.34085365581164,0.001,3.468020439147949
4040,8,40,1153,87.95574188232422,85.4321504826388,0.001,4.573928117752075
4041,8,41,344,84.41792297363281,85.41972401866191,0.001,3.996345281600952
4042,8,42,2055,80.19222259521484,85.24675043111203,0.001,3.527456283569336
4043,8,43,273,89.01398468017578,85.33874094610002,0.001,3.8238139152526855
4044,8,44,336,81.98179626464844,85.23310413218218,0.001,4.376897811889648
4045,8,45,1098,75.46437072753906,85.07064594402354,0.001,3.5710268020629883
4046,8,46,1302,86.33830261230469,85.10608147762547,0.001,4.013072967529297
4047,8,47,2523,91.72901153564453,85.29850447269885,0.001,4.168469429016113
4048,8,48,1099,89.36589050292969,85.4134586514944,0.001,4.163134813308716
4049,8,49,2547,86.35496520996094,85.43300934032729,0.001,3.7549526691436768
4050,8,50,2619,86.98908996582031,85.45379315577324,0.001,3.6438229084014893
4051,8,51,2601,89.48565673828125,85.55889045205548,0.001,4.04779577255249
4052,8,52,2585,81.70365905761719,85.48511515991723,0.001,4.12824273109436
4053,8,53,1488,80.73467254638672,85.37170755956976,0.001,4.191775798797607
4054,8,54,1089,88.45580291748047,85.4479901178674,0.001,4.50302791595459
4055,8,55,65,92.04023742675781,85.50712617011504,0.001,3.675631284713745
4056,8,56,459,109.50505828857422,85.71406601158884,0.001,3.321993827819824
4057,8,57,1543,99.7986068725586,85.83723161009435,0.001,3.9756736755371094
4058,8,58,2874,87.60154724121094,85.86796247276371,0.001,4.722150802612305
4059,8,59,367,96.29092407226562,85.99701109580116,0.001,4.012589931488037
4060,8,60,2499,92.70325469970703,86.08024490338356,0.001,4.594428300857544
4061,8,61,1342,84.05292510986328,86.04632152405607,0.001,4.104081153869629
4062,8,62,519,80.54186248779297,85.92344601917412,0.001,3.782292127609253
4063,8,63,2513,101.9278564453125,86.04879092956261,0.001,4.253807067871094
4064,8,64,2871,74.78720092773438,85.80716126904531,0.001,3.615903854370117
4065,8,65,1839,78.2962417602539,85.75087170773138,0.001,3.877490758895874
4066,8,66,1151,92.41451263427734,85.8236924115783,0.001,4.238732814788818
4067,8,67,2543,86.43893432617188,85.83337318559967,0.001,4.127927303314209
4068,8,68,1548,91.55162811279297,85.91801068410288,0.001,3.8132317066192627
4069,8,69,1864,94.88967895507812,85.98386200561302,0.001,3.653465986251831
4070,8,70,1365,93.2688980102539,86.0366682239092,0.001,3.979809522628784
4071,8,71,2233,93.98458862304688,86.12154588712372,0.001,3.362239122390747
4072,8,72,607,95.78842163085938,86.18753852854718,0.001,3.607163190841675
4073,8,73,1821,99.42874908447266,86.28063501791677,0.001,4.049656391143799
4074,8,74,481,90.03760528564453,86.33543271146314,0.001,3.7475521564483643
4075,8,75,2590,100.42237091064453,86.47636060039797,0.001,3.994525194168091
4076,8,76,518,81.60253143310547,86.44290695521318,0.001,3.8236522674560547
4077,8,77,742,82.65003204345703,86.37138911032882,0.001,4.621820449829102
4078,8,78,1397,81.61178588867188,86.28269127630104,0.001,4.012399196624756
4079,8,79,2563,75.39784240722656,86.17600803760486,0.001,3.9609973430633545
4080,8,80,2219,90.42710876464844,86.20185226240193,0.001,4.254497051239014
4081,8,81,1879,81.89845275878906,86.15975862278032,0.001,4.017560005187988
4082,8,82,2929,85.88227081298828,86.15606908775482,0.001,4.390873670578003
4083,8,83,2040,84.40404510498047,86.12519445053145,0.001,3.755640745162964
4084,8,84,471,87.38733673095703,86.14657144900394,0.001,4.210312128067017
4085,8,85,447,95.4207992553711,86.20357080636703,0.001,3.6360671520233154
4086,8,86,682,92.25950622558594,86.30411450913448,0.001,4.456627607345581
4087,8,87,56,87.92678833007812,86.32420983615806,0.001,4.415036678314209
4088,8,88,74,97.62447357177734,86.38956362222105,0.001,4.467522382736206
4089,8,89,2533,66.97042846679688,86.21714044834867,0.001,4.045658349990845
4090,8,90,2709,100.02808380126953,86.29594707605922,0.001,3.718125820159912
4091,8,91,1918,80.04865264892578,86.19624834531933,0.001,4.044326305389404
4092,8,92,400,89.40791320800781,86.22060295716584,0.001,4.377943992614746
4093,8,93,37,80.86984252929688,86.13781505635045,0.001,4.014041423797607
4094,8,94,1368,86.77867126464844,86.14321924954248,0.001,3.5684287548065186
4095,8,95,496,80.69022369384766,86.08349598146776,0.001,3.8996145725250244
4096,8,96,2343,86.02718353271484,86.0830452335829,0.001,3.873870372772217
4097,8,97,2196,95.88722229003906,86.1305459117355,0.001,3.642491102218628
4098,8,98,2772,79.45415496826172,86.0562294428735,0.001,4.040631532669067
4099,8,99,705,81.86638641357422,85.9937925966305,0.001,4.171962738037109
4100,8,100,492,80.76675415039062,85.9180874750873,0.001,4.263104438781738
4101,8,101,717,89.84776306152344,85.97406275400681,0.001,3.6873579025268555
4102,8,102,1806,79.72721862792969,85.88611345007007,0.001,4.196922063827515
4103,8,103,2832,78.29683685302734,85.78591691119009,0.001,4.639446258544922
4104,8,104,2278,88.33584594726562,85.81255884616725,0.001,4.2491655349731445
4105,8,105,469,90.77438354492188,85.87948819014237,0.001,4.3727898597717285
4106,8,106,774,87.02618408203125,85.89102445671239,0.001,4.382860898971558
4107,8,107,441,81.077392578125,85.8432118786702,0.001,3.285930871963501
4108,8,108,2603,74.85498046875,85.70289941113523,0.001,4.183531999588013
4109,8,109,2654,87.80807495117188,85.73022396614151,0.001,4.1398704051971436
4110,8,110,2505,86.20500183105469,85.73245387664053,0.001,4.2038328647613525
4111,8,111,2241,101.10420227050781,85.93015888630275,0.001,3.6455655097961426
4112,8,112,64,97.7079849243164,85.98404750202944,0.001,4.025018930435181
4113,8,113,2763,94.82192993164062,86.02348923750625,0.001,4.3591413497924805
4114,8,114,1540,97.93344116210938,86.07718227098478,0.001,4.41505765914917
4115,8,115,801,85.76271057128906,86.07514689257748,0.001,3.6538500785827637
4116,8,116,2614,79.01066589355469,85.98897827634175,0.001,3.9399919509887695
4117,8,117,1903,85.89567565917969,85.98837748156775,0.001,3.9548771381378174
4118,8,118,382,77.70806884765625,85.95341758415236,0.001,4.401440382003784
4119,8,119,2546,85.62349700927734,85.9504585282864,0.001,4.015355825424194
4120,8,120,77,86.06243896484375,85.95147449055486,0.001,3.63063907623291
4121,8,121,689,89.94456481933594,85.97678646404788,0.001,3.6133782863616943
4122,8,122,73,81.95223236083984,85.95957938694163,0.001,4.056303262710571
4123,8,123,1772,86.01988983154297,85.96029483187175,0.001,3.5047523975372314
4124,8,124,363,90.4629135131836,85.97890998101767,0.001,4.212667942047119
4125,8,125,28,96.32289123535156,86.02149896469615,0.001,3.918165445327759
4126,8,126,490,88.15319061279297,86.03046015064166,0.001,3.7834420204162598
4127,8,127,2722,72.90314483642578,85.98069504349127,0.001,4.01602029800415
4128,8,128,814,74.69640350341797,85.93331214981339,0.001,4.4505815505981445
4129,8,129,1797,71.91336059570312,85.8750546779614,0.001,4.691134691238403
4130,8,130,1443,78.06320190429688,85.78753383178346,0.001,4.669718265533447
4131,8,131,2652,89.04629516601562,85.80036531889878,0.001,3.667389392852783
4132,8,132,2845,84.72391510009766,85.78843332722116,0.001,3.9410905838012695
4133,8,133,337,78.23359680175781,85.74801707388146,0.001,4.533969402313232
4134,8,134,693,85.76667022705078,85.74822166801872,0.001,4.62770414352417
4135,8,135,2538,94.42581176757812,85.7820041366129,0.001,4.105971574783325
4136,8,136,376,103.0287857055664,85.84974378946642,0.001,4.346524477005005
4137,8,137,1902,90.2293930053711,85.88510112022917,0.001,4.495977878570557
4138,8,138,789,80.90513610839844,85.84541777761903,0.001,4.286689519882202
4139,8,139,1569,89.8798828125,85.87762276481473,0.001,3.4794344902038574
4140,8,140,920,86.40496063232422,85.88321512271425,0.001,3.486379861831665
4141,8,141,1586,88.17932891845703,85.90717174958728,0.001,3.5496628284454346
4142,8,142,2216,90.16552734375,85.92124588683399,0.001,3.807431697845459
4143,8,143,2793,80.60328674316406,85.86601816309835,0.001,4.0968053340911865
4144,8,144,2249,88.98805236816406,85.89021628243813,0.001,4.073890209197998
4145,8,145,2775,87.34969329833984,85.9010784814499,0.001,3.8679630756378174
4146,8,146,507,99.71418762207031,85.9355704962856,0.001,3.6983683109283447
4147,8,147,743,84.31564331054688,85.92982447481928,0.001,3.6593713760375977
4148,8,148,69,89.11105346679688,85.96158562000227,0.001,4.054378271102905
4149,8,149,904,78.16081237792969,85.92516678340382,0.001,3.9817042350769043
4150,8,150,2080,78.76226043701172,85.85484642739736,0.001,4.492506980895996
4151,8,151,773,96.72866821289062,85.93382160523419,0.001,3.5947163105010986
4152,8,152,2672,84.95430755615234,85.92437130437341,0.001,3.9906551837921143
4153,8,153,2608,87.52699279785156,85.93988752317998,0.001,4.007822036743164
4154,8,154,175,90.28636169433594,85.96234972208278,0.001,3.6213481426239014
4155,8,155,2706,79.2439193725586,85.94087950260806,0.001,4.008735418319702
4156,8,156,832,76.58004760742188,85.85401620721666,0.001,4.047017812728882
4157,8,157,68,94.06941986083984,85.89568375521678,0.001,3.737020492553711
4158,8,158,408,74.07950592041016,85.8377837160909,0.001,4.199930429458618
4159,8,159,2117,91.52055358886719,85.87595387865281,0.001,3.7698776721954346
4160,8,160,2682,80.66600799560547,85.82792708041525,0.001,4.054596185684204
4161,8,161,915,96.70809936523438,85.8618810482036,0.001,4.217270851135254
4162,8,162,2750,83.92339324951172,85.85567863798869,0.001,3.809293270111084
4163,8,163,488,87.33151245117188,85.86876227108428,0.001,4.126384258270264
4164,8,164,2202,88.4810791015625,85.8921023854971,0.001,4.101276159286499
4165,8,165,1083,91.61727142333984,85.94122379243821,0.001,3.874505043029785
4166,8,166,803,102.61544799804688,85.99207234846533,0.001,4.666023015975952
4167,8,167,914,83.56730651855469,85.97628300282219,0.001,4.389419794082642
4168,8,168,1812,83.16389465332031,85.9517072694376,0.001,4.0760862827301025
4169,8,169,350,82.11656951904297,85.92685088386331,0.001,4.0153844356536865
4170,8,170,2617,83.25479888916016,85.90425824429369,0.001,4.35775351524353
4171,8,171,1965,85.05413818359375,85.8970263934076,0.001,3.852841377258301
4172,8,172,2297,84.94632720947266,85.89091927173509,0.001,3.8838963508605957
4173,8,173,424,88.88603973388672,85.9036565821723,0.001,3.9040894508361816
4174,8,174,94,77.94003295898438,85.84150440715229,0.001,3.91652512550354
4175,8,175,991,98.83116149902344,85.87897921365918,0.001,3.8594119548797607
4176,8,176,2225,90.44520568847656,85.91630546495045,0.001,3.919651508331299
4177,8,177,2583,91.03533172607422,85.94779278001923,0.001,3.9881536960601807
4178,8,178,1686,89.31027221679688,85.97488988791471,0.001,4.699425935745239
4179,8,179,966,81.42913818359375,85.95570217318298,0.001,3.72229266166687
4180,8,180,873,89.27519989013672,85.96406681480192,0.001,3.9092345237731934
4181,8,181,680,104.2947769165039,86.01589589808647,0.001,3.9386191368103027
4182,8,182,522,76.03091430664062,85.9364011488294,0.001,3.707498073577881
4183,8,183,685,86.90959930419922,85.94207946499118,0.001,4.145650863647461
4184,8,184,962,75.32437133789062,85.89702645435105,0.001,4.496283292770386
4185,8,185,2927,87.07872772216797,85.89989278444386,0.001,4.049236297607422
4186,8,186,788,81.47561645507812,85.86540068160565,0.001,4.474761247634888
4187,8,187,1523,86.66271209716797,85.86761310666928,0.001,4.14022159576416
4188,8,188,2494,75.28744506835938,85.80694547860716,0.001,3.494950294494629
4189,8,189,1334,86.55489349365234,85.80896374281437,0.001,3.821681499481201
4190,8,190,2221,90.64447021484375,85.83721265326011,0.001,4.288243532180786
4191,8,191,1690,78.08370208740234,85.81593799919833,0.001,3.7858080863952637
4192,8,192,1393,89.12057495117188,85.83482897726165,0.001,5.015315055847168
4193,8,193,919,86.46542358398438,85.83964695752171,0.001,4.1511619091033936
4194,8,194,1858,81.20219421386719,85.8139209571374,0.001,4.205794811248779
4195,8,195,178,80.59888458251953,85.78552992078333,0.001,4.279556751251221
4196,8,196,851,85.91517639160156,85.78650922146798,0.001,4.348081111907959
4197,8,197,686,73.8071060180664,85.71913082981388,0.001,3.5496625900268555
4198,8,198,2669,98.55746459960938,85.7531432305622,0.001,3.9793388843536377
4199,8,199,2758,100.2935791015625,85.83218323499969,0.001,4.245478868484497
4200,8,200,2588,87.52361297607422,85.84454983304397,0.001,3.6675374507904053
4201,8,201,811,73.6744613647461,85.81551177163774,0.001,3.9408888816833496
4202,8,202,695,85.96576690673828,85.81632684593446,0.001,3.7914819717407227
4203,8,203,1580,97.29286193847656,85.86015464922097,0.001,4.000880718231201
4204,8,204,1642,83.19535827636719,85.84615506452207,0.001,3.464108467102051
4205,8,205,1506,78.83158111572266,85.82930374157395,0.001,3.7503702640533447
4206,8,206,601,86.13462829589844,85.83145139588275,0.001,3.8680899143218994
4207,8,207,1441,79.12300872802734,85.81424768236546,0.001,2.998748540878296
4208,8,208,368,82.9227066040039,85.79859707802055,0.001,4.015486001968384
4209,8,209,916,89.80162048339844,85.80872884700253,0.001,3.7458558082580566
4210,8,210,2274,88.25251007080078,85.82119228969552,0.001,4.070798873901367
4211,8,211,2007,84.4584732055664,85.81418564276514,0.001,3.2751429080963135
4212,8,212,403,83.5863037109375,85.80606852872452,0.001,3.578862190246582
4213,8,213,861,92.36418914794922,85.83013788793109,0.001,4.528815984725952
4214,8,214,2610,82.90526580810547,85.82299051527757,0.001,4.637896537780762
4215,8,215,250,87.64776611328125,85.82744135877368,0.001,3.573291301727295
4216,8,216,1571,92.4365234375,85.8720044337107,0.001,4.314160346984863
4217,8,217,778,92.88101959228516,85.90709893211599,0.001,3.8850865364074707
4218,8,218,2413,90.23112487792969,85.92911208017823,0.001,4.142637491226196
4219,8,219,2399,92.37326049804688,85.94289341470173,0.001,4.094287872314453
4220,8,220,611,88.90880584716797,85.9532940910729,0.001,4.359076976776123
4221,8,221,1519,87.15186309814453,85.95936068259202,0.001,3.6945247650146484
4222,8,222,436,87.45524597167969,85.96455960236308,0.001,4.18560528755188
4223,8,223,870,86.84722900390625,85.96767602864155,0.001,4.688629627227783
4224,8,224,177,89.1675796508789,85.98316824570763,0.001,3.3454179763793945
4225,8,225,1914,85.19190216064453,85.9813237975756,0.001,4.093886375427246
4226,8,226,834,90.60189056396484,86.01126092647128,0.001,3.8888330459594727
4227,8,227,989,90.4007339477539,86.03247290348509,0.001,3.1985082626342773
4228,8,228,2347,83.63651275634766,86.02094377654703,0.001,3.7273921966552734
4229,8,229,787,88.51412200927734,86.02673256635588,0.001,4.26890230178833
4230,8,230,377,87.38919067382812,86.03139767627306,0.001,3.6819229125976562
4231,8,231,2834,82.06224060058594,86.0060989161744,0.001,4.152552127838135
4232,8,232,38,83.54114532470703,85.99767923045013,0.001,3.8760557174682617
4233,8,233,858,92.7851333618164,86.01154882727462,0.001,3.700770854949951
4234,8,234,67,85.72420501708984,86.01019330713113,0.001,3.7678399085998535
4235,8,235,2432,75.19586944580078,85.98570843121017,0.001,3.8018102645874023
4236,8,236,2930,87.01981353759766,85.9879674529145,0.001,4.17270565032959
4237,8,237,448,96.95825958251953,86.04038662672117,0.001,3.9340367317199707
4238,8,238,961,79.21012878417969,85.99831553119323,0.001,3.7321455478668213
4239,8,239,1585,86.90673828125,86.00383487528264,0.001,4.132965564727783
4240,8,240,2923,91.7916030883789,86.02227130334057,0.001,4.446984052658081
4241,8,241,2392,86.06803894042969,86.02242293186936,0.001,3.8458285331726074
4242,8,242,2909,84.8221206665039,86.016898113769,0.001,3.7050960063934326
4243,8,243,2498,95.76013946533203,86.04847966152401,0.001,3.684767007827759
4244,8,244,1938,83.4751968383789,86.04311527438385,0.001,3.9114677906036377
4245,8,245,981,91.3483657836914,86.0671341890203,0.001,4.577035665512085
4246,8,246,986,77.19375610351562,86.02656558050151,0.001,4.105701684951782
4247,8,247,825,80.1251220703125,86.01427458655246,0.001,4.293086767196655
4248,8,248,699,77.5462875366211,85.97703472759243,0.001,3.8807713985443115
4249,8,249,2476,93.97136688232422,85.99407338287001,0.001,3.8278214931488037
4250,8,250,60,87.23392486572266,85.99799774699106,0.001,3.539397954940796
4251,8,251,863,82.38309478759766,85.98189340316009,0.001,3.6077940464019775
4252,8,252,446,88.62792205810547,85.99345750285143,0.001,3.9239983558654785
4253,8,253,521,83.48248291015625,85.98822689620319,0.001,4.219683885574341
4254,8,254,759,86.32762908935547,85.98969697378793,0.001,4.120964527130127
4255,8,255,808,87.11701965332031,85.99456832682664,0.001,3.9776852130889893
4256,8,256,514,98.25983428955078,86.03315630195506,0.001,3.6967597007751465
4257,8,257,1541,80.23664855957031,86.02226302353931,0.001,2.9968090057373047
4258,8,258,1791,81.5539779663086,86.00867327009585,0.001,3.935743570327759
4259,8,259,2455,101.6492691040039,86.04151188583779,0.001,4.005692720413208
4260,8,260,954,73.76457214355469,86.01637828147896,0.001,3.5962629318237305
4261,8,261,2595,93.31997680664062,86.03120368251213,0.001,3.195585250854492
4262,8,262,2144,92.12373352050781,86.0435166100083,0.001,4.535019159317017
4263,8,263,1372,78.56468963623047,86.01174057748999,0.001,4.296539545059204
4264,8,264,1514,92.20087432861328,86.02419995976568,0.001,3.4927103519439697
4265,8,265,340,82.10881042480469,86.00754782194872,0.001,4.006405353546143
4266,8,266,2548,86.07571411132812,86.00783114286624,0.001,4.4957897663116455
4267,8,267,864,94.79011535644531,86.0245229617161,0.001,3.6978068351745605
4268,8,268,2436,87.68370819091797,86.02787468966228,0.001,4.280605792999268
4269,8,269,827,94.29798126220703,86.04850223853695,0.001,3.9981179237365723
4270,8,270,2066,94.49928283691406,86.09527921198033,0.001,4.50224494934082
4271,8,271,2449,79.38640594482422,86.06736666510923,0.001,4.121886730194092
4272,8,272,432,78.51541900634766,86.03669365700388,0.001,4.323976993560791
4273,8,273,956,82.8595962524414,86.01931455280992,0.001,4.384856939315796
4274,8,274,1706,104.10736846923828,86.0931986049343,0.001,4.187408924102783
4275,8,275,388,97.854736328125,86.11516618743781,0.001,3.780073404312134
4276,8,276,2864,85.2909164428711,86.11273842227052,0.001,4.0626585483551025
4277,8,277,721,91.17890167236328,86.12722075299865,0.001,4.796643495559692
4278,8,278,1453,95.03488159179688,86.1432672625736,0.001,3.608793258666992
4279,8,279,990,76.6636962890625,86.10402167071605,0.001,4.804108142852783
4280,8,280,1161,82.28587341308594,86.09711127550406,0.001,3.9471890926361084
4281,8,281,770,90.1430435180664,86.11361766696444,0.001,4.204998016357422
4282,8,282,407,84.90151977539062,86.10876287460577,0.001,3.9228110313415527
4283,8,283,951,90.21005249023438,86.12507867744834,0.001,4.055561065673828
4284,8,284,468,85.65831756591797,86.1226328774093,0.001,4.4007227420806885
4285,8,285,1128,74.15911102294922,86.07529140300123,0.001,5.016509294509888
4286,8,286,1493,83.39733123779297,86.06121758647997,0.001,4.126965522766113
4287,8,287,706,79.77388763427734,86.04927625773986,0.001,4.296905755996704
4288,8,288,434,88.39555358886719,86.05324004941885,0.001,3.8827672004699707
4289,8,289,523,89.5235824584961,86.07143827528755,0.001,4.388280630111694
4290,8,290,2782,78.67692565917969,86.03281650584324,0.001,4.287155389785767
4291,8,291,707,86.70364379882812,86.03397443641182,0.001,4.319913148880005
4292,8,292,719,80.99210357666016,86.00805956142598,0.001,4.380601644515991
4293,8,293,710,84.38996887207031,86.00188597661538,0.001,4.289019346237183
4294,8,294,2794,86.88546752929688,86.00351652488976,0.001,3.6812775135040283
4295,8,295,819,84.49939727783203,85.99775268347501,0.001,3.8532869815826416
4296,8,296,2406,88.49098205566406,86.01048721123459,0.001,3.684821367263794
4297,8,297,694,82.79151916503906,85.99430489628078,0.001,3.538698196411133
4298,8,298,1370,73.65939331054688,85.9475885146072,0.001,3.868278980255127
4299,8,299,405,90.9836196899414,85.96139022220865,0.001,3.7507498264312744
4300,8,300,1832,97.38935089111328,86.01832463077588,0.001,4.327131986618042
4301,8,301,2293,74.16401672363281,85.97320608335345,0.001,4.559139728546143
4302,8,302,361,85.51533508300781,85.97105591032395,0.001,4.047261953353882
4303,8,303,728,82.08302307128906,85.95667771796755,0.001,3.925740957260132
4304,8,304,1844,103.73640441894531,85.98438727490735,0.001,4.046245813369751
4305,8,305,977,86.00946807861328,85.984451091065,0.001,4.098487377166748
4306,8,306,972,88.44068908691406,85.99326908618985,0.001,4.256478786468506
4307,8,307,254,75.71527099609375,85.94361954505167,0.001,4.087698459625244
4308,8,308,29,81.16038513183594,85.92637899942395,0.001,4.109679698944092
4309,8,309,1196,87.23008728027344,85.92844146406605,0.001,4.093006134033203
4310,8,310,2784,87.71766662597656,85.93707752504756,0.001,3.7348954677581787
4311,8,311,453,99.13362121582031,85.9706717125705,0.001,4.523987531661987
4312,8,312,2720,91.12959289550781,85.97882743147422,0.001,3.716346502304077
4313,8,313,1828,78.06085968017578,85.94028945374446,0.001,3.9306674003601074
4314,8,314,771,85.44390869140625,85.93853345078533,0.001,4.508981227874756
4315,8,315,727,80.92906951904297,85.93017683387616,0.001,4.13282585144043
4316,8,316,852,92.53148651123047,85.95331119034581,0.001,4.174535036087036
4317,8,317,98,89.39752960205078,85.96957286078752,0.001,4.48137354850769
4318,8,318,266,99.02832794189453,86.03074837953693,0.001,4.5247437953948975
4319,8,319,2008,113.31359100341797,86.07144794241297,0.001,3.8613522052764893
4320,8,320,913,83.95269775390625,86.06618153627264,0.001,4.092757701873779
4321,8,321,1259,77.94355773925781,86.04638076172843,0.001,3.532910108566284
4322,8,322,461,92.33528137207031,86.07521468351898,0.001,3.6201071739196777
4323,8,323,372,79.94464111328125,86.0663351033757,0.001,3.65972638130188
4324,8,324,2596,94.11052703857422,86.0861741253408,0.001,4.267270088195801
4325,8,325,616,89.4933090209961,86.10165386069691,0.001,3.6203975677490234
4326,8,326,2673,84.91471099853516,86.09752236171585,0.001,4.475549697875977
4327,8,327,2901,91.8147201538086,86.11180740338926,0.001,4.446544647216797
4328,8,328,1441,79.02558135986328,86.10002547432596,0.001,4.027667760848999
4329,8,329,1370,73.65110778808594,86.05737600169189,0.001,4.697628736495972
4330,8,330,1902,90.14215087890625,86.07124929610086,0.001,3.608854293823242
4331,8,331,1777,81.70289611816406,86.05670124820365,0.001,4.693277835845947
4332,8,332,1495,90.9585952758789,86.07328884887482,0.001,3.847554922103882
4333,8,333,1111,87.8117446899414,86.07910635063072,0.001,4.7375710010528564
4334,8,334,1577,86.88691711425781,86.08179605121083,0.001,4.26450514793396
4335,8,335,1532,94.91036224365234,86.12076267358098,0.001,3.9727137088775635
4336,8,336,1878,86.63658905029297,86.12197202660047,0.001,3.7783403396606445
4337,8,337,1556,80.95094299316406,86.10476982051884,0.001,4.2303972244262695
4338,8,338,1502,80.30371856689453,86.07890112967067,0.001,4.1275670528411865
4339,8,339,1105,78.90046691894531,86.06719526124374,0.001,4.403944730758667
4340,8,340,1265,93.54447937011719,86.07893722318693,0.001,4.173784971237183
4341,8,341,1585,86.89649963378906,86.08246083540702,0.001,4.151952028274536
4342,8,342,1089,88.45441436767578,86.0927515261663,0.001,4.049611330032349
4343,8,343,1093,84.09809875488281,86.08428259484228,0.001,4.344590425491333
4344,8,344,1473,84.66632080078125,86.08142517267608,0.001,4.466209173202515
4345,8,345,177,89.17118072509766,86.09125822709669,0.001,4.218327045440674
4346,8,346,1463,82.80117797851562,86.08686012768466,0.001,3.519904375076294
4347,8,347,1794,78.94010162353516,86.06428842135976,0.001,3.993046522140503
4348,8,348,1879,81.96001434326172,86.05473049012681,0.001,4.156428575515747
4349,8,349,1557,84.84239196777344,86.04954012725261,0.001,3.906438112258911
4350,8,350,1274,85.40359497070312,86.04752555147483,0.001,3.78987979888916
4351,8,351,1123,90.03467559814453,86.05654112965102,0.001,4.091997861862183
4352,8,352,1845,79.02972412109375,86.04653775993576,0.001,3.7535290718078613
4353,8,353,1514,92.0054702758789,86.05545041309227,0.001,4.169342994689941
4354,8,354,1903,85.8211898803711,86.05493045133001,0.001,4.188747882843018
4355,8,355,1627,98.06473541259766,86.09305805583264,0.001,3.5527145862579346
4356,8,356,1700,87.9264144897461,86.09739733057064,0.001,3.6495070457458496
4357,8,357,1679,72.94375610351562,86.06734816810786,0.001,4.278125762939453
4358,8,358,1756,91.02515411376953,86.08258175390786,0.001,4.1468565464019775
4359,8,359,1302,86.33576965332031,86.08356471838337,0.001,4.093875169754028
4360,8,360,1155,93.98574829101562,86.09546151023324,0.001,4.714462995529175
4361,8,361,2080,78.81104278564453,86.06521430127724,0.001,4.278448820114136
4362,8,362,1399,81.68927764892578,86.04696550395566,0.001,4.184033155441284
4363,8,363,2117,91.45706176757812,86.06318761906428,0.001,4.8906090259552
4364,8,364,1686,89.57417297363281,86.07748314738961,0.001,4.405826807022095
4365,8,365,1918,79.92955780029297,86.05244305634841,0.001,4.060686349868774
4366,8,366,1196,87.21846771240234,86.05399296783524,0.001,4.163793325424194
4367,8,367,2144,91.9864273071289,86.06249112662977,0.001,4.051884174346924
4368,8,368,1519,87.16083526611328,86.06588074805937,0.001,3.8300583362579346
4369,8,369,1530,80.75028228759766,86.04451518356375,0.001,4.243894338607788
4370,8,370,1153,87.9586181640625,86.05224670166155,0.001,4.111737489700317
4371,8,371,1250,83.00760650634766,86.04794745010224,0.001,3.540268659591675
4372,8,372,2067,87.83570861816406,86.05186178665326,0.001,4.269919395446777
4373,8,373,1311,75.6561508178711,86.01062939646182,0.001,3.7117812633514404
4374,8,374,1541,80.25737762451172,86.00320185299967,0.001,3.9559080600738525
4375,8,375,2000,86.96534729003906,86.00454848952128,0.001,4.369760036468506
4376,8,376,1373,75.46172332763672,85.97996894668215,0.001,3.897367477416992
4377,8,377,2051,83.59180450439453,85.97285987062446,0.001,3.288776159286499
4378,8,378,2064,85.4383316040039,85.97126507567953,0.001,3.9981844425201416
4379,8,379,1717,101.58863067626953,85.99291263459591,0.001,4.051562547683716
4380,8,380,1484,88.65000915527344,86.00079269578782,0.001,4.117376327514648
4381,8,381,1616,93.43492126464844,86.02305935156191,0.001,3.7982587814331055
4382,8,382,1326,91.38324737548828,86.0304129933142,0.001,3.5274791717529297
4383,8,383,1122,75.86135864257812,86.00888080905291,0.001,4.203808546066284
4384,8,384,1615,87.47885131835938,86.01306839192226,0.001,4.082054376602173
4385,8,385,2223,85.0918197631836,86.00948392928822,0.001,3.8787500858306885
4386,8,386,2196,95.82516479492188,86.02167261281687,0.001,4.151826858520508
4387,8,387,1828,78.10852813720703,85.99058411100829,0.001,3.9373934268951416
4388,8,388,1768,93.70540618896484,86.00109918544867,0.001,4.283754587173462
4389,8,389,1127,89.16070556640625,86.0077176320678,0.001,4.40864372253418
4390,8,390,1434,89.61910247802734,86.01770776346623,0.001,3.5385594367980957
4391,8,391,2204,94.17262268066406,86.04827772203218,0.001,4.616297245025635
4392,8,392,1602,98.03604125976562,86.0590417029997,0.001,4.322412490844727
4393,8,393,1363,86.34642028808594,86.05985719921479,0.001,4.357985019683838
4394,8,394,2166,84.4736328125,86.0566580261631,0.001,3.659719705581665
4395,8,395,2225,90.3465347290039,86.07280006964007,0.001,3.8043549060821533
4396,8,396,2179,92.81851196289062,86.08658127053592,0.001,4.937396287918091
4397,8,397,2216,90.2060775756836,86.09153921718945,0.001,4.16684627532959
4398,8,398,1692,88.0262222290039,86.09875929250353,0.001,4.0276243686676025
4399,8,399,1128,74.08329010009766,86.06507747613868,0.001,3.9294800758361816
4400,8,400,1395,107.37069702148438,86.09390972632941,0.001,4.366999864578247
4401,8,401,1682,77.30752563476562,86.06947033793153,0.001,3.617478132247925
4402,8,402,1896,80.87373352050781,86.05512278730659,0.001,3.733351707458496
4403,8,403,2202,88.5239028930664,86.06430471601723,0.001,3.234933853149414
4404,8,404,1317,80.81576538085938,86.05740250820358,0.001,4.233647346496582
4405,8,405,1470,93.02598571777344,86.0761324311297,0.001,4.901719331741333
4406,8,406,2340,87.4943618774414,86.07994929158828,0.001,3.7212226390838623
4407,8,407,1092,86.87361145019531,86.08285606073524,0.001,3.602555274963379
4408,8,408,2243,86.32518005371094,86.0837405121866,0.001,4.285512447357178
4409,8,409,2229,84.57867431640625,86.08120527266048,0.001,4.2402184009552
4410,8,410,1714,73.69478607177734,86.04835059804203,0.001,4.479088544845581
4411,8,411,1117,90.56637573242188,86.06083160446667,0.001,3.7138140201568604
4412,8,412,2095,85.3506851196289,86.05832122503105,0.001,3.904022693634033
4413,8,413,1914,84.9345474243164,86.05687766718414,0.001,3.8775765895843506
4414,8,414,2335,96.1924819946289,86.07022352142064,0.001,4.278606176376343
4415,8,415,175,90.4183120727539,86.07875537624024,0.001,3.5785093307495117
4416,8,416,1527,86.14537048339844,86.07893303661527,0.001,4.25263237953186
4417,8,417,2392,86.07913970947266,86.0789334367327,0.001,4.4318015575408936
4418,8,418,1817,68.12357330322266,86.05681537740428,0.001,3.6438262462615967
4419,8,419,2191,93.6994400024414,86.07171248191302,0.001,4.334642171859741
4420,8,420,1173,95.70699310302734,86.08401653814316,0.001,4.320355176925659
4421,8,421,1361,80.62841796875,86.0771032801368,0.001,3.690011501312256
4422,8,422,1365,93.38475799560547,86.08638422271909,0.001,4.036831378936768
4423,8,423,2378,88.94876861572266,86.09406126592262,0.001,3.557058811187744
4424,8,424,1397,81.39656829833984,86.07731455248516,0.001,3.85971999168396
4425,8,425,1699,86.68029022216797,86.07842224301706,0.001,5.354966163635254
4426,8,426,1823,82.28324890136719,86.06481802413182,0.001,4.112651348114014
4427,8,427,1921,80.23527526855469,86.0495598083239,0.001,3.717931032180786
4428,8,428,1439,87.74916076660156,86.05540344496737,0.001,3.504422903060913
4429,8,429,1090,86.50249481201172,86.05622482014645,0.001,4.0810558795928955
4430,8,430,1923,86.3972396850586,86.05713161656016,0.001,4.3636627197265625
4431,8,431,2274,88.00363159179688,86.06208721096044,0.001,3.904698610305786
4432,8,432,2436,87.42505645751953,86.06378258855494,0.001,3.875788450241089
4433,8,433,1523,86.59874725341797,86.06444333738584,0.001,3.6371119022369385
4434,8,434,1263,96.38272857666016,86.09104091772586,0.001,4.673013210296631
4435,8,435,1675,87.58500671386719,86.09376008474432,0.001,3.9918582439422607
4436,8,436,2479,85.02323913574219,86.09109999898871,0.001,3.8946807384490967
4437,8,437,1580,96.79132080078125,86.11066776668169,0.001,4.185628890991211
4438,8,438,1706,103.98676300048828,86.15623350790558,0.001,3.9577929973602295
4439,8,439,1324,89.07567596435547,86.16607714802996,0.001,4.441823482513428
4440,8,440,1259,78.01710510253906,86.15156731762053,0.001,4.200399160385132
4441,8,441,2070,89.35555267333984,86.16238279311992,0.001,3.7686173915863037
4442,8,442,1779,92.27108001708984,86.18292553985476,0.001,4.149451017379761
4443,8,443,2297,85.3118896484375,86.18068082006725,0.001,4.501878499984741
4444,8,444,38,83.40757751464844,86.17565558903637,0.001,3.921035051345825
4445,8,445,1648,96.86115264892578,86.19478959121201,0.001,3.870386838912964
4446,8,446,2034,88.52780151367188,86.20246493824209,0.001,3.7878568172454834
4447,8,447,1132,75.25999450683594,86.17470592067583,0.001,4.6021811962127686
4448,8,448,2184,94.7581558227539,86.19013822472519,0.001,4.182181119918823
4449,8,449,1313,84.75338745117188,86.18557648138055,0.001,3.4203543663024902
4450,8,450,1575,98.82752227783203,86.217660195524,0.001,3.858870029449463
4451,8,451,2341,80.20294952392578,86.19769166194934,0.001,3.8297228813171387
4452,8,452,2432,75.37791442871094,86.18483268150683,0.001,3.8137454986572266
4453,8,453,1888,78.65042877197266,86.16050358365234,0.001,4.090811252593994
4454,8,454,2188,88.265625,86.16562901440032,0.001,4.368223190307617
4455,8,455,1120,81.01026153564453,86.15703637680176,0.001,4.03563928604126
4456,8,456,2113,87.36365509033203,86.16002540819743,0.001,4.526498556137085
4457,8,457,2221,90.42703247070312,86.17063033298572,0.001,3.7473862171173096
4458,8,458,1343,86.80001831054688,86.17131319561024,0.001,3.2183566093444824
4459,8,459,1109,84.20564270019531,86.1651709290552,0.001,3.6063711643218994
4460,8,460,1493,83.51509094238281,86.15659819280356,0.001,4.353130578994751
4461,8,461,2505,86.08209991455078,86.1565105336966,0.001,3.895106554031372
4462,8,462,2502,90.46244812011719,86.17047962480903,0.001,3.676455020904541
4463,8,463,1346,97.66566467285156,86.20598416090992,0.001,3.881742477416992
4464,8,464,1453,94.62570190429688,86.21494417482265,0.001,4.3265016078948975
4465,8,465,2535,88.84989166259766,86.21794947586993,0.001,5.085644245147705
4466,8,466,2278,88.16265106201172,86.22267066795574,0.001,4.602115869522095
4467,8,467,29,81.23888397216797,86.21085889922294,0.001,4.814397811889648
4468,8,468,1306,76.06929016113281,86.17880238662211,0.001,4.145045518875122
4469,8,469,1821,99.35083770751953,86.19365482567504,0.001,4.143174886703491
4470,8,470,2529,89.4063720703125,86.20144328261988,0.001,3.6904468536376953
4471,8,471,1161,82.54913330078125,86.19756857759806,0.001,4.1901023387908936
4472,8,472,2498,95.87930297851562,86.21387532867213,0.001,4.0470240116119385
4473,8,473,2040,84.72896575927734,86.20915278653192,0.001,3.963756799697876
4474,8,474,2569,101.32755279541016,86.23447306677373,0.001,3.9540505409240723
4475,8,475,2427,80.25696563720703,86.22074330394618,0.001,4.4185919761657715
4476,8,476,1118,84.28675842285156,86.21623441796015,0.001,4.045892238616943
4477,8,477,2494,75.1502914428711,86.19060325016939,0.001,3.710016965866089
4478,8,478,1113,87.72370147705078,86.19535841752266,0.001,3.4193315505981445
4479,8,479,2455,101.53274536132812,86.21271720771472,0.001,4.291452169418335
4480,8,480,1864,94.66924285888672,86.2221460314798,0.001,3.73626971244812
4481,8,481,1793,92.28721618652344,86.24062719234333,0.001,3.3427367210388184
4482,8,482,1806,79.65644836425781,86.22032068308766,0.001,3.449416399002075
4483,8,483,1915,79.9649887084961,86.21013297705674,0.001,3.5103039741516113
4484,8,484,2140,95.8798599243164,86.2202792560252,0.001,4.245659112930298
4485,8,485,1126,81.01311492919922,86.20429511449478,0.001,3.635699987411499
4486,8,486,1098,75.67303466796875,86.1868853228022,0.001,4.395368337631226
4487,8,487,2157,79.8516616821289,86.16759030743262,0.001,4.2157814502716064
4488,8,488,1766,87.7674789428711,86.16883073503108,0.001,4.053418397903442
4489,8,489,2174,74.6851806640625,86.13494838822312,0.001,4.181411266326904
4490,8,490,1360,98.4991226196289,86.14794824526483,0.001,4.428180456161499
4491,8,491,1636,72.31761169433594,86.1060398313087,0.001,3.6902387142181396
4492,8,492,2464,61.70330047607422,86.07916224106981,0.001,4.150983810424805
4493,8,493,1099,89.36851501464844,86.08908854962166,0.001,3.8948702812194824
4494,8,494,1791,81.34868621826172,86.08157161732039,0.001,4.312013864517212
4495,8,495,2325,92.30560302734375,86.09560235694472,0.001,3.615703582763672
4496,8,496,1858,81.56881713867188,86.08555640270086,0.001,4.304267644882202
4497,8,497,2101,93.46556091308594,86.10775945003374,0.001,4.039965391159058
4498,8,498,1393,88.91431427001953,86.11406004084277,0.001,3.4679105281829834
4499,8,499,2282,84.11844635009766,86.11194655762156,0.001,4.080300331115723
4500,9,0,2233,93.93437957763672,93.93437957763672,0.001,4.35478138923645
4501,9,1,1481,80.53047943115234,86.05956111696135,0.001,4.259200811386108
4502,9,2,1802,92.83038330078125,88.5386061197186,0.001,4.375132322311401
4503,9,3,1097,96.13700866699219,89.64398579579075,0.001,3.867633819580078
4504,9,4,2435,85.91639709472656,89.14610546328271,0.001,4.8037543296813965
4505,9,5,256,78.9730453491211,87.50646050574561,0.001,4.049062013626099
4506,9,6,2098,89.07125854492188,87.71044016479026,0.001,4.231935501098633
4507,9,7,1460,89.09180450439453,87.8826667379617,0.001,4.018125295639038
4508,9,8,2235,87.65159606933594,87.83932504980191,0.001,4.596859931945801
4509,9,9,1372,78.68449401855469,86.71118463037322,0.001,3.6630852222442627
4510,9,10,2294,94.68728637695312,87.14168395966163,0.001,4.374399900436401
4511,9,11,2619,86.99608612060547,87.13132516769915,0.001,3.9687821865081787
4512,9,12,2522,78.68987274169922,86.31011098333266,0.001,4.35511326789856
4513,9,13,2460,81.08300018310547,86.0768519338738,0.001,4.336839437484741
4514,9,14,1262,88.22197723388672,86.16730383848729,0.001,3.7250006198883057
4515,9,15,274,88.01713562011719,86.31758055555409,0.001,4.15348744392395
4516,9,16,1909,87.4338150024414,86.42681826900368,0.001,4.059674978256226
4517,9,17,2349,82.41448974609375,86.06618852930072,0.001,2.9126956462860107
4518,9,18,1443,78.0238037109375,85.40294800207364,0.001,3.064129114151001
4519,9,19,1503,82.4514389038086,85.28682127854165,0.001,4.632407903671265
4520,9,20,1900,92.97773742675781,85.50481324598778,0.001,3.9115333557128906
4521,9,21,2398,81.92733764648438,85.24996004210979,0.001,4.275465726852417
4522,9,22,2060,80.97972106933594,85.03029653994102,0.001,3.2857210636138916
4523,9,23,2450,85.3841781616211,85.04721173314675,0.001,4.187443017959595
4524,9,24,2458,78.09713745117188,84.72542984486955,0.001,4.2715959548950195
4525,9,25,2901,91.84967041015625,84.95931026419467,0.001,3.578113317489624
4526,9,26,2834,82.09502410888672,84.7968235248921,0.001,3.6383655071258545
4527,9,27,2588,87.56974029541016,84.94676877587575,0.001,3.756974697113037
4528,9,28,1938,83.42906188964844,84.91932326232156,0.001,3.5302162170410156
4529,9,29,2249,88.90556335449219,85.07317134733562,0.001,3.758155107498169
4530,9,30,1762,96.1583023071289,85.47641061502316,0.001,3.767751455307007
4531,9,31,2347,83.70358276367188,85.41413435013975,0.001,4.092301607131958
4532,9,32,2007,84.46907043457031,85.38218385454078,0.001,3.5433530807495117
4533,9,33,2750,84.12548828125,85.3623268392627,0.001,3.5582032203674316
4534,9,34,1676,84.56993103027344,85.32824309084977,0.001,4.064380168914795
4535,9,35,1355,77.201904296875,85.07487547641202,0.001,3.917928695678711
4536,9,36,264,91.27916717529297,85.26272014624261,0.001,3.746393918991089
4537,9,37,2758,100.2034683227539,85.6971709752672,0.001,4.478071451187134
4538,9,38,2608,87.38111877441406,85.76147150907917,0.001,4.10526967048645
4539,9,39,1772,85.98763275146484,85.76976009627963,0.001,3.777076005935669
4540,9,40,2149,81.08588409423828,85.64456014962622,0.001,3.571573495864868
4541,9,41,2197,94.91039276123047,85.88087416237319,0.001,4.258016109466553
4542,9,42,1862,79.80406951904297,85.80741662791827,0.001,4.121341705322266
4543,9,43,2452,100.97459411621094,86.18241631567453,0.001,3.4382669925689697
4544,9,44,1442,83.42182922363281,86.13509057429988,0.001,3.9690182209014893
4545,9,45,273,89.00321197509766,86.20374590153608,0.001,3.9475557804107666
4546,9,46,1809,87.19314575195312,86.23353458476005,0.001,4.491203546524048
4547,9,47,2203,95.514404296875,86.51052023509015,0.001,4.057374715805054
4548,9,48,2534,101.1455307006836,86.6664104991342,0.001,4.182774305343628
4549,9,49,2584,82.96015167236328,86.56071841212693,0.001,3.646167039871216
4550,9,50,1642,83.42847442626953,86.49583950855579,0.001,4.139308929443359
4551,9,51,37,80.93577575683594,86.34509338998413,0.001,4.029971599578857
4552,9,52,1569,89.79838562011719,86.4147086663017,0.001,4.322736501693726
4553,9,53,377,87.55538177490234,86.43080308562091,0.001,4.071213006973267
4554,9,54,392,90.15565490722656,86.52549999528229,0.001,4.262177228927612
4555,9,55,2930,87.0848388671875,86.53046692017682,0.001,3.451946496963501
4556,9,56,383,90.24239349365234,86.61972318456661,0.001,4.125099420547485
4557,9,57,2443,89.59710693359375,86.67372045642927,0.001,3.8367958068847656
4558,9,58,1814,76.83741760253906,86.49962223851253,0.001,3.5915117263793945
4559,9,59,1690,77.58270263671875,86.42342174607148,0.001,3.738097906112671
4560,9,60,2722,72.94646453857422,86.31871487268776,0.001,3.923774003982544
4561,9,61,2906,83.85139465332031,86.27603102178493,0.001,3.670790910720825
4562,9,62,2874,87.5975112915039,86.29813217514953,0.001,3.962611198425293
4563,9,63,2413,90.2268295288086,86.36494631799492,0.001,3.839553117752075
4564,9,64,2055,80.15231323242188,86.22896618812548,0.001,5.106206893920898
4565,9,65,2706,79.21014404296875,86.17724153126365,0.001,3.805413007736206
4566,9,66,1081,93.11772918701172,86.28866710650556,0.001,4.334451675415039
4567,9,67,2050,74.57941436767578,86.1585550900857,0.001,4.097829103469849
4568,9,68,2552,90.1618881225586,86.2204152088914,0.001,4.171513795852661
4569,9,69,2548,85.94805908203125,86.21629722098221,0.001,4.078692674636841
4570,9,70,1088,86.9339370727539,86.22693543687528,0.001,3.838440179824829
4571,9,71,1310,82.29306030273438,86.14868089648033,0.001,4.0831780433654785
4572,9,72,2328,79.11895751953125,86.074045230584,0.001,4.5900559425354
4573,9,73,2909,84.90831756591797,86.05702912945998,0.001,3.9971420764923096
4574,9,74,336,81.98088073730469,85.97936944821328,0.001,3.872509241104126
4575,9,75,1182,76.11399841308594,85.84017855816883,0.001,4.048313856124878
4576,9,76,1586,88.13087463378906,85.88244682694021,0.001,3.466444492340088
4577,9,77,1339,94.80831909179688,85.94134676234214,0.001,4.60924768447876
4578,9,78,2272,85.04171752929688,85.92925158300505,0.001,3.7392940521240234
4579,9,79,468,85.5382080078125,85.92242325155077,0.001,4.502209424972534
4580,9,80,2927,86.6466293334961,85.9263551519931,0.001,3.9418160915374756
4581,9,81,60,87.35298156738281,85.93959593031789,0.001,3.2970073223114014
4582,9,82,250,87.20124053955078,85.9473981029906,0.001,4.532708644866943
4583,9,83,1693,89.76360321044922,86.01195589928822,0.001,3.381460428237915
4584,9,84,455,67.62525177001953,85.92689759940286,0.001,4.0866875648498535
4585,9,85,471,87.28861236572266,85.94930271582932,0.001,3.748169183731079
4586,9,86,2205,92.9161605834961,86.03650839484641,0.001,4.606908559799194
4587,9,87,28,96.38822937011719,86.09653640625288,0.001,4.193272113800049
4588,9,88,390,94.72486114501953,86.1694054896886,0.001,3.9649205207824707
4589,9,89,1368,87.07648468017578,86.17735818500098,0.001,3.7223687171936035
4590,9,90,2617,83.37245178222656,86.13336673988263,0.001,3.5401692390441895
4591,9,91,2763,94.93843078613281,86.1823731220249,0.001,3.949526071548462
4592,9,92,2013,101.31909942626953,86.26536639333578,0.001,2.9921908378601074
4593,9,93,2789,86.85664367675781,86.27218415202024,0.001,3.0176427364349365
4594,9,94,1925,110.86256408691406,86.4056021356118,0.001,4.0476462841033936
4595,9,95,1839,78.42890167236328,86.36298809806048,0.001,3.983182430267334
4596,9,96,1626,74.51641082763672,86.3008602418764,0.001,4.183493614196777
4597,9,97,344,84.40801239013672,86.2906221306575,0.001,4.405488729476929
4598,9,98,458,83.4515380859375,86.27496686100118,0.001,3.527080535888672
4599,9,99,2652,89.07239532470703,86.28962920605932,0.001,4.341430425643921
4600,9,100,2298,74.8526611328125,86.23042118785965,0.001,4.252700328826904
4601,9,101,521,83.55671691894531,86.21637109641354,0.001,3.583350658416748
4602,9,102,1440,92.47084045410156,86.28350527055463,0.001,3.9032468795776367
4603,9,103,2929,85.90499877929688,86.27939488203053,0.001,4.364475965499878
4604,9,104,2511,87.065185546875,86.28551245581193,0.001,3.7989420890808105
4605,9,105,405,90.94348907470703,86.32186785590872,0.001,4.279049634933472
4606,9,106,2861,79.83106994628906,86.25281192623795,0.001,3.974170446395874
4607,9,107,2476,93.95496368408203,86.29153210854679,0.001,3.7955710887908936
4608,9,108,447,95.51057434082031,86.33802114402141,0.001,4.595690965652466
4609,9,109,2668,93.63833618164062,86.41446290819322,0.001,4.019488334655762
4610,9,110,56,87.98402404785156,86.43054538783436,0.001,4.4599339962005615
4611,9,111,2008,113.31937408447266,86.54737777611554,0.001,3.7365825176239014
4612,9,112,2781,76.63671875,86.48451241919969,0.001,3.731633186340332
4613,9,113,2510,80.2956771850586,86.40266524341915,0.001,4.072558641433716
4614,9,114,481,90.03858184814453,86.43865585992515,0.001,4.40981650352478
4615,9,115,1548,91.5462646484375,86.48680760018102,0.001,4.1829612255096436
4616,9,116,1383,91.73043060302734,86.52385991859737,0.001,4.14802885055542
4617,9,117,2613,98.07683563232422,86.6339306289442,0.001,4.100220441818237
4618,9,118,2782,78.69279479980469,86.53203134125484,0.001,4.35657525062561
4619,9,119,2603,74.85235595703125,86.3891758880899,0.001,3.961338758468628
4620,9,120,2172,84.78998565673828,86.37402314730619,0.001,3.3697712421417236
4621,9,121,424,88.87747955322266,86.38977210350002,0.001,3.943964958190918
4622,9,122,2537,83.64380645751953,86.36401892057542,0.001,4.045614957809448
4623,9,123,743,84.3548355102539,86.35533716585098,0.001,3.6343061923980713
4624,9,124,1797,72.00772094726562,86.29190321522351,0.001,3.5329270362854004
4625,9,125,1149,72.28124237060547,86.16445541182287,0.001,4.707382678985596
4626,9,126,601,86.1401138305664,86.16416662775498,0.001,4.150487661361694
4627,9,127,695,85.91381072998047,86.16193816712418,0.001,3.6723806858062744
4628,9,128,2219,90.44992065429688,86.1787906654178,0.001,3.6895580291748047
4629,9,129,68,94.0854263305664,86.2290954220301,0.001,4.675995826721191
4630,9,130,2343,86.03717803955078,86.22792044516615,0.001,4.463982820510864
4631,9,131,1965,85.05423736572266,86.21438108315814,0.001,4.39687442779541
4632,9,132,2590,100.36518859863281,86.29796177561191,0.001,4.040586233139038
4633,9,133,378,95.88239288330078,86.40580131814706,0.001,4.057002782821655
4634,9,134,2251,96.42864227294922,86.46721158943171,0.001,3.671318769454956
4635,9,135,1543,99.72005462646484,86.52069455036704,0.001,3.676762580871582
4636,9,136,69,89.119384765625,86.54954952569504,0.001,3.6139116287231445
4637,9,137,1649,77.49986267089844,86.47526480180223,0.001,3.974215030670166
4638,9,138,825,80.09839630126953,86.45112231469588,0.001,3.976219892501831
4639,9,139,707,86.76612854003906,86.45226414384588,0.001,3.8944308757781982
4640,9,140,2513,102.03378295898438,86.51201282236947,0.001,3.904954671859741
4641,9,141,2923,91.62152099609375,86.54050913452426,0.001,3.484767198562622
4642,9,142,742,82.65493774414062,86.49905619853382,0.001,3.9993040561676025
4643,9,143,2449,79.38592529296875,86.44279974769297,0.001,3.521209955215454
4644,9,144,523,89.4776382446289,86.47472840586856,0.001,3.617645502090454
4645,9,145,774,87.02250671386719,86.4789829969717,0.001,3.8501505851745605
4646,9,146,1807,86.6833724975586,86.48104861713212,0.001,3.9543204307556152
4647,9,147,376,103.0481185913086,86.5423251912572,0.001,5.33941125869751
4648,9,148,372,79.86209106445312,86.52102334265021,0.001,3.7307534217834473
4649,9,149,448,96.9854736328125,86.60205350033483,0.001,3.79716157913208
4650,9,150,73,81.88011932373047,86.58488156583383,0.001,4.362898588180542
4651,9,151,778,92.8885726928711,86.6316800389788,0.001,3.873992919921875
4652,9,152,94,77.945068359375,86.55074993498586,0.001,3.5904507637023926
4653,9,153,2399,92.46514129638672,86.5694051271294,0.001,3.688307762145996
4654,9,154,337,78.09420776367188,86.5291228611148,0.001,3.9527547359466553
4655,9,155,2387,96.766357421875,86.58273134715992,0.001,3.5077433586120605
4656,9,156,873,89.2576904296875,86.59090660337085,0.001,3.9928011894226074
4657,9,157,2793,80.58415985107422,86.53207297085825,0.001,4.10723352432251
4658,9,158,1832,97.4441909790039,86.63629757738092,0.001,3.4600958824157715
4659,9,159,519,80.4035873413086,86.57713509459334,0.001,4.431980133056641
4660,9,160,1516,82.74050903320312,86.5503156595337,0.001,3.8915762901306152
4661,9,161,1570,86.6652603149414,86.5507037929937,0.001,3.8293936252593994
4662,9,162,789,80.900634765625,86.51148253334121,0.001,3.978976011276245
4663,9,163,956,82.83948516845703,86.4778168699325,0.001,3.808882474899292
4664,9,164,1181,96.75933074951172,86.54664433942582,0.001,3.7236108779907227
4665,9,165,1151,92.54459381103516,86.57479814995868,0.001,3.8545877933502197
4666,9,166,977,85.93373107910156,86.5717813322961,0.001,3.6975040435791016
4667,9,167,2772,79.41971588134766,86.52370173612414,0.001,4.577402830123901
4668,9,168,954,73.7310562133789,86.48279653508389,0.001,3.8320090770721436
4669,9,169,32,78.85294342041016,86.41378648145553,0.001,4.054244756698608
4670,9,170,991,98.83036041259766,86.45220273143899,0.001,3.6373071670532227
4671,9,171,1812,83.1660385131836,86.42302246406062,0.001,3.608330249786377
4672,9,172,989,90.25098419189453,86.44800195322003,0.001,3.175213098526001
4673,9,173,966,81.42015838623047,86.42508981695549,0.001,4.168991804122925
4674,9,174,2694,100.82051849365234,86.46926309143846,0.001,3.5084636211395264
4675,9,175,342,81.9360580444336,86.42975954397487,0.001,4.087424039840698
4676,9,176,67,85.79720306396484,86.42571245734638,0.001,3.4208648204803467
4677,9,177,2654,87.82779693603516,86.43761050407718,0.001,3.911792039871216
4678,9,178,728,82.19739532470703,86.41082219484737,0.001,4.172878742218018
4679,9,179,773,96.6815185546875,86.47510565955567,0.001,4.2265589237213135
4680,9,180,986,77.13955688476562,86.41607241882123,0.001,4.507690191268921
4681,9,181,2073,81.7320556640625,86.40279245495437,0.001,4.440598726272583
4682,9,182,2564,82.57489776611328,86.37960506675894,0.001,4.279158592224121
4683,9,183,2422,78.70857238769531,86.35713040015202,0.001,4.4533751010894775
4684,9,184,972,88.4163589477539,86.36947546983511,0.001,4.397652864456177
4685,9,185,1951,92.4949722290039,86.40673225261409,0.001,4.301780700683594
4686,9,186,721,91.3045654296875,86.42753540840631,0.001,4.402757406234741
4687,9,187,254,75.6400146484375,86.34168296085407,0.001,4.006484031677246
4688,9,188,190,75.98193359375,86.25751371717256,0.001,4.096261739730835
4689,9,189,2610,82.70533752441406,86.24745626014018,0.001,4.2111124992370605
4690,9,190,1620,84.85011291503906,86.24482134491763,0.001,4.7870213985443115
4691,9,191,2533,66.92272186279297,86.1619305873894,0.001,3.8025333881378174
4692,9,192,1846,85.58395385742188,86.15857195077989,0.001,3.7714743614196777
4693,9,193,814,74.76243591308594,86.12598261386734,0.001,4.585970163345337
4694,9,194,2871,74.85659790039062,86.0393127202949,0.001,3.7158164978027344
4695,9,195,488,87.22685241699219,86.04833631723585,0.001,4.429441928863525
4696,9,196,680,104.27457427978516,86.09765600469329,0.001,4.558848142623901
4697,9,197,771,85.55604553222656,86.09458357473474,0.001,3.415952682495117
4698,9,198,2585,81.6264419555664,86.06971062479454,0.001,3.824540853500366
4699,9,199,981,91.15399932861328,86.09847007910737,0.001,4.171404600143433
4700,9,200,453,99.08853149414062,86.15017532436205,0.001,3.7382290363311768
4701,9,201,2709,100.10755157470703,86.18697635803453,0.001,3.878284454345703
4702,9,202,2147,87.37036895751953,86.19581314617737,0.001,4.476808547973633
4703,9,203,2099,76.66307830810547,86.15789998263186,0.001,4.166746616363525
4704,9,204,710,84.43952178955078,86.14847806978777,0.001,3.947248935699463
4705,9,205,2767,84.10127258300781,86.1370994685515,0.001,3.7463438510894775
4706,9,206,863,82.39479064941406,86.11655582176506,0.001,3.8169922828674316
4707,9,207,74,97.72077941894531,86.14619464275371,0.001,3.9233591556549072
4708,9,208,1488,80.82644653320312,86.11018283613319,0.001,3.922760248184204
4709,9,209,913,84.14651489257812,86.10266689759524,0.001,4.006585121154785
4710,9,210,808,87.20037841796875,86.10849219266635,0.001,4.039110422134399
4711,9,211,920,86.38246154785156,86.11045931672795,0.001,3.965590000152588
4712,9,212,689,89.98818969726562,86.1250727845744,0.001,4.054912328720093
4713,9,213,864,94.69325256347656,86.14546626747044,0.001,4.286815643310547
4714,9,214,811,73.70530700683594,86.11654766025418,0.001,3.915890693664551
4715,9,215,2546,85.80632019042969,86.1149349598599,0.001,4.512470245361328
4716,9,216,64,97.65472412109375,86.14404561205284,0.001,4.231616020202637
4717,9,217,2192,92.08958435058594,86.15643312495251,0.001,4.787922143936157
4718,9,218,2075,75.845947265625,86.11880132183873,0.001,4.718732118606567
4719,9,219,272,88.64544677734375,86.12820434568107,0.001,4.050509214401245
4720,9,220,1482,91.18638610839844,86.1404924248247,0.001,4.349383354187012
4721,9,221,368,83.00257873535156,86.12382870609026,0.001,4.185270309448242
4722,9,222,2669,98.58074951171875,86.1546398198171,0.001,3.8307619094848633
4723,9,223,2660,89.50837707519531,86.17694834541685,0.001,4.427430152893066
4724,9,224,607,95.6584701538086,86.19899355069046,0.001,3.8777146339416504
4725,9,225,400,89.3213119506836,86.20911083511885,0.001,4.223134994506836
4726,9,226,834,90.72215270996094,86.23932794044606,0.001,3.9996132850646973
4727,9,227,759,86.22224426269531,86.23924332903918,0.001,4.07996392250061
4728,9,228,2327,101.61560821533203,86.29300355011041,0.001,3.6222636699676514
4729,9,229,2596,94.01665496826172,86.32039394233409,0.001,3.852653980255127
4730,9,230,1576,96.06739044189453,86.34303810366359,0.001,4.58676815032959
4731,9,231,367,95.94677734375,86.3765010711263,0.001,3.658104658126831
4732,9,232,858,92.7125473022461,86.38997896001135,0.001,4.151454210281372
4733,9,233,2293,74.21018981933594,86.32881764426892,0.001,3.7913129329681396
4734,9,234,436,87.28425598144531,86.33209599669085,0.001,4.147822380065918
4735,9,235,1554,87.27876281738281,86.33432383610354,0.001,3.7854814529418945
4736,9,236,2593,78.09530639648438,86.29349452773255,0.001,3.9812400341033936
4737,9,237,490,88.26483154296875,86.29813188978581,0.001,4.050578594207764
4738,9,238,727,80.4918212890625,86.28496595433816,0.001,4.51535439491272
4739,9,239,1838,74.4896240234375,86.2292415494828,0.001,4.364310026168823
4740,9,240,1457,84.3258285522461,86.21723531655385,0.001,3.8985555171966553
4741,9,241,2448,82.2476577758789,86.19225913310879,0.001,4.449090242385864
4742,9,242,1769,81.93405151367188,86.1652110597499,0.001,3.98178768157959
4743,9,243,2845,84.76419067382812,86.15646632121646,0.001,4.167320013046265
4744,9,244,616,89.67833709716797,86.17813491979014,0.001,4.355276584625244
4745,9,245,1764,88.08076477050781,86.19010414464196,0.001,4.567211627960205
4746,9,246,434,88.2041244506836,86.19411648906654,0.001,4.0067877769470215
4747,9,247,801,85.61849975585938,86.19227867295037,0.001,4.328893661499023
4748,9,248,1174,85.99250030517578,86.19136004007704,0.001,3.980804681777954
4749,9,249,851,85.97857666015625,86.19003732870482,0.001,4.160933256149292
4750,9,250,401,82.20803833007812,86.17195877625154,0.001,4.074451208114624
4751,9,251,2241,101.32194519042969,86.26416451708866,0.001,4.354410409927368
4752,9,252,363,90.63365936279297,86.27347821340256,0.001,4.039396286010742
4753,9,253,2794,87.04304504394531,86.27514297225355,0.001,3.928603410720825
4754,9,254,2462,87.73314666748047,86.28393258990174,0.001,4.166445255279541
4755,9,255,803,102.57449340820312,86.31755238300299,0.001,3.6278207302093506
4756,9,256,962,75.349853515625,86.28249315038676,0.001,4.121661424636841
4757,9,257,904,77.9435043334961,86.25917615174228,0.001,3.9833502769470215
4758,9,258,2614,78.96222686767578,86.2167165020538,0.001,4.454992771148682
4759,9,259,2580,88.99166870117188,86.23254100357448,0.001,4.13683819770813
4760,9,260,2071,94.9040756225586,86.25934809470137,0.001,4.18473744392395
4761,9,261,961,79.33311462402344,86.21949504656794,0.001,3.9003803730010986
4762,9,262,788,81.45234680175781,86.19201685314859,0.001,3.589367151260376
4763,9,263,919,86.55281829833984,86.19411165303777,0.001,3.7724111080169678
4764,9,264,469,90.82310485839844,86.22032322424836,0.001,3.3750596046447754
4765,9,265,915,96.85427856445312,86.24108766354531,0.001,4.220292329788208
4766,9,266,1945,79.07522583007812,86.20064132250528,0.001,3.85349440574646
4767,9,267,717,89.85962677001953,86.22114796043002,0.001,3.5730977058410645
4768,9,268,350,82.10340881347656,86.20378393059134,0.001,3.98516845703125
4769,9,269,682,91.96278381347656,86.23553918360919,0.001,3.437267303466797
4770,9,270,694,82.90708923339844,86.21718337210902,0.001,4.099099636077881
4771,9,271,1264,88.19477081298828,86.22115058322186,0.001,3.66062593460083
4772,9,272,518,81.49474334716797,86.21182375171534,0.001,3.975857973098755
4773,9,273,2499,92.70455169677734,86.23094103259075,0.001,4.301764488220215
4774,9,274,1551,93.5700912475586,86.26149625037952,0.001,3.9626989364624023
4775,9,275,77,86.02462768554688,86.26051793936884,0.001,4.201120615005493
4776,9,276,2163,80.31552124023438,86.23573611163428,0.001,3.7063002586364746
4777,9,277,2673,85.0159912109375,86.23072617408165,0.001,3.820255994796753
4778,9,278,2523,91.78590393066406,86.2605759182906,0.001,3.176785469055176
4779,9,279,374,74.83836364746094,86.19997291169649,0.001,4.335389852523804
4780,9,280,325,83.59284210205078,86.18961495367849,0.001,4.19218373298645
4781,9,281,178,80.52948760986328,86.16767897985815,0.001,3.903407096862793
4782,9,282,1735,79.49138641357422,86.15496224617925,0.001,3.9664454460144043
4783,9,283,2583,91.1126937866211,86.17468041283068,0.001,3.705690860748291
4784,9,284,1480,86.54341125488281,86.1753616400212,0.001,4.204871654510498
4785,9,285,2270,84.80419158935547,86.16811709677413,0.001,3.4659571647644043
4786,9,286,1737,87.30599975585938,86.17387203487587,0.001,4.701303243637085
4787,9,287,1571,92.53173828125,86.2066533413845,0.001,4.244255781173706
4788,9,288,1848,84.44595336914062,86.19755943389355,0.001,3.3392372131347656
4789,9,289,403,83.78380584716797,86.19098902627178,0.001,4.1342244148254395
4790,9,290,492,80.94015502929688,86.1641314588919,0.001,3.962815523147583
4791,9,291,98,89.74166107177734,86.18239008030068,0.001,3.985386610031128
4792,9,292,441,81.05062866210938,86.16294631902731,0.001,4.204527139663696
4793,9,293,819,84.5120849609375,86.15667505545814,0.001,3.875345468521118
4794,9,294,861,92.23147583007812,86.17305379962492,0.001,4.170384168624878
4795,9,295,990,76.72574615478516,86.13673632314296,0.001,5.026439905166626
4796,9,296,2595,93.06647491455078,86.14901355325873,0.001,4.0722126960754395
4797,9,297,407,84.83016204833984,86.14408699127681,0.001,3.9328384399414062
4798,9,298,514,98.14752960205078,86.17647401603419,0.001,4.001581907272339
4799,9,299,1334,86.51384735107422,86.17706125529945,0.001,3.880147933959961
4800,9,300,2482,85.46612548828125,86.173520787529,0.001,3.9319915771484375
4801,9,301,1540,98.1114501953125,86.19467698568772,0.001,3.591059684753418
4802,9,302,1394,78.1578140258789,86.16509925501421,0.001,3.2791831493377686
4803,9,303,1751,85.37250518798828,86.1630165538163,0.001,3.5990302562713623
4804,9,304,266,99.00481414794922,86.22565959663203,0.001,3.831085443496704
4805,9,305,2547,86.48853302001953,86.22661922158889,0.001,4.2475199699401855
4806,9,306,2682,80.7176284790039,86.19964670987973,0.001,3.753401279449463
4807,9,307,916,89.79927062988281,86.20595179114335,0.001,3.8331847190856934
4808,9,308,382,77.6368637084961,86.19164055821979,0.001,3.4499454498291016
4809,9,309,2401,78.0538330078125,86.16196872874109,0.001,3.988266944885254
4810,9,310,1617,88.3771743774414,86.17217725366508,0.001,3.450376033782959
4811,9,311,446,88.7956771850586,86.18146149690898,0.001,4.1163716316223145
4812,9,312,2672,84.91411590576172,86.17542712776188,0.001,3.707369565963745
4813,9,313,1087,85.53536987304688,86.1724656004279,0.001,3.6331369876861572
4814,9,314,2066,94.58220672607422,86.211682801058,0.001,3.779322385787964
4815,9,315,340,82.10655212402344,86.19726019477892,0.001,4.31620192527771
4816,9,316,914,83.57990264892578,86.1881527220837,0.001,4.082928657531738
4817,9,317,611,89.06578826904297,86.19519234358076,0.001,4.028151512145996
4818,9,318,852,92.69727325439453,86.21753316821818,0.001,3.8366684913635254
4819,9,319,706,79.77438354492188,86.20672564130264,0.001,3.6475818157196045
4820,9,320,1596,92.16492462158203,86.22109988553476,0.001,4.31279444694519
4821,9,321,408,73.9974594116211,86.1912820241423,0.001,4.003947496414185
4822,9,322,2775,87.34671783447266,86.19520060823021,0.001,4.099672079086304
4823,9,323,770,90.25248718261719,86.20930070574562,0.001,4.0592851638793945
4824,9,324,2181,97.87032318115234,86.22835584618261,0.001,3.908247947692871
4825,9,325,2377,75.436767578125,86.19171827015042,0.001,3.668233633041382
4826,9,326,432,78.50224304199219,86.16609307716679,0.001,3.9047324657440186
4827,9,327,2538,94.47235107421875,86.1795375297699,0.001,3.554908514022827
4828,9,328,2784,87.54546356201172,86.18571287339344,0.001,3.6228039264678955
4829,9,329,2864,85.29068756103516,86.18353726571519,0.001,4.210719585418701
4830,9,330,870,86.89127349853516,86.18523887858755,0.001,4.118144512176514
4831,9,331,699,77.55729675292969,86.1567975413663,0.001,4.876308917999268
4832,9,332,522,76.03614044189453,86.11165328336311,0.001,5.230305910110474
4833,9,333,1549,94.74755096435547,86.13275857965647,0.001,3.818511724472046
4834,9,334,2425,88.2926254272461,86.1399476592335,0.001,4.105841875076294
4835,9,335,693,85.7378158569336,86.13817027823708,0.001,4.096172571182251
4836,9,336,705,81.86585235595703,86.11915956522682,0.001,4.265065670013428
4837,9,337,951,90.22661590576172,86.13257207512423,0.001,4.430933713912964
4838,9,338,2720,91.00093078613281,86.13958287846906,0.001,4.330805540084839
4839,9,339,685,86.89767456054688,86.14201994899916,0.001,3.7708117961883545
4840,9,340,459,109.69963073730469,86.1782442236511,0.001,3.6378912925720215
4841,9,341,461,92.3016586303711,86.20446595720446,0.001,4.220709323883057
4842,9,342,2543,86.48564910888672,86.20537996263917,0.001,3.766702175140381
4843,9,343,2406,88.48388671875,86.2152431501907,0.001,4.475818157196045
4844,9,344,787,88.54288482666016,86.21885174498063,0.001,4.364465713500977
4845,9,345,832,76.57855224609375,86.17798158510953,0.001,3.79292893409729
4846,9,346,388,97.82881164550781,86.19495511776462,0.001,4.011478900909424
4847,9,347,361,85.54173278808594,86.19231922598587,0.001,4.422661066055298
4848,9,348,1844,103.74174499511719,86.21591345621096,0.001,4.231679916381836
4849,9,349,2152,87.10924530029297,86.21871366416558,0.001,4.521628141403198
4850,9,350,2692,87.62960052490234,86.22463690474477,0.001,3.427629232406616
4851,9,351,1568,81.73648071289062,86.21063189719747,0.001,4.14203405380249
4852,9,352,1333,104.78968811035156,86.26896067635552,0.001,3.7993967533111572
4853,9,353,1344,81.01631164550781,86.25270418936528,0.001,4.179539918899536
4854,9,354,496,80.69303131103516,86.236133345009,0.001,3.606616735458374
4855,9,355,2601,89.46687316894531,86.24926050077761,0.001,3.77783465385437
4856,9,356,1342,84.02100372314453,86.24249888021475,0.001,3.8096351623535156
4857,9,357,1506,78.94547271728516,86.23232000691704,0.001,3.9471213817596436
4858,9,358,507,99.66944122314453,86.24607151608421,0.001,4.3184216022491455
4859,9,359,719,80.97392272949219,86.22445597721376,0.001,4.191528797149658
4860,9,360,827,94.2540283203125,86.23908294336114,0.001,4.683770656585693
4861,9,361,686,73.90486907958984,86.20056712784304,0.001,4.158249378204346
4862,9,362,1083,91.70403289794922,86.22235096778762,0.001,3.658601760864258
4863,9,363,2565,79.88893127441406,86.21302908763994,0.001,3.686619758605957
4864,9,364,2563,75.40867614746094,86.18955192124533,0.001,3.962003707885742
4865,9,365,1819,88.26408386230469,86.19256796587716,0.001,4.0651280879974365
4866,9,366,65,92.04478454589844,86.20119205731804,0.001,3.6341423988342285
4867,9,367,2911,78.9229965209961,86.19149922351335,0.001,4.474780559539795
4868,9,368,2832,78.32740783691406,86.16146112630521,0.001,4.253064393997192
4869,9,369,1262,88.19075012207031,86.16432139594684,0.001,4.58815336227417
4870,9,370,1699,86.61880493164062,86.16527019985267,0.001,4.213052034378052
4871,9,371,1099,89.36612701416016,86.17804789033376,0.001,3.721914768218994
4872,9,372,1334,86.8785171508789,86.17902550160511,0.001,4.052401065826416
4873,9,373,1527,86.19773864746094,86.1790807955622,0.001,4.643280982971191
4874,9,374,1324,89.10161590576172,86.19052322681158,0.001,4.597020149230957
4875,9,375,1802,92.66353607177734,86.20955624396576,0.001,4.280503273010254
4876,9,376,1951,92.5321273803711,86.22820118022818,0.001,4.1158812046051025
4877,9,377,1488,80.7578125,86.20808917724595,0.001,3.7037789821624756
4878,9,378,1365,93.24891662597656,86.21793744633065,0.001,3.6772329807281494
4879,9,379,1259,77.92147827148438,86.20097567372724,0.001,3.851862668991089
4880,9,380,1155,93.88399505615234,86.21184154096822,0.001,4.109752893447876
4881,9,381,1127,89.21687316894531,86.21822243895397,0.001,3.67457914352417
4882,9,382,2034,88.48147583007812,86.22684798050352,0.001,3.695059299468994
4883,9,383,1807,86.66277313232422,86.22850619128884,0.001,4.00220251083374
4884,9,384,1549,94.651123046875,86.2463596540485,0.001,4.311909437179565
4885,9,385,1306,76.3686752319336,86.20862866561662,0.001,3.320727586746216
4886,9,386,1793,92.43927001953125,86.23210000062858,0.001,3.3506765365600586
4887,9,387,1914,85.25440979003906,86.23076998179961,0.001,3.98968768119812
4888,9,388,1397,81.6666030883789,86.21323767806012,0.001,3.9831807613372803
4889,9,389,1355,77.1637954711914,86.1874112472839,0.001,4.240296125411987
4890,9,390,1368,86.84140014648438,86.18876227699936,0.001,4.088824987411499
4891,9,391,1817,68.3411865234375,86.16550182486787,0.001,3.5386931896209717
4892,9,392,1586,88.16606140136719,86.17307999423151,0.001,4.2716734409332275
4893,9,393,1460,89.14144897460938,86.17907073275595,0.001,3.946220636367798
4894,9,394,1925,110.73834991455078,86.21160184980666,0.001,4.351745128631592
4895,9,395,1918,80.0055923461914,86.18838074220578,0.001,3.9421539306640625
4896,9,396,1903,85.85475158691406,86.18772566602281,0.001,4.1031084060668945
4897,9,397,1317,80.69573211669922,86.18044216125027,0.001,3.9175078868865967
4898,9,398,1339,94.59955596923828,86.19178900230956,0.001,3.968122959136963
4899,9,399,1751,85.43704986572266,86.19028645275225,0.001,4.028636693954468
4900,9,400,1772,86.0005874633789,86.18957475114064,0.001,3.562655448913574
4901,9,401,2099,76.81842041015625,86.1709819514207,0.001,4.279551267623901
4902,9,402,1965,85.05511474609375,86.16684931328015,0.001,3.527261257171631
4903,9,403,1848,84.29515075683594,86.15997444143288,0.001,4.014184236526489
4904,9,404,2149,81.12019348144531,86.14597638663085,0.001,3.914652109146118
4905,9,405,2080,78.78010559082031,86.11902205565698,0.001,4.361354827880859
4906,9,406,1523,86.62684631347656,86.11968211760642,0.001,4.638471603393555
4907,9,407,1120,81.22272491455078,86.11062785164799,0.001,4.361234664916992
4908,9,408,1626,74.49603271484375,86.09610619733847,0.001,3.5208330154418945
4909,9,409,1812,83.16057586669922,86.08539485590615,0.001,4.198764324188232
4910,9,410,1093,84.11103820800781,86.07843000882231,0.001,3.7537074089050293
4911,9,411,1495,90.95942687988281,86.09161385525813,0.001,3.8897435665130615
4912,9,412,1264,88.30183410644531,86.09449390481548,0.001,4.084286689758301
4913,9,413,1900,92.70010375976562,86.10313957692227,0.001,3.9230446815490723
4914,9,414,1862,79.8906478881836,86.09520917904396,0.001,3.974327802658081
4915,9,415,1777,81.70648956298828,86.0836578421359,0.001,3.775797128677368
4916,9,416,1360,98.46172332763672,86.09892773164532,0.001,4.159710645675659
4917,9,417,2191,93.75110626220703,86.11380209673936,0.001,4.325860500335693
4918,9,418,1443,78.0459213256836,86.08542692132164,0.001,4.186111688613892
4919,9,419,2101,93.4759292602539,86.11170354078975,0.001,4.1708173751831055
4920,9,420,1845,79.000732421875,86.10327197347507,0.001,4.146602392196655
4921,9,421,1648,96.94103240966797,86.12362351983559,0.001,4.445669174194336
4922,9,422,1682,77.32608032226562,86.100556960334,0.001,2.850451707839966
4923,9,423,1343,86.88671112060547,86.10147634927498,0.001,3.7818586826324463
4924,9,424,1762,96.20289611816406,86.12786151134551,0.001,3.663832664489746
4925,9,425,1692,88.03374481201172,86.1344714839523,0.001,3.992792844772339
4926,9,426,2000,87.07759857177734,86.13562815216113,0.001,4.31767725944519
4927,9,427,1768,93.75579071044922,86.14501750455065,0.001,3.8327581882476807
4928,9,428,1576,96.18173217773438,86.15724558789398,0.001,4.345648765563965
4929,9,429,1113,87.63384246826172,86.1623431040319,0.001,4.670402526855469
4930,9,430,1311,75.63672637939453,86.12619955210134,0.001,4.32066011428833
4931,9,431,2055,80.08462524414062,86.1054640572551,0.001,3.9467649459838867
4932,9,432,1117,90.48251342773438,86.11690458177695,0.001,3.90450382232666
4933,9,433,1570,86.40096282958984,86.11725513248261,0.001,4.0093841552734375
4934,9,434,2203,95.48139953613281,86.14923467585194,0.001,3.7569258213043213
4935,9,435,1132,75.15463256835938,86.12079099134297,0.001,4.4289655685424805
4936,9,436,1265,93.5451889038086,86.12981875614162,0.001,3.6175167560577393
4937,9,437,2229,84.64646911621094,86.12749088952188,0.001,3.4510788917541504
4938,9,438,2113,87.32284545898438,86.13056089618605,0.001,3.877284288406372
4939,9,439,1556,80.936279296875,86.11737166427241,0.001,4.434458017349243
4940,9,440,1439,87.76094818115234,86.12282097393916,0.001,4.123022794723511
4941,9,441,2188,88.3151626586914,86.12828624275446,0.001,4.4506731033325195
4942,9,442,2197,94.91110229492188,86.15016318011004,0.001,3.873610734939575
4943,9,443,1441,78.98758697509766,86.14142869122689,0.001,4.178463935852051
4944,9,444,1153,87.96603393554688,86.14754893907676,0.001,4.411085367202759
4945,9,445,2075,75.82428741455078,86.1294904752501,0.001,4.08384108543396
4946,9,446,1482,91.0590591430664,86.13525885139336,0.001,4.592872858047485
4947,9,447,2343,86.06497955322266,86.13513573498633,0.001,4.5071375370025635
4948,9,448,1627,98.06941986083984,86.16495254674052,0.001,4.032061815261841
4949,9,449,2347,83.69645690917969,86.15886173379215,0.001,4.679929256439209
4950,9,450,1361,80.63111877441406,86.15236813124775,0.001,4.063581705093384
4951,9,451,1938,83.4356689453125,86.14929066982191,0.001,4.742225646972656
4952,9,452,1118,84.24478912353516,86.14462425120647,0.001,3.91546893119812
4953,9,453,1088,86.94761657714844,86.14655347288016,0.001,3.6277236938476562
4954,9,454,2270,84.72052001953125,86.14185178553383,0.001,4.982493162155151
4955,9,455,1313,84.91943359375,86.13804526435689,0.001,4.354999303817749
4956,9,456,2221,90.48343658447266,86.14881745775705,0.001,4.065426826477051
4957,9,457,1766,87.78651428222656,86.15016924997256,0.001,4.396283388137817
4958,9,458,1580,96.90104675292969,86.16876008997565,0.001,4.296107530593872
4959,9,459,178,80.81127166748047,86.15610503578358,0.001,3.949744939804077
4960,9,460,1274,85.41651153564453,86.15435468259156,0.001,4.035701513290405
4961,9,461,2378,88.92797088623047,86.16110981374116,0.001,4.13233494758606
4962,9,462,2243,86.28327941894531,86.16150169128626,0.001,4.832998514175415
4963,9,463,1797,72.50845336914062,86.1455834561771,0.001,4.104480266571045
4964,9,464,1122,75.86692810058594,86.12772796909607,0.001,3.924819231033325
4965,9,465,1923,86.38159942626953,86.1283477686578,0.001,4.816021919250488
4966,9,466,1879,82.02761840820312,86.12124573148407,0.001,3.8938639163970947
4967,9,467,2349,82.37117004394531,86.1094313516157,0.001,4.263458013534546
4968,9,468,1081,93.11338806152344,86.12606400860594,0.001,3.8566832542419434
4969,9,469,2071,94.85091400146484,86.14070286394083,0.001,3.4680347442626953
4970,9,470,2427,80.36182403564453,86.12734265048535,0.001,3.8417038917541504
4971,9,471,1502,80.3357925415039,86.10890508153749,0.001,3.605092763900757
4972,9,472,1463,82.76301574707031,86.10564196898025,0.001,4.029820442199707
4973,9,473,2233,93.96041870117188,86.11875518751779,0.001,3.9505629539489746
4974,9,474,1514,91.98916625976562,86.12525977896712,0.001,3.534646987915039
4975,9,475,1250,83.01935577392578,86.12183635100318,0.001,4.271430015563965
4976,9,476,1181,96.78506469726562,86.14617272865843,0.001,3.664372205734253
4977,9,477,1700,87.92652893066406,86.14930262375395,0.001,4.090527296066284
4978,9,478,2494,75.18402099609375,86.12398677440676,0.001,3.4662539958953857
4979,9,479,1541,80.25537109375,86.11807218641985,0.001,3.9403741359710693
4980,9,480,1832,97.34972381591797,86.15282703709313,0.001,4.290940523147583
4981,9,481,1346,97.65464782714844,86.18700638236322,0.001,3.827003002166748
4982,9,482,1844,103.7314453125,86.20415697937027,0.001,3.990640163421631
4983,9,483,1532,94.87258911132812,86.2305980296204,0.001,4.8393189907073975
4984,9,484,1571,92.3496322631836,86.24926067135401,0.001,4.157684803009033
4985,9,485,1540,97.6023941040039,86.26174641978464,0.001,3.948888063430786
4986,9,486,29,81.19524383544922,86.25023329494607,0.001,3.69869065284729
4987,9,487,1756,90.98878479003906,86.26086837191565,0.001,3.9715383052825928
4988,9,488,2278,88.2002944946289,86.26535159120418,0.001,3.996720314025879
4989,9,489,2066,94.2799301147461,86.28947344482148,0.001,3.2783432006835938
4990,9,490,1945,79.2815170288086,86.26830776284855,0.001,3.947014093399048
4991,9,491,2219,90.33525085449219,86.27241852844637,0.001,4.078939914703369
4992,9,492,1434,89.63221740722656,86.27973512586328,0.001,3.7480404376983643
4993,9,493,1615,87.5546646118164,86.28254465129925,0.001,3.917710065841675
4994,9,494,1394,77.94839477539062,86.26382839742242,0.001,4.115622043609619
4995,9,495,256,78.98711395263672,86.25231225266977,0.001,3.3609414100646973
4996,9,496,177,89.18392944335938,86.25877942947321,0.001,3.555356025695801
4997,9,497,2008,113.40870666503906,86.28462424436565,0.001,3.880702018737793
4998,9,498,1557,84.77198028564453,86.28010286828977,0.001,4.099349737167358
4999,9,499,1519,87.16799926757812,86.28211390749595,0.001,4.21338415145874
5000,10,0,2098,89.07930755615234,89.07930755615234,0.001,4.035750389099121
5001,10,1,2513,101.77862548828125,94.40179274529109,0.001,4.389959335327148
5002,10,2,274,87.97006225585938,91.40841408470925,0.001,5.004363298416138
5003,10,3,1819,87.89967346191406,90.75906677771466,0.001,4.156563758850098
5004,10,4,2398,81.91634368896484,87.77534906337425,0.001,4.258932828903198
5005,10,5,1342,84.27355194091797,87.07335291200178,0.001,3.6430697441101074
5006,10,6,2274,87.96432495117188,87.22210209005125,0.001,3.9926741123199463
5007,10,7,2007,84.48255157470703,86.82568335609636,0.001,4.0542778968811035
5008,10,8,1149,72.06941986083984,84.9356902589879,0.001,3.9285237789154053
5009,10,9,2294,94.6600570678711,85.47280609992552,0.001,4.403498888015747
5010,10,10,2335,96.21785736083984,86.06709324971851,0.001,4.161508321762085
5011,10,11,2547,86.28941345214844,86.0897700996556,0.001,3.5773653984069824
5012,10,12,2502,90.46900939941406,86.61712850555776,0.001,4.193815469741821
5013,10,13,1821,99.34203338623047,87.13544898453344,0.001,3.919741630554199
5014,10,14,1838,74.96537017822266,86.1891172454592,0.001,4.139214277267456
5015,10,15,1686,89.72477722167969,86.52594768695892,0.001,4.299078941345215
5016,10,16,1098,75.70990753173828,85.99474231018259,0.001,4.874490261077881
5017,10,17,2196,95.77948760986328,86.2723660115285,0.001,3.9452457427978516
5018,10,18,1173,95.74170684814453,86.56312037078258,0.001,3.7509169578552246
5019,10,19,2534,101.21003723144531,87.00241347735596,0.001,4.3528053760528564
5020,10,20,2455,101.5278091430664,87.42917757447685,0.001,4.152993440628052
5021,10,21,2205,92.92605590820312,87.74710885787762,0.001,3.673527717590332
5022,10,22,2593,78.04690551757812,87.21467592724014,0.001,4.273763179779053
5023,10,23,2272,85.05189514160156,87.10447543989228,0.001,3.31284761428833
5024,10,24,2328,79.15087890625,86.82152606848045,0.001,3.7034738063812256
5025,10,25,2476,93.92588806152344,86.98478010421836,0.001,4.13523006439209
5026,10,26,1909,87.42272186279297,87.01079070152329,0.001,4.3474462032318115
5027,10,27,2452,100.83799743652344,87.60872216112648,0.001,4.069127082824707
5028,10,28,1568,81.88719177246094,87.37308454279524,0.001,4.006118297576904
5029,10,29,2406,88.52254486083984,87.43386234374826,0.001,3.923616647720337
5030,10,30,2563,75.55769348144531,87.10878796412817,0.001,4.24456524848938
5031,10,31,2095,85.35067749023438,87.02512113144479,0.001,3.5008652210235596
5032,10,32,2013,101.30207824707031,87.26433921344527,0.001,3.8802638053894043
5033,10,33,264,91.0986099243164,87.39760295952632,0.001,3.4726107120513916
5034,10,34,2450,85.42227935791016,87.33285636423898,0.001,3.8720271587371826
5035,10,35,2040,84.70022583007812,87.21924365373044,0.001,4.284417390823364
5036,10,36,1693,89.69060516357422,87.3199235047437,0.001,3.9618377685546875
5037,10,37,2564,81.97064208984375,87.16347253071088,0.001,3.791126251220703
5038,10,38,2060,81.02985382080078,86.98523839910612,0.001,3.977431297302246
5039,10,39,1858,81.58802795410156,86.83525828527779,0.001,4.356881618499756
5040,10,40,1126,80.98088073730469,86.62325183753933,0.001,3.5140082836151123
5041,10,41,2479,85.02849578857422,86.58256994438283,0.001,3.5302367210388184
5042,10,42,1182,76.12677001953125,86.31158198759185,0.001,4.4885876178741455
5043,10,43,2436,87.4104232788086,86.32497451487914,0.001,4.4722394943237305
5044,10,44,2449,79.37754821777344,86.15281315283491,0.001,3.7221388816833496
5045,10,45,1453,94.66902160644531,86.2453104032111,0.001,4.380655288696289
5046,10,46,2282,84.1140365600586,86.22080091961948,0.001,5.186251163482666
5047,10,47,2654,87.74530029296875,86.26866164746903,0.001,4.330882787704468
5048,10,48,2722,72.97386169433594,86.13293539352641,0.001,4.390161037445068
5049,10,49,2050,74.53955078125,85.94730645183603,0.001,3.9446208477020264
5050,10,50,2166,84.45082092285156,85.92340878915354,0.001,3.687148332595825
5051,10,51,2202,88.53022003173828,85.99975200268499,0.001,4.267645597457886
5052,10,52,2174,74.68498229980469,85.68855513572733,0.001,4.395568132400513
5053,10,53,1878,86.70480346679688,85.70354259762357,0.001,4.047717809677124
5054,10,54,1839,78.52005767822266,85.63415098077633,0.001,4.222545862197876
5055,10,55,272,88.93822479248047,85.68258484846051,0.001,3.8883588314056396
5056,10,56,1484,88.64954376220703,85.74246022412949,0.001,3.6195597648620605
5057,10,57,1470,93.02139282226562,85.88145171489654,0.001,3.929543972015381
5058,10,58,32,78.89676666259766,85.70038907116256,0.001,4.149774551391602
5059,10,59,2694,101.1623764038086,85.83873419994173,0.001,3.9020848274230957
5060,10,60,2583,90.80961608886719,85.93174274993717,0.001,4.142412900924683
5061,10,61,2546,85.28450012207031,85.92003591047583,0.001,3.9287467002868652
5062,10,62,2789,86.86024475097656,85.93681343724546,0.001,4.087950229644775
5063,10,63,2073,82.14105224609375,85.90598816787954,0.001,4.386558294296265
5064,10,64,2584,82.91825103759766,85.83707667707542,0.001,3.349231004714966
5065,10,65,273,89.0408935546875,85.89220788140796,0.001,3.645030975341797
5066,10,66,1174,85.92334747314453,85.89273165717866,0.001,3.699230432510376
5067,10,67,1779,92.2275390625,86.03092022173009,0.001,3.3278555870056152
5068,10,68,1554,87.26920318603516,86.04064470675397,0.001,3.960696220397949
5069,10,69,1764,88.10787963867188,86.08537291175192,0.001,4.378048419952393
5070,10,70,2144,91.95100402832031,86.1290696295789,0.001,3.404670000076294
5071,10,71,1888,78.62161254882812,85.9765361384103,0.001,3.6586029529571533
5072,10,72,2775,87.36598205566406,85.99744051071832,0.001,3.5578384399414062
5073,10,73,2784,87.80815887451172,86.03367632645536,0.001,3.5709800720214844
5074,10,74,1363,86.3033447265625,86.0376382409116,0.001,3.529235601425171
5075,10,75,2906,83.85730743408203,86.00610387406786,0.001,4.685854434967041
5076,10,76,1123,89.99510192871094,86.04691236548699,0.001,3.8292436599731445
5077,10,77,1109,84.25398254394531,86.01437291956474,0.001,4.287965774536133
5078,10,78,1636,72.32884216308594,85.76113003904177,0.001,4.555623769760132
5079,10,79,2223,85.07386779785156,85.74859251489151,0.001,3.8908581733703613
5080,10,80,2682,80.60819244384766,85.6558585190994,0.001,3.8471615314483643
5081,10,81,1128,74.07606506347656,85.50320499307084,0.001,4.000112771987915
5082,10,82,2533,67.04600524902344,85.32804283827667,0.001,4.350145101547241
5083,10,83,1828,78.17205810546875,85.2030888258742,0.001,4.069742202758789
5084,10,84,1864,94.73477935791016,85.26136859749418,0.001,4.36139702796936
5085,10,85,2861,79.68038177490234,85.1907135244929,0.001,3.7414512634277344
5086,10,86,2535,88.73029327392578,85.21176929355491,0.001,3.603045701980591
5087,10,87,2911,78.86475372314453,85.17697290425012,0.001,3.8497562408447266
5088,10,88,1503,82.4482421875,85.15481871899,0.001,3.963374376296997
5089,10,89,2673,84.87419891357422,85.1513486009323,0.001,4.2979559898376465
5090,10,90,1083,91.8396224975586,85.25561544634022,0.001,4.547453165054321
5091,10,91,2832,78.37263488769531,85.1524174708314,0.001,4.044823408126831
5092,10,92,340,82.13817596435547,85.11714940384921,0.001,3.6662182807922363
5093,10,93,2660,89.84915161132812,85.1882181780392,0.001,4.279143333435059
5094,10,94,2758,100.16019439697266,85.35762676051161,0.001,3.9029414653778076
5095,10,95,1089,88.47297668457031,85.40407250364142,0.001,4.3035900592803955
5096,10,96,1370,73.57312774658203,85.27217196293982,0.001,4.245744466781616
5097,10,97,1395,107.36266326904297,85.38990390638897,0.001,3.633634567260742
5098,10,98,1344,80.8858871459961,85.34127704563717,0.001,4.124161243438721
5099,10,99,2448,82.11508178710938,85.29535802915392,0.001,4.227141380310059
5100,10,100,1263,96.38799285888672,85.4130488009326,0.001,4.077850103378296
5101,10,101,2464,61.70344543457031,85.29113576035897,0.001,3.6043636798858643
5102,10,102,1791,81.35979461669922,85.26211397399015,0.001,4.493028879165649
5103,10,103,2750,84.26590728759766,85.25720247656342,0.001,3.8742032051086426
5104,10,104,1585,86.85892486572266,85.27892800314916,0.001,4.452124118804932
5105,10,105,436,87.6595687866211,85.29601386052357,0.001,4.3379807472229
5106,10,106,2845,84.69044494628906,85.28787984637417,0.001,3.6958322525024414
5107,10,107,336,81.97572326660156,85.24362649185034,0.001,4.018043041229248
5108,10,108,2929,85.93849182128906,85.25047974239317,0.001,3.5753250122070312
5109,10,109,2163,80.57292938232422,85.20364934648724,0.001,4.338024139404297
5110,10,110,432,78.65547180175781,85.14157319414592,0.001,4.687317848205566
5111,10,111,2782,78.81744384765625,85.06030142000857,0.001,3.455134630203247
5112,10,112,1915,79.8802261352539,85.02561625957719,0.001,3.727526903152466
5113,10,113,2443,89.52287292480469,85.06750211552846,0.001,3.847393274307251
5114,10,114,2930,87.1200180053711,85.0764324758219,0.001,3.9773452281951904
5115,10,115,1493,83.48847961425781,85.05684054410898,0.001,3.44415283203125
5116,10,116,458,83.46110534667969,85.04966215239119,0.001,3.9249229431152344
5117,10,117,363,90.31014251708984,85.07247148843283,0.001,4.415196180343628
5118,10,118,2510,80.33635711669922,85.01586668609218,0.001,3.3470778465270996
5119,10,119,1794,78.87860107421875,84.96180995337417,0.001,4.657603979110718
5120,10,120,400,89.56598663330078,84.98806170237661,0.001,3.9053471088409424
5121,10,121,469,90.69631958007812,85.05484882455232,0.001,3.2012269496917725
5122,10,122,2401,78.28091430664062,84.99490600571146,0.001,3.9808878898620605
5123,10,123,2523,91.72493743896484,85.0724409300577,0.001,4.32080340385437
5124,10,124,350,82.14491271972656,85.04722879822477,0.001,4.040223598480225
5125,10,125,2435,85.95832824707031,85.05103601857701,0.001,3.801032304763794
5126,10,126,1373,75.4612045288086,84.98729537023846,0.001,4.0988078117370605
5127,10,127,38,83.47825622558594,84.97816176258468,0.001,4.450904607772827
5128,10,128,2772,79.66200256347656,84.93397890438449,0.001,4.226511240005493
5129,10,129,2543,86.3841552734375,84.94604822753216,0.001,3.8509202003479004
5130,10,130,2327,101.55370330810547,85.04177946678988,0.001,4.25150465965271
5131,10,131,2590,100.51496887207031,85.12937195110199,0.001,4.460417032241821
5132,10,132,1737,87.13481140136719,85.15041273121867,0.001,4.5308613777160645
5133,10,133,2235,87.63189697265625,85.17679215800021,0.001,4.356849431991577
5134,10,134,1679,72.94963836669922,85.10586540099938,0.001,3.492899179458618
5135,10,135,1620,84.91056060791016,85.10537176023594,0.001,3.940182685852051
5136,10,136,2140,95.7988052368164,85.1439149484831,0.001,3.8972327709198
5137,10,137,1196,87.22416687011719,85.15107600266481,0.001,4.3395678997039795
5138,10,138,2387,96.78107452392578,85.21629917340714,0.001,4.270213603973389
5139,10,139,1473,84.67794036865234,85.21368600300146,0.001,4.0884690284729
5140,10,140,2458,78.03031158447266,85.15828128573204,0.001,3.598860025405884
5141,10,141,2580,89.05668640136719,85.19721857213209,0.001,4.412477970123291
5142,10,142,2672,84.9909439086914,85.19512031758204,0.001,4.122110605239868
5143,10,143,2668,93.63783264160156,85.25938616058737,0.001,4.326049327850342
5144,10,144,383,90.29936981201172,85.30790732230302,0.001,4.058089256286621
5145,10,145,2184,94.6421127319336,85.35779383751107,0.001,4.095040559768677
5146,10,146,2460,81.03897857666016,85.3426202907828,0.001,4.230308294296265
5147,10,147,1440,92.53616333007812,85.3942476037163,0.001,4.3285744190216064
5148,10,148,685,86.87738800048828,85.40489989671775,0.001,4.333940505981445
5149,10,149,405,90.9700927734375,85.43435357628864,0.001,4.358290195465088
5150,10,150,2422,78.54723358154297,85.41065521910687,0.001,4.031776666641235
5151,10,151,1675,87.60476684570312,85.42178623360651,0.001,4.091275215148926
5152,10,152,1809,87.1114730834961,85.43751576799511,0.001,3.969663619995117
5153,10,153,1442,83.4825439453125,85.42775477590251,0.001,4.154437065124512
5154,10,154,522,76.06312561035156,85.33988439466337,0.001,3.585174322128296
5155,10,155,447,95.47797393798828,85.37403802058985,0.001,3.851508378982544
5156,10,156,2767,83.998779296875,85.3643603411045,0.001,4.562859296798706
5157,10,157,1543,99.78364562988281,85.41257271421391,0.001,4.280326843261719
5158,10,158,1530,80.74060821533203,85.36991726733471,0.001,4.063722610473633
5159,10,159,2529,89.44712829589844,85.39830981055538,0.001,4.354071140289307
5160,10,160,367,96.2510986328125,85.45015584597108,0.001,4.061252593994141
5161,10,161,446,88.55120849609375,85.47085767625357,0.001,4.405967712402344
5162,10,162,742,82.64979553222656,85.44566193359331,0.001,4.548789024353027
5163,10,163,694,82.7806625366211,85.42220716621314,0.001,3.7435312271118164
5164,10,164,2392,86.06864166259766,85.42528098933225,0.001,4.285228252410889
5165,10,165,481,90.03807067871094,85.45540943041316,0.001,3.860752820968628
5166,10,166,1516,82.76161193847656,85.43803576072838,0.001,4.459392786026001
5167,10,167,727,80.8759536743164,85.42417248154791,0.001,4.131228446960449
5168,10,168,2498,95.76639556884766,85.4716745321592,0.001,4.368897438049316
5169,10,169,2610,83.02559661865234,85.4641754093434,0.001,3.1913836002349854
5170,10,170,1921,80.10504913330078,85.43002619229905,0.001,4.703104496002197
5171,10,171,441,81.1031494140625,85.40262921352178,0.001,4.115802049636841
5172,10,172,94,77.98593139648438,85.34399136605002,0.001,4.587249517440796
5173,10,173,455,67.45381927490234,85.30299099793659,0.001,3.9277358055114746
5174,10,174,68,94.08721160888672,85.34297881643083,0.001,4.0028839111328125
5175,10,175,1161,82.30318450927734,85.334487815185,0.001,3.7345268726348877
5176,10,176,2241,101.0636215209961,85.46573823364535,0.001,3.76381516456604
5177,10,177,325,83.39862060546875,85.4530845085867,0.001,4.407434463500977
5178,10,178,2652,89.0419692993164,85.46336587744138,0.001,3.6161489486694336
5179,10,179,2425,88.26805877685547,85.48050944212179,0.001,4.26717734336853
5180,10,180,2482,85.52738189697266,85.48089029424443,0.001,4.336904287338257
5181,10,181,2669,98.52896118164062,85.51879466778259,0.001,4.205538511276245
5182,10,182,1457,84.32111358642578,85.50934963015082,0.001,4.052509546279907
5183,10,183,1769,81.96792602539062,85.48109394897,0.001,3.979952096939087
5184,10,184,37,80.8599624633789,85.44506463145605,0.001,3.4335901737213135
5185,10,185,1616,93.33673095703125,85.49223511130502,0.001,3.712050199508667
5186,10,186,801,85.74382781982422,85.49325024069509,0.001,3.988799571990967
5187,10,187,190,76.03976440429688,85.41870826288965,0.001,4.4540135860443115
5188,10,188,2613,98.0817642211914,85.49049776825277,0.001,3.6270084381103516
5189,10,189,67,85.77582550048828,85.49212792929211,0.001,3.936197280883789
5190,10,190,682,92.11158752441406,85.54178410789856,0.001,4.415246248245239
5191,10,191,519,80.39752197265625,85.50304079888977,0.001,4.15022611618042
5192,10,192,521,83.43820190429688,85.49755309119996,0.001,4.816200256347656
5193,10,193,611,89.02831268310547,85.51140274748111,0.001,4.419732093811035
5194,10,194,1649,77.51346588134766,85.46686285150594,0.001,4.1464879512786865
5195,10,195,2293,74.20295715332031,85.40317002781438,0.001,3.642719030380249
5196,10,196,710,84.421142578125,85.39780398796603,0.001,4.3106231689453125
5197,10,197,2569,101.72591400146484,85.46144150454298,0.001,4.296642780303955
5198,10,198,1896,80.8464584350586,85.43650019709067,0.001,3.9127037525177
5199,10,199,2341,79.95484161376953,85.39671627856457,0.001,4.265293598175049
5200,10,200,1596,92.16732025146484,85.42214432538744,0.001,4.058558702468872
5201,10,201,1823,82.48909759521484,85.40077248481556,0.001,4.149113178253174
5202,10,202,2152,87.19234466552734,85.41020213380847,0.001,3.9537038803100586
5203,10,203,2064,85.5270767211914,85.41082710116919,0.001,4.067373514175415
5204,10,204,788,81.47805786132812,85.38322041084275,0.001,3.8629720211029053
5205,10,205,1326,91.09918212890625,85.39726400913747,0.001,4.441821813583374
5206,10,206,2204,94.5453872680664,85.45974338915202,0.001,3.2693629264831543
5207,10,207,507,99.78194427490234,85.48442012824891,0.001,3.7956132888793945
5208,10,208,743,84.20777130126953,85.48129209114802,0.001,4.193260669708252
5209,10,209,2522,79.05400085449219,85.44848691404691,0.001,3.9951252937316895
5210,10,210,861,92.2903823852539,85.47360385345915,0.001,3.77734375
5211,10,211,368,82.95443725585938,85.4603077772117,0.001,3.905278205871582
5212,10,212,1310,82.40235900878906,85.43951594719108,0.001,3.650073766708374
5213,10,213,518,81.5383529663086,85.43007311342129,0.001,4.096176624298096
5214,10,214,2505,86.216796875,85.43200596220659,0.001,4.052794933319092
5215,10,215,778,92.890869140625,85.4691637853073,0.001,4.019873857498169
5216,10,216,1383,91.69947814941406,85.49177881447214,0.001,4.257015943527222
5217,10,217,388,97.86497497558594,85.51996848446694,0.001,3.368846893310547
5218,10,218,2596,94.04600524902344,85.55023926406346,0.001,4.477625131607056
5219,10,219,773,96.70855712890625,85.6054770113361,0.001,4.167187213897705
5220,10,220,2070,89.29850769042969,85.62964093820369,0.001,3.6053895950317383
5221,10,221,705,81.86546325683594,85.60473307108025,0.001,4.17015814781189
5222,10,222,706,79.77271270751953,85.59097686536892,0.001,3.8497204780578613
5223,10,223,961,79.25711059570312,85.55027166420192,0.001,4.564211130142212
5224,10,224,1092,87.00457763671875,85.55961837471443,0.001,3.9647955894470215
5225,10,225,361,85.56043243408203,85.559623315177,0.001,3.591569185256958
5226,10,226,266,99.01417541503906,85.64500661384842,0.001,3.7306551933288574
5227,10,227,863,82.38484954833984,85.62948082692047,0.001,3.6096513271331787
5228,10,228,2537,83.63607788085938,85.61988934124246,0.001,4.2376868724823
5229,10,229,2499,92.70243835449219,85.64367252614178,0.001,4.033994674682617
5230,10,230,914,83.5654296875,85.6340046177347,0.001,4.788676977157593
5231,10,231,2781,76.609619140625,85.60771681241849,0.001,4.028318881988525
5232,10,232,60,87.21892547607422,85.6130415218372,0.001,4.146777153015137
5233,10,233,616,89.54930877685547,85.63701547189119,0.001,4.703768491744995
5234,10,234,864,94.83265686035156,85.656090404995,0.001,3.822246789932251
5235,10,235,721,91.14321899414062,85.67377255456671,0.001,4.053358316421509
5236,10,236,2834,82.0363540649414,85.65157420791962,0.001,3.57075572013855
5237,10,237,74,97.63383483886719,85.67718022228291,0.001,4.226802825927734
5238,10,238,65,92.05574035644531,85.69129013218325,0.001,4.859315872192383
5239,10,239,2413,90.23163604736328,85.71208701712048,0.001,3.7934048175811768
5240,10,240,1111,87.86541748046875,85.72174382582236,0.001,3.682410478591919
5241,10,241,2377,75.47510528564453,85.67603523767939,0.001,3.6665713787078857
5242,10,242,913,84.00806427001953,85.67073803339224,0.001,3.4952008724212646
5243,10,243,98,89.49701690673828,85.69348464649597,0.001,4.13341760635376
5244,10,244,2225,90.40445709228516,85.72114060010975,0.001,3.550945997238159
5245,10,245,2297,85.0385971069336,85.71807779983652,0.001,4.316156625747681
5246,10,246,1333,104.80874633789062,85.80173778682787,0.001,4.214943170547485
5247,10,247,707,86.69841003417969,85.80348298865246,0.001,4.322533130645752
5248,10,248,28,96.3399887084961,85.825228629387,0.001,4.83005166053772
5249,10,249,2909,84.81836700439453,85.82082397378619,0.001,4.143770933151245
5250,10,250,873,89.1872787475586,85.82692775840479,0.001,4.283958196640015
5251,10,251,1399,81.64112854003906,85.80255302211212,0.001,4.391875743865967
5252,10,252,770,90.03850555419922,85.82096384290864,0.001,4.597482919692993
5253,10,253,490,88.10302734375,85.8257045270378,0.001,3.6670584678649902
5254,10,254,2601,89.47114562988281,85.84601284892425,0.001,3.468458414077759
5255,10,255,1602,98.09996032714844,85.86239204505868,0.001,3.932281732559204
5256,10,256,858,92.79132843017578,85.87506239614005,0.001,3.5135815143585205
5257,10,257,2923,91.84769439697266,85.89254503638563,0.001,3.5711982250213623
5258,10,258,434,88.4586410522461,85.89721217041237,0.001,3.9306042194366455
5259,10,259,1569,89.82999420166016,85.91383614325986,0.001,4.1515796184539795
5260,10,260,2157,79.77947235107422,85.87967685154027,0.001,4.496256113052368
5261,10,261,77,86.09503173828125,85.88058378052364,0.001,3.594043493270874
5262,10,262,2793,80.63433837890625,85.85116563860436,0.001,3.7836079597473145
5263,10,263,989,90.43180847167969,85.86999012606096,0.001,3.7085201740264893
5264,10,264,1676,84.5816421508789,85.86290131289792,0.001,4.167509078979492
5265,10,265,2595,93.65510559082031,85.87795358410224,0.001,3.685559034347534
5266,10,266,2192,92.04811096191406,85.88801159492593,0.001,3.591951847076416
5267,10,267,1548,91.54301452636719,85.91010415715553,0.001,3.7837274074554443
5268,10,268,919,86.32207489013672,85.91236076936728,0.001,4.416596412658691
5269,10,269,382,77.75812530517578,85.89713263278023,0.001,3.9831480979919434
5270,10,270,2617,83.30607604980469,85.8833523161856,0.001,3.9762651920318604
5271,10,271,2565,79.87711334228516,85.87169974486149,0.001,4.2456374168396
5272,10,272,56,87.951904296875,85.8800008517056,0.001,3.708040714263916
5273,10,273,956,82.9190902709961,85.86438667417445,0.001,3.5519144535064697
5274,10,274,64,97.74807739257812,85.88710634878863,0.001,4.089070796966553
5275,10,275,1577,86.87218475341797,85.89097534954078,0.001,4.190492153167725
5276,10,276,2864,85.2923812866211,85.88927525767362,0.001,3.987583637237549
5277,10,277,972,88.43115234375,85.89905305569278,0.001,4.087143421173096
5278,10,278,1097,96.07305908203125,85.91748573563868,0.001,3.8349575996398926
5279,10,279,374,74.85247802734375,85.86038411542492,0.001,3.983593702316284
5280,10,280,175,90.28643035888672,85.8729134298264,0.001,3.803764581680298
5281,10,281,1087,85.46134185791016,85.87083194453575,0.001,3.1697165966033936
5282,10,282,344,84.33181762695312,85.86799884108807,0.001,3.9778430461883545
5283,10,283,378,95.87602233886719,85.91920453076638,0.001,3.770907163619995
5284,10,284,689,89.95049285888672,85.93018224885158,0.001,4.474568843841553
5285,10,285,2763,94.81319427490234,85.94621642990542,0.001,4.579808712005615
5286,10,286,814,74.71541595458984,85.92527746107817,0.001,4.095728158950806
5287,10,287,951,90.22703552246094,85.94156271081415,0.001,3.5422682762145996
5288,10,288,2067,87.66156768798828,85.94632419665061,0.001,4.715823411941528
5289,10,289,514,98.22046661376953,85.97988643112538,0.001,4.610331058502197
5290,10,290,966,81.44747924804688,85.96794015368134,0.001,4.14613938331604
5291,10,291,1714,73.62106323242188,85.92276866851613,0.001,3.628633737564087
5292,10,292,1814,76.60176086425781,85.88842357388488,0.001,4.203190326690674
5293,10,293,73,81.81670379638672,85.88109666872474,0.001,3.957486152648926
5294,10,294,2117,91.55625915527344,85.90168846441283,0.001,4.131540060043335
5295,10,295,991,98.82976531982422,85.92403751741871,0.001,3.6840317249298096
5296,10,296,2172,84.9345474243164,85.9203178524844,0.001,4.1985931396484375
5297,10,297,1151,92.58015441894531,85.93721488430879,0.001,4.624220609664917
5298,10,298,1846,85.5829086303711,85.93592426895037,0.001,4.063527345657349
5299,10,299,2603,74.8583755493164,85.88325969535506,0.001,3.8679728507995605
5300,10,300,337,77.93861389160156,85.86453235881255,0.001,3.7799906730651855
5301,10,301,377,87.03178405761719,85.86756711886737,0.001,3.9159984588623047
5302,10,302,2548,86.12996673583984,85.86850314982742,0.001,3.8633131980895996
5303,10,303,1105,78.94395446777344,85.85608724642395,0.001,3.9156479835510254
5304,10,304,2216,90.1337661743164,85.8626883631022,0.001,4.889339208602905
5305,10,305,376,103.10316467285156,85.89275306754325,0.001,4.445665597915649
5306,10,306,981,91.15975189208984,85.91172759779353,0.001,3.4636166095733643
5307,10,307,492,80.91717529296875,85.88786149823045,0.001,3.983903408050537
5308,10,308,2871,74.8599853515625,85.83579793340436,0.001,3.8122355937957764
5309,10,309,2692,87.44438934326172,85.84338980114534,0.001,4.157638311386108
5310,10,310,834,90.75831604003906,85.86646757048331,0.001,4.052510738372803
5311,10,311,904,77.9809799194336,85.84893293971277,0.001,4.600729703903198
5312,10,312,468,85.78296661376953,85.84862783175896,0.001,4.255735874176025
5313,10,313,2588,87.51488494873047,85.85646375044224,0.001,3.221649646759033
5314,10,314,461,92.2608413696289,85.88583562547127,0.001,4.018474578857422
5315,10,315,695,86.02471923828125,85.88632008370631,0.001,4.033485651016235
5316,10,316,2399,92.61630249023438,85.89623749097125,0.001,3.8350062370300293
5317,10,317,832,76.7255630493164,85.85443723071681,0.001,4.038876056671143
5318,10,318,962,75.33732604980469,85.82845938756202,0.001,3.836629629135132
5319,10,319,717,89.85648345947266,85.84678269884446,0.001,3.4670774936676025
5320,10,320,825,80.0482177734375,85.83761070399692,0.001,3.982884645462036
5321,10,321,787,88.59027862548828,85.84213277014184,0.001,4.282358646392822
5322,10,322,390,94.60000610351562,85.8628248801455,0.001,3.996087074279785
5323,10,323,759,86.20184326171875,85.8639599306033,0.001,5.0592710971832275
5324,10,324,915,96.8084716796875,85.88093226089127,0.001,4.168488502502441
5325,10,325,2927,87.11185455322266,85.88264611120717,0.001,4.264144420623779
5326,10,326,403,83.71465301513672,85.87748665649677,0.001,4.006203651428223
5327,10,327,2585,81.63719177246094,85.86353884032737,0.001,4.296737432479858
5328,10,328,1735,79.51904296875,85.85332852434124,0.001,4.110722303390503
5329,10,329,488,87.2584228515625,85.85951238899393,0.001,4.044737339019775
5330,10,330,453,99.09846496582031,85.89069004642666,0.001,4.088514089584351
5331,10,331,789,80.89862823486328,85.87419695879139,0.001,4.49021577835083
5332,10,332,986,77.14790344238281,85.8448839882121,0.001,4.172780990600586
5333,10,333,803,102.59778594970703,85.87050320652067,0.001,4.372076988220215
5334,10,334,424,88.89077758789062,85.87725627317754,0.001,3.9464104175567627
5335,10,335,2181,97.85833740234375,85.89606898345623,0.001,4.064654111862183
5336,10,336,2051,83.5158920288086,85.88822507483707,0.001,3.7398576736450195
5337,10,337,392,90.1955337524414,85.90678112390401,0.001,4.074414014816284
5338,10,338,719,81.06101989746094,85.88577631257886,0.001,4.334850549697876
5339,10,339,954,73.71453857421875,85.86700949750791,0.001,3.9593732357025146
5340,10,340,2874,87.63224792480469,85.87259989740097,0.001,3.938439130783081
5341,10,341,2538,94.49907684326172,85.88588512188602,0.001,3.7547671794891357
5342,10,342,771,85.53307342529297,85.88475723985971,0.001,3.662896156311035
5343,10,343,1393,89.12416076660156,85.89520433848136,0.001,4.179340362548828
5344,10,344,2298,74.85824584960938,85.87879457194184,0.001,3.7475457191467285
5345,10,345,342,81.92442321777344,85.86172163270531,0.001,4.473116874694824
5346,10,346,728,82.17861938476562,85.84998277070554,0.001,4.2533791065216064
5347,10,347,2901,91.76805114746094,85.8636908510795,0.001,3.977283477783203
5348,10,348,2462,87.70270538330078,85.87153562466975,0.001,4.189648866653442
5349,10,349,250,87.80814361572266,85.87445041987337,0.001,4.696187257766724
5350,10,350,523,89.46018981933594,85.88959280494443,0.001,4.089345216751099
5351,10,351,2608,87.60640716552734,85.89688539880572,0.001,4.124775171279907
5352,10,352,680,104.31135559082031,85.92397354460381,0.001,4.534084320068359
5353,10,353,2179,93.19721221923828,85.94036842102341,0.001,3.7115318775177
5354,10,354,471,87.447998046875,85.94653983566299,0.001,3.927610158920288
5355,10,355,808,87.12696838378906,85.95015835162036,0.001,3.62312650680542
5356,10,356,2552,90.0678482055664,85.96272459395378,0.001,4.291630983352661
5357,10,357,408,74.07310485839844,85.93686645834246,0.001,4.257362127304077
5358,10,358,851,85.87617492675781,85.93661285658976,0.001,4.540497541427612
5359,10,359,2325,92.2428970336914,85.95591398648297,0.001,3.983154058456421
5360,10,360,401,82.33821868896484,85.94489070505882,0.001,4.489153861999512
5361,10,361,69,89.1122055053711,85.95780353687093,0.001,3.3145408630371094
5362,10,362,693,85.77176666259766,85.95705128467546,0.001,4.013929128646851
5363,10,363,1372,78.586181640625,85.93497068827371,0.001,3.838498592376709
5364,10,364,699,77.54716491699219,85.91019192144543,0.001,3.7273833751678467
5365,10,365,2251,96.4317626953125,85.93322172903731,0.001,4.149057626724243
5366,10,366,254,75.68101501464844,85.8926495185634,0.001,4.218611240386963
5367,10,367,372,79.8961410522461,85.88518122848856,0.001,4.210782289505005
5368,10,368,811,73.6435317993164,85.8691113630673,0.001,4.011194705963135
5369,10,369,607,95.74259185791016,85.88253788642787,0.001,4.359385967254639
5370,10,370,1717,101.48240661621094,85.90431604952236,0.001,4.130427598953247
5371,10,371,2249,88.99052429199219,85.91362550940386,0.001,3.903597593307495
5372,10,372,2794,86.91401672363281,85.91504971994547,0.001,3.834970474243164
5373,10,373,496,80.69082641601562,85.90031975894858,0.001,3.472047805786133
5374,10,374,977,85.96200561523438,85.9004454089595,0.001,3.654775381088257
5375,10,375,2619,86.97972869873047,85.90251590309863,0.001,4.046552896499634
5376,10,376,2511,86.81958770751953,85.90445731039733,0.001,4.112398147583008
5377,10,377,2147,87.29537963867188,85.9098999618437,0.001,4.558744430541992
5378,10,378,448,96.97904205322266,85.94282723682652,0.001,3.89969539642334
5379,10,379,819,84.50397491455078,85.93863639464794,0.001,3.720259189605713
5380,10,380,1506,78.85894775390625,85.92937502770589,0.001,4.031832695007324
5381,10,381,2709,100.0435562133789,85.94856519643636,0.001,4.790604829788208
5382,10,382,1551,93.5944595336914,85.97096875571164,0.001,4.06547474861145
5383,10,383,920,86.40094757080078,85.97263727827175,0.001,4.066631078720093
5384,10,384,1302,86.43148803710938,85.97427517382178,0.001,4.088846445083618
5385,10,385,2432,75.0864028930664,85.9592975986736,0.001,4.161624431610107
5386,10,386,459,109.71456909179688,85.9913263789674,0.001,4.870890140533447
5387,10,387,1617,88.32134246826172,85.99985489092415,0.001,4.236388921737671
5388,10,388,2706,79.25151062011719,85.99118621243755,0.001,3.5811052322387695
5389,10,389,2340,87.26063537597656,85.99470139435793,0.001,3.9156928062438965
5390,10,390,1642,83.21453094482422,85.98696301522841,0.001,4.0095250606536865
5391,10,391,774,87.0216293334961,85.98987952649622,0.001,4.661585807800293
5392,10,392,686,73.83026123046875,85.95499731640247,0.001,3.756654977798462
5393,10,393,407,84.87442779541016,85.95197203178681,0.001,4.087708950042725
5394,10,394,1480,86.66146087646484,85.95290217930601,0.001,4.134316682815552
5395,10,395,1090,86.5439682006836,85.9540640766578,0.001,4.171013832092285
5396,10,396,1902,90.28622436523438,85.96613966051144,0.001,3.86944580078125
5397,10,397,1690,78.00586700439453,85.95552009406231,0.001,3.9668684005737305
5398,10,398,916,89.80006408691406,85.96068973733867,0.001,3.9537293910980225
5399,10,399,990,76.68598175048828,85.93442062721364,0.001,4.052353858947754
5400,10,400,1575,99.08772277832031,85.97157000830691,0.001,4.16750955581665
5401,10,401,827,94.29891967773438,85.98520254833133,0.001,3.792520046234131
5402,10,402,1706,104.11044311523438,86.03480857229756,0.001,4.4623377323150635
5403,10,403,601,86.1348876953125,86.03517361443315,0.001,4.5147809982299805
5404,10,404,2614,79.00572204589844,86.00981324406536,0.001,4.05536150932312
5405,10,405,2720,91.00416564941406,86.01580580161838,0.001,3.651930093765259
5406,10,406,1806,79.72077178955078,85.99297560658896,0.001,3.642531156539917
5407,10,407,1481,80.4688491821289,85.97782931590189,0.001,3.412684202194214
5408,10,408,852,92.62533569335938,85.99559128976873,0.001,4.054103136062622
5409,10,409,870,86.87390899658203,85.99728494549755,0.001,3.6329164505004883
5410,10,410,1132,75.05724334716797,85.96743451961406,0.001,4.249887466430664
5411,10,411,1365,93.21202087402344,85.97671938273785,0.001,4.0952308177948
5412,10,412,1342,83.9051513671875,85.97127635107891,0.001,4.589942932128906
5413,10,413,1460,89.16454315185547,85.97739569096653,0.001,4.04138445854187
5414,10,414,1370,73.7030258178711,85.94446239761527,0.001,4.073631525039673
5415,10,415,1111,87.88624572753906,85.94960673625397,0.001,3.896223545074463
5416,10,416,1690,77.92652130126953,85.93938479168166,0.001,3.99491024017334
5417,10,417,1118,84.20637512207031,85.93481533496745,0.001,3.6541645526885986
5418,10,418,1626,74.48323059082031,85.92087293651477,0.001,4.0225934982299805
5419,10,419,1196,87.26026916503906,85.92241787125616,0.001,4.0163562297821045
5420,10,420,1153,87.98683166503906,85.92971969147963,0.001,3.683624744415283
5421,10,421,1764,88.09130859375,85.93742181626122,0.001,3.8365583419799805
5422,10,422,1648,96.97653198242188,85.95800781383191,0.001,3.7074661254882812
5423,10,423,1532,94.94532775878906,85.98906945195587,0.001,4.503650903701782
5424,10,424,1274,85.38236999511719,85.9875224077659,0.001,3.810791254043579
5425,10,425,1339,94.49418640136719,85.99821262011254,0.001,3.649264335632324
5426,10,426,2066,94.44329833984375,86.02720767440206,0.001,4.2378249168396
5427,10,427,1714,73.63750457763672,85.99600272869576,0.001,4.245078086853027
5428,10,428,1263,96.50404357910156,86.02303503145448,0.001,3.1588916778564453
5429,10,429,1616,93.36408996582031,86.04232850876262,0.001,4.309176206588745
5430,10,430,178,80.68348693847656,86.02892381510472,0.001,3.642596960067749
5431,10,431,1516,82.75324249267578,86.02060587537974,0.001,3.989396810531616
5432,10,432,1845,78.96480560302734,86.01251509942703,0.001,3.854980945587158
5433,10,433,1580,97.14894104003906,86.03274831053608,0.001,4.311519384384155
5434,10,434,1814,76.69312286376953,86.00934062830383,0.001,4.415338039398193
5435,10,435,1473,84.62798309326172,86.00715823739893,0.001,3.994866371154785
5436,10,436,1484,88.655029296875,86.0139280273751,0.001,4.041748762130737
5437,10,437,1395,107.4548110961914,86.04016838357616,0.001,4.385073661804199
5438,10,438,2095,85.36553955078125,86.03794450457926,0.001,3.6220531463623047
5439,10,439,1706,104.0848388671875,86.08314091969157,0.001,3.953678846359253
5440,10,440,2000,87.19725036621094,86.08445743796645,0.001,3.862056016921997
5441,10,441,1495,90.95187377929688,86.0967077753433,0.001,4.135591745376587
5442,10,442,2144,92.08554077148438,86.10377105484596,0.001,3.9197843074798584
5443,10,443,1839,78.23949432373047,86.0945999250263,0.001,4.3515625
5444,10,444,1686,89.42398071289062,86.10563526260141,0.001,3.815213680267334
5445,10,445,1577,86.86817169189453,86.10752087567896,0.001,3.4280829429626465
5446,10,446,1549,94.62284088134766,86.12304010861652,0.001,4.031187057495117
5447,10,447,2008,113.27421569824219,86.1516886887957,0.001,4.081418752670288
5448,10,448,1642,83.27438354492188,86.14467886326591,0.001,3.92495059967041
5449,10,449,1797,71.95020294189453,86.12764368889611,0.001,3.908996820449829
5450,10,450,1809,87.04102325439453,86.13058416442323,0.001,4.2563652992248535
5451,10,451,1488,80.76849365234375,86.11409804107227,0.001,3.8780345916748047
5452,10,452,1310,82.368408203125,86.10182195122437,0.001,3.618929386138916
5453,10,453,1434,89.59806823730469,86.11005469091775,0.001,4.284443378448486
5454,10,454,1615,87.2699203491211,86.11281796000651,0.001,3.4363107681274414
5455,10,455,1502,80.2411117553711,86.09355705553183,0.001,4.345343351364136
5456,10,456,1802,92.59844970703125,86.10922984446255,0.001,3.823753833770752
5457,10,457,1099,89.36814880371094,86.11973706601489,0.001,4.357318162918091
5458,10,458,1262,88.16879272460938,86.12205290929968,0.001,4.062010288238525
5459,10,459,1527,86.23603820800781,86.12232516060473,0.001,4.215341806411743
5460,10,460,1174,85.9647445678711,86.12194620851882,0.001,4.204243183135986
5461,10,461,1343,86.97653198242188,86.1228578592898,0.001,4.482028961181641
5462,10,462,190,76.02702331542969,86.08994699012196,0.001,4.481073617935181
5463,10,463,1394,78.118408203125,86.07096352804312,0.001,3.941075325012207
5464,10,464,2051,83.52222442626953,86.06487127741379,0.001,4.412704706192017
5465,10,465,1151,92.54466247558594,86.07544470523894,0.001,3.553701877593994
5466,10,466,1324,89.12208557128906,86.08496834172539,0.001,4.401795148849487
5467,10,467,1878,86.56952667236328,86.08577534890425,0.001,4.1207146644592285
5468,10,468,2101,93.49224853515625,86.10921472500067,0.001,3.792896032333374
5469,10,469,1441,79.14641571044922,86.10124470238931,0.001,3.527564525604248
5470,10,470,2184,94.52981567382812,86.11550154615878,0.001,3.5690131187438965
5471,10,471,1951,92.5065689086914,86.13048708543414,0.001,4.336632490158081
5472,10,472,1440,92.75756072998047,86.14563195722171,0.001,3.8780062198638916
5473,10,473,1817,68.47651672363281,86.12664900296174,0.001,4.170515298843384
5474,10,474,2064,85.51599884033203,86.12521145570263,0.001,3.468642234802246
5475,10,475,1506,78.8223648071289,86.11753918370776,0.001,3.765444755554199
5476,10,476,1823,82.45785522460938,86.1059725436761,0.001,3.5925991535186768
5477,10,477,1457,84.32130432128906,86.10052759770782,0.001,3.7590668201446533
5478,10,478,1700,87.931640625,86.10371037696756,0.001,3.49145770072937
5479,10,479,1453,95.06314849853516,86.11286600716478,0.001,3.9942679405212402
5480,10,480,1105,78.9259262084961,86.10467135612325,0.001,4.377608060836792
5481,10,481,2196,95.8882064819336,86.11432139795727,0.001,3.546189546585083
5482,10,482,1120,81.34014892578125,86.10686662396517,0.001,3.909806728363037
5483,10,483,1914,85.30315399169922,86.10598955885396,0.001,4.2957541942596436
5484,10,484,2229,84.72122955322266,86.10403094924378,0.001,4.453920841217041
5485,10,485,2282,84.40454864501953,86.10218425078594,0.001,3.606464385986328
5486,10,486,1442,83.55206298828125,86.09807667334981,0.001,3.7869436740875244
5487,10,487,1311,75.6076889038086,86.06631107326068,0.001,4.103787660598755
5488,10,488,2179,93.04412078857422,86.07779462927117,0.001,3.386432409286499
5489,10,489,1397,81.61798095703125,86.06416163659298,0.001,4.342819452285767
5490,10,490,1844,103.73806762695312,86.08110342717049,0.001,4.3229148387908936
5491,10,491,2149,81.10931396484375,86.069706674519,0.001,3.922111749649048
5492,10,492,2216,90.18780517578125,86.07367506109757,0.001,3.335678815841675
5493,10,493,2297,85.12985229492188,86.0715037815764,0.001,4.598201274871826
5494,10,494,1737,87.15303802490234,86.07465277800989,0.001,3.5423078536987305
5495,10,495,1762,96.17365264892578,86.09721701772352,0.001,3.7860989570617676
5496,10,496,1838,74.78376770019531,86.07236887431914,0.001,3.7586276531219482
5497,10,497,1113,87.64688110351562,86.07704374883367,0.001,4.4679811000823975
5498,10,498,1636,72.3407974243164,86.03624440023405,0.001,3.804471969604492
5499,10,499,1128,74.100341796875,86.00975504499546,0.001,3.7856650352478027
5500,11,0,1334,87.071533203125,87.071533203125,0.001,3.934119462966919
5501,11,1,1439,87.75614166259766,87.57652833554265,0.001,3.587924003601074
5502,11,2,1766,87.78718566894531,87.61022132736169,0.001,3.669158935546875
5503,11,3,1543,99.83573913574219,89.87706608104062,0.001,3.4434688091278076
5504,11,4,2152,87.03094482421875,89.0936043524966,0.001,3.8120267391204834
5505,11,5,2070,89.33499908447266,89.15877928947722,0.001,3.4066078662872314
5506,11,6,1523,86.61043548583984,88.93376287389218,0.001,3.6818456649780273
5507,11,7,1888,78.58487701416016,86.91197205984614,0.001,3.7106730937957764
5508,11,8,1092,86.90631103515625,86.91103306822745,0.001,3.6954803466796875
5509,11,9,1360,98.4765853881836,87.53913834809921,0.001,4.118049621582031
5510,11,10,1503,82.45982360839844,87.17460827596796,0.001,3.9970755577087402
5511,11,11,1794,78.89708709716797,86.37351381587416,0.001,3.649001121520996
5512,11,12,177,89.17545318603516,86.62146000985734,0.001,4.2286763191223145
5513,11,13,1480,86.86323547363281,86.63122284555361,0.001,4.04192852973938
5514,11,14,1649,77.46772003173828,85.90295986112488,0.001,4.5415239334106445
5515,11,15,175,90.3839111328125,86.14786104650284,0.001,3.631164789199829
5516,11,16,2392,86.07489776611328,86.14411154459393,0.001,3.9026448726654053
5517,11,17,1530,80.74932098388672,85.67740980014908,0.001,3.86521053314209
5518,11,18,1879,82.00872039794922,85.51212320166657,0.001,4.3052263259887695
5519,11,19,1470,93.04088592529297,85.94099699635622,0.001,4.131968021392822
5520,11,20,2202,88.51103210449219,86.12808260792674,0.001,3.7153477668762207
5521,11,21,1807,86.60546875,86.15987867889446,0.001,3.577183485031128
5522,11,22,2460,81.0617904663086,86.040047762083,0.001,3.689387083053589
5523,11,23,2040,84.53797912597656,85.94607742520893,0.001,3.4728102684020996
5524,11,24,1915,79.77352142333984,85.75038579812907,0.001,4.166487216949463
5525,11,25,1089,88.45909118652344,85.90307771891963,0.001,4.142947196960449
5526,11,26,1540,97.68695068359375,86.13764986443842,0.001,3.8382108211517334
5527,11,27,2340,87.39871215820312,86.18682426296668,0.001,3.4024815559387207
5528,11,28,2413,90.22789001464844,86.34381424927668,0.001,3.5773439407348633
5529,11,29,1122,75.83802032470703,86.05955178761137,0.001,4.170149564743042
5530,11,30,1812,83.16057586669922,85.92072702218621,0.001,4.353750944137573
5531,11,31,1355,77.19253540039062,85.62003132230498,0.001,3.9391891956329346
5532,11,32,1679,72.87812042236328,85.30938354170026,0.001,3.6225783824920654
5533,11,33,28,96.3528060913086,85.48167858915039,0.001,4.178755044937134
5534,11,34,2432,75.20142364501953,85.3212820643799,0.001,4.4130988121032715
5535,11,35,1846,85.58271026611328,85.32941962197732,0.001,3.862868547439575
5536,11,36,1575,98.98612213134766,85.75461535382986,0.001,4.501345872879028
5537,11,37,1925,110.74258422851562,86.10788718753717,0.001,3.9640121459960938
5538,11,38,1182,76.09017944335938,85.8138208565867,0.001,4.1878087520599365
5539,11,39,2073,81.92414093017578,85.7627356512895,0.001,5.08345890045166
5540,11,40,250,87.54185485839844,85.78681279250095,0.001,4.579596757888794
5541,11,41,2205,92.8997802734375,85.986081312732,0.001,3.8773982524871826
5542,11,42,274,88.2297592163086,86.04528059274239,0.001,4.291412353515625
5543,11,43,1793,92.42835235595703,86.26287377465859,0.001,3.9823546409606934
5544,11,44,1769,81.9841537475586,86.11864456996415,0.001,3.732945442199707
5545,11,45,2537,83.64158630371094,86.05683707122921,0.001,3.8755245208740234
5546,11,46,1571,92.42132568359375,86.25680338758454,0.001,3.4185585975646973
5547,11,47,1768,93.8375244140625,86.34069287512798,0.001,3.955084800720215
5548,11,48,37,80.88362884521484,86.17657895801949,0.001,2.9653522968292236
5549,11,49,1127,89.210205078125,86.22591051137213,0.001,3.6305975914001465
5550,11,50,1858,81.33771514892578,86.1203859002146,0.001,4.096357583999634
5551,11,51,1250,83.07401275634766,86.08941778898087,0.001,3.456005334854126
5552,11,52,1832,97.40070343017578,86.40647610119824,0.001,3.6710619926452637
5553,11,53,1923,86.32046508789062,86.40466853756229,0.001,3.8298757076263428
5554,11,54,1493,83.40503692626953,86.32445570602891,0.001,3.740976333618164
5555,11,55,2462,87.67711639404297,86.3600646194332,0.001,3.9075868129730225
5556,11,56,2060,80.84947967529297,86.25419241730592,0.001,3.9220950603485107
5557,11,57,2034,88.48619842529297,86.30883151569121,0.001,3.727285146713257
5558,11,58,256,78.77021026611328,86.210945439672,0.001,3.7824039459228516
5559,11,59,2538,94.39976501464844,86.28221453954126,0.001,4.080613851547241
5560,11,60,2197,94.91557312011719,86.43585836173018,0.001,3.9851088523864746
5561,11,61,2425,88.22885131835938,86.4675382070331,0.001,3.9633967876434326
5562,11,62,1918,80.02640533447266,86.3195404268776,0.001,3.597719192504883
5563,11,63,2464,61.70841979980469,86.11543238405021,0.001,3.850996255874634
5564,11,64,1772,86.01001739501953,86.11305366975358,0.001,3.996380090713501
5565,11,65,1676,84.59893798828125,86.07990393506775,0.001,4.391295909881592
5566,11,66,2406,88.4898910522461,86.13164221994714,0.001,3.614957571029663
5567,11,67,2608,87.47494506835938,86.16014381179372,0.001,3.979353189468384
5568,11,68,2450,85.30288696289062,86.14721008247876,0.001,4.504965543746948
5569,11,69,2502,90.4305191040039,86.23407662016511,0.001,4.33950400352478
5570,11,70,1313,85.07508850097656,86.21220125303384,0.001,3.7699878215789795
5571,11,71,2458,77.95453643798828,86.09233766374815,0.001,4.338740110397339
5572,11,72,1126,80.78899383544922,85.99100985011846,0.001,3.717381000518799
5573,11,73,2347,83.62435913085938,85.95773125200935,0.001,3.5138020515441895
5574,11,74,254,75.69647216796875,85.76948323769442,0.001,4.37456202507019
5575,11,75,1828,78.00028228759766,85.62582221694072,0.001,4.532149076461792
5576,11,76,1938,83.47555541992188,85.61249965225251,0.001,4.116114139556885
5577,11,77,2188,88.34002685546875,85.64850614392,0.001,4.312598705291748
5578,11,78,1569,89.85763549804688,85.7041393170199,0.001,4.232108116149902
5579,11,79,2529,89.45709228515625,85.75389979957156,0.001,4.028750419616699
5580,11,80,1693,89.90398406982422,85.8241519265277,0.001,3.7062408924102783
5581,11,81,2398,81.9645767211914,85.7602766552832,0.001,4.056304693222046
5582,11,82,1902,90.17020416259766,85.81493359901349,0.001,4.621324300765991
5583,11,83,1317,80.68405151367188,85.7849350334167,0.001,3.1284725666046143
5584,11,84,1717,101.51265716552734,85.87544796342745,0.001,3.791963815689087
5585,11,85,1155,93.90520477294922,85.92274930418982,0.001,3.8992574214935303
5586,11,86,2298,74.8525390625,85.86059299641127,0.001,3.722013235092163
5587,11,87,2422,78.56731414794922,85.81880120763218,0.001,3.5822582244873047
5588,11,88,1541,80.24092102050781,85.78989014599959,0.001,4.169957160949707
5589,11,89,2709,100.00653076171875,85.86939337835403,0.001,4.068820238113403
5590,11,90,1682,77.33356475830078,85.76933187447199,0.001,4.316797494888306
5591,11,91,1326,91.25333404541016,85.79940261875164,0.001,3.8680882453918457
5592,11,92,2610,83.01593017578125,85.78396265989205,0.001,4.313185930252075
5593,11,93,2387,96.77389526367188,85.87461498424138,0.001,4.345236539840698
5594,11,94,2436,87.58794403076172,85.88404339739994,0.001,4.694400072097778
5595,11,95,2294,94.75272369384766,85.93064356216108,0.001,3.6187546253204346
5596,11,96,1620,84.88169860839844,85.92684826743381,0.001,4.0638134479522705
5597,11,97,1265,93.54354095458984,85.96797516968137,0.001,4.217480421066284
5598,11,98,1399,81.63358306884766,85.90268548620692,0.001,4.0507426261901855
5599,11,99,2585,81.68238830566406,85.85711392811388,0.001,3.4199271202087402
5600,11,100,2494,75.22347259521484,85.74223741229638,0.001,3.731266498565674
5601,11,101,2793,80.61650085449219,85.66764763285967,0.001,4.251288890838623
5602,11,102,2789,86.8480224609375,85.68013681694963,0.001,4.82107949256897
5603,11,103,1735,79.57891845703125,85.64915657634566,0.001,4.110291957855225
5604,11,104,32,78.86536407470703,85.55323495373133,0.001,4.249290943145752
5605,11,105,2588,87.54133605957031,85.58078018443237,0.001,4.09778094291687
5606,11,106,1161,82.3259506225586,85.5658635778543,0.001,4.199323892593384
5607,11,107,1443,78.05801391601562,85.46545791007345,0.001,4.219840049743652
5608,11,108,1481,80.47649383544922,85.41499972839338,0.001,3.949413299560547
5609,11,109,2293,74.1738510131836,85.30124821868553,0.001,3.8667311668395996
5610,11,110,2617,83.28092193603516,85.27513217879799,0.001,4.388040542602539
5611,11,111,1554,87.27242279052734,85.28449189873045,0.001,4.1255598068237305
5612,11,112,2682,80.65957641601562,85.22455837670853,0.001,4.571228265762329
5613,11,113,2192,92.06183624267578,85.25063343634183,0.001,3.6624979972839355
5614,11,114,1627,98.14130401611328,85.37357088748838,0.001,4.305686712265015
5615,11,115,2075,75.8336181640625,85.31063144970891,0.001,4.51871919631958
5616,11,116,2055,79.88162994384766,85.24343993217758,0.001,4.295576572418213
5617,11,117,2601,89.4490966796875,85.29396165994766,0.001,3.7565603256225586
5618,11,118,342,81.85985565185547,85.25184312035496,0.001,3.70458722114563
5619,11,119,2223,85.16836547851562,85.25084054490542,0.001,4.155325412750244
5620,11,120,2781,76.6123275756836,85.20275085364956,0.001,4.68306827545166
5621,11,121,1675,87.61746978759766,85.2178313399977,0.001,4.343481779098511
5622,11,122,1864,94.95365905761719,85.2589764905406,0.001,4.111769437789917
5623,11,123,2775,87.34941101074219,85.27697710933248,0.001,4.823490381240845
5624,11,124,2455,101.63707733154297,85.34618455397415,0.001,3.506204605102539
5625,11,125,2927,86.90341186523438,85.35175109389675,0.001,4.662744998931885
5626,11,126,2595,93.43899536132812,85.38470821055562,0.001,4.261054754257202
5627,11,127,1383,91.71688842773438,85.42407615561444,0.001,4.390910387039185
5628,11,128,2401,78.16509246826172,85.36153492039809,0.001,3.6365411281585693
5629,11,129,2181,97.92991638183594,85.41235656000181,0.001,3.8166632652282715
5630,11,130,2270,84.75236511230469,85.40491224782991,0.001,3.701174736022949
5631,11,131,2871,74.80642700195312,85.28861323196682,0.001,4.40830659866333
5632,11,132,1568,81.71668243408203,85.25949923389828,0.001,4.082990884780884
5633,11,133,2349,82.16270446777344,85.22616437058443,0.001,4.750610589981079
5634,11,134,1551,93.60004425048828,85.29471155492888,0.001,3.760035276412964
5635,11,135,1393,89.05812072753906,85.32495180485829,0.001,4.061434030532837
5636,11,136,377,87.235595703125,85.33579524554065,0.001,3.614675283432007
5637,11,137,390,94.63861083984375,85.3869473689964,0.001,4.144918918609619
5638,11,138,2099,76.75811767578125,85.33831202326948,0.001,4.320857763290405
5639,11,139,2272,85.02719116210938,85.33588990916579,0.001,4.405062675476074
5640,11,140,2147,87.30421447753906,85.35626250975594,0.001,4.042746067047119
5641,11,141,1821,99.4714126586914,85.40776019846743,0.001,4.10371732711792
5642,11,142,1751,85.40058898925781,85.4077209615448,0.001,3.5149874687194824
5643,11,143,424,88.88567352294922,85.42568526468796,0.001,4.4987499713897705
5644,11,144,2906,83.83084106445312,85.41369039390175,0.001,4.232763290405273
5645,11,145,1602,98.24755096435547,85.44410788118658,0.001,4.136580467224121
5646,11,146,1302,86.44092559814453,85.45338301689598,0.001,4.251615285873413
5647,11,147,2546,85.67549133300781,85.45501410777541,0.001,4.185410261154175
5648,11,148,2669,98.53863525390625,85.50159095102845,0.001,3.9159018993377686
5649,11,149,2251,96.42098236083984,85.56015693294597,0.001,4.319840431213379
5650,11,150,363,90.48883056640625,85.57723629586356,0.001,3.8537662029266357
5651,11,151,2596,94.05574798583984,85.62125060160132,0.001,3.740203380584717
5652,11,152,1259,77.89918518066406,85.58216164535763,0.001,4.481966972351074
5653,11,153,2174,74.70775604248047,85.48107938526701,0.001,3.991126537322998
5654,11,154,2203,95.37767791748047,85.57504349804704,0.001,4.125681400299072
5655,11,155,337,78.17303466796875,85.54123290036776,0.001,4.2977824211120605
5656,11,156,436,87.39363861083984,85.55037985549654,0.001,4.307623863220215
5657,11,157,1945,79.15157318115234,85.49086128259053,0.001,3.7904906272888184
5658,11,158,273,88.91401672363281,85.51476336751857,0.001,4.189440965652466
5659,11,159,2603,74.8541259765625,85.41970428449504,0.001,4.102696418762207
5660,11,160,2172,84.8790283203125,85.41595982597491,0.001,3.825260877609253
5661,11,161,2328,79.05864715576172,85.38479965305477,0.001,4.01370644569397
5662,11,162,1900,92.39029693603516,85.40790184050256,0.001,3.9658524990081787
5663,11,163,2772,79.4334487915039,85.36794437016809,0.001,3.7378287315368652
5664,11,164,2720,90.97312927246094,85.38446114705728,0.001,3.721858263015747
5665,11,165,1368,86.6890640258789,85.3907935234656,0.001,3.815908670425415
5666,11,166,2692,87.50418090820312,85.40936987855186,0.001,3.912717580795288
5667,11,167,2243,85.96095275878906,85.41419093888149,0.001,4.132434129714966
5668,11,168,2668,93.58151245117188,85.46787828930238,0.001,3.744081735610962
5669,11,169,1306,76.52609252929688,85.39128811935184,0.001,3.873910903930664
5670,11,170,1463,83.0658187866211,85.38509030454043,0.001,3.8560402393341064
5671,11,171,2080,78.71517181396484,85.328065322451,0.001,4.430162668228149
5672,11,172,374,74.83991241455078,85.24021973448144,0.001,4.661309003829956
5673,11,173,2763,94.75408172607422,85.26855336764564,0.001,4.268905162811279
5674,11,174,2901,91.74475860595703,85.29822407969192,0.001,3.762899398803711
5675,11,175,1088,87.15538024902344,85.30955558878252,0.001,4.328940391540527
5676,11,176,2930,86.84112548828125,85.31398610636798,0.001,3.8195486068725586
5677,11,177,432,78.45512390136719,85.27242763458527,0.001,3.6515023708343506
5678,11,178,64,97.6319580078125,85.30915473734787,0.001,4.2501747608184814
5679,11,179,2660,89.42647552490234,85.34201440114434,0.001,3.9830925464630127
5680,11,180,367,95.818115234375,85.38695590392857,0.001,4.359968662261963
5681,11,181,2499,92.70598602294922,85.4186878413063,0.001,3.798381805419922
5682,11,182,2543,86.60591888427734,85.42588030392727,0.001,4.371288537979126
5683,11,183,2249,89.12903594970703,85.44847462255711,0.001,3.9677958488464355
5684,11,184,1777,81.5762710571289,85.42577798289375,0.001,4.033352613449097
5685,11,185,1098,74.80471801757812,85.3803969402947,0.001,4.28729248046875
5686,11,186,1548,91.7336196899414,85.4163480775899,0.001,4.060084819793701
5687,11,187,2166,84.59617614746094,85.41293039810719,0.001,4.267075777053833
5688,11,188,372,79.72992706298828,85.39903105527266,0.001,4.0775651931762695
5689,11,189,682,91.83517456054688,85.44849902386943,0.001,3.569084644317627
5690,11,190,2673,85.05939483642578,85.44621904919866,0.001,4.669953107833862
5691,11,191,2007,84.46883392333984,85.44064208588262,0.001,3.7505388259887695
5692,11,192,325,83.70331573486328,85.43076313282444,0.001,4.304518461227417
5693,11,193,471,87.6343765258789,85.44723631234172,0.001,5.125737905502319
5694,11,194,69,89.20716857910156,85.47565622229939,0.001,4.316846132278442
5695,11,195,1482,91.26277160644531,85.49091084606418,0.001,4.357816934585571
5696,11,196,1373,75.47183990478516,85.44698329416059,0.001,4.361574411392212
5697,11,197,2794,87.08480072021484,85.45137691290559,0.001,4.521510601043701
5698,11,198,1081,93.65095520019531,85.49683541161124,0.001,3.979840040206909
5699,11,199,1123,90.24591064453125,85.51548336411358,0.001,3.661895513534546
5700,11,200,2706,79.29654693603516,85.5000109273908,0.001,4.127690553665161
5701,11,201,686,73.71189880371094,85.43414359148605,0.001,4.214242458343506
5702,11,202,455,67.19747161865234,85.39780958346107,0.001,4.044912099838257
5703,11,203,1557,85.07229614257812,85.3954439635031,0.001,3.682042121887207
5704,11,204,1083,91.42745971679688,85.4376426132901,0.001,4.199876546859741
5705,11,205,74,97.75120544433594,85.46868213999944,0.001,4.366135597229004
5706,11,206,1363,86.66102600097656,85.47503260549193,0.001,3.909986734390259
5707,11,207,770,90.44066619873047,85.50177877156257,0.001,3.935620069503784
5708,11,208,2564,82.70082092285156,85.48724109235393,0.001,4.240859746932983
5709,11,209,507,99.8663101196289,85.51239900415986,0.001,3.9592251777648926
5710,11,210,2750,83.69568634033203,85.50788700913412,0.001,4.090424537658691
5711,11,211,719,81.10206604003906,85.47717057304529,0.001,4.133265256881714
5712,11,212,693,85.66735076904297,85.47849166266039,0.001,3.8242552280426025
5713,11,213,2476,94.01062774658203,85.49959522885112,0.001,4.593534231185913
5714,11,214,2614,78.96900939941406,85.45521209751678,0.001,3.701944351196289
5715,11,215,689,89.99174499511719,85.47174799208575,0.001,3.6558635234832764
5716,11,216,2654,87.8371810913086,85.48785099723294,0.001,4.1668572425842285
5717,11,217,801,85.65166473388672,85.48842643742087,0.001,4.021538496017456
5718,11,218,388,97.92315673828125,85.51711107803284,0.001,3.8878579139709473
5719,11,219,1576,96.05075073242188,85.5420052025567,0.001,4.511204242706299
5720,11,220,2443,89.99192810058594,85.56416123817908,0.001,4.2324700355529785
5721,11,221,2909,84.67781829833984,85.55969628645335,0.001,4.057211875915527
5722,11,222,2782,78.55926513671875,85.51292306335709,0.001,3.2511422634124756
5723,11,223,1699,86.54653930664062,85.51648042331378,0.001,3.838529348373413
5724,11,224,2157,79.70868682861328,85.47846043748108,0.001,3.7660205364227295
5725,11,225,518,81.50745391845703,85.46915497302358,0.001,3.8521504402160645
5726,11,226,2511,86.58252716064453,85.47308502871418,0.001,3.9950332641601562
5727,11,227,1819,88.71454620361328,85.48066283889877,0.001,4.871619701385498
5728,11,228,2580,88.99898529052734,85.5028586730772,0.001,3.9982197284698486
5729,11,229,1921,79.95702362060547,85.47619507278326,0.001,4.180948972702026
5730,11,230,2449,79.39396667480469,85.4470196163278,0.001,3.7388603687286377
5731,11,231,2547,86.49483489990234,85.45203292640296,0.001,3.8246352672576904
5732,11,232,2221,90.6798095703125,85.47732609526072,0.001,3.944573402404785
5733,11,233,2874,87.64228820800781,85.48734963634077,0.001,3.8623719215393066
5734,11,234,2448,82.2392807006836,85.4671354531004,0.001,4.141757249832153
5735,11,235,819,84.51329040527344,85.46265661810469,0.001,3.9170608520507812
5736,11,236,1361,80.66845703125,85.45201860588482,0.001,3.53144907951355
5737,11,237,461,92.26492309570312,85.49374436554409,0.001,4.249611854553223
5738,11,238,2327,101.62431335449219,85.54598548609867,0.001,4.474158763885498
5739,11,239,2767,84.0890121459961,85.5391929693559,0.001,4.229932546615601
5740,11,240,459,109.86154174804688,85.59192004434351,0.001,3.938467025756836
5741,11,241,808,87.1836929321289,85.59912906327665,0.001,3.988294839859009
5742,11,242,521,83.41496276855469,85.59441186348113,0.001,3.423666477203369
5743,11,243,514,98.1444320678711,85.63569869754475,0.001,3.936619997024536
5744,11,244,401,82.25872039794922,85.62041181192026,0.001,3.5340468883514404
5745,11,245,2722,72.8825912475586,85.59512769477031,0.001,4.089846134185791
5746,11,246,913,84.1100082397461,85.59037504700736,0.001,3.963212251663208
5747,11,247,340,82.10620880126953,85.57473329130539,0.001,3.4814226627349854
5748,11,248,861,92.24657440185547,85.59602873567773,0.001,4.463127136230469
5749,11,249,728,82.19442749023438,85.58086580573138,0.001,3.7535619735717773
5750,11,250,1090,86.55596923828125,85.58390882192069,0.001,3.7946224212646484
5751,11,251,77,86.03652954101562,85.58593008187417,0.001,4.553205490112305
5752,11,252,1791,81.63832092285156,85.57371821977172,0.001,4.258580446243286
5753,11,253,481,90.02827453613281,85.5932067676006,0.001,4.345346689224243
5754,11,254,991,98.82933044433594,85.6201409137748,0.001,4.623495578765869
5755,11,255,446,88.75508880615234,85.63367028668362,0.001,4.250401258468628
5756,11,256,962,75.32542419433594,85.60147280607448,0.001,4.279329061508179
5757,11,257,773,96.69013977050781,85.64934641825025,0.001,4.2793309688568115
5758,11,258,1173,95.56073760986328,85.6697979050818,0.001,3.792346954345703
5759,11,259,2098,88.92163848876953,85.67896882732997,0.001,3.687206983566284
5760,11,260,2563,75.285400390625,85.6470753201498,0.001,4.102757453918457
5761,11,261,2274,88.31582641601562,85.65824516518813,0.001,4.352456569671631
5762,11,262,743,84.19477081298828,85.65529823648096,0.001,3.4769692420959473
5763,11,263,2399,92.52896881103516,85.66776124392744,0.001,3.8135769367218018
5764,11,264,789,80.89847564697266,85.6476501989696,0.001,4.048375606536865
5765,11,265,1519,87.14864349365234,85.65409182126132,0.001,4.31498646736145
5766,11,266,814,74.740966796875,85.6316447094538,0.001,3.920928478240967
5767,11,267,264,91.56141662597656,85.65662856496685,0.001,4.1837317943573
5768,11,268,2341,79.96646881103516,85.62480853176542,0.001,3.4346673488616943
5769,11,269,771,85.5232925415039,85.62439024552991,0.001,4.5815269947052
5770,11,270,811,73.67892456054688,85.60257759986078,0.001,3.9705874919891357
5771,11,271,2435,86.12480163574219,85.6036358009349,0.001,4.03346586227417
5772,11,272,400,89.35086059570312,85.61351359455027,0.001,4.173750162124634
5773,11,273,2535,88.04553985595703,85.61827119949912,0.001,4.320926904678345
5774,11,274,350,82.11312103271484,85.60382096880224,0.001,4.244497537612915
5775,11,275,864,94.76861572265625,85.62070189281027,0.001,4.1256422996521
5776,11,276,2552,90.03945922851562,85.63851053717934,0.001,3.7404816150665283
5777,11,277,825,80.07377624511719,85.62801839523993,0.001,4.521228790283203
5778,11,278,1909,87.4897689819336,85.63790123246673,0.001,3.748192548751831
5779,11,279,2225,90.45179748535156,85.66364783372975,0.001,4.187498569488525
5780,11,280,2191,93.82088470458984,85.6875146892504,0.001,4.342025995254517
5781,11,281,56,87.83908081054688,85.6961024312488,0.001,3.8779280185699463
5782,11,282,954,73.71942901611328,85.67341111572979,0.001,3.6285014152526855
5783,11,283,2204,94.5543212890625,85.71962845708761,0.001,4.194843053817749
5784,11,284,378,95.8539810180664,85.77292777595846,0.001,3.7300071716308594
5785,11,285,468,85.740234375,85.77275847632916,0.001,4.484818935394287
5786,11,286,2427,80.59952545166016,85.75297055399646,0.001,3.974606990814209
5787,11,287,717,89.85160827636719,85.77419987774543,0.001,3.3044233322143555
5788,11,288,441,81.06520080566406,85.75599914159329,0.001,3.9879953861236572
5789,11,289,1149,72.39449310302734,85.70398142583231,0.001,3.7802088260650635
5790,11,290,2013,101.3927001953125,85.73226557528828,0.001,3.9459879398345947
5791,11,291,601,86.13233947753906,85.7343071461281,0.001,5.323577404022217
5792,11,292,1903,85.92902374267578,85.73482982286471,0.001,4.181948184967041
5793,11,293,2278,88.34727478027344,85.74492242768463,0.001,4.95905065536499
5794,11,294,522,76.0350341796875,85.69574108726586,0.001,3.798527956008911
5795,11,295,1333,104.96529388427734,85.7685744768343,0.001,4.028800010681152
5796,11,296,2864,85.29100036621094,85.76727809696862,0.001,4.028429985046387
5797,11,297,2929,85.85244750976562,85.76759748983729,0.001,4.021443843841553
5798,11,298,858,92.74083709716797,85.77885322275674,0.001,3.207418203353882
5799,11,299,2619,86.9782485961914,85.78178009159674,0.001,3.9080398082733154
5800,11,300,405,91.0521011352539,85.79611162746873,0.001,3.7345428466796875
5801,11,301,1181,96.7645263671875,85.8358306268729,0.001,3.4425270557403564
5802,11,302,710,84.40174102783203,85.8305604458578,0.001,3.8656299114227295
5803,11,303,706,79.77249908447266,85.81974813560586,0.001,3.688828945159912
5804,11,304,453,99.1124038696289,85.85436879766023,0.001,4.032525539398193
5805,11,305,2498,95.72692108154297,85.88018642170866,0.001,4.02689266204834
5806,11,306,2861,80.01573944091797,85.85860708319596,0.001,3.652416467666626
5807,11,307,2784,87.59977722167969,85.86708805899445,0.001,3.7223312854766846
5808,11,308,1344,81.0649642944336,85.84983899189623,0.001,3.7426748275756836
5809,11,309,607,95.73674011230469,85.86621340588633,0.001,3.8727023601531982
5810,11,310,29,81.1119613647461,85.84918259242232,0.001,3.8044278621673584
5811,11,311,2548,86.04803466796875,85.84988542959223,0.001,3.752206325531006
5812,11,312,448,96.97477722167969,85.89062910963351,0.001,4.057196855545044
5813,11,313,2163,80.42276000976562,85.87061707108903,0.001,3.853140115737915
5814,11,314,873,89.21935272216797,85.8756127300594,0.001,3.449906349182129
5815,11,315,778,92.88118743896484,85.90027091434001,0.001,3.932159662246704
5816,11,316,383,90.38878631591797,85.92074997107066,0.001,4.590516805648804
5817,11,317,368,82.8647232055664,85.90963413370658,0.001,4.0386528968811035
5818,11,318,1862,80.00914001464844,85.89975134402692,0.001,3.841073751449585
5819,11,319,2219,90.44657135009766,85.90688302412151,0.001,3.4535441398620605
5820,11,320,272,88.76322174072266,85.9140661747887,0.001,3.815953016281128
5821,11,321,2911,78.93257904052734,85.903309861689,0.001,4.149158477783203
5822,11,322,490,88.12030029296875,85.90706723482502,0.001,3.8726348876953125
5823,11,323,2565,79.86311340332031,85.89687640702527,0.001,3.9321208000183105
5824,11,324,2534,101.09062194824219,85.92234874019034,0.001,4.097394704818726
5825,11,325,1779,92.0378189086914,85.95049040485591,0.001,4.197579383850098
5826,11,326,1087,85.422607421875,85.94810924115158,0.001,3.7184691429138184
5827,11,327,469,90.73506927490234,85.96991987521979,0.001,3.9047112464904785
5828,11,328,2694,100.98448944091797,85.99422137703446,0.001,3.979976177215576
5829,11,329,1117,90.43714904785156,86.00965750693024,0.001,3.720313549041748
5830,11,330,2235,87.60247039794922,86.01684226856761,0.001,4.071142673492432
5831,11,331,1372,78.60779571533203,85.99188424837419,0.001,3.473611831665039
5832,11,332,742,82.65081787109375,85.97680644857057,0.001,4.094008684158325
5833,11,333,727,80.84280395507812,85.96869874618619,0.001,3.757439613342285
5834,11,334,492,80.62413787841797,85.9447901924324,0.001,4.067481994628906
5835,11,335,2593,78.06791687011719,85.91794280159436,0.001,3.958521604537964
5836,11,336,915,96.66847229003906,85.93439093423183,0.001,3.9890518188476562
5837,11,337,695,85.90255737304688,85.9342842901243,0.001,3.8573148250579834
5838,11,338,1514,92.10276794433594,85.94394964579573,0.001,4.41782546043396
5839,11,339,989,90.38013458251953,85.95857928348893,0.001,4.248279333114624
5840,11,340,972,88.43415069580078,85.96658252472947,0.001,3.991374969482422
5841,11,341,403,83.49390411376953,85.96083467879015,0.001,3.8165476322174072
5842,11,342,2452,101.06369018554688,86.01029885775255,0.001,3.702824831008911
5843,11,343,705,81.7748031616211,85.99158782020157,0.001,3.861670732498169
5844,11,344,774,86.97679138183594,85.99479427350747,0.001,3.8459725379943848
5845,11,345,382,77.75784301757812,85.9824215374793,0.001,3.875491142272949
5846,11,346,2067,87.75891876220703,85.98662832822518,0.001,4.384948492050171
5847,11,347,721,91.0384292602539,85.99809474336807,0.001,3.6356239318847656
5848,11,348,98,89.40184020996094,86.01276442655677,0.001,3.6523075103759766
5849,11,349,434,88.45254516601562,86.01614429387351,0.001,4.833470582962036
5850,11,350,344,84.3798599243164,86.0136378187743,0.001,3.6042351722717285
5851,11,351,1806,79.68792724609375,85.98664364216594,0.001,5.011361122131348
5852,11,352,2523,91.73519897460938,86.01106047979593,0.001,4.2134599685668945
5853,11,353,1346,97.64803314208984,86.05845570279746,0.001,4.031951665878296
5854,11,354,956,82.95670318603516,86.04545799611257,0.001,3.891721725463867
5855,11,355,707,86.63593292236328,86.04628750365589,0.001,3.937082290649414
5856,11,356,863,82.3774185180664,86.03468730271383,0.001,4.159388065338135
5857,11,357,408,74.18962097167969,86.00844224358096,0.001,3.2081139087677
5858,11,358,94,78.02349090576172,85.97713282711162,0.001,3.4192423820495605
5859,11,359,1848,84.26331329345703,85.9700052657269,0.001,4.3017706871032715
5860,11,360,2343,86.06198120117188,85.97020641380858,0.001,3.920846939086914
5861,11,361,2505,86.13231658935547,85.97045072209569,0.001,3.497098207473755
5862,11,362,990,76.58430480957031,85.94080202285078,0.001,4.1854681968688965
5863,11,363,2113,87.32489776611328,85.94511764651173,0.001,3.7114157676696777
5864,11,364,1585,86.88973236083984,85.9489300559292,0.001,3.9671497344970703
5865,11,365,977,86.01958465576172,85.94907977968856,0.001,4.296402931213379
5866,11,366,266,99.0336685180664,86.00229620001673,0.001,4.1495983600616455
5867,11,367,2510,80.31075286865234,85.97947218851647,0.001,4.125945568084717
5868,11,368,2758,100.2020034790039,86.02229045659621,0.001,4.185251474380493
5869,11,369,1570,86.39720916748047,86.0228355155333,0.001,3.7835073471069336
5870,11,370,1556,80.92594146728516,86.00742243666893,0.001,4.203282833099365
5871,11,371,458,83.4452133178711,86.00365187083474,0.001,3.867182970046997
5872,11,372,914,83.55060577392578,85.99632636829685,0.001,3.7671473026275635
5873,11,373,788,81.5430908203125,85.97855060272171,0.001,3.9222285747528076
5874,11,374,496,80.6963119506836,85.96349842663204,0.001,3.8159327507019043
5875,11,375,1264,88.32814025878906,85.9669097674931,0.001,3.330143690109253
5876,11,376,2140,95.7973861694336,85.98020919574246,0.001,4.138919115066528
5877,11,377,519,80.59239196777344,85.95887321615658,0.001,3.9848451614379883
5878,11,378,981,91.44280242919922,85.97507531283709,0.001,3.6473870277404785
5879,11,379,919,86.27394104003906,85.97626411317393,0.001,4.414860725402832
5880,11,380,2513,101.8814697265625,85.99835182029449,0.001,4.379535913467407
5881,11,381,2117,91.46867370605469,86.01396160706189,0.001,4.116485834121704
5882,11,382,966,81.57353973388672,86.00489275457706,0.001,4.330159902572632
5883,11,383,2584,82.98616790771484,85.99323183970621,0.001,3.8667562007904053
5884,11,384,961,79.18431854248047,85.96706952901361,0.001,3.618745803833008
5885,11,385,376,102.9592514038086,85.99081809589681,0.001,4.234103441238403
5886,11,386,523,89.58578491210938,86.00474921973036,0.001,3.7896904945373535
5887,11,387,38,83.49606323242188,85.99955939838384,0.001,4.053020715713501
5888,11,388,1965,85.05741119384766,85.9959329978088,0.001,4.3715643882751465
5889,11,389,803,102.6571273803711,86.01801709432667,0.001,3.983099937438965
5890,11,390,73,82.21347045898438,86.01277805007953,0.001,4.090484380722046
5891,11,391,2834,82.08494567871094,85.99782324181227,0.001,4.7249510288238525
5892,11,392,2482,85.6349105834961,85.99643929712815,0.001,3.8911728858947754
5893,11,393,2845,84.70308685302734,85.99157768665296,0.001,3.671135425567627
5894,11,394,392,90.16000366210938,86.00706392673666,0.001,3.2299294471740723
5895,11,395,2522,78.7861328125,85.98700404197129,0.001,4.122881174087524
5896,11,396,2583,90.88424682617188,86.00080351763393,0.001,3.977708339691162
5897,11,397,2335,96.15367126464844,86.01465313249327,0.001,4.372657060623169
5898,11,398,2533,67.0141372680664,85.97611987773513,0.001,4.369314670562744
5899,11,399,2071,94.85380554199219,85.99362662567324,0.001,4.345889091491699
5900,11,400,1093,84.08444213867188,85.9867015905269,0.001,4.070660591125488
5901,11,401,916,89.82022094726562,85.99184271845837,0.001,3.47741436958313
5902,11,402,2672,84.9984130859375,85.98816801355638,0.001,3.6875228881835938
5903,11,403,1596,92.00086212158203,85.9997151915614,0.001,4.078782081604004
5904,11,404,2241,100.88611602783203,86.05483545150675,0.001,4.226128339767456
5905,11,405,699,77.53395080566406,86.03189641929787,0.001,4.49573016166687
5906,11,406,827,94.23040008544922,86.04519759513501,0.001,4.061077833175659
5907,11,407,920,86.4293441772461,86.04660981403556,0.001,4.374830007553101
5908,11,408,2613,98.07495880126953,86.07883378611946,0.001,4.3934714794158936
5909,11,409,336,81.98339080810547,86.06397161413102,0.001,3.9024908542633057
5910,11,410,1756,91.01982879638672,86.0771129002427,0.001,3.715406894683838
5911,11,411,1896,80.86868286132812,86.06320585698113,0.001,4.291363477706909
5912,11,412,1097,96.11861419677734,86.075709246625,0.001,4.5973663330078125
5913,11,413,616,89.42758178710938,86.0875553714697,0.001,3.9740493297576904
5914,11,414,870,86.7934799194336,86.08890461241779,0.001,4.833698749542236
5915,11,415,852,92.46475219726562,86.10571367117458,0.001,4.097808837890625
5916,11,416,904,78.3609619140625,86.09269938778804,0.001,4.600692272186279
5917,11,417,2652,89.0799560546875,86.09641083231828,0.001,3.937305212020874
5918,11,418,851,85.77677917480469,86.09525659501836,0.001,3.696167230606079
5919,11,419,832,76.41118621826172,86.06139192237406,0.001,4.012342214584351
5920,11,420,834,90.51254272460938,86.07696492992487,0.001,3.884821891784668
5921,11,421,488,87.51304626464844,86.08192991435837,0.001,4.045303821563721
5922,11,422,1692,88.02410125732422,86.08866658972832,0.001,3.856720447540283
5923,11,423,2923,92.05036926269531,86.09942520387409,0.001,4.465188980102539
5924,11,424,2378,88.94174194335938,86.10689282927804,0.001,3.8948066234588623
5925,11,425,68,94.25981903076172,86.12229473721307,0.001,4.48207426071167
5926,11,426,2590,100.56322479248047,86.14818063582753,0.001,4.295187473297119
5927,11,427,2377,75.57038879394531,86.12097465165463,0.001,4.114682912826538
5928,11,428,694,82.71766662597656,86.10931346043355,0.001,4.039607048034668
5929,11,429,685,86.85786437988281,86.11120850433163,0.001,3.756188154220581
5930,11,430,2832,78.36135864257812,86.08603592819168,0.001,4.12629246711731
5931,11,431,60,87.35781860351562,86.08834917171626,0.001,3.788951873779297
5932,11,432,2050,74.57112121582031,86.0677657051914,0.001,4.051719903945923
5933,11,433,2569,101.43297576904297,86.09561295308802,0.001,3.5780386924743652
5934,11,434,680,104.39813995361328,86.11754015418313,0.001,4.499329090118408
5935,11,435,65,92.03787994384766,86.12486326889051,0.001,4.191575050354004
5936,11,436,2479,84.99154663085938,86.12208886529326,0.001,3.573899269104004
5937,11,437,447,95.58547973632812,86.13362472271372,0.001,3.638524055480957
5938,11,438,1109,84.28911590576172,86.12764094523278,0.001,3.9083590507507324
5939,11,439,951,90.15873718261719,86.13774894901417,0.001,4.43356728553772
5940,11,440,2233,93.9565658569336,86.15170536101428,0.001,4.298537969589233
5941,11,441,1617,88.22390747070312,86.15838030583727,0.001,4.632648229598999
5942,11,442,1586,88.13554382324219,86.16500435181749,0.001,4.043034791946411
5943,11,443,759,86.49418640136719,86.16581471387836,0.001,3.309725761413574
5944,11,444,67,85.69462585449219,86.16464459581296,0.001,4.419600963592529
5945,11,445,2325,92.28298950195312,86.17982613164615,0.001,3.7149667739868164
5946,11,446,407,85.0018310546875,86.1769176782039,0.001,4.247821807861328
5947,11,447,986,77.23287963867188,86.15452140356177,0.001,4.474429607391357
5948,11,448,361,85.48653411865234,86.15244016966214,0.001,4.38568902015686
5949,11,449,787,88.48969268798828,86.15520752522133,0.001,4.637946367263794
5950,11,450,611,88.77271270751953,86.1597070247828,0.001,3.9239799976348877
5951,11,451,1794,78.90853118896484,86.14230018170713,0.001,4.192933559417725
5952,11,452,1844,103.73212432861328,86.16046874093581,0.001,4.199901342391968
5953,11,453,1938,83.42920684814453,86.15741114473556,0.001,4.4752583503723145
5954,11,454,1682,77.31405639648438,86.13596722536649,0.001,3.5061392784118652
5955,11,455,1575,98.90198516845703,86.16764974884079,0.001,4.145257949829102
5956,11,456,1111,87.74806213378906,86.17146116739224,0.001,4.329190492630005
5957,11,457,1453,94.74608612060547,86.18065037635644,0.001,3.673102855682373
5958,11,458,1118,84.25831604003906,86.1760343268869,0.001,3.6380581855773926
5959,11,459,1693,89.75030517578125,86.18744711320183,0.001,4.203700304031372
5960,11,460,1965,85.0603256225586,86.1838175642893,0.001,4.4270548820495605
5961,11,461,1343,86.81826782226562,86.1844937603319,0.001,4.083985090255737
5962,11,462,1117,90.5602035522461,86.19513047578712,0.001,4.392528772354126
5963,11,463,1896,80.87527465820312,86.18255099223121,0.001,3.691068172454834
5964,11,464,1648,96.87408447265625,86.20066070547023,0.001,3.8986897468566895
5965,11,465,1527,86.14157104492188,86.20052142848189,0.001,3.482168197631836
5966,11,466,1373,75.46434020996094,86.18055429694485,0.001,3.868922710418701
5967,11,467,1838,74.90371704101562,86.15438261181248,0.001,3.8411238193511963
5968,11,468,1556,80.84525299072266,86.14181784335908,0.001,4.15687108039856
5969,11,469,1519,87.16917419433594,86.14427777000512,0.001,4.14658522605896
5970,11,470,1756,90.92610168457031,86.15530673689031,0.001,3.8181309700012207
5971,11,471,2064,85.41476440429688,86.15355441230014,0.001,3.775710344314575
5972,11,472,1480,86.95890045166016,86.15443686644753,0.001,4.199952125549316
5973,11,473,1090,86.49671173095703,86.15499940246988,0.001,3.602898597717285
5974,11,474,1821,99.3514404296875,86.16959985607636,0.001,3.9661788940429688
5975,11,475,1516,82.81024932861328,86.16184123869202,0.001,4.286738872528076
5976,11,476,1370,73.54237365722656,86.13236358336236,0.001,4.327051162719727
5977,11,477,1334,87.32614135742188,86.13365828786912,0.001,4.304917812347412
5978,11,478,1636,72.31340026855469,86.09097847499736,0.001,4.455500364303589
5979,11,479,1196,87.19597625732422,86.09209227858916,0.001,3.780099391937256
5980,11,480,1945,79.31781768798828,86.0712919743067,0.001,4.337535858154297
5981,11,481,1737,87.08467102050781,86.07430670132526,0.001,3.833674669265747
5982,11,482,1819,87.8380355834961,86.07624662985552,0.001,4.204809665679932
5983,11,483,1764,88.11274719238281,86.0825678314269,0.001,4.221623420715332
5984,11,484,2067,87.92150115966797,86.08563415398865,0.001,2.9617884159088135
5985,11,485,1393,88.88518524169922,86.09204077074224,0.001,3.3674066066741943
5986,11,486,1915,79.96260833740234,86.08220197710561,0.001,4.027283430099487
5987,11,487,1858,81.61920928955078,86.07219729883742,0.001,3.7034988403320312
5988,11,488,1777,81.80703735351562,86.0626924027286,0.001,3.1721184253692627
5989,11,489,2071,94.83747100830078,86.07673633023667,0.001,3.67557430267334
5990,11,490,1772,85.9510726928711,86.07635330854863,0.001,3.2161216735839844
5991,11,491,2034,88.52897644042969,86.08358256598275,0.001,4.277642250061035
5992,11,492,1093,84.02493286132812,86.07755419433792,0.001,3.631263017654419
5993,11,493,1576,96.26016235351562,86.08821995710368,0.001,3.9640185832977295
5994,11,494,1463,82.66222381591797,86.08504684477592,0.001,4.158503770828247
5995,11,495,1333,104.44575500488281,86.12604965817734,0.001,4.2107038497924805
5996,11,496,1832,97.30888366699219,86.15921398651037,0.001,3.715485095977783
5997,11,497,1310,82.25345611572266,86.1476169927737,0.001,3.785799264907837
5998,11,498,1324,89.07340240478516,86.15615985580548,0.001,4.228226661682129
5999,11,499,1769,82.06404113769531,86.14402559250314,0.001,3.793454647064209
6000,12,0,1109,84.18131256103516,84.18131256103516,0.001,4.253931760787964
6001,12,1,1088,86.86027526855469,85.33881978827725,0.001,4.401281118392944
6002,12,2,1264,88.39181518554688,85.87738328958095,0.001,4.19658899307251
6003,12,3,1514,91.8330307006836,86.7502870266597,0.001,3.729844808578491
6004,12,4,1586,88.10562133789062,87.14897809749782,0.001,3.9289355278015137
6005,12,5,1439,87.74168395996094,87.28154964121288,0.001,3.5744144916534424
6006,12,6,1846,85.59801483154297,87.03877943806464,0.001,3.7361512184143066
6007,12,7,1502,80.43609619140625,85.95333934669797,0.001,4.332970380783081
6008,12,8,2166,84.43444061279297,85.83258253379134,0.001,4.224948167800903
6009,12,9,1155,94.1113052368164,86.25828936472888,0.001,4.04210352897644
6010,12,10,1845,79.1637191772461,85.93554449120518,0.001,4.406080722808838
6011,12,11,1823,82.23082733154297,85.4858799019092,0.001,4.056487321853638
6012,12,12,1554,87.27044677734375,85.55937256882103,0.001,4.021808624267578
6013,12,13,1649,77.44261932373047,84.91966356284496,0.001,4.356235504150391
6014,12,14,2179,92.54740905761719,85.330424862688,0.001,3.538994789123535
6015,12,15,2172,84.53968811035156,85.27482773477104,0.001,4.879719972610474
6016,12,16,1263,96.32775115966797,85.98879498602632,0.001,4.244090557098389
6017,12,17,1122,75.93333435058594,85.53796300085371,0.001,4.096872329711914
6018,12,18,1951,92.6064682006836,85.94992898270154,0.001,3.895808696746826
6019,12,19,1735,79.71990966796875,85.78045419106826,0.001,3.772247552871704
6020,12,20,1540,97.33050537109375,86.08580996810127,0.001,4.401697397232056
6021,12,21,2225,90.2689437866211,86.37160260084715,0.001,3.683234691619873
6022,12,22,2294,94.62986755371094,86.56245360080766,0.001,3.633140802383423
6023,12,23,1570,86.07579803466797,86.55097979705462,0.001,3.723660945892334
6024,12,24,2221,90.35477447509766,86.73181812924949,0.001,3.5854969024658203
6025,12,25,1809,87.41287994384766,86.77099140434717,0.001,4.191094398498535
6026,12,26,1089,88.5052719116211,86.86689585402267,0.001,4.288090944290161
6027,12,27,1120,80.85316467285156,86.70169500534757,0.001,4.543713569641113
6028,12,28,1839,78.69525146484375,86.55358665108832,0.001,4.031764984130859
6029,12,29,1457,84.36397552490234,86.4446770014186,0.001,4.183595180511475
6030,12,30,1807,86.51162719726562,86.44783904700984,0.001,3.9218854904174805
6031,12,31,1274,85.46623992919922,86.41448046344102,0.001,4.178626775741577
6032,12,32,1342,84.47200775146484,86.35054937109571,0.001,4.471918106079102
6033,12,33,2378,89.0555419921875,86.43925250430368,0.001,4.11339259147644
6034,12,34,1443,78.00230407714844,86.0914744803957,0.001,3.8697125911712646
6035,12,35,1126,81.12422180175781,85.89315683960393,0.001,3.961188554763794
6036,12,36,1523,86.57585906982422,85.9027466930863,0.001,4.468283414840698
6037,12,37,1627,97.92268371582031,86.24920640894247,0.001,3.8084568977355957
6038,12,38,1506,79.2322006225586,86.1597301484326,0.001,4.1744420528411865
6039,12,39,2392,86.09310150146484,86.15839816177309,0.001,3.90242600440979
6040,12,40,2095,85.35546112060547,86.13037016049994,0.001,3.9530622959136963
6041,12,41,1918,79.79923248291016,85.91229217602171,0.001,4.122862339019775
6042,12,42,1173,95.77886962890625,86.03258551524607,0.001,4.401407718658447
6043,12,43,1548,91.40019226074219,86.16075350093688,0.001,4.500432968139648
6044,12,44,1766,87.75242614746094,86.17407508991974,0.001,3.390389919281006
6045,12,45,1626,74.56037139892578,86.04376860479047,0.001,3.5510356426239014
6046,12,46,1097,96.17755889892578,86.15681525109163,0.001,3.706727981567383
6047,12,47,1105,78.85626983642578,86.07070789581007,0.001,3.719155788421631
6048,12,48,2401,78.41793823242188,85.89031852233342,0.001,4.065480947494507
6049,12,49,2443,89.33622741699219,85.96800881990136,0.001,3.8949544429779053
6050,12,50,1113,87.77406311035156,86.02108294046846,0.001,3.5318603515625
6051,12,51,2229,84.50237274169922,86.00067262346582,0.001,3.9453723430633545
6052,12,52,2191,93.65448760986328,86.12036428373264,0.001,4.369411945343018
6053,12,53,1580,96.61265563964844,86.27814681712059,0.001,3.7080912590026855
6054,12,54,1615,87.70925903320312,86.30710837732721,0.001,4.434645652770996
6055,12,55,1083,91.9708480834961,86.45534866007951,0.001,3.8191916942596436
6056,12,56,2452,100.74369049072266,86.73720321074622,0.001,3.9523422718048096
6057,12,57,1326,91.59552764892578,86.78176575272366,0.001,3.6291909217834473
6058,12,58,1360,98.5263442993164,86.88700231829495,0.001,4.0926361083984375
6059,12,59,1127,89.07067108154297,86.9174164404347,0.001,4.0467705726623535
6060,12,60,1365,93.48068237304688,86.97675554758409,0.001,4.16107964515686
6061,12,61,2051,83.6525650024414,86.91461615097302,0.001,3.6547627449035645
6062,12,62,1762,96.00668334960938,87.0800476527494,0.001,3.935889482498169
6063,12,63,2387,96.80474853515625,87.20535110047285,0.001,4.244840145111084
6064,12,64,1620,84.98577117919922,87.19269668566369,0.001,4.476972579956055
6065,12,65,2099,77.02070617675781,87.06367877958286,0.001,3.3701648712158203
6066,12,66,2117,91.40326690673828,87.13727535221736,0.001,3.9779934883117676
6067,12,67,2073,82.26336669921875,87.09886321975966,0.001,4.355725288391113
6068,12,68,1679,73.16768646240234,86.92595560941122,0.001,3.8487532138824463
6069,12,69,1700,87.9349136352539,86.93873627772201,0.001,3.8747498989105225
6070,12,70,2202,88.5442886352539,86.97416820225703,0.001,4.183934211730957
6071,12,71,1132,75.29693603515625,86.78246086585847,0.001,3.7526044845581055
6072,12,72,2436,87.35198211669922,86.78684735032425,0.001,4.446346282958984
6073,12,73,2425,88.04105377197266,86.80673424499886,0.001,3.5366432666778564
6074,12,74,2422,78.39298248291016,86.74387666719765,0.001,3.5683908462524414
6075,12,75,1532,94.81806945800781,86.90814843777225,0.001,3.5521914958953857
6076,12,76,2174,74.68563079833984,86.66961995886679,0.001,4.2906975746154785
6077,12,77,37,80.98290252685547,86.55830676587217,0.001,4.350196123123169
6078,12,78,28,96.41937255859375,86.62679927491655,0.001,3.838428258895874
6079,12,79,2270,84.69092559814453,86.5892925766189,0.001,4.592048406600952
6080,12,80,1441,78.84908294677734,86.53548994755005,0.001,3.9623351097106934
6081,12,81,2070,89.36185455322266,86.58815944997077,0.001,4.08955717086792
6082,12,82,1802,92.88512420654297,86.67478107360384,0.001,4.3516576290130615
6083,12,83,2205,92.9264907836914,86.76139513406905,0.001,3.934016704559326
6084,12,84,1395,107.32865142822266,86.89609988796913,0.001,4.639182806015015
6085,12,85,2341,80.22431182861328,86.7769780521002,0.001,4.243583679199219
6086,12,86,29,81.24713134765625,86.70490076106775,0.001,3.4668705463409424
6087,12,87,2482,85.73360443115234,86.6880502204907,0.001,3.695948362350464
6088,12,88,254,75.7853775024414,86.50470831714476,0.001,4.123457670211792
6089,12,89,2149,81.0039291381836,86.43485812875022,0.001,4.744975805282593
6090,12,90,2251,96.48282623291016,86.52592890188956,0.001,3.829918622970581
6091,12,91,178,80.88211822509766,86.45844362744822,0.001,4.116354465484619
6092,12,92,2432,75.37616729736328,86.39345985333239,0.001,4.231786012649536
6093,12,93,2435,85.90351104736328,86.39054934504722,0.001,3.6892082691192627
6094,12,94,2066,94.24642944335938,86.51467522376936,0.001,4.571993589401245
6095,12,95,2543,86.33985900878906,86.51260359173065,0.001,3.612236499786377
6096,12,96,1909,87.42767333984375,86.52654276786663,0.001,4.059487342834473
6097,12,97,2055,80.28876495361328,86.43153911826924,0.001,4.2441771030426025
6098,12,98,1793,92.31092834472656,86.51857732346726,0.001,3.88592529296875
6099,12,99,1596,91.93692016601562,86.56077678111274,0.001,4.084398031234741
6100,12,100,1902,89.96410369873047,86.59840803427394,0.001,3.759702205657959
6101,12,101,2113,87.36022186279297,86.60683585623069,0.001,3.849030017852783
6102,12,102,1541,80.26704406738281,86.57697951240188,0.001,3.800321102142334
6103,12,103,2427,80.28644561767578,86.51076674373589,0.001,3.7886202335357666
6104,12,104,2008,113.40745544433594,86.63335927414067,0.001,3.6745407581329346
6105,12,105,1442,83.33087158203125,86.6086197419379,0.001,3.5257465839385986
6106,12,106,256,78.99263763427734,86.5519467724115,0.001,3.550053596496582
6107,12,107,2297,85.29041290283203,86.53850221169733,0.001,4.153088331222534
6108,12,108,1470,93.02145385742188,86.60370350631011,0.001,3.6712911128997803
6109,12,109,273,89.04666137695312,86.62889079387482,0.001,5.1075708866119385
6110,12,110,2603,74.86302947998047,86.4746324083058,0.001,4.246317148208618
6111,12,111,2241,100.75862121582031,86.66652884825446,0.001,3.7560744285583496
6112,12,112,1914,84.91463470458984,86.65827355561395,0.001,3.7662649154663086
6113,12,113,2196,95.79779052734375,86.6969330712651,0.001,3.1046180725097656
6114,12,114,2593,78.05004119873047,86.61072849126279,0.001,3.870131015777588
6115,12,115,2546,85.26466369628906,86.59781909000276,0.001,4.103742599487305
6116,12,116,2494,75.15589904785156,86.48912803654592,0.001,3.912118673324585
6117,12,117,2585,81.74574279785156,86.44499055328451,0.001,3.9137511253356934
6118,12,118,1250,82.96409606933594,86.42951909545113,0.001,4.663501501083374
6119,12,119,2619,87.001953125,86.43303313215594,0.001,4.23072075843811
6120,12,120,1265,93.54938507080078,86.46481109561033,0.001,4.3652002811431885
6121,12,121,1099,89.36946105957031,86.5006538812801,0.001,3.9665234088897705
6122,12,122,1571,92.29928588867188,86.57092745088337,0.001,4.417999029159546
6123,12,123,1900,93.17420196533203,86.60018900849062,0.001,3.960508108139038
6124,12,124,2184,94.77861785888672,86.65336426686862,0.001,3.8803300857543945
6125,12,125,2694,101.21051025390625,86.71517402191368,0.001,3.7889139652252197
6126,12,126,2502,90.46623992919922,86.75998760416557,0.001,4.775344371795654
6127,12,127,190,76.30315399169922,86.63479115005528,0.001,4.268259048461914
6128,12,128,2614,79.12422943115234,86.54869798068987,0.001,4.15974235534668
6129,12,129,1585,86.85110473632812,86.55211086705718,0.001,4.1135241985321045
6130,12,130,2709,99.91569519042969,86.60574689839629,0.001,4.392009735107422
6131,12,131,1262,88.23465728759766,86.61224315552374,0.001,4.079251050949097
6132,12,132,2278,88.1701889038086,86.62557471681917,0.001,3.7190117835998535
6133,12,133,2060,81.02564239501953,86.57851514491642,0.001,4.562051773071289
6134,12,134,1921,80.2536392211914,86.52618359301954,0.001,3.8595781326293945
6135,12,135,2040,84.67440032958984,86.50569011825407,0.001,4.204883813858032
6136,12,136,2080,78.83302307128906,86.42222212246747,0.001,4.361304044723511
6137,12,137,1862,79.6417465209961,86.39611962351033,0.001,3.436663866043091
6138,12,138,2535,88.73303985595703,86.40506578195965,0.001,4.581531763076782
6139,12,139,1751,85.48754119873047,86.39981191083237,0.001,3.783649206161499
6140,12,140,2098,89.0618896484375,86.41371649588237,0.001,3.6760447025299072
6141,12,141,1814,76.88011169433594,86.33951978751347,0.001,4.0889973640441895
6142,12,142,1181,96.78851318359375,86.41946448354824,0.001,4.137903690338135
6143,12,143,1543,99.84891510009766,86.47013271384412,0.001,4.272753715515137
6144,12,144,1569,89.79918670654297,86.49607916928113,0.001,3.6632254123687744
6145,12,145,2460,81.0666275024414,86.47615590611376,0.001,4.32127046585083
6146,12,146,1182,76.10939025878906,86.39612085302694,0.001,4.440271377563477
6147,12,147,1888,78.57288360595703,86.31829992848988,0.001,3.617414712905884
6148,12,148,2398,81.94190979003906,86.27491360635925,0.001,4.390692949295044
6149,12,149,2293,74.15486907958984,86.18250553188584,0.001,3.824640989303589
6150,12,150,1878,86.6494369506836,86.1849463218256,0.001,4.176316976547241
6151,12,151,1460,89.12203216552734,86.20047191520736,0.001,3.6363117694854736
6152,12,152,2274,88.10933685302734,86.21417735816414,0.001,4.294076681137085
6153,12,153,1368,86.94551849365234,86.21805753814293,0.001,3.957319498062134
6154,12,154,1161,82.39012145996094,86.2056108306027,0.001,4.614568471908569
6155,12,155,1551,93.61994171142578,86.25988154930444,0.001,3.9999704360961914
6156,12,156,1714,73.6561508178711,86.17199212563712,0.001,3.9959921836853027
6157,12,157,2522,78.84397888183594,86.12045246482934,0.001,4.633716106414795
6158,12,158,2249,88.94502258300781,86.14075903985979,0.001,3.8960797786712646
6159,12,159,2927,86.79414367675781,86.14265483294126,0.001,4.318417072296143
6160,12,160,2911,78.91741180419922,86.12032840142146,0.001,4.13765025138855
6161,12,161,2722,72.92341613769531,86.07977738253909,0.001,3.9544589519500732
6162,12,162,1690,77.72269439697266,86.05184535840606,0.001,4.132981538772583
6163,12,163,2272,85.03459930419922,86.04481953857864,0.001,4.250378847122192
6164,12,164,2163,80.48213195800781,86.00562579027445,0.001,3.104717254638672
6165,12,165,2000,87.07807922363281,86.00907940353122,0.001,3.6152169704437256
6166,12,166,2794,86.84881591796875,86.01184025381816,0.001,4.497218370437622
6167,12,167,2197,94.9111099243164,86.07174737168508,0.001,4.046541452407837
6168,12,168,1717,101.54813385009766,86.12093080329021,0.001,4.142108678817749
6169,12,169,1642,83.36882019042969,86.10272974969206,0.001,4.220911502838135
6170,12,170,1806,79.68476104736328,86.04571390627446,0.001,3.8914666175842285
6171,12,171,2652,89.06598663330078,86.05507886778487,0.001,3.5600783824920654
6172,12,172,1092,86.92772674560547,86.06273781480986,0.001,3.855607032775879
6173,12,173,2906,83.84581756591797,86.04831458530835,0.001,3.744218587875366
6174,12,174,2529,89.43755340576172,86.07080130951915,0.001,3.605933666229248
6175,12,175,1797,72.28052520751953,86.02746163597456,0.001,4.684145450592041
6176,12,176,1864,94.83061218261719,86.05469401201991,0.001,4.21802830696106
6177,12,177,2758,100.20325469970703,86.14488373810306,0.001,3.416447639465332
6178,12,178,400,89.51277160644531,86.15862818854714,0.001,4.193418502807617
6179,12,179,177,89.17156982421875,86.17745504382123,0.001,4.160821914672852
6180,12,180,2505,86.13317108154297,86.17731886836307,0.001,3.6371521949768066
6181,12,181,2498,95.7920150756836,86.22042221611952,0.001,4.221605062484741
6182,12,182,2343,86.06182861328125,86.21972185291622,0.001,4.02606463432312
6183,12,183,2706,79.21929168701172,86.19994707444926,0.001,4.18029522895813
6184,12,184,2298,74.8523178100586,86.16713718011891,0.001,4.664987325668335
6185,12,185,2157,79.78413391113281,86.11459153620426,0.001,3.952305793762207
6186,12,186,368,82.76897430419922,86.09337747535382,0.001,3.7689857482910156
6187,12,187,2399,92.23440551757812,86.10941387355808,0.001,4.021554708480835
6188,12,188,1768,93.74098205566406,86.13145540450556,0.001,3.3586292266845703
6189,12,189,1081,93.16439819335938,86.17417886092383,0.001,4.321969032287598
6190,12,190,2152,87.04914855957031,86.17940200691753,0.001,3.7278687953948975
6191,12,191,2784,87.7386474609375,86.1918884413696,0.001,3.856872797012329
6192,12,192,2347,83.7016372680664,86.17710958847591,0.001,3.8230066299438477
6193,12,193,274,88.08590698242188,86.18820810809339,0.001,3.8874571323394775
6194,12,194,434,88.5069351196289,86.194102226259,0.001,3.863621950149536
6195,12,195,2782,78.7614974975586,86.13553918520545,0.001,4.4921979904174805
6196,12,196,250,87.25897979736328,86.13866810307353,0.001,4.242338418960571
6197,12,197,2772,79.65615844726562,86.1012044686093,0.001,4.480614423751831
6198,12,198,2864,85.29664611816406,86.09785134795483,0.001,3.8693652153015137
6199,12,199,2449,79.37906646728516,86.05924475715129,0.001,3.4650156497955322
6200,12,200,2328,79.11499786376953,86.03053340396579,0.001,4.996004819869995
6201,12,201,342,81.76234436035156,85.99773408956449,0.001,3.596874475479126
6202,12,202,2547,86.34315490722656,85.99968875684418,0.001,4.0096755027771
6203,12,203,1503,82.46009063720703,85.98659036260781,0.001,4.177140712738037
6204,12,204,1317,80.76958465576172,85.97269040544595,0.001,3.868039131164551
6205,12,205,2511,87.142333984375,85.97741257462339,0.001,3.991259813308716
6206,12,206,2192,92.03495788574219,85.99088946184871,0.001,4.224038362503052
6207,12,207,2235,87.6327896118164,86.00294854391194,0.001,3.566272735595703
6208,12,208,2204,94.15139770507812,86.06168994003903,0.001,4.635231971740723
6209,12,209,1123,90.01736450195312,86.07709686855586,0.001,3.9111392498016357
6210,12,210,455,67.59423828125,86.04027332180257,0.001,3.438352108001709
6211,12,211,67,85.69377899169922,86.03839101917809,0.001,4.127755165100098
6212,12,212,2325,92.28345489501953,86.07218967526677,0.001,4.238224506378174
6213,12,213,424,88.86720275878906,86.08240238203022,0.001,4.073324918746948
6214,12,214,441,81.1346206665039,86.05597585489113,0.001,3.9545373916625977
6215,12,215,436,87.57786560058594,86.06166967754743,0.001,4.314680337905884
6216,12,216,1174,85.9327163696289,86.06098390895319,0.001,4.230329751968384
6217,12,217,2349,82.34445190429688,86.03504469740335,0.001,4.73261570930481
6218,12,218,1925,110.822998046875,86.09640947106399,0.001,4.1330461502075195
6219,12,219,2243,86.22184753417969,86.09728345822958,0.001,3.734135627746582
6220,12,220,2789,86.85253143310547,86.10118754321755,0.001,4.186232328414917
6221,12,221,2223,85.11137390136719,86.0943414041907,0.001,3.6161415576934814
6222,12,222,1128,74.11591339111328,86.03287411119182,0.001,4.591844320297241
6223,12,223,325,83.25504302978516,86.01875538313152,0.001,3.7016661167144775
6224,12,224,2537,83.65373229980469,86.0064890757981,0.001,3.5494160652160645
6225,12,225,2216,90.19015502929688,86.01553285904834,0.001,4.255084991455078
6226,12,226,685,86.87277221679688,86.01979185562409,0.001,4.237034320831299
6227,12,227,60,87.29944610595703,86.02436649238624,0.001,3.905282735824585
6228,12,228,74,97.58430480957031,86.05155593180663,0.001,4.574422121047974
6229,12,229,1302,86.3639144897461,86.05349510668117,0.001,4.249820232391357
6230,12,230,2610,83.08748626708984,86.04646771119657,0.001,3.782895565032959
6231,12,231,2140,95.76991271972656,86.06841852655448,0.001,3.727759599685669
6232,12,232,2007,84.4649658203125,86.06055925360013,0.001,4.354946851730347
6233,12,233,376,102.98086547851562,86.10077841073655,0.001,4.085790634155273
6234,12,234,2479,84.9541244506836,86.09535306531193,0.001,4.524848699569702
6235,12,235,56,87.96685028076172,86.10446756587595,0.001,4.146384000778198
6236,12,236,401,82.38729858398438,86.08643206275467,0.001,3.7339529991149902
6237,12,237,694,82.7811279296875,86.0652381219018,0.001,4.07107138633728
6238,12,238,2075,75.82894897460938,86.03074138680569,0.001,3.385118007659912
6239,12,239,383,90.33424377441406,86.05725423288233,0.001,3.9606709480285645
6240,12,240,468,85.62136840820312,86.05452625973568,0.001,4.227847576141357
6241,12,241,682,92.29618072509766,86.09345244401487,0.001,4.334352731704712
6242,12,242,2233,93.9864730834961,86.11980287958453,0.001,3.8901777267456055
6243,12,243,363,90.41352844238281,86.1293341760424,0.001,3.626415252685547
6244,12,244,1879,81.90123748779297,86.11499501577569,0.001,4.058025598526001
6245,12,245,490,88.113037109375,86.11951694794908,0.001,4.610175371170044
6246,12,246,2834,82.05619049072266,86.09434120258226,0.001,4.054952383041382
6247,12,247,1617,88.27159881591797,86.10723955539768,0.001,4.23008131980896
6248,12,248,65,92.04609680175781,86.12052620237273,0.001,3.500453472137451
6249,12,249,706,79.7752685546875,86.10645916140786,0.001,3.9491147994995117
6250,12,250,728,82.09540557861328,86.08811280036284,0.001,3.976205825805664
6251,12,251,2464,61.707244873046875,86.03414960710964,0.001,4.003977537155151
6252,12,252,1692,88.03543853759766,86.04617867574375,0.001,4.407238006591797
6253,12,253,717,89.84097290039062,86.06891314180503,0.001,4.008331775665283
6254,12,254,1361,80.63671875,86.0573174998769,0.001,4.52665114402771
6255,12,255,447,95.45956420898438,86.07760278378231,0.001,3.9968085289001465
6256,12,256,2282,84.31277465820312,86.07385825960567,0.001,4.47025203704834
6257,12,257,521,83.52061462402344,86.06846506261361,0.001,3.9423024654388428
6258,12,258,2147,87.25457000732422,86.07551709170589,0.001,3.354113817214966
6259,12,259,1313,85.03929138183594,86.06968645063812,0.001,3.8222875595092773
6260,12,260,2101,93.4766845703125,86.11331886298807,0.001,3.8060317039489746
6261,12,261,1355,77.185546875,86.07419256297864,0.001,4.741796016693115
6262,12,262,2340,87.3663330078125,86.07967947860939,0.001,4.1901044845581055
6263,12,263,2538,94.3619155883789,86.09680718182739,0.001,4.026530742645264
6264,12,264,2673,84.90936279296875,86.0916057269753,0.001,3.850151300430298
6265,12,265,2775,87.35454559326172,86.09695846956642,0.001,4.3805952072143555
6266,12,266,2413,90.22853088378906,86.1148718849371,0.001,3.7401130199432373
6267,12,267,377,87.42062377929688,86.11885014001335,0.001,4.395124435424805
6268,12,268,2523,91.73672485351562,86.15066132217183,0.001,4.128317832946777
6269,12,269,2750,84.06159973144531,86.14648678139771,0.001,4.006080389022827
6270,12,270,774,86.9665756225586,86.14994628239704,0.001,4.327636480331421
6271,12,271,2861,79.86788177490234,86.12341053352299,0.001,3.988382577896118
6272,12,272,388,97.77992248535156,86.14568659647773,0.001,4.020498991012573
6273,12,273,272,88.80611419677734,86.15366977043828,0.001,4.162505149841309
6274,12,274,2596,94.1165542602539,86.17732656511562,0.001,3.7864766120910645
6275,12,275,336,81.99036407470703,86.15405751903127,0.001,3.746556520462036
6276,12,276,1568,81.76349639892578,86.13608211302666,0.001,4.2730090618133545
6277,12,277,1616,93.39225006103516,86.16655449309066,0.001,3.498426675796509
6278,12,278,2930,87.02555847167969,86.16819314622438,0.001,4.406933546066284
6279,12,279,1481,80.48715209960938,86.14471239589932,0.001,4.041942834854126
6280,12,280,601,86.14552307128906,86.14471677990902,0.001,4.695810794830322
6281,12,281,1339,94.59523010253906,86.16127341329388,0.001,4.821536302566528
6282,12,282,814,74.6718521118164,86.13854806270768,0.001,4.713064193725586
6283,12,283,469,90.73773193359375,86.16312245168918,0.001,4.025078296661377
6284,12,284,488,87.37998962402344,86.1695479789743,0.001,4.343768358230591
6285,12,285,873,89.1960220336914,86.17461082808212,0.001,4.137354373931885
6286,12,286,2203,95.42251586914062,86.22371788776078,0.001,3.117025852203369
6287,12,287,2660,89.65752410888672,86.2414447410165,0.001,3.4990835189819336
6288,12,288,863,82.38201141357422,86.22614857356689,0.001,3.672132730484009
6289,12,289,986,77.18729400634766,86.19012136193311,0.001,4.056671380996704
6290,12,290,721,91.11956787109375,86.20365906903828,0.001,4.456230163574219
6291,12,291,1149,72.29853820800781,86.14899821083495,0.001,4.109866380691528
6292,12,292,851,85.86752319335938,86.14751052377244,0.001,4.476767301559448
6293,12,293,611,88.9173812866211,86.15502402181491,0.001,3.3067431449890137
6294,12,294,471,87.40892028808594,86.16138590513015,0.001,3.577751874923706
6295,12,295,459,109.6288833618164,86.2039260256653,0.001,3.7604336738586426
6296,12,296,2013,101.36193084716797,86.23111102925162,0.001,4.419093132019043
6297,12,297,344,84.35242462158203,86.22768172335951,0.001,3.973785161972046
6298,12,298,2569,101.57059478759766,86.26934079782954,0.001,3.9928739070892334
6299,12,299,2682,80.64757537841797,86.24051605309437,0.001,4.07070517539978
6300,12,300,1812,83.16130828857422,86.2248439115421,0.001,4.663133382797241
6301,12,301,405,90.98112487792969,86.23792108799552,0.001,3.9618980884552
6302,12,302,2929,85.88756561279297,86.2366065791058,0.001,3.135122299194336
6303,12,303,989,90.4101333618164,86.25215914933375,0.001,3.8146731853485107
6304,12,304,2377,75.50910186767578,86.21234066881956,0.001,3.446014404296875
6305,12,305,966,81.53856658935547,86.20019907200148,0.001,3.8644919395446777
6306,12,306,1153,87.97195434570312,86.20899354245697,0.001,4.147244930267334
6307,12,307,819,84.49684143066406,86.20266423927107,0.001,3.7621119022369385
6308,12,308,507,99.66273498535156,86.21907808427011,0.001,4.194394826889038
6309,12,309,1557,84.86351013183594,86.2124291692664,0.001,4.088153600692749
6310,12,310,38,83.53244018554688,86.20539377432819,0.001,4.340929746627808
6311,12,311,1848,84.27800750732422,86.19603224190124,0.001,4.000067949295044
6312,12,312,514,98.3768081665039,86.22796686503922,0.001,3.629045248031616
6313,12,313,1344,80.97596740722656,86.20919231439917,0.001,4.762236833572388
6314,12,314,1473,84.66641235351562,86.20573666877793,0.001,3.996831178665161
6315,12,315,919,86.29415130615234,86.20616564382077,0.001,4.249297380447388
6316,12,316,1706,104.04182434082031,86.26956680764228,0.001,4.432760715484619
6317,12,317,266,99.03270721435547,86.3301059323475,0.001,3.808309555053711
6318,12,318,1306,76.23139190673828,86.28264922296601,0.001,4.321764945983887
6319,12,319,1530,80.74565124511719,86.25669688978954,0.001,4.421438932418823
6320,12,320,981,91.44037628173828,86.27491214935067,0.001,4.244683504104614
6321,12,321,69,89.06995391845703,86.28803064093407,0.001,4.558558464050293
6322,12,322,1549,94.44439697265625,86.30889350680066,0.001,3.7451298236846924
6323,12,323,2781,76.6544189453125,86.28791156101374,0.001,3.2988247871398926
6324,12,324,2499,92.7044677734375,86.30382603901168,0.001,4.605578899383545
6325,12,325,773,96.788330078125,86.34002496456048,0.001,3.7180283069610596
6326,12,326,2871,74.7645034790039,86.28727248634635,0.001,4.172049522399902
6327,12,327,2669,98.41535949707031,86.30735346584977,0.001,4.272074222564697
6328,12,328,73,82.2561264038086,86.30066063499925,0.001,4.62150239944458
6329,12,329,904,78.33782958984375,86.28346237784345,0.001,3.996589422225952
6330,12,330,523,89.60374450683594,86.29866294622987,0.001,3.9240057468414307
6331,12,331,2720,91.17359161376953,86.30595706233949,0.001,4.336110353469849
6332,12,332,1699,86.65336608886719,86.3067770037859,0.001,4.122049808502197
6333,12,333,340,82.12600708007812,86.29261937208943,0.001,4.654566049575806
6334,12,334,2617,83.34283447265625,86.279477163564,0.001,3.3609633445739746
6335,12,335,1346,97.65099334716797,86.32843492553613,0.001,4.198821067810059
6336,12,336,954,73.86872100830078,86.30862551249842,0.001,3.4319276809692383
6337,12,337,1602,98.0584945678711,86.32097870582093,0.001,4.302534341812134
6338,12,338,2909,84.86642456054688,86.31609426921277,0.001,4.109947681427002
6339,12,339,680,104.37567138671875,86.34438425064637,0.001,3.533884048461914
6340,12,340,801,85.87820434570312,86.34331272839371,0.001,3.964456796646118
6341,12,341,403,83.42642211914062,86.33648925232643,0.001,4.162135362625122
6342,12,342,991,98.84095001220703,86.35572599765617,0.001,3.715472936630249
6343,12,343,852,92.5328140258789,86.37585005906857,0.001,4.2636942863464355
6344,12,344,446,88.53182983398438,86.38286883295231,0.001,4.959150552749634
6345,12,345,2845,84.70945739746094,86.37558942943113,0.001,3.7835419178009033
6346,12,346,32,78.87257385253906,86.34246172866064,0.001,3.9864518642425537
6347,12,347,2832,78.335205078125,86.30953323071203,0.001,4.008020401000977
6348,12,348,705,81.74325561523438,86.28958778756075,0.001,4.261657476425171
6349,12,349,2595,93.67417907714844,86.30082330904193,0.001,3.443450689315796
6350,12,350,759,86.42724609375,86.30122490756503,0.001,4.300369739532471
6351,12,351,707,86.65438079833984,86.30172974318033,0.001,4.3640968799591064
6352,12,352,461,92.33689880371094,86.3271851778385,0.001,3.978184700012207
6353,12,353,408,74.16156005859375,86.29978629018309,0.001,3.5824759006500244
6354,12,354,1151,92.39968872070312,86.3131209296647,0.001,3.658954620361328
6355,12,355,916,89.8116683959961,86.31849880657704,0.001,4.36232590675354
6356,12,356,77,86.08821868896484,86.31776140483251,0.001,4.453370571136475
6357,12,357,2923,91.80927276611328,86.32976534263604,0.001,3.776850461959839
6358,12,358,2613,98.07682800292969,86.36625468690077,0.001,3.8470211029052734
6359,12,359,832,76.5184326171875,86.32534780332087,0.001,4.311169862747192
6360,12,360,522,76.0589370727539,86.28249578358592,0.001,4.69781494140625
6361,12,361,64,97.7564926147461,86.29974268410648,0.001,3.6137924194335938
6362,12,362,1577,86.87895202636719,86.3015327702927,0.001,4.14126992225647
6363,12,363,686,73.88955688476562,86.26227533680542,0.001,3.635450601577759
6364,12,364,1383,91.72567749023438,86.27451520222722,0.001,3.9337832927703857
6365,12,365,390,94.65967559814453,86.29250318078488,0.001,4.330453634262085
6366,12,366,1397,81.63883209228516,86.27323745604937,0.001,4.074926376342773
6367,12,367,1779,92.00616455078125,86.29654213714187,0.001,4.239716529846191
6368,12,368,961,79.22590637207031,86.2679757930097,0.001,3.894286870956421
6369,12,369,2601,89.45524597167969,86.28063979965206,0.001,3.7911739349365234
6370,12,370,695,85.91217041015625,86.27951628183122,0.001,4.053950071334839
6371,12,371,264,91.40994262695312,86.29507774004144,0.001,3.8839213848114014
6372,12,372,962,75.29657745361328,86.27125176093784,0.001,4.163820266723633
6373,12,373,693,85.78048706054688,86.26928293391207,0.001,3.871318817138672
6374,12,374,337,78.28169250488281,86.25385489849994,0.001,4.41056489944458
6375,12,375,2608,87.50115203857422,86.25890246050835,0.001,4.204552173614502
6376,12,376,1495,90.95204162597656,86.27289999244294,0.001,4.092321157455444
6377,12,377,1817,68.3609619140625,86.24844774507243,0.001,4.461384534835815
6378,12,378,98,89.49009704589844,86.26127040788565,0.001,4.48392915725708
6379,12,379,825,80.12064361572266,86.25286650283545,0.001,3.8015401363372803
6380,12,380,788,81.5125503540039,86.23424988846516,0.001,3.9529519081115723
6381,12,381,2144,92.07809448242188,86.24232957779329,0.001,4.083105802536011
6382,12,382,920,86.41116333007812,86.24299612734346,0.001,3.7366831302642822
6383,12,383,175,90.30907440185547,86.2516406144925,0.001,3.5680160522460938
6384,12,384,481,90.03632354736328,86.26263559325986,0.001,4.2871482372283936
6385,12,385,808,87.09241485595703,86.26502048320533,0.001,3.53399920463562
6386,12,386,2672,84.96626281738281,86.25999083847948,0.001,3.8418102264404297
6387,12,387,914,83.55953216552734,86.25224472898498,0.001,3.6909494400024414
6388,12,388,778,92.87520599365234,86.2711033147232,0.001,3.7716543674468994
6389,12,389,1488,80.75578308105469,86.25132936584201,0.001,3.48622989654541
6390,12,390,977,85.98626708984375,86.25080498811512,0.001,3.9980952739715576
6391,12,391,915,96.6613540649414,86.26443167568598,0.001,3.8717105388641357
6392,12,392,2448,82.16700744628906,86.24900665177366,0.001,3.82761287689209
6393,12,393,2692,87.64657592773438,86.25427345115395,0.001,4.088858366012573
6394,12,394,68,94.11834716796875,86.27044929130369,0.001,4.3713953495025635
6395,12,395,2668,93.62419891357422,86.29139220916113,0.001,4.315446615219116
6396,12,396,2476,93.96646118164062,86.3017102103445,0.001,4.022846460342407
6397,12,397,771,85.46514892578125,86.29937882721569,0.001,4.450350999832153
6398,12,398,2767,84.01164245605469,86.29289274799187,0.001,4.354078054428101
6399,12,399,2563,75.39131164550781,86.2710977366287,0.001,4.355748891830444
6400,12,400,2406,88.49124145507812,86.27940602979227,0.001,4.385130405426025
6401,12,401,367,96.20339965820312,86.2988262646656,0.001,4.161384105682373
6402,12,402,770,90.07223510742188,86.3094183201601,0.001,4.052710294723511
6403,12,403,972,88.43340301513672,86.31516960199444,0.001,4.402483701705933
6404,12,404,2335,96.11610412597656,86.32836082372117,0.001,4.063024044036865
6405,12,405,2588,87.54199981689453,86.33285525254153,0.001,4.109726428985596
6406,12,406,742,82.65140533447266,86.31936737010129,0.001,3.9213852882385254
6407,12,407,1399,81.62744903564453,86.30206235424704,0.001,3.4641125202178955
6408,12,408,811,73.63388061523438,86.28684659656285,0.001,4.026814222335815
6409,12,409,1440,92.60860443115234,86.30364012570485,0.001,4.276433229446411
6410,12,410,407,84.92073059082031,86.29989595745752,0.001,3.7084126472473145
6411,12,411,2534,101.0747299194336,86.31916297158185,0.001,3.91314959526062
6412,12,412,1686,89.42579650878906,86.33030115772029,0.001,4.224015235900879
6413,12,413,789,80.90718078613281,86.31577794547374,0.001,3.57244873046875
6414,12,414,699,77.54618072509766,86.29264337208105,0.001,3.9084455966949463
6415,12,415,607,95.7518310546875,86.30423225776558,0.001,3.711573362350464
6416,12,416,719,81.0036392211914,86.28536017546244,0.001,3.738114595413208
6417,12,417,1828,77.95370483398438,86.255192027,0.001,3.6314010620117188
6418,12,418,1259,77.91106414794922,86.23971187767602,0.001,3.7092325687408447
6419,12,419,1098,75.19001770019531,86.21860647616867,0.001,3.979428768157959
6420,12,420,1493,83.38111877441406,86.20860123481386,0.001,3.425821304321289
6421,12,421,448,96.9791030883789,86.23759512302078,0.001,4.206287860870361
6422,12,422,1087,85.470703125,86.23496196734953,0.001,4.48339056968689
6423,12,423,864,94.80611419677734,86.24507969766728,0.001,3.939479112625122
6424,12,424,361,85.56293487548828,86.24282009583229,0.001,3.895793914794922
6425,12,425,2565,79.7502670288086,86.23462419330257,0.001,3.1712594032287598
6426,12,426,519,80.41671752929688,86.21438069676246,0.001,3.977843761444092
6427,12,427,727,80.6513900756836,86.20760470244525,0.001,3.9658493995666504
6428,12,428,372,79.84381103515625,86.2007087263215,0.001,3.9894542694091797
6429,12,429,458,83.3939208984375,86.19715195183399,0.001,4.20094633102417
6430,12,430,2510,80.23110961914062,86.17680388688844,0.001,3.9062047004699707
6431,12,431,2548,86.1125259399414,86.17664116211608,0.001,4.2797675132751465
6432,12,432,2533,66.92923736572266,86.14067174688475,0.001,3.5858306884765625
6433,12,433,990,76.7232666015625,86.11598168109589,0.001,3.697113513946533
6434,12,434,2462,87.71337127685547,86.12149248382548,0.001,3.759366273880005
6435,12,435,2583,91.07603454589844,86.13420332636895,0.001,3.8072621822357178
6436,12,436,616,89.63973236083984,86.14595240747428,0.001,4.082077264785767
6437,12,437,1923,86.24786376953125,86.14621612551049,0.001,4.209173917770386
6438,12,438,2564,82.57617950439453,86.13735803568372,0.001,3.7848548889160156
6439,12,439,2450,85.20804595947266,86.13506116202771,0.001,4.442566871643066
6440,12,440,2219,90.53497314453125,86.14001046867415,0.001,3.8342599868774414
6441,12,441,689,89.98051452636719,86.14687734663018,0.001,4.292132616043091
6442,12,442,861,92.2347183227539,86.15778983748632,0.001,3.919660806655884
6443,12,443,1394,78.15217590332031,86.13777115136533,0.001,3.9880776405334473
6444,12,444,2763,94.77043151855469,86.1479650201949,0.001,3.9085514545440674
6445,12,445,2584,83.16407775878906,86.13809282949218,0.001,3.79982590675354
6446,12,446,2050,74.72914123535156,86.11821587657838,0.001,4.418435096740723
6447,12,447,496,80.6875991821289,86.1053275721761,0.001,4.915485620498657
6448,12,448,2327,101.61831665039062,86.13224375371819,0.001,4.147541284561157
6449,12,449,1676,84.64651489257812,86.12732095168275,0.001,4.118172645568848
6450,12,450,2874,87.6338119506836,86.13095345375334,0.001,4.193662405014038
6451,12,451,1903,85.94710540771484,86.1306360786335,0.001,4.103360891342163
6452,12,452,803,102.59619140625,86.14936487543902,0.001,4.024767637252808
6453,12,453,2590,100.26240539550781,86.17330211025065,0.001,4.197768211364746
6454,12,454,2793,80.5744400024414,86.15476918575203,0.001,4.1206886768341064
6455,12,455,1791,81.6200942993164,86.14699311314078,0.001,3.7900431156158447
6456,12,456,1372,78.54182434082031,86.12859050648647,0.001,4.048857927322388
6457,12,457,350,82.11068725585938,86.11877770099741,0.001,3.747349500656128
6458,12,458,2188,88.39088439941406,86.12423062941923,0.001,4.704778671264648
6459,12,459,1675,87.63323974609375,86.12680532582547,0.001,5.1194908618927
6460,12,460,374,74.84429168701172,86.09079284334933,0.001,4.822545289993286
6461,12,461,492,80.81856536865234,86.0738913166962,0.001,4.273444175720215
6462,12,462,951,90.2424545288086,86.08384400412379,0.001,4.029929161071777
6463,12,463,956,82.83675384521484,86.07354860772793,0.001,3.6626088619232178
6464,12,464,453,99.10233306884766,86.09552886858481,0.001,3.5873727798461914
6465,12,465,382,77.67556762695312,86.08625577735731,0.001,3.9123778343200684
6466,12,466,2181,97.87543487548828,86.09964710524955,0.001,4.452157020568848
6467,12,467,2552,90.04022216796875,86.10890172063736,0.001,4.4346277713775635
6468,12,468,1484,88.65923309326172,86.11499486538229,0.001,3.7960479259490967
6469,12,469,827,94.30786895751953,86.12649699133411,0.001,3.8257710933685303
6470,12,470,2901,91.77011108398438,86.13622320975894,0.001,4.517476797103882
6471,12,471,2654,87.81714630126953,86.14151454609336,0.001,3.8457605838775635
6472,12,472,858,92.7279281616211,86.14818977129175,0.001,3.9947731494903564
6473,12,473,870,86.89844512939453,86.1494487117583,0.001,4.6651105880737305
6474,12,474,94,77.93070983886719,86.12530461072204,0.001,3.662497043609619
6475,12,475,787,88.57028198242188,86.12806157618611,0.001,3.662482976913452
6476,12,476,1434,89.58973693847656,86.13584855940516,0.001,4.359159708023071
6477,12,477,2580,89.01010131835938,86.14455318138118,0.001,4.044682025909424
6478,12,478,392,90.19237518310547,86.15693665069077,0.001,3.9824116230010986
6479,12,479,710,84.4161605834961,86.15293567697033,0.001,4.093663215637207
6480,12,480,1363,86.5389404296875,86.15382355577775,0.001,3.316290855407715
6481,12,481,1482,91.16445922851562,86.15924989753478,0.001,4.31510329246521
6482,12,482,743,84.21458435058594,86.15713370014373,0.001,4.70913290977478
6483,12,483,2455,101.67170715332031,86.17448539414909,0.001,3.985656261444092
6484,12,484,834,90.69801330566406,86.18828049091445,0.001,4.031929969787598
6485,12,485,1311,75.58097076416016,86.15606414988311,0.001,3.4031176567077637
6486,12,486,432,78.50206756591797,86.13895416090914,0.001,3.843533992767334
6487,12,487,378,95.8619613647461,86.16842187292121,0.001,3.926933765411377
6488,12,488,518,81.5377426147461,86.16339495587184,0.001,4.16228461265564
6489,12,489,913,84.0721435546875,86.16002424335834,0.001,4.588984727859497
6490,12,490,2458,77.81806945800781,86.14123004712039,0.001,4.08958101272583
6491,12,491,2513,102.0710220336914,86.15826705379028,0.001,3.7387773990631104
6492,12,492,1914,85.37883758544922,86.15743041859294,0.001,4.012503623962402
6493,12,493,1344,81.11405181884766,86.14618081124627,0.001,4.324632883071899
6494,12,494,1737,87.24063110351562,86.14936624050586,0.001,3.8259851932525635
6495,12,495,1903,85.91577911376953,86.14899843391973,0.001,3.7609026432037354
6496,12,496,1099,89.36845397949219,86.15861309299873,0.001,4.385382175445557
6497,12,497,1373,75.45999145507812,86.13986916435393,0.001,3.9947733879089355
6498,12,498,1326,91.15921020507812,86.14511500004586,0.001,3.9064180850982666
6499,12,499,1627,98.16389465332031,86.17205230464818,0.001,4.050663232803345
6500,13,0,1751,85.4053955078125,85.4053955078125,0.001,3.8483645915985107
6501,13,1,1769,81.97045135498047,83.16268839855478,0.001,3.8549864292144775
6502,13,2,1368,86.76698303222656,84.10394190616833,0.001,4.318107843399048
6503,13,3,1083,91.61094665527344,86.48953191545014,0.001,4.687463045120239
6504,13,4,1675,87.62191772460938,86.65624134326436,0.001,3.9732253551483154
6505,13,5,1554,87.27417755126953,86.7127083219463,0.001,3.992316484451294
6506,13,6,1793,92.46024322509766,87.85924864468952,0.001,3.552137613296509
6507,13,7,1495,90.94660186767578,88.26732881809055,0.001,3.6126747131347656
6508,13,8,1762,96.29125213623047,89.19811434029218,0.001,4.070600986480713
6509,13,9,1264,88.25274658203125,89.14760604413513,0.001,3.668560028076172
6510,13,10,1576,96.10907745361328,89.48908993149384,0.001,4.251256465911865
6511,13,11,1482,91.13874053955078,89.56648979434506,0.001,3.988478422164917
6512,13,12,1626,74.4807357788086,88.90382988630695,0.001,3.7173123359680176
6513,13,13,1324,89.11460876464844,88.92743413090987,0.001,3.4584827423095703
6514,13,14,1814,76.64019775390625,87.98052980896065,0.001,3.620975971221924
6515,13,15,1481,80.46826934814453,87.42934820704598,0.001,4.261637449264526
6516,13,16,1797,71.7703857421875,86.8966076915726,0.001,4.123649835586548
6517,13,17,1951,92.51314544677734,87.26450362534814,0.001,4.006920337677002
6518,13,18,1310,82.3906021118164,86.87169636014984,0.001,4.181177377700806
6519,13,19,1766,88.67939758300781,86.90787297641337,0.001,4.061089992523193
6520,13,20,1879,81.78849029541016,86.69773731263271,0.001,4.540179491043091
6521,13,21,1317,80.61380767822266,86.53862720225769,0.001,4.489225625991821
6522,13,22,1117,90.33731842041016,86.74019807571499,0.001,4.028900623321533
6523,13,23,1126,80.6587142944336,86.34401990200544,0.001,4.260002613067627
6524,13,24,2034,88.46432495117188,86.47151182766031,0.001,4.037664890289307
6525,13,25,1363,86.54537200927734,86.47473824688416,0.001,4.250897169113159
6526,13,26,1383,91.69091796875,86.63529025599286,0.001,3.9235756397247314
6527,13,27,1155,93.79627990722656,86.77954877684626,0.001,4.754301071166992
6528,13,28,1791,81.62883758544922,86.63315048477546,0.001,4.1427435874938965
6529,13,29,2075,75.83976745605469,86.33542483792787,0.001,4.213249921798706
6530,13,30,2007,84.45915985107422,86.26488796482676,0.001,3.91903018951416
6531,13,31,1311,75.5587158203125,85.75238133162793,0.001,3.79015851020813
6532,13,32,1779,92.00382232666016,86.03796798942314,0.001,3.9562864303588867
6533,13,33,1615,87.19083404541016,86.0754797377689,0.001,4.738947153091431
6534,13,34,1557,84.9952621459961,86.02938160383005,0.001,3.9577796459198
6535,13,35,2067,87.59233093261719,86.06491581743327,0.001,4.531307220458984
6536,13,36,1196,87.26559448242188,86.08100312703489,0.001,3.9341542720794678
6537,13,37,1113,87.51416778564453,86.13727916447753,0.001,3.923686981201172
6538,13,38,1577,86.83463287353516,86.15715037944989,0.001,3.5806429386138916
6539,13,39,1777,81.59890747070312,86.03206659696856,0.001,4.279653072357178
6540,13,40,1339,94.20693969726562,86.14070299261004,0.001,3.7919390201568604
6541,13,41,1153,87.99825286865234,86.20685959353162,0.001,4.048215866088867
6542,13,42,1648,96.97097778320312,86.40631809341355,0.001,4.458106994628906
6543,13,43,1828,77.7517318725586,86.1101454724768,0.001,4.220935344696045
6544,13,44,1484,88.63445281982422,86.17258142606283,0.001,3.7998342514038086
6545,13,45,1690,77.73908996582031,86.07456859261609,0.001,4.373535871505737
6546,13,46,1127,89.2010269165039,86.12879051256772,0.001,3.8783042430877686
6547,13,47,1570,85.51233673095703,86.1218099122206,0.001,3.6752431392669678
6548,13,48,1568,81.06278991699219,86.00634540382362,0.001,4.2077436447143555
6549,13,49,1620,82.83889770507812,85.98333076470783,0.001,4.023594379425049
6550,13,50,1397,80.72246551513672,85.82625168848938,0.001,3.343550443649292
6551,13,51,1111,86.56595611572266,85.84222277260595,0.001,3.492595911026001
6552,13,52,1585,85.93514251708984,85.84479973549445,0.001,3.1479835510253906
6553,13,53,1365,92.5506362915039,85.9115584476883,0.001,3.1582791805267334
6554,13,54,1161,81.51355743408203,85.87084231946244,0.001,3.8300845623016357
6555,13,55,1938,81.3538818359375,85.82838619248733,0.001,4.32759165763855
6556,13,56,1527,83.595947265625,85.78389508812505,0.001,4.3186354637146
6557,13,57,2249,86.68426513671875,85.80193853648966,0.001,3.5974464416503906
6558,13,58,2071,90.88347625732422,85.87175384851628,0.001,4.146360397338867
6559,13,59,1488,77.97817993164062,85.68455001857484,0.001,3.9317445755004883
6560,13,60,2241,95.65104675292969,85.93283486956045,0.001,3.737701177597046
6561,13,61,175,87.8175048828125,85.9578562993385,0.001,4.397913455963135
6562,13,62,177,85.63845825195312,85.95222398937388,0.001,4.207831382751465
6563,13,63,2181,92.98931884765625,86.0118468100793,0.001,3.341296672821045
6564,13,64,1151,84.7668685913086,85.99684208547438,0.001,3.777350902557373
6565,13,65,1120,74.99990844726562,85.86735325033246,0.001,3.6791021823883057
6566,13,66,1764,85.13895416259766,85.85061093370483,0.001,4.8321692943573
6567,13,67,1439,83.91102600097656,85.80837945173403,0.001,4.004377365112305
6568,13,68,1333,91.85201263427734,85.90696573930012,0.001,4.299880266189575
6569,13,69,1642,81.26082611083984,85.8335983149683,0.001,3.556331157684326
6570,13,70,2243,84.34512329101562,85.8024095190423,0.001,4.794942855834961
6571,13,71,1182,69.92839813232422,85.55527479242755,0.001,3.8928563594818115
6572,13,72,1372,72.47052001953125,85.35725735238142,0.001,4.249565601348877
6573,13,73,1586,78.84013366699219,85.22677990200084,0.001,4.511822700500488
6574,13,74,2000,71.52232360839844,85.13135576892323,0.001,4.072692155838013
6575,13,75,1862,62.38117980957031,84.9720033092108,0.001,3.613953113555908
6576,13,76,1441,70.22169494628906,84.86719738025076,0.001,4.206144332885742
6577,13,77,2297,75.4615249633789,84.72904681428244,0.001,4.0313169956207275
6578,13,78,1888,68.21846008300781,84.42334938676454,0.001,4.461061716079712
6579,13,79,2392,69.777587890625,84.27548909716397,0.001,4.2137463092803955
6580,13,80,1832,80.62737274169922,84.2087183184118,0.001,3.8715202808380127
6581,13,81,2051,70.22388458251953,84.01842225786059,0.001,4.4879372119903564
6582,13,82,1361,63.11737823486328,83.88477083772524,0.001,4.403352737426758
6583,13,83,2163,60.50117111206055,83.56668959046274,0.001,3.9944496154785156
6584,13,84,1355,62.056480407714844,83.2839064422225,0.001,4.130421876907349
6585,13,85,2325,65.84512329101562,83.05818119996059,0.001,3.951899528503418
6586,13,86,2080,60.88254928588867,82.68051506139552,0.001,3.9126851558685303
6587,13,87,2191,63.86693572998047,82.50778378167425,0.001,3.790757894515991
6588,13,88,1768,64.22891998291016,82.39962557898956,0.001,4.28296422958374
6589,13,89,2204,57.610713958740234,81.99928428618765,0.001,3.6937272548675537
6590,13,90,1302,63.100189208984375,81.71369040721125,0.001,4.10580587387085
6591,13,91,1092,61.16956329345703,81.38658313921087,0.001,4.585543870925903
6592,13,92,1844,69.70283508300781,81.32791378759269,0.001,4.516803979873657
6593,13,93,1772,58.56731033325195,80.96814089518968,0.001,3.948408365249634
6594,13,94,2221,61.51999282836914,80.7394776388021,0.001,4.0598742961883545
6595,13,95,2223,61.296695709228516,80.44298288872046,0.001,3.8970630168914795
6596,13,96,1686,70.56678771972656,80.29591306503748,0.001,3.9248833656311035
6597,13,97,1909,59.335357666015625,79.99223975024401,0.001,4.409569025039673
6598,13,98,1692,61.170841217041016,79.72035702492477,0.001,4.2076499462127686
6599,13,99,2450,64.23085021972656,79.55689410069944,0.001,4.44983696937561
6600,13,100,2188,62.590362548828125,79.37781903013637,0.001,4.067706108093262
6601,13,101,1864,64.03704833984375,79.2998562131726,0.001,3.753568410873413
6602,13,102,1543,75.27120208740234,79.2793444532775,0.001,3.9369888305664062
6603,13,103,2233,63.09659957885742,79.15903331770227,0.001,3.5633938312530518
6604,13,104,2066,57.588584899902344,78.86410301911195,0.001,4.573873996734619
6605,13,105,2070,61.76409912109375,78.63268403113533,0.001,4.1855456829071045
6606,13,106,1617,59.754241943359375,78.38864651081646,0.001,4.116423606872559
6607,13,107,2482,55.1269645690918,78.07851476289981,0.001,4.81843638420105
6608,13,108,1575,59.81980514526367,77.89525048347113,0.001,4.161335229873657
6609,13,109,250,59.694618225097656,77.81040980032175,0.001,4.18293571472168
6610,13,110,1399,56.206809997558594,77.5287361055782,0.001,4.11761736869812
6611,13,111,1109,55.19492721557617,77.25522530446537,0.001,4.022099494934082
6612,13,112,1918,51.566009521484375,76.93258160877637,0.001,4.142307996749878
6613,13,113,1838,59.69466018676758,76.77486170074808,0.001,4.471039772033691
6614,13,114,2328,51.122901916503906,76.6033043664004,0.001,3.9503390789031982
6615,13,115,1714,53.096885681152344,76.39320174230883,0.001,4.083660840988159
6616,13,116,1516,55.90646743774414,76.2083656650661,0.001,3.817199945449829
6617,13,117,2436,51.54511260986328,76.10129381758142,0.001,3.948793411254883
6618,13,118,1098,56.079925537109375,75.97150825678895,0.001,4.298628807067871
6619,13,119,1105,45.52778244018555,75.83659972271212,0.001,4.495618104934692
6620,13,120,2427,47.44434356689453,75.59010037213719,0.001,3.661972999572754
6621,13,121,2349,62.48929977416992,75.43788025207999,0.001,3.6709229946136475
6622,13,122,1090,65.30953216552734,75.37573106220306,0.001,3.5181965827941895
6623,13,123,2529,68.03589630126953,75.3108925949488,0.001,4.10817813873291
6624,13,124,1580,65.15977478027344,75.24880223279347,0.001,4.028325319290161
6625,13,125,1274,60.67158508300781,75.12721694734981,0.001,3.9140520095825195
6626,13,126,2462,53.48900604248047,74.88121849416677,0.001,3.934129476547241
6627,13,127,2270,54.073097229003906,74.64788943481084,0.001,4.264087677001953
6628,13,128,1717,59.6628303527832,74.58946315304836,0.001,4.068612098693848
6629,13,129,2413,60.39783477783203,74.47125762286451,0.001,3.7367358207702637
6630,13,130,2511,61.854766845703125,74.39673419821901,0.001,3.766336441040039
6631,13,131,2152,62.51853561401367,74.30142774023174,0.001,3.7790188789367676
6632,13,132,1602,55.6587028503418,74.25399260028621,0.001,4.195702791213989
6633,13,133,1093,54.01213836669922,74.04213560043958,0.001,3.857959508895874
6634,13,134,1081,63.301395416259766,73.95677554312984,0.001,4.47636342048645
6635,13,135,1334,54.25307083129883,73.88387710420578,0.001,3.7112960815429688
6636,13,136,2435,44.56204605102539,73.77059374737642,0.001,3.7812368869781494
6637,13,137,1250,42.94697570800781,73.65680713848175,0.001,4.208872318267822
6638,13,138,1823,56.152957916259766,73.47153266782978,0.001,4.003358840942383
6639,13,139,1457,54.8853645324707,73.2829755483038,0.001,3.8591129779815674
6640,13,140,2225,59.363460540771484,73.14209772370862,0.001,4.778230428695679
6641,13,141,1306,44.639915466308594,72.8568171541137,0.001,4.27795147895813
6642,13,142,2149,48.49557113647461,72.67208983062915,0.001,4.586027383804321
6643,13,143,1087,57.72206115722656,72.52721970668016,0.001,3.971581220626831
6644,13,144,2064,49.86746597290039,72.35888108273849,0.001,4.308094024658203
6645,13,145,2327,57.54581069946289,72.28299284211217,0.001,4.5934295654296875
6646,13,146,2548,48.50198745727539,72.11325130968163,0.001,3.7594239711761475
6647,13,147,2196,59.47373580932617,72.074036189345,0.001,4.011638879776001
6648,13,148,2593,45.12337875366211,71.87643702541419,0.001,3.485084295272827
6649,13,149,2401,44.08784866333008,71.6756040172949,0.001,3.501019239425659
6650,13,150,2546,44.01493835449219,71.48141547872505,0.001,3.934971332550049
6651,13,151,272,50.45248794555664,71.37499273490282,0.001,3.9796950817108154
6652,13,152,1682,51.87134552001953,71.23895149446636,0.001,3.6950318813323975
6653,13,153,29,51.404720306396484,71.10209714834005,0.001,3.743748426437378
6654,13,154,1503,50.62838363647461,71.00891415642309,0.001,3.5959043502807617
6655,13,155,264,48.17916488647461,70.85117921183944,0.001,3.7246038913726807
6656,13,156,1118,48.597164154052734,70.70003335223743,0.001,3.7312631607055664
6657,13,157,1756,50.122886657714844,70.56295791665436,0.001,4.481786489486694
6658,13,158,2398,49.10585403442383,70.37268461378292,0.001,4.225489139556885
6659,13,159,1342,53.06816864013672,70.2594055263456,0.001,4.612319469451904
6660,13,160,1706,57.86069107055664,70.17758436409987,0.001,4.19812536239624
6661,13,161,2654,45.41259002685547,69.95985586321966,0.001,4.277348279953003
6662,13,162,1263,52.050537109375,69.84317810316232,0.001,4.476672887802124
6663,13,163,2595,62.057621002197266,69.81925163423738,0.001,4.599461078643799
6664,13,164,1794,42.06444549560547,69.64293560580339,0.001,4.071255683898926
6665,13,165,2672,50.036643981933594,69.47443751820254,0.001,3.4391136169433594
6666,13,166,2406,49.591705322265625,69.30442552025734,0.001,4.58791446685791
6667,13,167,1699,52.43235397338867,69.2301221727277,0.001,3.740056276321411
6668,13,168,1532,49.51451873779297,69.06626491490141,0.001,4.918087720870972
6669,13,169,1174,48.93073654174805,68.94038327488987,0.001,4.085181713104248
6670,13,170,1540,47.51103591918945,68.876496725778,0.001,3.8528356552124023
6671,13,171,2443,41.34571838378906,68.70779741558252,0.001,4.253716230392456
6672,13,172,2565,41.440711975097656,68.62649629004656,0.001,3.970924139022827
6673,13,173,2513,47.98670959472656,68.56647840410314,0.001,3.8691956996917725
6674,13,174,1530,42.59376907348633,68.35577826994225,0.001,3.4660801887512207
6675,13,175,2073,44.582149505615234,68.28977611753865,0.001,4.011427164077759
6676,13,176,2278,51.45599365234375,68.18661324088443,0.001,3.7064144611358643
6677,13,177,1915,45.48202896118164,68.09018419577104,0.001,4.006665229797363
6678,13,178,1473,47.755210876464844,68.0144036705662,0.001,4.158238172531128
6679,13,179,1902,46.665069580078125,67.8871208010559,0.001,3.9324495792388916
6680,13,180,28,49.981422424316406,67.83675707580187,0.001,4.290836572647095
6681,13,181,1262,43.76494216918945,67.76991378758495,0.001,4.270995140075684
6682,13,182,2166,51.620750427246094,67.70227948807923,0.001,4.368497371673584
6683,13,183,2455,48.2617073059082,67.64666730305436,0.001,4.054198503494263
6684,13,184,1571,49.24564743041992,67.50405182952004,0.001,3.8376100063323975
6685,13,185,1523,54.4630126953125,67.46785782320075,0.001,4.188606262207031
6686,13,186,2205,45.685707092285156,67.33978809886062,0.001,3.848971366882324
6687,13,187,1442,49.91411209106445,67.26902691732165,0.001,3.7516274452209473
6688,13,188,2460,43.65030288696289,67.204530045911,0.001,4.6779327392578125
6689,13,189,254,43.60862350463867,67.02612286906839,0.001,4.545743227005005
6690,13,190,1858,54.87997055053711,66.95804469785135,0.001,3.841010808944702
6691,13,191,2422,37.75076675415039,66.87936134786027,0.001,4.02990198135376
6692,13,192,2157,47.369407653808594,66.73346130794637,0.001,4.310718059539795
6693,13,193,2272,48.25934600830078,66.63053111136462,0.001,3.7766335010528564
6694,13,194,2547,55.129371643066406,66.56654082229244,0.001,4.436017036437988
6695,13,195,2347,48.037166595458984,66.46449956581377,0.001,4.520631551742554
6696,13,196,2494,45.824737548828125,66.3521818119198,0.001,3.891230821609497
6697,13,197,2720,47.09263610839844,66.30575901945497,0.001,3.7866907119750977
6698,13,198,2448,41.17573928833008,66.12477751196941,0.001,4.123013734817505
6699,13,199,1806,38.81428146362305,65.92794770101732,0.001,3.9430413246154785
6700,13,200,2192,52.01287078857422,65.89803273989487,0.001,3.867142915725708
6701,13,201,2709,54.57637405395508,65.86944530613239,0.001,4.198718070983887
6702,13,202,1839,41.41103744506836,65.80831692669689,0.001,3.5644571781158447
6703,13,203,2341,42.15617752075195,65.63936956356741,0.001,3.9386322498321533
6704,13,204,2923,49.92192840576172,65.58168601905136,0.001,4.318430662155151
6705,13,205,2864,49.390777587890625,65.52001081982002,0.001,4.120672702789307
6706,13,206,2834,46.64756774902344,65.38761911480512,0.001,4.259436845779419
6707,13,207,1149,40.7788200378418,65.25810986137623,0.001,4.4967451095581055
6708,13,208,2758,51.05379867553711,65.18477051905515,0.001,4.385033845901489
6709,13,209,1925,59.36505126953125,65.17057716815499,0.001,4.166846036911011
6710,13,210,1616,52.48017883300781,65.10377197502548,0.001,4.725966930389404
6711,13,211,2564,39.78160095214844,64.97635212509564,0.001,4.845007658004761
6712,13,212,2449,39.20726776123047,64.84496300851372,0.001,4.328473329544067
6713,13,213,1596,52.96522521972656,64.80288492222769,0.001,4.737726449966431
6714,13,214,1493,44.063568115234375,64.66311567214088,0.001,3.8266091346740723
6715,13,215,1440,41.257659912109375,64.54820406483294,0.001,4.102101802825928
6716,13,216,1541,44.55386734008789,64.50481603871796,0.001,4.104646921157837
6717,13,217,1821,50.695281982421875,64.4720711317673,0.001,4.060683727264404
6718,13,218,363,38.07937240600586,64.40974715631546,0.001,4.481395483016968
6719,13,219,2782,39.919612884521484,64.24644328219946,0.001,4.329049110412598
6720,13,220,1817,35.44731903076172,64.18094913920389,0.001,4.752887487411499
6721,13,221,2906,43.49748229980469,64.07964664701,0.001,3.7408885955810547
6722,13,222,1900,65.38716888427734,64.08277564506977,0.001,4.074007034301758
6723,13,223,2874,41.900611877441406,63.976723413921796,0.001,4.327509641647339
6724,13,224,2537,42.400997161865234,63.86963892683073,0.001,3.774799108505249
6725,13,225,1551,46.61854934692383,63.78492733718564,0.001,4.170846223831177
6726,13,226,337,37.735870361328125,63.70387306643051,0.001,3.9295578002929688
6727,13,227,401,45.50617980957031,63.616557477919415,0.001,3.835059404373169
6728,13,228,1945,38.88008117675781,63.45933223083371,0.001,3.9897210597991943
6729,13,229,2767,43.28786849975586,63.36239611545814,0.001,4.082865953445435
6730,13,230,2793,40.73543167114258,63.217923757870594,0.001,4.145431280136108
6731,13,231,1123,45.53086853027344,63.15879715754622,0.001,4.044642686843872
6732,13,232,367,52.441322326660156,63.123437406319084,0.001,4.263115406036377
6733,13,233,2584,39.204132080078125,62.975643112674085,0.001,3.898407459259033
6734,13,234,372,42.809688568115234,62.93652237939797,0.001,4.145914316177368
6735,13,235,424,50.7309684753418,62.89817040921057,0.001,3.338103771209717
6736,13,236,1463,45.92218780517578,62.86566684315272,0.001,4.1224045753479
6737,13,237,2563,35.30888366699219,62.77482256078983,0.001,4.499662399291992
6738,13,238,1693,42.02002716064453,62.648694255769655,0.001,4.334477424621582
6739,13,239,2476,42.500308990478516,62.604735542199705,0.001,4.058220386505127
6740,13,240,2452,51.08243942260742,62.552407419719096,0.001,3.5466790199279785
6741,13,241,2502,50.389068603515625,62.47846689573671,0.001,3.9286909103393555
6742,13,242,468,43.12770462036133,62.36378576435814,0.001,4.046159267425537
6743,13,243,2543,35.8906135559082,62.244739633535616,0.001,4.959042549133301
6744,13,244,342,40.90252685546875,62.116355038369406,0.001,5.680217504501343
6745,13,245,2464,34.99513244628906,62.05788511363574,0.001,3.9776716232299805
6746,13,246,2781,48.945255279541016,62.02162337442996,0.001,5.454743385314941
6747,13,247,2909,51.455753326416016,61.974719944900535,0.001,5.016027927398682
6748,13,248,1549,48.61614227294922,61.93166726544335,0.001,5.292749404907227
6749,13,249,361,40.732078552246094,61.81433132004551,0.001,4.042909145355225
6750,13,250,455,41.438961029052734,61.78194206007252,0.001,4.774872541427612
6751,13,251,2274,38.6467399597168,61.6835051137606,0.001,4.327914714813232
6752,13,252,1097,41.04436111450195,61.64215249573982,0.001,3.922523021697998
6753,13,253,2340,43.03827667236328,61.56375566864859,0.001,3.5075604915618896
6754,13,254,2871,37.13931655883789,61.42499504974031,0.001,3.9297163486480713
6755,13,255,2614,44.640933990478516,61.33041790154959,0.001,5.089292526245117
6756,13,256,2040,42.092620849609375,61.22038249047672,0.001,3.3063719272613525
6757,13,257,2060,50.187538146972656,61.17358559960499,0.001,4.719370365142822
6758,13,258,1470,42.825477600097656,61.09850957154387,0.001,4.0195746421813965
6759,13,259,64,47.1633415222168,61.070318453457226,0.001,4.314358234405518
6760,13,260,2095,43.02637481689453,60.97192546076051,0.001,4.714102268218994
6761,13,261,2911,46.907012939453125,60.946113155932046,0.001,4.3578362464904785
6762,13,262,390,40.95515823364258,60.88836922094747,0.001,4.456739187240601
6763,13,263,1393,42.613739013671875,60.812406457080805,0.001,3.6097140312194824
6764,13,264,2099,32.47123718261719,60.728614697894784,0.001,3.6073949337005615
6765,13,265,1089,42.30312728881836,60.62807590886097,0.001,4.338228702545166
6766,13,266,2901,45.517791748046875,60.582968371425395,0.001,4.07065749168396
6767,13,267,1259,35.235145568847656,60.51074307350573,0.001,4.6708972454071045
6768,13,268,2298,31.788816452026367,60.4565038336221,0.001,4.2677857875823975
6769,13,269,519,36.07324981689453,60.324425901957014,0.001,4.40661358833313
6770,13,270,2832,40.824378967285156,60.22481308281976,0.001,4.481605529785156
6771,13,271,2432,34.79591369628906,60.1756499169973,0.001,4.770077705383301
6772,13,272,2763,42.79121780395508,60.142706145491566,0.001,4.5608069896698
6773,13,273,74,40.18492889404297,60.10520204032693,0.001,4.762385368347168
6774,13,274,2147,39.76477813720703,59.99658905839504,0.001,4.67227578163147
6775,13,275,1735,36.881526947021484,59.95246700492003,0.001,4.601808786392212
6776,13,276,1548,49.052589416503906,59.91102585279994,0.001,4.99155592918396
6777,13,277,1370,42.92903137207031,59.84363491045745,0.001,4.970341205596924
6778,13,278,448,43.39276123046875,59.77756859217344,0.001,5.059355020523071
6779,13,279,1460,35.78059005737305,59.710198461136414,0.001,4.436178922653198
6780,13,280,400,39.32008743286133,59.65925190071764,0.001,3.252411127090454
6781,13,281,2706,37.32814025878906,59.61987712019996,0.001,3.9051740169525146
6782,13,282,2552,39.2619514465332,59.54161185201931,0.001,4.488816261291504
6783,13,283,1846,35.91020202636719,59.45100809040685,0.001,4.554527044296265
6784,13,284,607,39.7551383972168,59.41620365985594,0.001,4.847566843032837
6785,13,285,2775,38.045318603515625,59.33511196333156,0.001,4.438521385192871
6786,13,286,2013,47.65306854248047,59.31410836546103,0.001,4.833393335342407
6787,13,287,432,37.570899963378906,59.23252543630247,0.001,4.257946729660034
6788,13,288,434,36.94766616821289,59.19583329490847,0.001,4.612948656082153
6789,13,289,719,35.0142822265625,59.07319922725753,0.001,4.113491535186768
6790,13,290,2845,37.13275146484375,58.96276846017172,0.001,4.588720798492432
6791,13,291,2144,30.131656646728516,58.91148786251324,0.001,4.508962154388428
6792,13,292,368,34.56334686279297,58.81690960817911,0.001,5.607698917388916
6793,13,293,1809,33.05403137207031,58.69083626342854,0.001,4.113317012786865
6794,13,294,37,37.789424896240234,58.58766841300118,0.001,4.733421325683594
6795,13,295,67,40.54371643066406,58.520707767535164,0.001,4.294704914093018
6796,13,296,693,35.36211395263672,58.40626479155717,0.001,4.587591886520386
6797,13,297,2179,31.573537826538086,58.334781839908786,0.001,4.9045188426971436
6798,13,298,507,63.284217834472656,58.34081820180819,0.001,4.087373495101929
6799,13,299,2510,39.19413375854492,58.24823556018223,0.001,3.9482898712158203
6800,13,300,2387,55.62855529785156,58.24139701491513,0.001,4.670935153961182
6801,13,301,1921,36.239376068115234,58.16156075386508,0.001,4.873865127563477
6802,13,302,1556,32.44879150390625,58.068027359755824,0.001,4.461542844772339
6803,13,303,374,32.27550506591797,57.944789720392315,0.001,4.314749240875244
6804,13,304,2479,34.353782653808594,57.86287354542905,0.001,5.012803554534912
6805,13,305,721,39.117286682128906,57.81569623433028,0.001,4.699957847595215
6806,13,306,492,40.591224670410156,57.73366180011856,0.001,3.9039955139160156
6807,13,307,2174,34.69770050048828,57.6276713329009,0.001,4.1768574714660645
6808,13,308,827,44.42500686645508,57.599887184614786,0.001,4.886465787887573
6809,13,309,727,39.91156768798828,57.57052752941663,0.001,4.867055416107178
6810,13,310,2652,34.58204650878906,57.53256938410819,0.001,4.641016244888306
6811,13,311,481,37.229393005371094,57.46119218198191,0.001,3.41626238822937
6812,13,312,2929,34.035892486572266,57.379013264876086,0.001,4.764954090118408
6813,13,313,2293,34.79243469238281,57.29825459834078,0.001,4.755483865737915
6814,13,314,68,37.08119201660156,57.24694904202411,0.001,4.065670013427734
6815,13,315,2335,37.73550033569336,57.21380579458513,0.001,4.78127646446228
6816,13,316,2590,39.88931655883789,57.17218502722915,0.001,4.277151107788086
6817,13,317,38,37.13104248046875,57.12226055551013,0.001,4.611134052276611
6818,13,318,459,35.2594108581543,57.08656667498061,0.001,4.009865999221802
6819,13,319,2569,41.810630798339844,57.04906496665523,0.001,4.072036981582642
6820,13,320,2583,38.53242492675781,56.98498439600944,0.001,3.8438220024108887
6821,13,321,2377,33.2655143737793,56.90410737323394,0.001,3.538261890411377
6822,13,322,685,33.16615295410156,56.82423076273465,0.001,3.8159608840942383
6823,13,323,350,33.99274826049805,56.746064199623255,0.001,4.0741002559661865
6824,13,324,2673,38.719520568847656,56.684048893824844,0.001,4.8905029296875
6825,13,325,2608,33.46221923828125,56.5775969279917,0.001,4.464317798614502
6826,13,326,916,30.161853790283203,56.5345014459233,0.001,4.269575595855713
6827,13,327,680,38.603214263916016,56.50608488531266,0.001,4.3362438678741455
6828,13,328,376,43.97553253173828,56.48575460797151,0.001,4.825075626373291
6829,13,329,2596,33.30115509033203,56.430353746940774,0.001,4.853246212005615
6830,13,330,920,29.798370361328125,56.3103889649921,0.001,3.5269391536712646
6831,13,331,69,41.220767974853516,56.243041992307624,0.001,4.936592102050781
6832,13,332,962,31.99872589111328,56.185226548521165,0.001,4.169074296951294
6833,13,333,403,27.337753295898438,56.11784442452048,0.001,5.055260896682739
6834,13,334,447,35.27069091796875,56.08471006394979,0.001,4.18916654586792
6835,13,335,32,28.428020477294922,55.96145819953432,0.001,4.286240100860596
6836,13,336,2425,37.913700103759766,55.90215818042213,0.001,4.39813494682312
6837,13,337,2694,31.523414611816406,55.864503079677256,0.001,3.741339683532715
6838,13,338,858,36.80161666870117,55.83766907630346,0.001,3.4803051948547363
6839,13,339,2794,22.921863555908203,55.785991543513894,0.001,4.294400930404663
6840,13,340,1265,28.112438201904297,55.74298859419216,0.001,3.9406583309173584
6841,13,341,1181,40.460655212402344,55.69460634482133,0.001,4.281879663467407
6842,13,342,832,27.642684936523438,55.57453560529477,0.001,4.648298263549805
6843,13,343,2140,35.85502624511719,55.54556661481602,0.001,3.894672393798828
6844,13,344,1173,35.5098991394043,55.514684839555414,0.001,4.277760028839111
6845,13,345,710,32.38160705566406,55.440866510456985,0.001,4.588205575942993
6846,13,346,706,32.74581527709961,55.40568620370386,0.001,4.1467719078063965
6847,13,347,2692,32.65511703491211,55.30904478264996,0.001,4.671050548553467
6848,13,348,2580,39.10336685180664,55.24194121030265,0.001,4.625620365142822
6849,13,349,601,37.613433837890625,55.167650852865805,0.001,5.058261394500732
6850,13,350,2750,43.04389572143555,55.149569795362936,0.001,4.913942337036133
6851,13,351,2294,31.24776268005371,55.11483757229222,0.001,4.030666351318359
6852,13,352,913,30.91819953918457,55.060674113590736,0.001,4.020893096923828
6853,13,353,834,28.93900489807129,54.95170951722378,0.001,3.766956329345703
6854,13,354,742,31.348541259765625,54.85306604864256,0.001,4.284786701202393
6855,13,355,1346,43.81504821777344,54.808958018330465,0.001,3.755971670150757
6856,13,356,1394,33.092647552490234,54.741676838754884,0.001,4.127195358276367
6857,13,357,694,34.314579010009766,54.65775231944994,0.001,3.8771157264709473
6858,13,358,1812,35.99195098876953,54.58038946587968,0.001,4.173767805099487
6859,13,359,915,34.122833251953125,54.55157062733462,0.001,3.7625515460968018
6860,13,360,1845,31.805965423583984,54.520272931647185,0.001,4.36266827583313
6861,13,361,94,30.790897369384766,54.429264467328444,0.001,4.357395648956299
6862,13,362,2601,36.78330612182617,54.35896739211141,0.001,3.789095878601074
6863,13,363,728,34.87295150756836,54.299724650108786,0.001,3.8625941276550293
6864,13,364,1443,35.10841369628906,54.22291943524274,0.001,3.8560550212860107
6865,13,365,325,34.52311706542969,54.16382596892143,0.001,4.250958204269409
6866,13,366,686,20.997848510742188,54.062143346094466,0.001,4.945846796035767
6867,13,367,490,29.596078872680664,54.026524129510335,0.001,3.8946046829223633
6868,13,368,1923,31.371417999267578,53.957341629743695,0.001,4.167020797729492
6869,13,369,1434,37.82411575317383,53.910952689384025,0.001,4.470229864120483
6870,13,370,2216,27.266328811645508,53.87710790929314,0.001,3.835602045059204
6871,13,371,989,29.417129516601562,53.80472505551842,0.001,4.381962060928345
6872,13,372,2197,39.19894027709961,53.761810899512625,0.001,4.03457236289978
6873,13,373,523,35.137577056884766,53.68800065509474,0.001,3.7927229404449463
6874,13,374,705,30.762401580810547,53.59690389364439,0.001,3.617701768875122
6875,13,375,408,22.854576110839844,53.53325143737799,0.001,4.058675050735474
6876,13,376,2172,29.697216033935547,53.46250995292574,0.001,4.010017156600952
6877,13,377,2202,29.72964096069336,53.369874375594,0.001,3.693553924560547
6878,13,378,2668,36.03596878051758,53.3190476893281,0.001,3.5340051651000977
6879,13,379,1700,39.88389587402344,53.28976130214187,0.001,4.147989511489868
6880,13,380,1965,37.817203521728516,53.22982188321488,0.001,4.359703540802002
6881,13,381,256,30.272722244262695,53.183224962585854,0.001,4.133668899536133
6882,13,382,861,32.556121826171875,53.14089804484987,0.001,3.6693763732910156
6883,13,383,981,27.83154296875,53.06831278260128,0.001,4.351144075393677
6884,13,384,190,26.387685775756836,52.9644573055206,0.001,4.0488667488098145
6885,13,385,864,30.802244186401367,52.93602014730989,0.001,4.64525580406189
6886,13,386,870,33.5926513671875,52.89669531682948,0.001,3.89703369140625
6887,13,387,851,30.83146858215332,52.811490355791385,0.001,3.8513333797454834
6888,13,388,488,36.72615432739258,52.7516204930068,0.001,4.541531085968018
6889,13,389,2585,24.11272430419922,52.67264801159696,0.001,4.7388083934783936
6890,13,390,382,23.09960174560547,52.63422126128093,0.001,3.702343225479126
6891,13,391,1878,31.019004821777344,52.59148169101392,0.001,3.8111655712127686
6892,13,392,344,27.43442153930664,52.55785976591966,0.001,3.971204996109009
6893,13,393,178,31.700363159179688,52.50104178260254,0.001,3.8630168437957764
6894,13,394,2789,28.90683937072754,52.435608993218295,0.001,4.564855098724365
6895,13,395,1502,26.50212860107422,52.338348983683474,0.001,4.632832288742065
6896,13,396,1649,31.90339469909668,52.28169969267195,0.001,4.494733095169067
6897,13,397,814,22.209857940673828,52.241070399877074,0.001,3.929067611694336
6898,13,398,2660,34.95673751831055,52.17893707733195,0.001,4.088443994522095
6899,13,399,863,39.94822692871094,52.145142279440876,0.001,3.870603322982788
6900,13,400,56,23.88224983215332,52.067802129811334,0.001,4.05634617805481
6901,13,401,682,36.89727020263672,52.01303545000831,0.001,4.03772759437561
6902,13,402,98,28.04112434387207,51.92579229372418,0.001,4.255151987075806
6903,13,403,801,28.990558624267578,51.882677624403534,0.001,4.530170679092407
6904,13,404,2613,35.094696044921875,51.83784797468158,0.001,4.693863391876221
6905,13,405,1343,22.583444595336914,51.8026505952275,0.001,3.947676181793213
6906,13,406,689,39.73196792602539,51.77948229835763,0.001,3.8916118144989014
6907,13,407,2378,38.74381637573242,51.74404414253365,0.001,4.081932067871094
6908,13,408,1848,30.064376831054688,51.6663208829341,0.001,3.9548420906066895
6909,13,409,771,28.91436195373535,51.60590574125641,0.001,4.346612453460693
6910,13,410,1088,26.391883850097656,51.54012145467733,0.001,4.704517364501953
6911,13,411,2538,25.72538185119629,51.50733214027489,0.001,3.891996383666992
6912,13,412,1132,24.7752628326416,51.435289147547124,0.001,4.63968825340271
6913,13,413,986,34.027610778808594,51.388437373213634,0.001,4.3305487632751465
6914,13,414,1453,27.724964141845703,51.36069019250979,0.001,3.791496515274048
6915,13,415,2343,25.29825782775879,51.312180606871415,0.001,4.062103033065796
6916,13,416,1636,19.684581756591797,51.20098706397067,0.001,4.127192735671997
6917,13,417,2251,26.618633270263672,51.15382391780737,0.001,4.524461507797241
6918,13,418,778,28.021509170532227,51.09375482188663,0.001,3.762727737426758
6919,13,419,695,22.855653762817383,51.01938565287163,0.001,4.1544883251190186
6920,13,420,1395,29.821678161621094,50.99263349359823,0.001,3.788285255432129
6921,13,421,2617,28.511423110961914,50.9152297615314,0.001,4.427953243255615
6922,13,422,2784,25.857070922851562,50.828328987269224,0.001,4.3570849895477295
6923,13,423,616,27.137842178344727,50.747577579867375,0.001,4.049974203109741
6924,13,424,1676,27.90130615234375,50.668644417776946,0.001,4.272765636444092
6925,13,425,773,32.22452163696289,50.62132738112446,0.001,3.3417680263519287
6926,13,426,990,26.250547409057617,50.55750775030001,0.001,3.9479317665100098
6927,13,427,2008,31.8447208404541,50.53713761384781,0.001,4.057358503341675
6928,13,428,441,25.042884826660156,50.47225095569122,0.001,3.791398286819458
6929,13,429,446,27.38806915283203,50.41400696658343,0.001,4.720592260360718
6930,13,430,2610,28.9310359954834,50.387965783469014,0.001,4.500064134597778
6931,13,431,873,34.769649505615234,50.37136520158133,0.001,4.1207404136657715
6932,13,432,2588,25.961017608642578,50.2881092302975,0.001,4.137824535369873
6933,13,433,471,22.806949615478516,50.196682419795145,0.001,3.98230242729187
6934,13,434,919,28.82159423828125,50.12395388160926,0.001,3.9603312015533447
6935,13,435,1819,31.399219512939453,50.10140536445829,0.001,4.119147062301636
6936,13,436,707,25.702739715576172,50.07413875674113,0.001,3.5874292850494385
6937,13,437,808,29.58644676208496,50.02335805165843,0.001,4.515840530395508
6938,13,438,951,22.704143524169922,49.955432909730675,0.001,3.809262275695801
6939,13,439,461,29.418987274169922,49.88798849890519,0.001,3.4543232917785645
6940,13,440,977,29.47764015197754,49.85289872657449,0.001,4.569016695022583
6941,13,441,811,30.131546020507812,49.83133385715329,0.001,3.504817008972168
6942,13,442,2113,24.55522346496582,49.76801610864691,0.001,3.8890509605407715
6943,13,443,2619,25.786075592041016,49.72931315281674,0.001,3.707172155380249
6944,13,444,2534,25.216283798217773,49.70017167013696,0.001,4.29682469367981
6945,13,445,956,23.777542114257812,49.61555867939771,0.001,4.108566522598267
6946,13,446,2055,20.80554962158203,49.52145414057545,0.001,4.224633693695068
6947,13,447,611,23.751821517944336,49.477215393849846,0.001,4.2237231731414795
6948,13,448,274,24.346435546875,49.416916999660245,0.001,3.888669967651367
6949,13,449,2772,19.535985946655273,49.34446167970307,0.001,4.10962438583374
6950,13,450,521,20.344974517822266,49.3110641873056,0.001,3.8292648792266846
6951,13,451,914,26.764938354492188,49.25660443029959,0.001,4.35760760307312
6952,13,452,991,26.532468795776367,49.230972039626195,0.001,4.185112714767456
6953,13,453,1679,23.313751220703125,49.18530098697504,0.001,3.5830631256103516
6954,13,454,1122,17.746952056884766,49.13025174135024,0.001,3.7346408367156982
6955,13,455,1569,39.526222229003906,49.10698454351362,0.001,3.4804015159606934
6956,13,456,2203,24.830541610717773,49.029110974611505,0.001,3.739658832550049
6957,13,457,2533,17.907024383544922,48.974870723421276,0.001,4.193753957748413
6958,13,458,2535,21.45310401916504,48.94353657393711,0.001,4.234317064285278
6959,13,459,699,21.410898208618164,48.87884482790693,0.001,4.1056578159332275
6960,13,460,2098,32.12846374511719,48.85264022144817,0.001,4.0390565395355225
6961,13,461,77,23.756696701049805,48.79222592987157,0.001,4.730679273605347
6962,13,462,2101,29.134658813476562,48.729569003874154,0.001,3.7601492404937744
6963,13,463,2669,27.58551597595215,48.705416106043614,0.001,4.141880989074707
6964,13,464,1896,21.03517723083496,48.640524999773255,0.001,3.3671786785125732
6965,13,465,2861,22.519094467163086,48.57856974674034,0.001,4.723959922790527
6966,13,466,378,29.83533477783203,48.51984183253772,0.001,4.848623514175415
6967,13,467,453,26.286548614501953,48.48292922197883,0.001,3.834686040878296
6968,13,468,2117,28.61273956298828,48.43756061901975,0.001,4.529051303863525
6969,13,469,961,19.35751724243164,48.34755759479101,0.001,4.005737066268921
6970,13,470,407,22.866411209106445,48.28826975354925,0.001,4.055997371673584
6971,13,471,1506,16.289806365966797,48.25466354768546,0.001,3.4742629528045654
6972,13,472,852,27.90692138671875,48.207965296899886,0.001,4.131809711456299
6973,13,473,2219,19.487882614135742,48.178218254202505,0.001,3.7259631156921387
6974,13,474,266,31.806230545043945,48.12772452454949,0.001,4.349369287490845
6975,13,475,2499,25.553916931152344,48.090465723333395,0.001,4.1179039478302
6976,13,476,377,22.488590240478516,48.048360729875775,0.001,4.061095714569092
6977,13,477,388,24.301477432250977,48.0234440423897,0.001,4.322710990905762
6978,13,478,788,27.11947250366211,47.95936918289113,0.001,3.908139228820801
6979,13,479,2927,43.658546447753906,47.95530342371348,0.001,3.1289141178131104
6980,13,480,787,28.327713012695312,47.93362363447885,0.001,4.233375072479248
6981,13,481,436,28.052600860595703,47.9017507135006,0.001,4.471432685852051
6982,13,482,2399,24.241594314575195,47.87871258652988,0.001,4.469940423965454
6983,13,483,273,26.67015838623047,47.82999982151329,0.001,3.8489034175872803
6984,13,484,2050,17.283605575561523,47.78132432316843,0.001,4.178574562072754
6985,13,485,2229,22.6064510345459,47.74603280987632,0.001,4.395689964294434
6986,13,486,2603,21.088687896728516,47.667607115002546,0.001,4.024136304855347
6987,13,487,2458,20.927818298339844,47.60743276612546,0.001,3.821106433868408
6988,13,488,770,24.124849319458008,47.55376417856163,0.001,3.964059829711914
6989,13,489,2282,20.747983932495117,47.525109641959,0.001,3.910883665084839
6990,13,490,522,20.808841705322266,47.444909797321806,0.001,4.31450891494751
6991,13,491,1360,19.927490234375,47.41638782601132,0.001,3.846691131591797
6992,13,492,1128,19.106050491333008,47.35300780556509,0.001,3.74507737159729
6993,13,493,518,17.123689651489258,47.32070421627092,0.001,3.4569990634918213
6994,13,494,2522,23.619346618652344,47.268376601098225,0.001,4.309708118438721
6995,13,495,954,21.487239837646484,47.24107656328742,0.001,4.481266736984253
6996,13,496,1519,34.42232131958008,47.21206665492708,0.001,4.086739778518677
6997,13,497,1514,25.10462188720703,47.18888483624361,0.001,4.054409503936768
6998,13,498,2523,30.115583419799805,47.13843424811,0.001,4.159918546676636
6999,13,499,405,18.183101654052734,47.09169697007799,0.001,3.8346543312072754
7000,14,0,392,25.862703323364258,25.862703323364258,0.001,4.3772149085998535
7001,14,1,904,33.39216613769531,28.298990848252853,0.001,3.982447624206543
7002,14,2,1802,23.68222999572754,26.739823529577006,0.001,4.31109619140625
7003,14,3,469,22.343202590942383,25.374019517516494,0.001,4.752554655075073
7004,14,4,2682,20.394729614257812,24.178199969108707,0.001,4.029218435287476
7005,14,5,1807,40.44532012939453,27.260356752542407,0.001,4.078416585922241
7006,14,6,336,19.583131790161133,26.016798844845695,0.001,4.486621618270874
7007,14,7,383,30.5575008392334,26.629052110295284,0.001,3.302926540374756
7008,14,8,458,32.55099105834961,26.916966319206427,0.001,3.5665271282196045
7009,14,9,717,22.479774475097656,26.398323632052325,0.001,3.753063201904297
7010,14,10,825,25.44007682800293,26.360841227368468,0.001,4.645366668701172
7011,14,11,2930,16.273303985595703,25.980015748807098,0.001,3.9369072914123535
7012,14,12,340,21.539093017578125,25.646121568784608,0.001,4.196879148483276
7013,14,13,496,31.142122268676758,26.014274725715183,0.001,3.6600911617279053
7014,14,14,2235,23.60822105407715,25.80967159828817,0.001,3.9919726848602295
7015,14,15,1480,16.317062377929688,25.533015164137133,0.001,3.7965145111083984
7016,14,16,2184,30.192140579223633,25.732834529989134,0.001,3.954216718673706
7017,14,17,774,24.84427833557129,25.682888576603094,0.001,4.596379518508911
7018,14,18,2722,25.50412940979004,25.6785802045753,0.001,3.7602405548095703
7019,14,19,73,30.05137062072754,25.791160761789627,0.001,4.417093753814697
7020,14,20,60,18.984764099121094,25.54184363414315,0.001,4.476937532424927
7021,14,21,803,22.123825073242188,25.462252308777508,0.001,4.421336650848389
7022,14,22,743,19.405452728271484,25.32166847166528,0.001,3.8955366611480713
7023,14,23,966,19.945133209228516,25.143148196846106,0.001,3.6711719036102295
7024,14,24,2505,19.75322723388672,25.0215091513299,0.001,3.509230613708496
7025,14,25,789,22.533357620239258,24.91161058588661,0.001,4.355605125427246
7026,14,26,819,19.69133949279785,24.689074191907764,0.001,3.84932017326355
7027,14,27,2498,24.98883819580078,24.697873857045092,0.001,3.925239086151123
7028,14,28,65,19.450143814086914,24.594632844132214,0.001,4.165382623672485
7029,14,29,514,22.56251335144043,24.536902176726198,0.001,3.958798408508301
7030,14,30,759,19.661911010742188,24.354725775898086,0.001,3.8593759536743164
7031,14,31,972,17.262928009033203,24.101339184142535,0.001,4.036634922027588
7032,14,32,1313,24.11421775817871,24.10191144293329,0.001,4.02547812461853
7033,14,33,1585,23.594764709472656,24.079690428873988,0.001,3.677823305130005
7034,14,34,1132,18.431928634643555,23.895149904822127,0.001,3.9021668434143066
7035,14,35,1814,14.793128967285156,23.61528520484232,0.001,3.925945997238159
7036,14,36,1181,22.148330688476562,23.571922242497436,0.001,3.7677361965179443
7037,14,37,1099,25.41802215576172,23.643721678877235,0.001,4.315086364746094
7038,14,38,1692,20.361034393310547,23.52152098741002,0.001,3.916175365447998
7039,14,39,1807,35.879127502441406,23.960811040097983,0.001,4.233571290969849
7040,14,40,1355,19.839624404907227,23.851881130136576,0.001,4.757330417633057
7041,14,41,1903,17.358217239379883,23.73404085168429,0.001,3.801459312438965
7042,14,42,1149,21.980594635009766,23.68949437892814,0.001,3.848505735397339
7043,14,43,1439,23.119447708129883,23.671221167974057,0.001,4.037326335906982
7044,14,44,1819,27.66581153869629,23.717392714111647,0.001,4.580832481384277
7045,14,45,1828,21.22406005859375,23.63819139961989,0.001,4.181855916976929
7046,14,46,1586,16.621414184570312,23.42508153795552,0.001,3.876274585723877
7047,14,47,1541,14.239347457885742,23.33595425813428,0.001,3.915127992630005
7048,14,48,1262,12.285655975341797,23.221104616037962,0.001,4.636414527893066
7049,14,49,1123,25.433635711669922,23.255472985117354,0.001,3.9660353660583496
7050,14,50,1938,17.37275505065918,23.197119440858614,0.001,3.6794211864471436
7051,14,51,1793,23.016096115112305,23.192117858794084,0.001,4.343600749969482
7052,14,52,1326,12.151773452758789,23.084425619705897,0.001,4.542836427688599
7053,14,53,1265,16.33242416381836,23.018008929142137,0.001,3.8950369358062744
7054,14,54,1556,18.85088539123535,22.93358411300569,0.001,3.7714791297912598
7055,14,55,1482,15.343926429748535,22.86227024569948,0.001,3.9017882347106934
7056,14,56,1951,18.726491928100586,22.781122466204614,0.001,4.2632362842559814
7057,14,57,1481,21.254793167114258,22.751429795086505,0.001,3.9833872318267822
7058,14,58,1772,20.89877700805664,22.70446445938462,0.001,4.20816707611084
7059,14,59,1777,19.551773071289062,22.647355700342274,0.001,4.500761985778809
7060,14,60,2051,22.25518226623535,22.640234576353663,0.001,4.318654298782349
7061,14,61,1548,27.3170166015625,22.719957319600635,0.001,3.7820096015930176
7062,14,62,1862,22.431541442871094,22.717538809069893,0.001,3.99591064453125
7063,14,63,1577,23.200511932373047,22.725848936199313,0.001,4.062333822250366
7064,14,64,1762,21.045602798461914,22.69736464972345,0.001,4.137608289718628
7065,14,65,1878,23.016864776611328,22.701150377230316,0.001,4.498054504394531
7066,14,66,1690,22.37298011779785,22.698525906254304,0.001,3.980562448501587
7067,14,67,1839,17.360294342041016,22.65734607200039,0.001,4.029154062271118
7068,14,68,1766,38.35469436645508,22.744992876830366,0.001,3.8312301635742188
7069,14,69,2040,16.738985061645508,22.614575166732234,0.001,4.061214923858643
7070,14,70,1530,22.467317581176758,22.611486661259896,0.001,4.103582382202148
7071,14,71,1346,33.70694351196289,22.831646751324453,0.001,3.4691855907440186
7072,14,72,1527,34.99282455444336,23.015348161587863,0.001,4.291278123855591
7073,14,73,1794,21.968799591064453,22.999942753875914,0.001,4.189141273498535
7074,14,74,2113,18.52814483642578,22.933094259313425,0.001,3.286529541015625
7075,14,75,1523,21.965347290039062,22.92632884534857,0.001,3.462883710861206
7076,14,76,1845,19.43968391418457,22.90354364840835,0.001,3.9814107418060303
7077,14,77,1363,32.4951057434082,23.040819396200977,0.001,3.7890844345092773
7078,14,78,1532,20.552465438842773,22.994402761267068,0.001,3.251227378845215
7079,14,79,1393,23.800321578979492,23.00565452937366,0.001,3.3634493350982666
7080,14,80,1313,26.986957550048828,23.075001058030498,0.001,4.306474208831787
7081,14,81,1549,27.608501434326172,23.1199859891619,0.001,3.6192116737365723
7082,14,82,1311,18.888898849487305,23.04534665088047,0.001,4.133954286575317
7083,14,83,1686,21.380504608154297,23.016468925675774,0.001,4.5600574016571045
7084,14,84,1602,31.599071502685547,23.05154437840164,0.001,4.523329019546509
7085,14,85,1615,22.984375,23.05070139090376,0.001,4.242262601852417
7086,14,86,1128,22.227018356323242,23.040265153306258,0.001,3.952735424041748
7087,14,87,1802,27.600908279418945,23.09702799694333,0.001,3.9712109565734863
7088,14,88,1596,27.127918243408203,23.131876428906764,0.001,3.74928879737854
7089,14,89,1342,20.682846069335938,23.102448570850083,0.001,4.352148771286011
7090,14,90,1570,21.731672286987305,23.094417087774616,0.001,4.626092910766602
7091,14,91,1370,32.809356689453125,23.212030500440267,0.001,4.416152000427246
7092,14,92,1127,23.992143630981445,23.218808339005218,0.001,3.89255952835083
7093,14,93,1182,19.773836135864258,23.17789867133296,0.001,4.300761699676514
7094,14,94,1089,19.71874237060547,23.124492134159613,0.001,3.9171009063720703
7095,14,95,1344,16.26400375366211,23.046552491074397,0.001,4.2787463665008545
7096,14,96,1463,14.485224723815918,23.00604336829965,0.001,3.6465275287628174
7097,14,97,2235,20.759809494018555,22.972513493583268,0.001,4.5613861083984375
7098,14,98,2080,21.900136947631836,22.95658141696036,0.001,3.9970176219940186
7099,14,99,2174,20.867368698120117,22.927019007346836,0.001,4.254953861236572
7100,14,100,1155,19.50152015686035,22.908999025757385,0.001,4.147000074386597
7101,14,101,1693,24.814922332763672,22.936104908584614,0.001,3.896207332611084
7102,14,102,1823,22.149093627929688,22.924783472412543,0.001,4.268795490264893
7103,14,103,1120,18.26605224609375,22.891595146605912,0.001,3.689365863800049
7104,14,104,1360,16.739572525024414,22.861939729119225,0.001,3.418961524963379
7105,14,105,1118,24.7607479095459,22.881451889285366,0.001,3.760133981704712
7106,14,106,1383,21.661645889282227,22.872391706342725,0.001,4.094115257263184
7107,14,107,1902,20.668973922729492,22.850021065086416,0.001,4.248010635375977
7108,14,108,1111,23.028409957885742,22.85180558349179,0.001,4.34526515007019
7109,14,109,2243,24.11610984802246,22.868530857877,0.001,4.704264402389526
7110,14,110,1174,27.207351684570312,22.911200193502825,0.001,4.362886667251587
7111,14,111,1343,22.663124084472656,22.910121516506955,0.001,3.983694314956665
7112,14,112,1196,14.921699523925781,22.876205787351438,0.001,4.364237070083618
7113,14,113,1768,25.398059844970703,22.88775568171544,0.001,4.114812850952148
7114,14,114,1090,17.184982299804688,22.849149431203305,0.001,4.412494897842407
7115,14,115,178,20.836732864379883,22.830449448118692,0.001,3.9406704902648926
7116,14,116,2272,22.58641815185547,22.828150526238556,0.001,3.6144158840179443
7117,14,117,1457,18.371809005737305,22.77333878721434,0.001,3.6163551807403564
7118,14,118,1568,18.51470184326172,22.73430686754751,0.001,4.061769247055054
7119,14,119,1844,24.37197494506836,22.740681585865882,0.001,4.095628976821899
7120,14,120,1097,15.162226676940918,22.708557427589064,0.001,3.9253079891204834
7121,14,121,1626,17.321819305419922,22.6859429051731,0.001,4.036120891571045
7122,14,122,2241,28.68265724182129,22.75886237273296,0.001,3.6907153129577637
7123,14,123,2163,18.408376693725586,22.719024109632933,0.001,4.085213899612427
7124,14,124,2378,27.17115592956543,22.75883523246836,0.001,3.7988035678863525
7125,14,125,2251,16.097999572753906,22.71605589685737,0.001,3.9274423122406006
7126,14,126,1306,15.264092445373535,22.630020361707636,0.001,4.558830976486206
7127,14,127,1900,29.12185287475586,22.65742640730142,0.001,4.145054578781128
7128,14,128,2223,24.43905258178711,22.67787379268668,0.001,3.803544282913208
7129,14,129,2013,24.87945556640625,22.686653247742722,0.001,3.747002363204956
7130,14,130,2064,14.693056106567383,22.618396296790763,0.001,3.1927335262298584
7131,14,131,1083,21.741682052612305,22.608876544249487,0.001,4.032467842102051
7132,14,132,1806,15.545767784118652,22.5309445633648,0.001,3.817654848098755
7133,14,133,2448,17.45827293395996,22.476019910391507,0.001,4.046621322631836
7134,14,134,1896,15.802420616149902,22.42231850685544,0.001,4.06054162979126
7135,14,135,2034,15.852752685546875,22.353133767872524,0.001,4.606545448303223
7136,14,136,2225,18.08713150024414,22.308096738386208,0.001,4.0934343338012695
7137,14,137,2050,14.208727836608887,22.263297114737338,0.001,3.9995627403259277
7138,14,138,1888,20.137493133544922,22.241513193840557,0.001,4.029979228973389
7139,14,139,2152,22.477432250976562,22.243323414959463,0.001,3.7027039527893066
7140,14,140,2233,18.764698028564453,22.22425978918752,0.001,3.763683557510376
7141,14,141,1838,15.892860412597656,22.176672862484253,0.001,3.302151918411255
7142,14,142,1488,23.8416690826416,22.192482963666237,0.001,3.60190486907959
7143,14,143,2435,15.236154556274414,22.166721769391366,0.001,4.477816343307495
7144,14,144,1809,15.697097778320312,22.103456422136258,0.001,4.812837362289429
7145,14,145,2060,29.417016983032227,22.158012180658734,0.001,3.82918643951416
7146,14,146,1502,15.663127899169922,22.093496283976762,0.001,3.944572687149048
7147,14,147,1812,20.758920669555664,22.08040474690034,0.001,4.1778411865234375
7148,14,148,1361,23.445722579956055,22.08511331079799,0.001,4.091761112213135
7149,14,149,1173,16.867382049560547,22.067065500764883,0.001,4.0253400802612305
7150,14,150,2007,22.518712997436523,22.070286072844883,0.001,4.7927565574646
7151,14,151,2340,22.481386184692383,22.073148894959573,0.001,3.7747251987457275
7152,14,152,1540,16.893733978271484,22.055514600413833,0.001,3.8112857341766357
7153,14,153,2191,19.57147979736328,22.04271039822435,0.001,4.297030448913574
7154,14,154,28,12.83838176727295,22.012017613741538,0.001,3.7999355792999268
7155,14,155,1620,23.056978225708008,22.014353867424333,0.001,3.4925739765167236
7156,14,156,2147,23.571378707885742,22.02888575672549,0.001,4.11658787727356
7157,14,157,1864,19.936342239379883,22.02192241965205,0.001,4.22846531867981
7158,14,158,1915,13.717852592468262,21.98144182389106,0.001,4.461366415023804
7159,14,159,2432,15.836652755737305,21.9611019461968,0.001,4.815491199493408
7160,14,160,2328,20.509239196777344,21.953919186639276,0.001,3.748457193374634
7161,14,161,254,20.620908737182617,21.941927876370865,0.001,4.010019063949585
7162,14,162,1914,15.277653694152832,21.920496391558704,0.001,4.205611228942871
7163,14,163,1442,18.840274810791016,21.90588481200101,0.001,5.209512948989868
7164,14,164,1817,14.673362731933594,21.883552145325403,0.001,4.20247483253479
7165,14,165,2075,18.010652542114258,21.865402267976524,0.001,3.9324138164520264
7166,14,166,2406,24.93204116821289,21.892706041325955,0.001,3.629753828048706
7167,14,167,2203,17.4074649810791,21.853392635215332,0.001,4.120224237442017
7168,14,168,2413,16.19192123413086,21.816014492030682,0.001,3.633122205734253
7169,14,169,2511,20.909557342529297,21.811765199951534,0.001,3.731032371520996
7170,14,170,2449,15.064745903015137,21.768272585037533,0.001,3.789689540863037
7171,14,171,1495,16.118457794189453,21.73194566553796,0.001,3.8327298164367676
7172,14,172,2179,14.03908920288086,21.69646906295386,0.001,3.9527111053466797
7173,14,173,2166,18.11025047302246,21.68030992199501,0.001,4.446601867675781
7174,14,174,1575,16.55340576171875,21.647251674548652,0.001,4.359226226806641
7175,14,175,2343,16.749921798706055,21.62558696693255,0.001,3.622922658920288
7176,14,176,1648,13.037781715393066,21.587376304371062,0.001,3.603996515274048
7177,14,177,1779,16.331798553466797,21.544090726169287,0.001,4.070435047149658
7178,14,178,1493,16.690731048583984,21.504246348645527,0.001,4.039846181869507
7179,14,179,2327,16.329633712768555,21.482058711978592,0.001,3.9502389430999756
7180,14,180,1339,15.996000289916992,21.465878292794525,0.001,4.715989112854004
7181,14,181,175,14.594477653503418,21.43545624677851,0.001,4.117488384246826
7182,14,182,2479,15.679113388061523,21.40186804534571,0.001,4.131170988082886
7183,14,183,1397,16.795522689819336,21.3646705056865,0.001,4.101559400558472
7184,14,184,2494,20.726316452026367,21.360902178119538,0.001,4.0585973262786865
7185,14,185,1088,21.803205490112305,21.36346445573011,0.001,4.067354679107666
7186,14,186,1554,17.796241760253906,21.35330820586929,0.001,3.818420886993408
7187,14,187,1373,19.43532943725586,21.344458641727,0.001,3.9020190238952637
7188,14,188,2073,12.11496353149414,21.319745549351417,0.001,4.244879245758057
7189,14,189,1365,15.064632415771484,21.302299085149798,0.001,3.4237284660339355
7190,14,190,2249,23.594913482666016,21.315874171616095,0.001,3.9126312732696533
7191,14,191,266,19.440279006958008,21.301442734935655,0.001,3.791181802749634
7192,14,192,1649,18.24785041809082,21.28390656888994,0.001,4.3845374584198
7193,14,193,1263,18.070087432861328,21.265626755027746,0.001,3.8890864849090576
7194,14,194,274,25.334266662597656,21.28829884445518,0.001,3.855395793914795
7195,14,195,2450,25.512617111206055,21.311648553188576,0.001,4.08715558052063
7196,14,196,1302,26.095945358276367,21.3450342463839,0.001,4.18248724937439
7197,14,197,2184,28.21320343017578,21.37261794135092,0.001,3.8660879135131836
7198,14,198,1617,22.976511001586914,21.384039938693885,0.001,4.194653034210205
7199,14,199,273,21.333541870117188,21.383759686309475,0.001,3.981344223022461
7200,14,200,2066,20.199506759643555,21.375184578244625,0.001,4.415282964706421
7201,14,201,1846,24.43935203552246,21.391683319771985,0.001,4.293984889984131
7202,14,202,2117,19.632156372070312,21.382405182593164,0.001,4.2003161907196045
7203,14,203,1821,19.98879623413086,21.37883983422754,0.001,3.9789414405822754
7204,14,204,2538,10.595187187194824,21.351176583914118,0.001,4.093137264251709
7205,14,205,2297,18.756935119628906,21.33700649240997,0.001,4.130800485610962
7206,14,206,1756,17.82957649230957,21.318661817525395,0.001,3.900825023651123
7207,14,207,1117,18.25924301147461,21.302182006914492,0.001,3.817780017852783
7208,14,208,2452,18.699045181274414,21.288489857198567,0.001,4.329513311386108
7209,14,209,2462,15.17977523803711,21.245363105810537,0.001,4.120441436767578
7210,14,210,1441,21.485368728637695,21.245972201324644,0.001,4.354163646697998
7211,14,211,2543,17.03640365600586,21.224010791984615,0.001,4.6381707191467285
7212,14,212,2070,18.15918731689453,21.203018367777464,0.001,4.791107416152954
7213,14,213,1259,14.040273666381836,21.17731964510612,0.001,3.7260632514953613
7214,14,214,1706,20.527868270874023,21.174017997546173,0.001,4.327677249908447
7215,14,215,1109,25.492610931396484,21.202197401295095,0.001,3.8202879428863525
7216,14,216,1368,12.902193069458008,21.17163105179088,0.001,4.237241268157959
7217,14,217,1751,17.2182559967041,21.157385485768284,0.001,4.834080219268799
7218,14,218,2098,23.86985206604004,21.166318405289804,0.001,3.9929184913635254
7219,14,219,256,18.457748413085938,21.156760880614158,0.001,4.154239177703857
7220,14,220,2537,15.856453895568848,21.12980953112407,0.001,4.094705104827881
7221,14,221,2694,11.359057426452637,21.10688692966837,0.001,4.14511251449585
7222,14,222,177,13.534128189086914,21.070014607961543,0.001,3.950098752975464
7223,14,223,1551,17.25503921508789,21.050961755299674,0.001,4.27867317199707
7224,14,224,2067,16.142480850219727,21.033389836042616,0.001,3.9654781818389893
7225,14,225,2552,17.393674850463867,21.01582995955354,0.001,4.0832672119140625
7226,14,226,2476,11.218610763549805,20.99306220372072,0.001,4.365529298782349
7227,14,227,1516,19.46868324279785,20.985737515498347,0.001,3.752464771270752
7228,14,228,1737,19.38298225402832,20.97574460807082,0.001,3.875653028488159
7229,14,229,1514,14.77509880065918,20.96169188492217,0.001,3.8401639461517334
7230,14,230,2834,12.993136405944824,20.910858848100528,0.001,3.8966641426086426
7231,14,231,1460,12.867486953735352,20.883457211583885,0.001,4.03131628036499
7232,14,232,2458,13.248507499694824,20.847486393345488,0.001,4.208279371261597
7233,14,233,2278,21.061641693115234,20.848509371351653,0.001,3.700115203857422
7234,14,234,2499,16.44868278503418,20.833740833798224,0.001,4.197263240814209
7235,14,235,2513,10.14654541015625,20.810060011827183,0.001,3.7672183513641357
7236,14,236,37,18.7315731048584,20.79724294876694,0.001,3.8560397624969482
7237,14,237,2610,12.875422477722168,20.779703204275354,0.001,4.5878355503082275
7238,14,238,1797,11.196696281433105,20.758137003514445,0.001,4.16478967666626
7239,14,239,2596,13.177570343017578,20.733178196181527,0.001,4.008316516876221
7240,14,240,2341,13.036687850952148,20.685773993861446,0.001,3.812713861465454
7241,14,241,2188,31.471267700195312,20.734604923077228,0.001,4.746117830276489
7242,14,242,1274,20.704072952270508,20.734468932693634,0.001,3.979536771774292
7243,14,243,2464,25.45713996887207,20.744885508395836,0.001,4.1612467765808105
7244,14,244,2498,23.367183685302734,20.753333267395405,0.001,4.430873394012451
7245,14,245,1965,13.884048461914062,20.711847804009018,0.001,3.833275079727173
7246,14,246,2294,13.779480934143066,20.697527957622658,0.001,4.123451232910156
7247,14,247,2522,21.197776794433594,20.699739410503767,0.001,4.149869441986084
7248,14,248,1317,19.999147415161133,20.698256396905446,0.001,4.477903127670288
7249,14,249,1098,19.5093994140625,20.694448700841818,0.001,4.285501480102539
7250,14,250,368,12.564055442810059,20.65731661190973,0.001,3.806898832321167
7251,14,251,1679,9.734230041503906,20.622240953056327,0.001,3.8857550621032715
7252,14,252,1923,17.874271392822266,20.609921688335124,0.001,3.6325254440307617
7253,14,253,1093,25.83909034729004,20.63975927247303,0.001,4.284652233123779
7254,14,254,1394,27.648624420166016,20.670186040992345,0.001,4.272535562515259
7255,14,255,2758,26.06317901611328,20.693393168768864,0.001,3.6644556522369385
7256,14,256,2274,19.581954956054688,20.688698722415275,0.001,4.14256477355957
7257,14,257,1676,15.099193572998047,20.656566880456875,0.001,3.805494546890259
7258,14,258,2140,16.16793441772461,20.647829114850776,0.001,4.026209354400635
7259,14,259,1636,12.844816207885742,20.60352692107316,0.001,4.599640846252441
7260,14,260,1832,15.923910140991211,20.577146429685737,0.001,4.275141954421997
7261,14,261,1443,21.824382781982422,20.584090114451744,0.001,4.057117223739624
7262,14,262,363,15.129542350769043,20.5732563195413,0.001,4.2801244258880615
7263,14,263,1399,22.82937240600586,20.585980840510494,0.001,4.001266241073608
7264,14,264,38,14.272782325744629,20.56709971860739,0.001,4.413184404373169
7265,14,265,2603,15.507292747497559,20.539915250015095,0.001,4.116032600402832
7266,14,266,2911,25.770906448364258,20.5494308844951,0.001,3.713000774383545
7267,14,267,1791,12.170010566711426,20.525180155956612,0.001,4.428029298782349
7268,14,268,2772,11.041606903076172,20.486461249404417,0.001,3.7183549404144287
7269,14,269,1480,14.088296890258789,20.474195543868813,0.001,3.874720811843872
7270,14,270,1909,17.143260955810547,20.45639998142827,0.001,4.014106273651123
7271,14,271,350,16.054187774658203,20.438445864177883,0.001,4.150571346282959
7272,14,272,2325,12.178299903869629,20.405042455336833,0.001,4.443631410598755
7273,14,273,2565,9.778586387634277,20.38432639367095,0.001,3.338226318359375
7274,14,274,1557,14.42839527130127,20.352336428490286,0.001,4.686253309249878
7275,14,275,2750,24.981027603149414,20.361072545529865,0.001,4.166272401809692
7276,14,276,2455,14.500606536865234,20.34969379802606,0.001,3.160980224609375
7277,14,277,1105,8.866342544555664,20.327046027170002,0.001,3.1966660022735596
7278,14,278,2781,21.66628646850586,20.330373941105844,0.001,3.5187015533447266
7279,14,279,401,14.26998519897461,20.306375302935393,0.001,3.937581777572632
7280,14,280,1395,14.69307804107666,20.295650450884608,0.001,4.05564284324646
7281,14,281,2196,19.192773818969727,20.29378583190706,0.001,4.0650575160980225
7282,14,282,448,17.18488883972168,20.281299344300894,0.001,4.147532224655151
7283,14,283,2534,13.593419075012207,20.26866210186976,0.001,4.01742696762085
7284,14,284,2422,11.205086708068848,20.251765587164883,0.001,4.231329441070557
7285,14,285,459,17.13302993774414,20.246013261507677,0.001,3.5842535495758057
7286,14,286,447,16.44846534729004,20.23888165796724,0.001,3.9651644229888916
7287,14,287,2377,19.796491622924805,20.237171401416237,0.001,3.238922119140625
7288,14,288,2682,14.809006690979004,20.208838325052188,0.001,4.2533791065216064
7289,14,289,372,14.377586364746094,20.199440881140646,0.001,3.8639066219329834
7290,14,290,2216,12.633532524108887,20.187007925849578,0.001,3.3085803985595703
7291,14,291,2784,13.832730293273926,20.154430556736177,0.001,3.9452965259552
7292,14,292,2144,12.233288764953613,20.14016055830802,0.001,4.19630241394043
7293,14,293,1580,21.8812313079834,20.144890571322215,0.001,3.6531553268432617
7294,14,294,2205,13.314596176147461,20.118517381103644,0.001,3.5971388816833496
7295,14,295,190,11.272305488586426,20.072889365820604,0.001,3.1480600833892822
7296,14,296,2008,20.268144607543945,20.073202952933233,0.001,3.3145649433135986
7297,14,297,65,14.024226188659668,20.062107888971976,0.001,4.3129236698150635
7298,14,298,1764,25.289470672607422,20.088709646317994,0.001,4.050820350646973
7299,14,299,481,17.149887084960938,20.07775134668669,0.001,3.899199962615967
7300,14,300,2202,13.544203758239746,20.0451909362512,0.001,3.686997890472412
7301,14,301,461,22.877426147460938,20.059017671754514,0.001,3.6338250637054443
7302,14,302,2617,26.128704071044922,20.08857978394976,0.001,3.9937736988067627
7303,14,303,1473,19.76223373413086,20.087834810712334,0.001,3.9178028106689453
7304,14,304,325,20.683212280273438,20.09000328872742,0.001,4.21724534034729
7305,14,305,1126,18.1789608001709,20.080708436878073,0.001,4.322282314300537
7306,14,306,601,21.322818756103516,20.08669804785965,0.001,4.656089782714844
7307,14,307,455,26.688823699951172,20.095409171073094,0.001,4.300463676452637
7308,14,308,2588,16.217445373535156,20.076594743451952,0.001,3.7254912853240967
7309,14,309,388,13.910107612609863,20.066490266726323,0.001,3.8377163410186768
7310,14,310,611,14.03355598449707,20.051316138400274,0.001,3.973665952682495
7311,14,311,2614,18.383087158203125,20.043450132459128,0.001,4.097928047180176
7312,14,312,2584,14.06277847290039,20.015246932022198,0.001,3.914797306060791
7313,14,313,2923,13.35031795501709,19.99890549625404,0.001,4.554315805435181
7314,14,314,694,15.927830696105957,19.979808310946982,0.001,3.964371919631958
7315,14,315,1333,21.737333297729492,19.98599184981218,0.001,3.744647979736328
7316,14,316,523,17.68436050415039,19.975171369297303,0.001,3.666463613510132
7317,14,317,2874,12.72883129119873,19.950446226449124,0.001,3.627065658569336
7318,14,318,2101,17.070432662963867,19.937021310640354,0.001,3.4584269523620605
7319,14,319,1616,14.792452812194824,19.918847494505567,0.001,4.2283031940460205
7320,14,320,685,12.563376426696777,19.893877215964082,0.001,4.934457063674927
7321,14,321,2349,13.440410614013672,19.864564511043852,0.001,3.6975691318511963
7322,14,322,2673,19.818323135375977,19.864404203319232,0.001,4.270306825637817
7323,14,323,458,24.340360641479492,19.87187300897146,0.001,3.929841995239258
7324,14,324,434,15.244433403015137,19.865081487227055,0.001,4.042196273803711
7325,14,325,1675,13.004768371582031,19.8486267477206,0.001,3.301112651824951
7326,14,326,2906,13.327659606933594,19.826633489661685,0.001,4.174619913101196
7327,14,327,2443,9.501911163330078,19.792083338280353,0.001,3.553165912628174
7328,14,328,2529,12.994148254394531,19.768705446541734,0.001,3.767063856124878
7329,14,329,1264,15.409400939941406,19.76160566856158,0.001,3.5575103759765625
7330,14,330,64,12.324074745178223,19.749581665451178,0.001,4.463850498199463
7331,14,331,342,14.053234100341797,19.723850122181297,0.001,4.104051351547241
7332,14,332,408,10.148897171020508,19.701319189277257,0.001,4.560433864593506
7333,14,333,403,10.954230308532715,19.680784633027052,0.001,3.69033145904541
7334,14,334,340,13.08096694946289,19.658894892584907,0.001,4.470200300216675
7335,14,335,689,24.50637435913086,19.67028629004293,0.001,4.246568202972412
7336,14,336,2901,23.480117797851562,19.679452290194966,0.001,4.2438740730285645
7337,14,337,607,12.938560485839844,19.66930823481714,0.001,4.435314893722534
7338,14,338,390,11.301016807556152,19.650201304749707,0.001,3.7839441299438477
7339,14,339,2502,11.161032676696777,19.612874883911857,0.001,3.5533018112182617
7340,14,340,2593,11.083719253540039,19.584524017210004,0.001,4.268838405609131
7341,14,341,717,15.8457670211792,19.568376019087747,0.001,3.8702099323272705
7342,14,342,490,12.779434204101562,19.557701813633134,0.001,4.478377819061279
7343,14,343,2580,21.843154907226562,19.567302200154163,0.001,3.873286724090576
7344,14,344,471,10.415374755859375,19.52853746652223,0.001,4.477294445037842
7345,14,345,742,11.666373252868652,19.49489455429635,0.001,3.7731032371520996
7346,14,346,2613,15.016412734985352,19.48081070230493,0.001,4.332427740097046
7347,14,347,1682,22.955055236816406,19.491812667520918,0.001,4.194636344909668
7348,14,348,2335,14.209592819213867,19.483634858346036,0.001,4.2020885944366455
7349,14,349,2055,13.387579917907715,19.45797016421521,0.001,4.84475564956665
7350,14,350,32,13.708019256591797,19.433437147943636,0.001,4.674529552459717
7351,14,351,432,19.197006225585938,19.432710396603834,0.001,4.490823030471802
7352,14,352,801,10.40884780883789,19.413150888375235,0.001,3.451124668121338
7353,14,353,1334,7.8482208251953125,19.396252126684526,0.001,3.7465052604675293
7354,14,354,1372,11.912164688110352,19.373070085119203,0.001,3.9032037258148193
7355,14,355,2427,15.682543754577637,19.361858731743343,0.001,3.884167432785034
7356,14,356,2401,11.349645614624023,19.336730389379216,0.001,3.7563672065734863
7357,14,357,727,14.555676460266113,19.32979827949898,0.001,4.28354549407959
7358,14,358,2197,18.060083389282227,19.32591372426306,0.001,3.730523109436035
7359,14,359,68,13.40358829498291,19.31265978907783,0.001,4.379427909851074
7360,14,360,1310,11.733109474182129,19.28157247617605,0.001,4.6817169189453125
7361,14,361,2794,8.493368148803711,19.265685960598933,0.001,3.730870485305786
7362,14,362,1113,17.205181121826172,19.25733225993017,0.001,3.7463462352752686
7363,14,363,825,17.906267166137695,19.255426893653528,0.001,3.605808734893799
7364,14,364,1087,20.409923553466797,19.26000236700712,0.001,4.089910507202148
7365,14,365,1250,10.675690650939941,19.247794765229695,0.001,4.7708940505981445
7366,14,366,788,15.488828659057617,19.232665758416157,0.001,4.161912202835083
7367,14,367,956,12.312141418457031,19.205102622623908,0.001,3.937237024307251
7368,14,368,1858,14.408320426940918,19.190920525565897,0.001,3.583430767059326
7369,14,369,514,15.292366027832031,19.18249884949537,0.001,4.601543188095093
7370,14,370,2547,31.863168716430664,19.22032398027869,0.001,3.528076410293579
7371,14,371,2832,16.46941375732422,19.20997694508968,0.001,3.6241390705108643
7372,14,372,374,9.449801445007324,19.171793733519788,0.001,3.873906373977661
7373,14,373,1503,17.7696533203125,19.169074805592373,0.001,4.170672416687012
7374,14,374,1576,9.680058479309082,19.15599650979361,0.001,4.255850791931152
7375,14,375,522,12.682251930236816,19.130620277974806,0.001,4.097167253494263
7376,14,376,1769,10.018440246582031,19.09481202463946,0.001,4.209446668624878
7377,14,377,852,15.907343864440918,19.085633018396774,0.001,3.9131758213043213
7378,14,378,441,10.015059471130371,19.059360299562805,0.001,3.9726531505584717
7379,14,379,1700,19.73941421508789,19.06084387613055,0.001,4.160856485366821
7380,14,380,2709,24.62427520751953,19.068407930176875,0.001,4.4065234661102295
7381,14,381,2181,14.051687240600586,19.061487451209103,0.001,4.36770224571228
7382,14,382,870,12.40436840057373,19.047762194117986,0.001,3.5087156295776367
7383,14,383,2706,13.71571159362793,19.040821103698228,0.001,3.9175374507904053
7384,14,384,954,12.40058422088623,19.031746875512685,0.001,3.6725735664367676
7385,14,385,1434,20.563241958618164,19.03598349671295,0.001,4.836431503295898
7386,14,386,1569,26.091888427734375,19.056273459608665,0.001,4.258583307266235
7387,14,387,773,14.733221054077148,19.043956571509902,0.001,3.6498024463653564
7388,14,388,774,23.015151977539062,19.05525139236375,0.001,3.6744472980499268
7389,14,389,710,18.904083251953125,19.05482540264701,0.001,3.6832456588745117
7390,14,390,1324,28.905492782592773,19.091582956097504,0.001,3.776378631591797
7391,14,391,98,18.935195922851562,19.090993867631497,0.001,3.9819583892822266
7392,14,392,770,15.988981246948242,19.082170194607144,0.001,4.313191652297974
7393,14,393,1735,12.333993911743164,19.07308914242624,0.001,4.0836403369903564
7394,14,394,1925,14.445455551147461,19.066989106888037,0.001,3.7629919052124023
7395,14,395,966,16.774368286132812,19.062510383154525,0.001,3.952564239501953
7396,14,396,771,14.850068092346191,19.050858463179097,0.001,3.7118031978607178
7397,14,397,272,8.730280876159668,19.030256671428518,0.001,3.797623872756958
7398,14,398,1642,14.020956039428711,19.01657831096535,0.001,3.8834009170532227
7399,14,399,913,17.48339080810547,19.01356290100163,0.001,3.9170022010803223
7400,14,400,789,19.09093475341797,19.013775498980856,0.001,4.012501955032349
7401,14,401,2460,15.429266929626465,19.00908178692154,0.001,3.9144885540008545
7402,14,402,2782,11.863407135009766,18.982674133590493,0.001,3.753722667694092
7403,14,403,2563,14.512428283691406,18.97390586476341,0.001,4.183399677276611
7404,14,404,2436,20.822526931762695,18.976332265437417,0.001,3.99515962600708
7405,14,405,2535,20.91144561767578,18.97884676910172,0.001,4.278968811035156
7406,14,406,492,20.71697998046875,18.98516355313782,0.001,4.056826114654541
7407,14,407,2392,11.780817985534668,18.97102251526842,0.001,4.450745105743408
7408,14,408,2099,11.925467491149902,18.95732130613993,0.001,4.488287448883057
7409,14,409,378,22.542970657348633,18.97023855292127,0.001,4.622939825057983
7410,14,410,919,24.895248413085938,18.991834747501223,0.001,4.355173587799072
7411,14,411,56,15.53384017944336,18.982555930893593,0.001,3.9843039512634277
7412,14,412,2387,36.36164093017578,19.015862759722975,0.001,4.502129554748535
7413,14,413,2595,11.211220741271973,19.005998850384927,0.001,4.931792736053467
7414,14,414,74,8.427180290222168,18.992724443931824,0.001,3.4293718338012695
7415,14,415,2399,11.455792427062988,18.984142195133973,0.001,3.6889820098876953
7416,14,416,977,12.512991905212402,18.972198055215195,0.001,3.7989296913146973
7417,14,417,2425,21.088037490844727,18.977841971094136,0.001,4.258601665496826
7418,14,418,488,15.411845207214355,18.965380810945263,0.001,3.6743927001953125
7419,14,419,405,12.643406867980957,18.95317688497973,0.001,3.617241859436035
7420,14,420,990,18.174009323120117,18.95107578703954,0.001,3.9884192943573
7421,14,421,2789,19.754301071166992,18.95317894294172,0.001,4.275832176208496
7422,14,422,2767,18.404014587402344,18.95171953085462,0.001,4.7835493087768555
7423,14,423,1453,17.03624725341797,18.94949568099838,0.001,4.065533399581909
7424,14,424,60,14.175176620483398,18.940610039839317,0.001,4.850566387176514
7425,14,425,743,13.278295516967773,18.933619288769307,0.001,3.9623708724975586
7426,14,426,2583,12.28221607208252,18.916175526442153,0.001,4.558403491973877
7427,14,427,94,15.11352252960205,18.903779177530826,0.001,4.483229398727417
7428,14,428,861,12.98419189453125,18.892817747397885,0.001,4.0397772789001465
7429,14,429,1092,19.839059829711914,18.896079657003625,0.001,3.821380853652954
7430,14,430,2608,14.19521427154541,18.879647937092326,0.001,3.590938091278076
7431,14,431,814,11.354168891906738,18.87019109324858,0.001,4.202075958251953
7432,14,432,916,9.41654109954834,18.858441055382016,0.001,4.703845739364624
7433,14,433,376,25.218692779541016,18.866318294094366,0.001,4.349765777587891
7434,14,434,67,22.890718460083008,18.87661150897785,0.001,4.0825371742248535
7435,14,435,989,14.775018692016602,18.86617963800277,0.001,4.06936502456665
7436,14,436,1519,22.784515380859375,18.876328137725267,0.001,4.195603609085083
7437,14,437,986,25.687057495117188,18.893888719906823,0.001,4.468062877655029
7438,14,438,377,14.00910758972168,18.885054157985767,0.001,4.678750276565552
7439,14,439,69,24.37787437438965,18.903691166296657,0.001,4.099151611328125
7440,14,440,2672,12.739762306213379,18.88290386181789,0.001,4.02736234664917
7441,14,441,864,14.626781463623047,18.8780860310683,0.001,4.242100477218628
7442,14,442,2909,18.878395080566406,18.878086812160358,0.001,4.780390501022339
7443,14,443,2172,14.729513168334961,18.867547333689842,0.001,3.792099714279175
7444,14,444,73,26.237979888916016,18.876418379647706,0.001,3.963939905166626
7445,14,445,2298,10.487035751342773,18.86670616272367,0.001,3.910670518875122
7446,14,446,1122,8.348884582519531,18.847715097631124,0.001,4.389507055282593
7447,14,447,706,11.687220573425293,18.839102788271724,0.001,3.9509522914886475
7448,14,448,2654,13.641855239868164,18.821867125581104,0.001,3.559992551803589
7449,14,449,2927,40.880577087402344,18.844398584863033,0.001,4.257920503616333
7450,14,450,2510,14.872675895690918,18.83144753810639,0.001,4.1853039264678955
7451,14,451,858,17.631961822509766,18.830172376585914,0.001,4.095637559890747
7452,14,452,1921,14.728813171386719,18.820109075649864,0.001,3.692528247833252
7453,14,453,2720,11.243046760559082,18.811916287396826,0.001,3.8529255390167236
7454,14,454,778,14.502571105957031,18.801447503031678,0.001,3.7997779846191406
7455,14,455,2533,9.644112586975098,18.785158126888412,0.001,4.154515981674194
7456,14,456,2564,11.86642837524414,18.76857583402676,0.001,4.1205339431762695
7457,14,457,2546,8.54984188079834,18.74391445640085,0.001,4.41284704208374
7458,14,458,344,8.977404594421387,18.7325803333151,0.001,4.218907356262207
7459,14,459,29,10.06417465209961,18.71169985914299,0.001,3.95371150970459
7460,14,460,2929,12.185606956481934,18.695903311761626,0.001,3.965068817138672
7461,14,461,2775,16.143814086914062,18.689828275493205,0.001,3.9683034420013428
7462,14,462,2270,10.99372386932373,18.66487822348725,0.001,3.974966526031494
7463,14,463,1714,16.71030044555664,18.660305110572537,0.001,3.6028151512145996
7464,14,464,2668,13.842975616455078,18.64864297830463,0.001,4.721560478210449
7465,14,465,2482,11.26413631439209,18.62493276636393,0.001,3.2107555866241455
7466,14,466,803,12.847434043884277,18.618549893880676,0.001,4.115346908569336
7467,14,467,2398,17.862529754638672,18.616177364995853,0.001,3.9527339935302734
7468,14,468,453,17.796302795410156,18.614800537304006,0.001,3.6711363792419434
7469,14,469,2347,11.225866317749023,18.59734692292114,0.001,3.6611969470977783
7470,14,470,682,22.590993881225586,18.60981905111799,0.001,3.5064425468444824
7471,14,471,2660,20.238309860229492,18.61482186031502,0.001,3.9775619506835938
7472,14,472,1879,18.30068016052246,18.61428612722504,0.001,3.862480878829956
7473,14,473,2569,14.941387176513672,18.608155388021604,0.001,3.9827327728271484
7474,14,474,1153,11.062671661376953,18.584461797307128,0.001,4.140645980834961
7475,14,475,264,12.35922622680664,18.56985957585645,0.001,4.02637505531311
7476,14,476,2192,30.028919219970703,18.58051625669098,0.001,4.396876811981201
7477,14,477,1506,9.505142211914062,18.570977582339662,0.001,4.100006103515625
7478,14,478,693,15.268838882446289,18.560721729966296,0.001,3.8081088066101074
7479,14,479,1484,22.174190521240234,18.569162904081182,0.001,4.809504985809326
7480,14,480,834,14.80422306060791,18.55760308850167,0.001,3.7893500328063965
7481,14,481,1945,10.662391662597656,18.533375339337226,0.001,3.7728586196899414
7482,14,482,2845,18.646699905395508,18.533721235390633,0.001,4.7817723751068115
7483,14,483,914,21.23503875732422,18.539876762037085,0.001,4.147403955459595
7484,14,484,1571,19.430633544921875,18.542576066240436,0.001,3.8378467559814453
7485,14,485,2871,12.76122760772705,18.525149716114218,0.001,4.160756587982178
7486,14,486,1470,14.084063529968262,18.51533796928898,0.001,4.246411085128784
7487,14,487,2157,14.435483932495117,18.503037541044446,0.001,3.8098556995391846
7488,14,488,707,11.422425270080566,18.495903589314615,0.001,4.201701641082764
7489,14,489,719,14.864842414855957,18.484986451083792,0.001,3.857386589050293
7490,14,490,2763,9.182342529296875,18.475091071593994,0.001,4.656469106674194
7491,14,491,2071,22.5163516998291,18.481526405736727,0.001,3.204111337661743
7492,14,492,1081,20.8386287689209,18.48681811939998,0.001,3.579878330230713
7493,14,493,819,11.56103515625,18.471257068266304,0.001,3.7956385612487793
7494,14,494,832,11.477072715759277,18.450579293680875,0.001,4.203988313674927
7495,14,495,811,12.730215072631836,18.444957043241992,0.001,3.779097318649292
7496,14,496,2095,16.98490333557129,18.440716100170786,0.001,4.571848154067993
7497,14,497,1717,12.078866958618164,18.434074409745463,0.001,3.9626901149749756
7498,14,498,2000,10.184712409973145,18.425471161337885,0.001,3.9034218788146973
7499,14,499,392,17.87353515625,18.423859995848662,0.001,3.5761258602142334
7500,15,0,367,25.411361694335938,25.411361694335938,0.001,3.6138737201690674
7501,15,1,1848,18.82093048095703,21.095448328021835,0.001,4.57554030418396
7502,15,2,705,13.179142951965332,17.93997974568079,0.001,3.6962201595306396
7503,15,3,2590,18.04433822631836,17.957645779418634,0.001,3.966712713241577
7504,15,4,2652,9.373714447021484,17.076757406096466,0.001,4.359153747558594
7505,15,5,787,16.910072326660156,17.060792109483423,0.001,4.057788133621216
7506,15,6,2692,11.816934585571289,15.964896160280098,0.001,4.107340335845947
7507,15,7,2282,14.480694770812988,15.861940879677187,0.001,4.067126512527466
7508,15,8,728,10.530355453491211,15.180756449470561,0.001,3.7236499786376953
7509,15,9,518,9.349828720092773,14.845874726908118,0.001,4.489384651184082
7510,15,10,721,13.128387451171875,14.712290614148063,0.001,3.780167579650879
7511,15,11,827,19.496164321899414,15.007589747920248,0.001,4.777075290679932
7512,15,12,1161,12.825565338134766,14.91050610424462,0.001,3.8206369876861572
7513,15,13,808,18.22885513305664,15.207867805658756,0.001,4.220143795013428
7514,15,14,904,28.079566955566406,15.903153919165089,0.001,4.126664161682129
7515,15,15,400,17.754531860351562,15.999186349584955,0.001,4.197103977203369
7516,15,16,337,15.34273624420166,15.966519769030747,0.001,3.456275224685669
7517,15,17,2619,13.651834487915039,15.855531974055834,0.001,3.437516212463379
7518,15,18,382,10.806262969970703,15.68982816168156,0.001,4.175172805786133
7519,15,19,2722,19.357675552368164,15.800783044550807,0.001,3.846552610397339
7520,15,20,2505,9.241926193237305,15.588334652056272,0.001,3.960296869277954
7521,15,21,1699,13.700279235839844,15.504718231880188,0.001,3.7490155696868896
7522,15,22,424,16.242685317993164,15.535281126634388,0.001,4.032517433166504
7523,15,23,521,6.730335235595703,15.288033807793598,0.001,4.531637907028198
7524,15,24,2221,15.278800964355469,15.287507952859395,0.001,4.224176406860352
7525,15,25,407,12.306620597839355,15.129754801006671,0.001,3.878619909286499
7526,15,26,2669,12.16876220703125,15.056021040475173,0.001,4.457491636276245
7527,15,27,250,21.941160202026367,15.221607359847349,0.001,4.2220141887664795
7528,15,28,507,43.08716583251953,15.679657613867052,0.001,3.6606955528259277
7529,15,29,759,13.116514205932617,15.55987603365994,0.001,3.3501932621002197
7530,15,30,361,18.28680419921875,15.714046853653423,0.001,3.63386607170105
7531,15,31,2219,9.438740730285645,15.591490648337736,0.001,3.7000112533569336
7532,15,32,1151,14.90929889678955,15.571588376344005,0.001,4.416692733764648
7533,15,33,616,11.375822067260742,15.349068161442554,0.001,3.8934617042541504
7534,15,34,1440,10.870744705200195,15.179750435573258,0.001,3.595989942550659
7535,15,35,981,12.994834899902344,15.09829415675228,0.001,4.379334211349487
7536,15,36,2585,9.670286178588867,14.90724062861347,0.001,4.018779039382935
7537,15,37,873,13.806544303894043,14.890937154231914,0.001,4.230464935302734
7538,15,38,2293,12.682348251342773,14.813787455686155,0.001,3.8622653484344482
7539,15,39,2601,17.897062301635742,14.945747122064763,0.001,4.0475499629974365
7540,15,40,851,10.698307037353516,14.764527855170442,0.001,4.508290767669678
7541,15,41,686,8.710525512695312,14.577096966580156,0.001,3.607335329055786
7542,15,42,2930,8.1605863571167,14.48784648127699,0.001,4.228578567504883
7543,15,43,2548,11.627237319946289,14.406159813797338,0.001,3.9332666397094727
7544,15,44,962,14.706670761108398,14.412314345910346,0.001,3.4848616123199463
7545,15,45,680,9.010095596313477,14.340870190123,0.001,4.348078727722168
7546,15,46,1627,21.21344566345215,14.529946345531208,0.001,4.019218683242798
7547,15,47,920,15.017303466796875,14.547276284879429,0.001,3.796949625015259
7548,15,48,2793,19.9044132232666,14.731816520344413,0.001,4.528380393981934
7549,15,49,2861,15.344717025756836,14.747101635933682,0.001,4.199634313583374
7550,15,50,1543,12.423002243041992,14.719599568168242,0.001,3.296266794204712
7551,15,51,961,16.545169830322266,14.777041247605395,0.001,3.301499366760254
7552,15,52,863,26.516691207885742,15.05079038839886,0.001,4.184329509735107
7553,15,53,436,16.872844696044922,15.079932967615296,0.001,3.811652421951294
7554,15,54,2204,9.329479217529297,14.912867706579934,0.001,4.241484642028809
7555,15,55,2229,14.780937194824219,14.911089195103303,0.001,4.2662177085876465
7556,15,56,336,13.04035758972168,14.857836157470302,0.001,4.1999640464782715
7557,15,57,77,18.872283935546875,14.94221912920746,0.001,4.295367240905762
7558,15,58,991,12.520931243896484,14.919029963780739,0.001,3.6920692920684814
7559,15,59,951,15.09829330444336,14.92263153999875,0.001,3.8143150806427
7560,15,60,496,26.423412322998047,15.14024868827778,0.001,3.826573610305786
7561,15,61,2149,16.444019317626953,15.165885954624178,0.001,3.991004228591919
7562,15,62,469,10.966279983520508,15.060468467075278,0.001,4.233274459838867
7563,15,63,519,12.434391975402832,14.995662916089579,0.001,4.034373044967651
7564,15,64,446,13.099061012268066,14.961614074202892,0.001,3.7020390033721924
7565,15,65,972,12.26041316986084,14.914489351422738,0.001,4.250181198120117
7566,15,66,2864,13.964221954345703,14.902450632365493,0.001,3.2502384185791016
7567,15,67,383,16.802688598632812,14.944578618242922,0.001,3.771587610244751
7568,15,68,699,14.126179695129395,14.93098098022022,0.001,4.2204530239105225
7569,15,69,468,13.948185920715332,14.909555223681268,0.001,3.6630024909973145
7570,15,70,695,10.565898895263672,14.838402611223417,0.001,3.6950769424438477
7571,15,71,915,12.8748197555542,14.823870248196743,0.001,3.988213300704956
7572,15,72,1918,9.778153419494629,14.7174483740824,0.001,4.830851793289185
7573,15,73,2523,15.356818199157715,14.730644306730724,0.001,4.4352076053619385
7574,15,74,1541,9.95081615447998,14.698839678029094,0.001,4.018390655517578
7575,15,75,1480,10.927777290344238,14.671889309589481,0.001,4.250309705734253
7576,15,76,177,10.189723014831543,14.605523441079157,0.001,4.334503173828125
7577,15,77,1182,9.057211875915527,14.522764444435845,0.001,4.177532911300659
7578,15,78,1484,16.898849487304688,14.557733024345948,0.001,4.391216278076172
7579,15,79,1317,16.288354873657227,14.569639032632901,0.001,4.277514934539795
7580,15,80,1649,16.3050479888916,14.594460698154956,0.001,3.9380452632904053
7581,15,81,1342,14.124247550964355,14.587966582111612,0.001,3.7235236167907715
7582,15,82,1602,25.862533569335938,14.637687872132682,0.001,3.5751237869262695
7583,15,83,1311,16.432628631591797,14.6705148030614,0.001,3.7091522216796875
7584,15,84,1706,20.118751525878906,14.74413739354784,0.001,4.161808252334595
7585,15,85,1440,16.273500442504883,14.764173066702474,0.001,4.4039695262908936
7586,15,86,1519,22.858259201049805,14.87308085005621,0.001,3.7272725105285645
7587,15,87,1896,11.48184585571289,14.829176975233144,0.001,4.190644264221191
7588,15,88,1087,23.13313102722168,14.968566472986184,0.001,4.051173210144043
7589,15,89,190,14.93226432800293,14.96794193614925,0.001,3.8877336978912354
7590,15,90,1586,9.87962818145752,14.883250180486446,0.001,4.17825984954834
7591,15,91,1699,17.62810516357422,14.906726000557624,0.001,4.546393394470215
7592,15,92,1626,13.651512145996094,14.899666353215592,0.001,3.5686211585998535
7593,15,93,1493,17.027606964111328,14.933844892949425,0.001,4.009108304977417
7594,15,94,1250,9.106546401977539,14.901078764704758,0.001,3.8450698852539062
7595,15,95,1346,21.457103729248047,15.000284579086081,0.001,4.826674938201904
7596,15,96,2060,31.745588302612305,15.196135766742472,0.001,4.582177400588989
7597,15,97,1262,14.093476295471191,15.190151449121752,0.001,3.869413375854492
7598,15,98,1523,16.600191116333008,15.197893248173058,0.001,4.3202502727508545
7599,15,99,2050,12.078286170959473,15.172933211932897,0.001,3.2945621013641357
7600,15,100,1794,15.024749755859375,15.171289332493147,0.001,4.275108098983765
7601,15,101,1676,13.550211906433105,15.147080934436623,0.001,4.2802159786224365
7602,15,102,2071,23.283159255981445,15.21069981459647,0.001,3.9502527713775635
7603,15,103,1383,10.208356857299805,15.170993830043816,0.001,4.689726829528809
7604,15,104,1434,13.343143463134766,15.151886340858072,0.001,3.8875017166137695
7605,15,105,1848,8.236770629882812,15.053110156323246,0.001,3.825073480606079
7606,15,106,1453,15.067082405090332,15.053175983234928,0.001,3.7849295139312744
7607,15,107,1088,15.70564079284668,15.059892377888794,0.001,4.158564805984497
7608,15,108,1675,14.312739372253418,15.054384203911283,0.001,4.200635671615601
7609,15,109,1797,14.070940017700195,15.049419358081366,0.001,5.222463607788086
7610,15,110,2080,14.97085952758789,15.04833975713411,0.001,3.444033145904541
7611,15,111,1439,15.655240058898926,15.056409943982308,0.001,4.012228727340698
7612,15,112,2066,10.61690616607666,14.997711908603245,0.001,3.967344045639038
7613,15,113,1777,12.540398597717285,14.973799927219806,0.001,3.67379093170166
7614,15,114,2117,21.50766944885254,15.03616738468555,0.001,4.442994117736816
7615,15,115,175,17.80461883544922,15.055773056755987,0.001,3.905029296875
7616,15,116,1173,19.708616256713867,15.077312079848467,0.001,3.9170970916748047
7617,15,117,1081,21.57974624633789,15.13966475947038,0.001,4.0087080001831055
7618,15,118,1679,10.239834785461426,15.105706957745443,0.001,4.4066619873046875
7619,15,119,1482,9.736607551574707,15.081809625646393,0.001,3.822916269302368
7620,15,120,1274,16.991931915283203,15.099366751330345,0.001,3.742173433303833
7621,15,121,1259,10.565718650817871,15.069825594471318,0.001,4.298623323440552
7622,15,122,2144,11.841588020324707,15.055710276484112,0.001,4.200368642807007
7623,15,123,2013,17.332035064697266,15.065555809514892,0.001,4.484797716140747
7624,15,124,1339,15.310586929321289,15.06664548505596,0.001,4.074992895126343
7625,15,125,1888,16.867084503173828,15.088110423159105,0.001,4.454636812210083
7626,15,126,1570,17.302947998046875,15.0977554671273,0.001,4.375443696975708
7627,15,127,1642,15.835309028625488,15.10427373596922,0.001,4.268832206726074
7628,15,128,1814,15.242923736572266,15.105488347169393,0.001,4.27847146987915
7629,15,129,178,16.534900665283203,15.117779688236332,0.001,3.9130449295043945
7630,15,130,1568,13.758670806884766,15.105992146340391,0.001,4.1500914096832275
7631,15,131,1951,12.07799243927002,15.079731257882685,0.001,3.746797561645508
7632,15,132,1938,13.507755279541016,15.073503497636917,0.001,3.607246160507202
7633,15,133,2191,19.794891357421875,15.103045344227835,0.001,4.6559741497039795
7634,15,134,1903,12.421501159667969,15.086992087378889,0.001,3.915757656097412
7635,15,135,2157,11.144143104553223,15.042714575028999,0.001,4.022395372390747
7636,15,136,2099,11.904597282409668,15.02386193700237,0.001,4.264889240264893
7637,15,137,1846,17.684814453125,15.045765826008523,0.001,4.421103477478027
7638,15,138,1098,19.920501708984375,15.074794610756244,0.001,4.180976867675781
7639,15,139,1620,24.222976684570312,15.098777286158953,0.001,4.445555925369263
7640,15,140,1693,12.956754684448242,15.075599364576332,0.001,3.8693387508392334
7641,15,141,1395,9.250734329223633,15.052733951684488,0.001,3.853609085083008
7642,15,142,2205,12.195869445800781,15.029359354976918,0.001,4.222659349441528
7643,15,143,2174,23.720081329345703,15.11906333030889,0.001,4.1852123737335205
7644,15,144,1768,15.81577205657959,15.121679184587824,0.001,4.126512289047241
7645,15,145,1914,8.459515571594238,15.096627325357943,0.001,4.2603843212127686
7646,15,146,1118,16.16749382019043,15.104990613934573,0.001,4.792110919952393
7647,15,147,1766,38.679443359375,15.167604747327271,0.001,3.756324052810669
7648,15,148,2147,12.032352447509766,15.135047793078638,0.001,3.8484606742858887
7649,15,149,1527,25.0460205078125,15.210690614661424,0.001,3.934304714202881
7650,15,150,1128,14.549485206604004,15.205646079281625,0.001,4.088020086288452
7651,15,151,1692,11.25589656829834,15.166042381058329,0.001,3.9970011711120605
7652,15,152,1617,16.651899337768555,15.180335902590194,0.001,4.0064170360565186
7653,15,153,1751,17.900598526000977,15.194808956222209,0.001,4.356027841567993
7654,15,154,1864,16.884868621826172,15.20081717542898,0.001,3.6552531719207764
7655,15,155,2221,15.825618743896484,15.205497999450092,0.001,4.233389377593994
7656,15,156,1127,10.92701244354248,15.182695007577191,0.001,4.108769655227661
7657,15,157,1900,25.862869262695312,15.220674538825948,0.001,4.269429922103882
7658,15,158,1370,21.487112045288086,15.266309157052332,0.001,3.793321371078491
7659,15,159,1756,12.32419490814209,15.245530164870178,0.001,3.853614568710327
7660,15,160,1791,9.000112533569336,15.214134140948303,0.001,3.868133544921875
7661,15,161,2034,9.80806827545166,15.163874761693696,0.001,4.370430946350098
7662,15,162,1549,14.421740531921387,15.160034471639747,0.001,3.9649252891540527
7663,15,163,1576,8.83458423614502,15.139230697053025,0.001,4.0349860191345215
7664,15,164,2425,21.158571243286133,15.18135763909644,0.001,3.950746774673462
7665,15,165,1690,8.68621826171875,15.159699745343953,0.001,3.882578134536743
7666,15,166,1506,9.797826766967773,15.142923232513546,0.001,3.8061835765838623
7667,15,167,2378,29.788307189941406,15.244753572447646,0.001,3.4539153575897217
7668,15,168,1844,21.562040328979492,15.26309198442827,0.001,3.5819897651672363
7669,15,169,2298,9.355831146240234,15.244341851790644,0.001,4.228355884552002
7670,15,170,2401,10.275307655334473,15.210143671458171,0.001,4.270549297332764
7671,15,171,2000,14.460330963134766,15.207756458885148,0.001,4.036219596862793
7672,15,172,1965,20.852632522583008,15.25864022368043,0.001,3.517265796661377
7673,15,173,1122,11.7584228515625,15.241692606874826,0.001,3.8223876953125
7674,15,174,1902,19.981006622314453,15.273158220090135,0.001,4.378293037414551
7675,15,175,2422,8.702192306518555,15.252461844644323,0.001,4.001779556274414
7676,15,176,1557,13.223947525024414,15.23464187184285,0.001,4.138784408569336
7677,15,177,1360,14.4161958694458,15.232170464467487,0.001,4.1725754737854
7678,15,178,1343,33.99376678466797,15.286579768798715,0.001,4.737368822097778
7679,15,179,1326,13.980385780334473,15.282602166407116,0.001,4.146113634109497
7680,15,180,1503,18.689659118652344,15.297099941121024,0.001,4.5626678466796875
7681,15,181,2181,12.54719352722168,15.288633973776536,0.001,4.643621921539307
7682,15,182,1832,20.93440818786621,15.336779878582064,0.001,3.666099786758423
7683,15,183,1473,18.85770606994629,15.350723447354993,0.001,4.385827541351318
7684,15,184,1925,10.229830741882324,15.335409512703752,0.001,4.159256219863892
7685,15,185,2241,12.679165840148926,15.312849417751204,0.001,4.247035980224609
7686,15,186,1089,15.013914108276367,15.310366447906958,0.001,4.271539926528931
7687,15,187,1196,15.084162712097168,15.309751812934508,0.001,4.0358405113220215
7688,15,188,1923,14.707262992858887,15.305944348939544,0.001,4.0323522090911865
7689,15,189,2294,9.715799331665039,15.2900667522159,0.001,3.9831855297088623
7690,15,190,1363,24.29962921142578,15.345138839813124,0.001,3.68522572517395
7691,15,191,1554,13.550825119018555,15.339849966568622,0.001,4.359649896621704
7692,15,192,1909,14.989508628845215,15.337061057762865,0.001,3.93206787109375
7693,15,193,1265,9.596948623657227,15.320489349884172,0.001,4.12527871131897
7694,15,194,2293,14.944828033447266,15.318179993959902,0.001,3.9538466930389404
7695,15,195,1530,14.500726699829102,15.311692765601341,0.001,3.93068790435791
7696,15,196,2008,24.58720588684082,15.335167288418415,0.001,3.963632583618164
7697,15,197,1373,13.333908081054688,15.325867710732059,0.001,3.919151544570923
7698,15,198,2482,12.983152389526367,15.307367147720411,0.001,4.018635988235474
7699,15,199,1540,17.492652893066406,15.31350196184924,0.001,4.231919288635254
7700,15,200,1585,16.21780014038086,15.320417799599308,0.001,4.8885817527771
7701,15,201,2479,11.455546379089355,15.29884210190492,0.001,4.016050100326538
7702,15,202,1393,18.976940155029297,15.320081629656242,0.001,4.094672203063965
7703,15,203,1648,12.695301055908203,15.309388429762233,0.001,3.2499542236328125
7704,15,204,1615,15.874320030212402,15.31253324382054,0.001,3.563375473022461
7705,15,205,2249,16.96790885925293,15.32207643613579,0.001,3.6277291774749756
7706,15,206,1821,16.568471908569336,15.325412426623414,0.001,3.8686156272888184
7707,15,207,1779,14.39181900024414,15.318464723417234,0.001,3.4367756843566895
7708,15,208,2523,17.472543716430664,15.334443026821267,0.001,2.82969331741333
7709,15,209,1636,9.157258987426758,15.28891275603023,0.001,3.3658275604248047
7710,15,210,2498,18.573734283447266,15.301771643869904,0.001,3.9786367416381836
7711,15,211,1551,18.919034957885742,15.321852082530167,0.001,3.5892293453216553
7712,15,212,2340,16.96706199645996,15.330592359193275,0.001,4.3346107006073
7713,15,213,2546,9.260506629943848,15.298059805380857,0.001,4.0738513469696045
7714,15,214,1845,12.349224090576172,15.290922076694528,0.001,3.8976638317108154
7715,15,215,2427,23.748165130615234,15.33531931216854,0.001,4.278068780899048
7716,15,216,2192,29.780439376831055,15.36618665869024,0.001,4.06554913520813
7717,15,217,2335,11.693455696105957,15.356614007277008,0.001,3.6979446411132812
7718,15,218,2113,12.955710411071777,15.343699919239612,0.001,4.069458484649658
7719,15,219,2565,11.640952110290527,15.334207615976506,0.001,4.289391756057739
7720,15,220,2448,10.839301109313965,15.302886730505834,0.001,4.722496509552002
7721,15,221,1858,14.441701889038086,15.298431719298147,0.001,3.325380802154541
7722,15,222,266,16.790922164916992,15.308783841499283,0.001,4.522095203399658
7723,15,223,1149,23.411073684692383,15.351043023947897,0.001,4.2782347202301025
7724,15,224,1105,16.04719352722168,15.352820305073164,0.001,4.061584711074829
7725,15,225,2413,11.921483993530273,15.334988269537446,0.001,3.888483762741089
7726,15,226,1153,10.882369995117188,15.304515543594603,0.001,3.682316541671753
7727,15,227,2452,14.401151657104492,15.299940527453478,0.001,3.4468228816986084
7728,15,228,2225,14.63801097869873,15.295508173086944,0.001,4.106041669845581
7729,15,229,2569,12.806010246276855,15.286617693831605,0.001,4.001730918884277
7730,15,230,2166,14.227065086364746,15.282856124210324,0.001,3.515796661376953
7731,15,231,1365,10.267900466918945,15.270919806451158,0.001,4.206406593322754
7732,15,232,29,12.24321174621582,15.255999703167715,0.001,3.699429750442505
7733,15,233,1333,17.796539306640625,15.268565666289787,0.001,4.264272212982178
7734,15,234,2274,10.49519157409668,15.245560224015023,0.001,4.502984285354614
7735,15,235,2040,11.381546020507812,15.220104219313615,0.001,3.9665470123291016
7736,15,236,2272,12.707795143127441,15.207919683026953,0.001,3.7207798957824707
7737,15,237,2585,10.34585189819336,15.18487695636543,0.001,4.016601800918579
7738,15,238,1126,14.566055297851562,15.18090325118248,0.001,3.7417900562286377
7739,15,239,1470,12.1103515625,15.166610071919289,0.001,4.2747485637664795
7740,15,240,1263,10.04135513305664,15.142267012548594,0.001,3.5100536346435547
7741,15,241,1264,12.147315979003906,15.135369265416463,0.001,4.2918736934661865
7742,15,242,1764,10.581917762756348,15.106194531735134,0.001,4.196587562561035
7743,15,243,2406,13.840648651123047,15.098213225637359,0.001,3.6236956119537354
7744,15,244,2387,35.01543045043945,15.164766872910118,0.001,4.209384202957153
7745,15,245,2070,14.082799911499023,15.158086593944297,0.001,4.421271800994873
7746,15,246,2098,19.873779296875,15.172408383268777,0.001,4.109935522079468
7747,15,247,2462,11.24449634552002,15.148002522861093,0.001,3.9028849601745605
7748,15,248,2188,32.024173736572266,15.22461910533796,0.001,3.504253387451172
7749,15,249,2163,11.311910629272461,15.20632684286354,0.001,4.137654781341553
7750,15,250,256,11.887133598327637,15.195688268149228,0.001,4.824877023696899
7751,15,251,1181,13.19750690460205,15.186866425647173,0.001,4.1601831912994385
7752,15,252,2758,16.994136810302734,15.194964027797226,0.001,4.231593132019043
7753,15,253,1463,12.173935890197754,15.189335512128181,0.001,3.9319872856140137
7754,15,254,1915,9.46010684967041,15.171205268273692,0.001,4.283693313598633
7755,15,255,1097,10.747284889221191,15.162051541871035,0.001,4.105237722396851
7756,15,256,2075,11.804490089416504,15.151548425964378,0.001,3.8733022212982178
7757,15,257,1099,13.031716346740723,15.13899848305406,0.001,4.439037084579468
7758,15,258,2588,11.707878112792969,15.118624730413172,0.001,3.617460250854492
7759,15,259,2590,13.206809997558594,15.112814825290306,0.001,3.883165121078491
7760,15,260,1806,19.101530075073242,15.136066480088855,0.001,3.9336400032043457
7761,15,261,2694,10.485013961791992,15.126491737943573,0.001,4.001199245452881
7762,15,262,2596,14.630566596984863,15.124955488038454,0.001,3.689638614654541
7763,15,263,1132,15.66635799407959,15.12733116884612,0.001,4.406093597412109
7764,15,264,2204,8.555032730102539,15.090243939625186,0.001,4.552038669586182
7765,15,265,2235,13.695149421691895,15.082326312686439,0.001,4.143896818161011
7766,15,266,1828,10.974146842956543,15.058546866108362,0.001,3.926880359649658
7767,15,267,38,10.272947311401367,15.043958175713316,0.001,3.9961559772491455
7768,15,268,1817,11.021808624267578,15.036128846271652,0.001,3.4552860260009766
7769,15,269,2619,11.868114471435547,15.027396256456134,0.001,3.8656766414642334
7770,15,270,1516,14.1795072555542,15.023860877377352,0.001,3.7208120822906494
7771,15,271,1762,11.917021751403809,15.01090616928681,0.001,4.02367639541626
7772,15,272,2673,18.14181137084961,15.024138840097793,0.001,3.923051357269287
7773,15,273,1481,11.095638275146484,15.007645768585107,0.001,4.2731897830963135
7774,15,274,2580,18.793909072875977,15.02799593289293,0.001,4.04442834854126
7775,15,275,1556,12.13951587677002,15.016083412370179,0.001,3.583401918411255
7776,15,276,1502,15.03432559967041,15.01618415371662,0.001,4.0875914096832275
7777,15,277,1945,12.030048370361328,14.999999392740387,0.001,3.5261363983154297
7778,15,278,2377,15.480324745178223,15.001934548761133,0.001,3.9700686931610107
7779,15,279,1155,11.228129386901855,14.994553588280162,0.001,4.0595338344573975
7780,15,280,1714,16.96189308166504,15.00226758884339,0.001,3.8906431198120117
7781,15,281,1571,11.285593032836914,14.982511239889538,0.001,4.254730463027954
7782,15,282,2476,8.896461486816406,14.970896058820031,0.001,4.346158504486084
7783,15,283,1532,7.839176177978516,14.933368802823805,0.001,4.849244594573975
7784,15,284,1310,8.986379623413086,14.901880739497193,0.001,3.7015955448150635
7785,15,285,2140,12.9719820022583,14.898412765720096,0.001,3.8869338035583496
7786,15,286,2347,9.153889656066895,14.875889989741248,0.001,3.6523277759552
7787,15,287,1090,17.14848518371582,14.882159889429495,0.001,4.364201068878174
7788,15,288,2460,13.176716804504395,14.878989242991402,0.001,3.0885298252105713
7789,15,289,254,14.863459587097168,14.878909109286003,0.001,3.8366973400115967
7790,15,290,2051,15.111257553100586,14.879814723466714,0.001,3.5947766304016113
7791,15,291,2184,24.568843841552734,14.906797813685793,0.001,4.343214988708496
7792,15,292,1575,11.809298515319824,14.894599621177369,0.001,4.076544761657715
7793,15,293,1580,19.7424259185791,14.90785987224173,0.001,3.6129395961761475
7794,15,294,1543,9.359800338745117,14.897587566036469,0.001,5.030543327331543
7795,15,295,1769,8.714032173156738,14.865856824455653,0.001,4.275512218475342
7796,15,296,2494,11.971726417541504,14.85495895146351,0.001,4.226345539093018
7797,15,297,2784,11.570798873901367,14.83834822518077,0.001,3.9054524898529053
7798,15,298,1682,20.900768280029297,14.861102944532368,0.001,3.908135175704956
7799,15,299,1596,19.24921417236328,14.87259373230654,0.001,4.082024335861206
7800,15,300,2251,10.30279541015625,14.860091863230531,0.001,4.198864936828613
7801,15,301,2223,12.939760208129883,14.850491512279326,0.001,3.834791421890259
7802,15,302,1878,15.3153657913208,14.851709768862655,0.001,5.369706392288208
7803,15,303,1839,7.291615009307861,14.83862886962836,0.001,3.976644277572632
7804,15,304,1113,13.112874031066895,14.830144973860866,0.001,4.1840972900390625
7805,15,305,382,9.141613960266113,14.820449308605772,0.001,4.582100868225098
7806,15,306,2929,11.704347610473633,14.809004281582135,0.001,4.565651178359985
7807,15,307,2834,8.979670524597168,14.780509528310702,0.001,4.133151054382324
7808,15,308,1772,9.411681175231934,14.754090020777577,0.001,3.989891767501831
7809,15,309,383,17.188640594482422,14.76546374953983,0.001,4.081759929656982
7810,15,310,405,9.481285095214844,14.751535657706288,0.001,4.583462953567505
7811,15,311,403,8.442837715148926,14.73548162092251,0.001,3.741865873336792
7812,15,312,1372,7.9965128898620605,14.711434659573941,0.001,3.8908729553222656
7813,15,313,2608,9.418209075927734,14.685764798107941,0.001,4.033963441848755
7814,15,314,1514,10.884542465209961,14.679367113424087,0.001,4.418418884277344
7815,15,315,32,10.723688125610352,14.660331702206179,0.001,4.2260332107543945
7816,15,316,2073,7.922645568847656,14.649430632789064,0.001,4.216634273529053
7817,15,317,2505,10.331254005432129,14.642004822813725,0.001,3.432995557785034
7818,15,318,2775,16.993274688720703,14.650172107033708,0.001,3.80903959274292
7819,15,319,1306,12.3583984375,14.63949606616326,0.001,4.178148031234741
7820,15,320,1399,24.26433753967285,14.684926711287073,0.001,4.3043646812438965
7821,15,321,342,17.021223068237305,14.695911572257433,0.001,3.7038092613220215
7822,15,322,2511,17.027315139770508,14.701749414739504,0.001,4.340550661087036
7823,15,323,2763,8.619473457336426,14.691808264942807,0.001,4.330169677734375
7824,15,324,2513,10.346540451049805,14.684705213236402,0.001,4.233295440673828
7825,15,325,2564,16.69418716430664,14.691497659823535,0.001,4.114901781082153
7826,15,326,2601,23.737993240356445,14.732089523684195,0.001,3.897670030593872
7827,15,327,2782,17.059568405151367,14.742777296115328,0.001,4.2903993129730225
7828,15,328,2654,13.433527946472168,14.736829735730092,0.001,3.8982596397399902
7829,15,329,1394,22.75298309326172,14.763937175424264,0.001,3.8140454292297363
7830,15,330,424,27.629837036132812,14.793424807862735,0.001,3.951908826828003
7831,15,331,447,13.780128479003906,14.791779669997304,0.001,4.4397313594818115
7832,15,332,1921,19.31702423095703,14.806945860970329,0.001,3.9741673469543457
7833,15,333,2538,7.77721643447876,14.79570097687783,0.001,4.026405096054077
7834,15,334,2927,42.17336654663086,14.833526453370393,0.001,3.997067451477051
7835,15,335,448,17.3813419342041,14.842221972201783,0.001,3.873025417327881
7836,15,336,471,11.71831226348877,14.828526201659912,0.001,3.448408365249634
7837,15,337,2672,13.41611099243164,14.822262332332864,0.001,4.0079851150512695
7838,15,338,1548,16.86191177368164,14.828722019294176,0.001,4.0584516525268555
7839,15,339,461,14.756415367126465,14.828408452771226,0.001,3.8889482021331787
7840,15,340,2502,12.326766967773438,14.817404485805572,0.001,4.03404426574707
7841,15,341,2832,12.380830764770508,14.80733946450953,0.001,4.34386682510376
7842,15,342,2595,9.609118461608887,14.79936018372298,0.001,4.790560007095337
7843,15,343,1735,9.18576431274414,14.790609362568603,0.001,4.05321741104126
7844,15,344,2720,8.351872444152832,14.781424720263422,0.001,4.521583318710327
7845,15,345,2436,14.50771427154541,14.780999807612314,0.001,4.234017848968506
7846,15,346,408,10.074617385864258,14.770260370522982,0.001,3.9408376216888428
7847,15,347,336,10.031448364257812,14.749822991903411,0.001,3.585170030593872
7848,15,348,2709,22.160043716430664,14.76100155651459,0.001,4.039475440979004
7849,15,349,2328,9.47236156463623,14.748762155477621,0.001,3.8496127128601074
7850,15,350,2522,15.10808277130127,14.74989759069469,0.001,3.5313525199890137
7851,15,351,434,12.418861389160156,14.746695344573741,0.001,3.7637224197387695
7852,15,352,1334,8.076434135437012,14.73676404663846,0.001,4.309436798095703
7853,15,353,2552,10.964839935302734,14.724919709055724,0.001,3.9636666774749756
7854,15,354,680,12.073341369628906,14.720961947579898,0.001,4.604083776473999
7855,15,355,455,23.422698974609375,14.731008741371467,0.001,3.9944095611572266
7856,15,356,514,15.215279579162598,14.732115481884138,0.001,4.346253156661987
7857,15,357,611,10.47852897644043,14.722711218386346,0.001,3.631605863571167
7858,15,358,60,9.452417373657227,14.710918836040872,0.001,4.648952960968018
7859,15,359,717,10.949114799499512,14.695235401244705,0.001,3.830605983734131
7860,15,360,686,10.122570037841797,14.680665560998385,0.001,3.9295191764831543
7861,15,361,1569,22.454702377319336,14.704987438194765,0.001,3.7793257236480713
7862,15,362,400,18.9649600982666,14.713445532089516,0.001,4.036216497421265
7863,15,363,699,13.157163619995117,14.708707139322218,0.001,4.470773458480835
7864,15,364,1441,16.90731430053711,14.71201408209226,0.001,3.6422011852264404
7865,15,365,1737,14.335248947143555,14.710510971624561,0.001,3.708561420440674
7866,15,366,481,12.875519752502441,14.704886875817296,0.001,4.344019412994385
7867,15,367,469,11.087324142456055,14.690205641891794,0.001,4.149957895278931
7868,15,368,490,10.142674446105957,14.683466901442198,0.001,4.514968395233154
7869,15,369,28,8.5467529296875,14.674610635910762,0.001,4.481591701507568
7870,15,370,453,17.937482833862305,14.681631040743008,0.001,4.191810607910156
7871,15,371,2563,14.095459938049316,14.680357691753585,0.001,4.216662883758545
7872,15,372,2325,12.20302963256836,14.672850130343122,0.001,4.109195947647095
7873,15,373,682,18.971221923828125,14.689985478696006,0.001,4.2334582805633545
7874,15,374,2901,17.408700942993164,14.695953402922663,0.001,4.273232460021973
7875,15,375,2583,19.369836807250977,14.710058055696182,0.001,3.742931842803955
7876,15,376,2789,30.921113967895508,14.758293101900161,0.001,4.305118083953857
7877,15,377,1495,21.517982482910156,14.778514505341045,0.001,3.678499937057495
7878,15,378,759,13.189726829528809,14.77384674190537,0.001,5.35188627243042
7879,15,379,1313,15.315093040466309,14.775891028420936,0.001,4.014295816421509
7880,15,380,2398,18.61182975769043,14.790818136312998,0.001,3.6816139221191406
7881,15,381,1123,21.657470703125,14.805195622695832,0.001,3.8450350761413574
7882,15,382,2871,16.383384704589844,14.8113235230604,0.001,3.833362340927124
7883,15,383,2435,11.652070999145508,14.806790923943224,0.001,3.234639883041382
7884,15,384,1117,23.61227798461914,14.832935400885948,0.001,3.878312349319458
7885,15,385,2499,14.565025329589844,14.832377414432372,0.001,4.129471778869629
7886,15,386,2543,15.85195541381836,14.835354036261956,0.001,3.8733179569244385
7887,15,387,1368,14.039746284484863,14.833675107666464,0.001,3.5077357292175293
7888,15,388,74,15.083307266235352,14.834014072454053,0.001,3.5792362689971924
7889,15,389,2537,17.8843936920166,14.843002405438632,0.001,3.988205671310425
7890,15,390,705,12.342435836791992,14.833278406238618,0.001,3.9268832206726074
7891,15,391,2449,11.249706268310547,14.82301062760595,0.001,4.314354419708252
7892,15,392,1812,17.286842346191406,14.83248835160198,0.001,3.9528119564056396
7893,15,393,98,13.947054862976074,14.829118448982063,0.001,4.156750440597534
7894,15,394,707,12.843009948730469,14.82660511625316,0.001,4.358501672744751
7895,15,395,69,22.19694709777832,14.854624631803327,0.001,3.8593215942382812
7896,15,396,37,15.319696426391602,14.856361582335202,0.001,3.6554830074310303
7897,15,397,1460,13.20461654663086,14.853031991902368,0.001,3.7964470386505127
7898,15,398,1457,17.353391647338867,14.862276025487803,0.001,4.209895849227905
7899,15,399,2845,22.035358428955078,14.888920375737557,0.001,3.867741584777832
7900,15,400,2930,11.763076782226562,14.884866321405749,0.001,3.803400754928589
7901,15,401,68,11.440252304077148,14.877889993516456,0.001,4.579868793487549
7902,15,402,2270,11.226465225219727,14.86425576300672,0.001,4.074292421340942
7903,15,403,1174,20.460647583007812,14.879761854682181,0.001,2.915515422821045
7904,15,404,2219,20.154043197631836,14.886267732881477,0.001,3.959946870803833
7905,15,405,64,17.71533203125,14.89002905168347,0.001,4.286413669586182
7906,15,406,2510,15.217672348022461,14.891218177858681,0.001,3.9417834281921387
7907,15,407,1717,10.03507137298584,14.884953308713335,0.001,3.830162286758423
7908,15,408,273,14.651985168457031,14.884310668631667,0.001,3.863664150238037
7909,15,409,706,16.7589168548584,14.886787793235142,0.001,3.570075750350952
7910,15,410,337,15.148946762084961,14.887249470976244,0.001,3.633312225341797
7911,15,411,2533,8.792068481445312,14.875185496139771,0.001,4.12765908241272
7912,15,412,519,13.75984001159668,14.87113653609172,0.001,3.931663990020752
7913,15,413,2660,20.99498748779297,14.892744382030557,0.001,3.9833602905273438
7914,15,414,811,13.004022598266602,14.890496203351823,0.001,3.94673490524292
7915,15,415,693,11.546221733093262,14.878456458005353,0.001,3.8421027660369873
7916,15,416,1823,11.637227058410645,14.866619532097163,0.001,4.016429662704468
7917,15,417,2652,6.283224582672119,14.855880500898355,0.001,3.7389461994171143
7918,15,418,2548,16.96417236328125,14.86141375398088,0.001,4.409701585769653
7919,15,419,2392,18.131515502929688,14.867707584393743,0.001,4.335940361022949
7920,15,420,728,20.475786209106445,14.882645425325448,0.001,3.8281667232513428
7921,15,421,374,13.406597137451172,14.877467406285051,0.001,3.966904401779175
7922,15,422,94,13.534890174865723,14.873018301256892,0.001,4.176554441452026
7923,15,423,1838,12.42172908782959,14.866681583843212,0.001,4.381464719772339
7924,15,424,2772,15.451793670654297,14.868211598365438,0.001,3.9270429611206055
7925,15,425,774,15.89167308807373,14.870892804983802,0.001,4.387404680252075
7926,15,426,77,17.70581817626953,14.87838462070605,0.001,4.331578969955444
7927,15,427,372,11.25954532623291,14.874440177929626,0.001,3.727576732635498
7928,15,428,788,17.0445556640625,14.881978978187805,0.001,3.9958269596099854
7929,15,429,607,18.137863159179688,14.885846118059852,0.001,3.7872326374053955
7930,15,430,2706,15.660901069641113,14.88675494886992,0.001,4.4599385261535645
7931,15,431,1443,19.69166374206543,14.90320838402936,0.001,4.053409576416016
7932,15,432,851,9.177398681640625,14.88309862843056,0.001,3.3946263790130615
7933,15,433,721,13.604057312011719,14.88079011143483,0.001,3.8490335941314697
7934,15,434,1161,13.72416877746582,14.87945965036785,0.001,3.9582560062408447
7935,15,435,2399,12.27839183807373,14.87661421166448,0.001,3.8295223712921143
7936,15,436,991,13.687604904174805,14.875196090375686,0.001,3.8502466678619385
7937,15,437,808,16.34221649169922,14.87891145857555,0.001,4.2003185749053955
7938,15,438,2007,16.89742088317871,14.88402492623069,0.001,4.574515342712402
7939,15,439,325,19.980154037475586,14.896931112110309,0.001,3.5698812007904053
7940,15,440,344,10.08083724975586,14.89109416275618,0.001,3.76326060295105
7941,15,441,1879,12.749187469482422,14.887152171361794,0.001,4.156233549118042
7942,15,442,2794,5.190695762634277,14.875326756896358,0.001,4.332251071929932
7943,15,443,986,21.60996437072754,14.892607744598351,0.001,4.2612762451171875
7944,15,444,2443,10.392561912536621,14.881367763390847,0.001,4.118720054626465
7945,15,445,67,20.9935302734375,14.896728830259699,0.001,4.028752565383911
7946,15,446,1807,30.471616744995117,14.948025609082846,0.001,3.937788248062134
7947,15,447,523,16.5737247467041,14.953481939991471,0.001,3.900472640991211
7948,15,448,73,24.88111686706543,14.965410575995666,0.001,4.749999761581421
7949,15,449,1809,15.956372261047363,14.96863040132351,0.001,4.364331960678101
7950,15,450,518,11.491804122924805,14.964505001546714,0.001,4.482192277908325
7951,15,451,972,8.95950984954834,14.949924315137801,0.001,4.142586946487427
7952,15,452,832,9.359602928161621,14.931642653086685,0.001,3.602555274963379
7953,15,453,2450,9.612353324890137,14.918800242211898,0.001,3.648268938064575
7954,15,454,2349,9.079591751098633,14.899816690921787,0.001,4.2149658203125
7955,15,455,2682,11.447335243225098,14.888408208324519,0.001,4.061306953430176
7956,15,456,2610,9.391005516052246,14.882002904364038,0.001,4.3160858154296875
7957,15,457,2172,9.684578895568848,14.869133551437546,0.001,4.033725023269653
7958,15,458,388,9.439702987670898,14.863106580836197,0.001,4.032742500305176
7959,15,459,2750,19.307777404785156,14.868206559768742,0.001,3.9977362155914307
7960,15,460,956,14.483210563659668,14.86696778618392,0.001,4.260661840438843
7961,15,461,2196,10.405112266540527,14.862336867482647,0.001,3.641239643096924
7962,15,462,1092,17.016080856323242,14.869275010527884,0.001,4.590653896331787
7963,15,463,2278,19.916616439819336,14.881604346570139,0.001,4.4086363315582275
7964,15,464,742,15.104561805725098,14.882320473314728,0.001,4.045733451843262
7965,15,465,2593,15.636301040649414,14.884162421608444,0.001,3.992354393005371
7966,15,466,852,14.985651969909668,14.88440213259419,0.001,4.355570077896118
7967,15,467,2229,13.437673568725586,14.882272735481237,0.001,4.678085565567017
7968,15,468,1627,17.87252426147461,14.889441123571684,0.001,4.049093008041382
7969,15,469,858,15.124082565307617,14.889681568029998,0.001,4.316216230392456
7970,15,470,1355,12.06659984588623,14.882959362630475,0.001,3.491675853729248
7971,15,471,719,12.16191291809082,14.874380491525983,0.001,4.19441819190979
7972,15,472,459,8.14426326751709,14.866878285154195,0.001,3.9022655487060547
7973,15,473,392,11.799345016479492,14.857348482712291,0.001,4.460285902023315
7974,15,474,2243,9.373445510864258,14.840171422460939,0.001,4.381829023361206
7975,15,475,1686,13.22899055480957,14.835160434336615,0.001,4.386033773422241
7976,15,476,870,15.51482105255127,14.836295254949503,0.001,3.7500178813934326
7977,15,477,436,14.989466667175293,14.83654570556216,0.001,4.238459825515747
7978,15,478,864,12.869206428527832,14.834482215305377,0.001,3.656343936920166
7979,15,479,770,13.940694808959961,14.83237715173585,0.001,4.390960931777954
7980,15,480,1819,16.570837020874023,14.834312396771399,0.001,3.9016942977905273
7981,15,481,834,14.518843650817871,14.833341486968397,0.001,4.6117212772369385
7982,15,482,2203,18.502952575683594,14.844647762618632,0.001,4.059131383895874
7983,15,483,2297,14.653362274169922,14.844198371720076,0.001,4.183081150054932
7984,15,484,1120,15.530731201171875,14.845270336984033,0.001,3.678013801574707
7985,15,485,65,9.783903121948242,14.839614584521353,0.001,3.8235037326812744
7986,15,486,350,14.834515571594238,14.839602837459108,0.001,4.0263707637786865
7987,15,487,913,12.574018478393555,14.835921374626581,0.001,4.076745271682739
7988,15,488,2455,10.252242088317871,14.830831014818378,0.001,3.9990346431732178
7989,15,489,2613,13.891780853271484,14.828720166299814,0.001,4.136157989501953
7990,15,490,694,16.955150604248047,14.83514640104973,0.001,4.242080450057983
7991,15,491,873,13.724438667297363,14.834091373602005,0.001,4.306450128555298
7992,15,492,1324,13.92540168762207,14.831375545229392,0.001,3.808790683746338
7993,15,493,1083,13.90543270111084,14.828661697449618,0.001,4.411469221115112
7994,15,494,789,13.506999969482422,14.82569929384114,0.001,4.324939250946045
7995,15,495,2668,13.182849884033203,14.821970801585875,0.001,4.2353198528289795
7996,15,496,819,10.077007293701172,14.811297355421907,0.001,3.836728811264038
7997,15,497,2064,9.633763313293457,14.79959971886062,0.001,4.026355504989624
7998,15,498,2055,13.080808639526367,14.79449402119437,0.001,4.117134094238281
7999,15,499,407,14.815044403076172,14.794539687463459,0.001,4.4883787631988525
8000,16,0,1111,18.084829330444336,18.084829330444336,0.001,3.9985201358795166
8001,16,1,432,18.07780647277832,18.081346143666284,0.001,4.4784626960754395
8002,16,2,1397,17.026052474975586,17.653474138567113,0.001,4.03908896446228
8003,16,3,966,15.307077407836914,17.245603123826932,0.001,3.834775686264038
8004,16,4,685,9.784308433532715,15.777603155254402,0.001,4.2503743171691895
8005,16,5,441,11.455245018005371,15.059785473052823,0.001,3.8500990867614746
8006,16,6,2781,16.230926513671875,15.170197071096132,0.001,3.9429333209991455
8007,16,7,863,24.867006301879883,16.447574401581647,0.001,3.8055481910705566
8008,16,8,2614,11.575615882873535,15.72894232301598,0.001,4.10889458656311
8009,16,9,2464,20.90337562561035,15.995218407171215,0.001,4.0182459354400635
8010,16,10,916,8.02495288848877,15.60663242855935,0.001,4.23637580871582
8011,16,11,601,20.843114852905273,16.225709893055708,0.001,4.433741331100464
8012,16,12,989,11.37547779083252,15.831234058915934,0.001,4.385794639587402
8013,16,13,2906,13.390843391418457,15.647872284058833,0.001,3.8682892322540283
8014,16,14,827,20.536954879760742,15.857491601890501,0.001,4.014813423156738
8015,16,15,814,9.248801231384277,15.632141289309097,0.001,4.144295692443848
8016,16,16,1918,8.054438591003418,14.986395564867196,0.001,4.04657244682312
8017,16,17,492,15.233858108520508,15.005816326606748,0.001,4.047830581665039
8018,16,18,1302,18.48218536376953,15.243225340511438,0.001,4.02217435836792
8019,16,19,2874,9.95413589477539,14.973958421871849,0.001,4.249075651168823
8020,16,20,2535,11.007065773010254,14.878252295279108,0.001,3.4906539916992188
8021,16,21,2722,17.72013282775879,14.94024609035687,0.001,3.511312484741211
8022,16,22,367,12.705124855041504,14.864708779273432,0.001,4.27681303024292
8023,16,23,2923,9.450760841369629,14.690772868563739,0.001,3.9936904907226562
8024,16,24,2864,10.870134353637695,14.567024779241226,0.001,3.62894606590271
8025,16,25,2282,11.915681838989258,14.511684827506452,0.001,4.070596694946289
8026,16,26,920,9.442975044250488,14.227576559050986,0.001,3.5872159004211426
8027,16,27,904,26.739940643310547,14.54712886406022,0.001,5.08329439163208
8028,16,28,727,17.4317684173584,14.60084202707898,0.001,4.0705766677856445
8029,16,29,1577,17.366252899169922,14.705866204314422,0.001,4.538240909576416
8030,16,30,446,11.913908958435059,14.604017006667362,0.001,4.554850101470947
8031,16,31,2432,6.979943752288818,14.471410390578926,0.001,4.062778949737549
8032,16,32,951,13.725715637207031,14.445479808060211,0.001,3.887667417526245
8033,16,33,274,17.555620193481445,14.548639016327536,0.001,3.600759744644165
8034,16,34,1151,19.20762825012207,14.654252483876768,0.001,4.3613433837890625
8035,16,35,771,10.634472846984863,14.526787587865405,0.001,3.9216408729553223
8036,16,36,2152,17.018009185791016,14.603083923866926,0.001,4.035770416259766
8037,16,37,2767,14.791403770446777,14.608810024891554,0.001,3.903688669204712
8038,16,38,56,8.019554138183594,14.416965846269893,0.001,4.249202013015747
8039,16,39,1344,8.431623458862305,14.249104353111964,0.001,4.312265872955322
8040,16,40,2909,11.550450325012207,14.17419412197206,0.001,4.42912220954895
8041,16,41,710,9.455596923828125,14.048501230502389,0.001,4.1087212562561035
8042,16,42,801,11.710599899291992,14.005887570975046,0.001,3.9886207580566406
8043,16,43,488,14.589670181274414,14.025469950445265,0.001,3.9087960720062256
8044,16,44,914,15.997642517089844,14.074167590233346,0.001,4.190943241119385
8045,16,45,272,7.283188343048096,13.955334452421924,0.001,4.405498743057251
8046,16,46,825,18.147520065307617,14.002181282248012,0.001,4.050194978713989
8047,16,47,2529,16.992563247680664,14.07407611829712,0.001,4.350215435028076
8048,16,48,2547,30.765321731567383,14.458427026721123,0.001,4.122448444366455
8049,16,49,378,16.588014602661133,14.5217094988112,0.001,4.363630056381226
8050,16,50,977,10.695033073425293,14.463538581924746,0.001,3.9216256141662598
8051,16,51,803,12.541264533996582,14.444187807119693,0.001,4.639186143875122
8052,16,52,743,14.880542755126953,14.448624756037917,0.001,4.408112287521362
8053,16,53,778,10.050527572631836,14.356813670047755,0.001,4.300423622131348
8054,16,54,363,7.185780048370361,14.285999150020722,0.001,3.6792173385620117
8055,16,55,2534,10.137426376342773,14.24472267110069,0.001,4.1396803855896
8056,16,56,250,22.70359230041504,14.327243758386274,0.001,3.791351556777954
8057,16,57,1488,10.745564460754395,14.237820250644,0.001,4.196571111679077
8058,16,58,377,8.017269134521484,14.150532455024264,0.001,4.29165244102478
8059,16,59,496,19.544147491455078,14.25006599266903,0.001,3.6305906772613525
8060,16,60,990,13.945099830627441,14.244165705565296,0.001,3.959608554840088
8061,16,61,458,20.850889205932617,14.30474521102376,0.001,3.7920985221862793
8062,16,62,1109,16.364105224609375,14.353217436764664,0.001,4.3613293170928955
8063,16,63,2603,12.457354545593262,14.309185638745756,0.001,4.437519550323486
8064,16,64,521,5.77273416519165,14.237519559113533,0.001,4.5823423862457275
8065,16,65,361,14.604778289794922,14.24559451667415,0.001,3.880230665206909
8066,16,66,2179,10.767239570617676,14.20250482231334,0.001,3.674691915512085
8067,16,67,2861,13.473753929138184,14.190164187998104,0.001,4.330537557601929
8068,16,68,616,8.7161283493042,14.07119838726373,0.001,4.540420055389404
8069,16,69,695,7.131098747253418,13.957886798833654,0.001,3.412578821182251
8070,16,70,954,9.669882774353027,13.92512899642834,0.001,4.147141218185425
8071,16,71,981,14.252218246459961,13.930311451355047,0.001,4.141274452209473
8072,16,72,376,12.932827949523926,13.922746585255695,0.001,3.3693675994873047
8073,16,73,2327,10.827089309692383,13.88906680373204,0.001,3.8590211868286133
8074,16,74,2343,10.838388442993164,13.85603965813111,0.001,4.629378318786621
8075,16,75,368,9.563825607299805,13.78900973378836,0.001,4.0839598178863525
8076,16,76,468,12.294297218322754,13.759770598329737,0.001,3.459702968597412
8077,16,77,2669,10.645081520080566,13.737661560127377,0.001,4.1318042278289795
8078,16,78,401,19.613271713256836,13.82293143389349,0.001,3.7207467555999756
8079,16,79,1793,10.184697151184082,13.754826754926142,0.001,3.9239518642425537
8080,16,80,507,41.31383514404297,13.884307376788314,0.001,4.150845527648926
8081,16,81,2216,10.853368759155273,13.866093173783685,0.001,3.953650951385498
8082,16,82,2793,8.72386360168457,13.769811882548659,0.001,3.965385913848877
8083,16,83,2341,11.124187469482422,13.721628804193154,0.001,3.9311962127685547
8084,16,84,2067,15.225980758666992,13.736396638705076,0.001,3.9162425994873047
8085,16,85,2617,13.036115646362305,13.724158903665607,0.001,3.9095118045806885
8086,16,86,915,9.557204246520996,13.699076332078633,0.001,3.7669219970703125
8087,16,87,2149,8.055511474609375,13.624975234567238,0.001,4.673365116119385
8088,16,88,2101,16.038177490234375,13.66625195858054,0.001,3.9002022743225098
8089,16,89,961,12.508323669433594,13.647033516891236,0.001,4.931657075881958
8090,16,90,2584,9.874853134155273,13.5853586169493,0.001,3.7120590209960938
8091,16,91,2911,21.655677795410156,13.628902265427003,0.001,4.118543386459351
8092,16,92,2233,19.660823822021484,13.680934156653658,0.001,3.6754074096679688
8093,16,93,2202,15.100698471069336,13.703683076023328,0.001,3.783740520477295
8094,16,94,2692,20.47956085205078,13.809709960246773,0.001,4.214059114456177
8095,16,95,773,16.30872917175293,13.838729710285103,0.001,3.6058309078216553
8096,16,96,522,7.315090179443359,13.738920786135594,0.001,4.482741594314575
8097,16,97,2458,12.12900447845459,13.720780125655498,0.001,3.346721887588501
8098,16,98,264,10.482670783996582,13.684349766500434,0.001,3.6957271099090576
8099,16,99,2197,15.90117073059082,13.708701491333457,0.001,4.121445894241333
8100,16,100,1093,10.851364135742188,13.667949183139328,0.001,4.540832042694092
8101,16,101,1700,17.294065475463867,13.697486013208223,0.001,3.9258217811584473
8102,16,102,1361,22.640180587768555,13.743249908390682,0.001,4.1292548179626465
8103,16,103,861,16.358675003051758,13.763208265703806,0.001,3.598337411880493
8104,16,104,1862,13.1378812789917,13.760043113386809,0.001,3.808065414428711
8105,16,105,689,22.44415283203125,13.8252006276143,0.001,4.1639440059661865
8106,16,106,1616,12.15533447265625,13.807392103880247,0.001,3.9742870330810547
8107,16,107,1802,15.212282180786133,13.821828330885637,0.001,3.599342107772827
8108,16,108,390,10.421788215637207,13.797581288107452,0.001,3.354094982147217
8109,16,109,919,10.451671600341797,13.751777027726956,0.001,3.825435161590576
8110,16,110,787,12.292460441589355,13.74469147547813,0.001,3.663808584213257
8111,16,111,340,13.41525650024414,13.741403505778353,0.001,3.5474791526794434
8112,16,112,1442,24.025075912475586,13.81310637361195,0.001,3.8188557624816895
8113,16,113,2095,25.411874771118164,13.961159623893103,0.001,4.3762171268463135
8114,16,114,962,24.219383239746094,14.032777475429972,0.001,3.6625266075134277
8115,16,115,1580,26.955873489379883,14.121443776440403,0.001,3.915937662124634
8116,16,116,1516,13.447531700134277,14.115061584980031,0.001,4.31118631362915
8117,16,117,1439,17.071754455566406,14.151697881419407,0.001,3.8065896034240723
8118,16,118,1514,14.1004056930542,14.151470683751876,0.001,4.203545331954956
8119,16,119,1460,13.013007164001465,14.143866764530712,0.001,3.7734532356262207
8120,16,120,1737,11.041845321655273,14.106850790771587,0.001,3.934497356414795
8121,16,121,1259,11.765181541442871,14.091878351109862,0.001,3.6266026496887207
8122,16,122,1768,19.85296058654785,14.116700571593775,0.001,4.227329730987549
8123,16,123,1585,18.984577178955078,14.174367220797084,0.001,3.85852313041687
8124,16,124,1196,9.127992630004883,14.154619083731482,0.001,4.057897329330444
8125,16,125,1343,14.897436141967773,14.157571770021384,0.001,3.9243786334991455
8126,16,126,1846,11.996633529663086,14.138622488971887,0.001,3.6586480140686035
8127,16,127,1779,14.880696296691895,14.147250454103078,0.001,3.5062379837036133
8128,16,128,1823,11.671327590942383,14.118080088237921,0.001,3.6818056106567383
8129,16,129,1324,10.360732078552246,14.075647104356893,0.001,4.1304030418396
8130,16,130,1173,13.928948402404785,14.075049396149579,0.001,3.9522616863250732
8131,16,131,1395,9.296460151672363,14.055455983625315,0.001,4.122339725494385
8132,16,132,1557,13.799338340759277,14.052578075637804,0.001,4.030246257781982
8133,16,133,1675,12.403559684753418,14.04287724598694,0.001,3.800252676010132
8134,16,134,1878,13.996091842651367,14.042603949333248,0.001,4.167370796203613
8135,16,135,1814,12.771305084228516,14.032312296399816,0.001,3.9285950660705566
8136,16,136,1250,9.455123901367188,14.014692612498065,0.001,4.036776304244995
8137,16,137,1083,12.402154922485352,13.99771998874084,0.001,3.461367130279541
8138,16,138,1264,18.144065856933594,14.013945883274793,0.001,3.307661294937134
8139,16,139,1519,24.9688720703125,14.103192813366142,0.001,3.882342576980591
8140,16,140,1344,15.157166481018066,14.111480681806345,0.001,4.329894781112671
8141,16,141,1488,16.335529327392578,14.133381080573493,0.001,3.631542921066284
8142,16,142,1113,12.56424617767334,14.117126154813924,0.001,3.356738805770874
8143,16,143,1306,11.158637046813965,14.086862085405333,0.001,4.150304555892944
8144,16,144,1909,14.34009075164795,14.089396428832554,0.001,3.8995800018310547
8145,16,145,1543,8.564579010009766,14.06912530549943,0.001,3.264101505279541
8146,16,146,2117,15.6433744430542,14.080701762156773,0.001,4.020570993423462
8147,16,147,1809,14.257166862487793,14.082424394597872,0.001,3.8347671031951904
8148,16,148,1181,15.082561492919922,14.08965870044991,0.001,3.734377384185791
8149,16,149,1127,9.230488777160645,14.063561741002044,0.001,3.996774911880493
8150,16,150,1394,18.471689224243164,14.095799719918281,0.001,3.8399837017059326
8151,16,151,1339,12.465182304382324,14.090052153539093,0.001,3.964240789413452
8152,16,152,1383,10.604333877563477,14.071723008008169,0.001,3.7809085845947266
8153,16,153,1368,7.6701202392578125,14.038070572814515,0.001,4.479645013809204
8154,16,154,1128,11.403903007507324,14.019190424437507,0.001,3.7171027660369873
8155,16,155,1126,14.677007675170898,14.025429410657285,0.001,3.5085155963897705
8156,16,156,1602,25.888654708862305,14.051855648139759,0.001,4.707728862762451
8157,16,157,2157,11.536881446838379,14.028352044042355,0.001,3.2128498554229736
8158,16,158,2071,19.571569442749023,14.055760754221147,0.001,3.6691434383392334
8159,16,159,1772,11.508926391601562,14.03193033447792,0.001,4.27957010269165
8160,16,160,1700,20.669612884521484,14.066312640986169,0.001,4.756944417953491
8161,16,161,1393,16.24223518371582,14.081254014749865,0.001,3.6568291187286377
8162,16,162,1149,16.8727970123291,14.100360134344628,0.001,4.276797771453857
8163,16,163,1679,9.872495651245117,14.0795663924557,0.001,3.6833765506744385
8164,16,164,2075,11.104976654052734,14.06554072560196,0.001,4.034962177276611
8165,16,165,1151,11.520840644836426,14.05383932912601,0.001,3.9080069065093994
8166,16,166,1274,13.272699356079102,14.048755024654266,0.001,4.142613887786865
8167,16,167,2064,8.334260940551758,14.010630273760418,0.001,4.200028419494629
8168,16,168,1532,8.92021369934082,13.966521449557815,0.001,3.7086737155914307
8169,16,169,1443,14.204170227050781,13.968563855601436,0.001,3.5964341163635254
8170,16,170,1502,10.07813549041748,13.93474939490929,0.001,4.435017108917236
8171,16,171,2000,8.583660125732422,13.918616582576895,0.001,3.680894136428833
8172,16,172,2095,13.12220287322998,13.9119985734053,0.001,3.6729724407196045
8173,16,173,1925,12.754888534545898,13.908543225042077,0.001,3.943713426589966
8174,16,174,1686,11.145833015441895,13.885448468848972,0.001,3.38042950630188
8175,16,175,1360,7.404804229736328,13.866675945945046,0.001,4.423791170120239
8176,16,176,1098,10.517805099487305,13.851610473927147,0.001,4.297546863555908
8177,16,177,2196,9.540533065795898,13.840109797930232,0.001,3.9647703170776367
8178,16,178,1541,7.004886150360107,13.821735159145186,0.001,3.9455983638763428
8179,16,179,1676,12.537616729736328,13.811125233596671,0.001,3.54837965965271
8180,16,180,1617,16.555095672607422,13.832684233537325,0.001,4.263820648193359
8181,16,181,1690,7.8464813232421875,13.815198848455033,0.001,4.006354093551636
8182,16,182,1839,5.7178144454956055,13.792271968979335,0.001,4.115232706069946
8183,16,183,2278,17.39902687072754,13.81435587623085,0.001,3.720738172531128
8184,16,184,2204,7.3343939781188965,13.763445870251845,0.001,3.85158109664917
8185,16,185,1265,8.620984077453613,13.748786809732927,0.001,3.791424512863159
8186,16,186,2055,8.904380798339844,13.710542509968082,0.001,3.7861452102661133
8187,16,187,2327,9.75810718536377,13.694209165335026,0.001,4.036139488220215
8188,16,188,1549,12.23660945892334,13.68792275462156,0.001,3.8422598838806152
8189,16,189,1706,14.293618202209473,13.691443081379814,0.001,3.9750592708587646
8190,16,190,1302,17.38040542602539,13.718102087556563,0.001,4.087395668029785
8191,16,191,1571,9.581506729125977,13.686498680064133,0.001,3.4756920337677
8192,16,192,1346,16.424270629882812,13.706585850932546,0.001,3.9376542568206787
8193,16,193,1099,8.320197105407715,13.665806899027984,0.001,3.98274827003479
8194,16,194,1636,6.811257362365723,13.614302806752491,0.001,4.314540863037109
8195,16,195,2343,8.800016403198242,13.595294372991802,0.001,4.430880546569824
8196,16,196,1123,18.820207595825195,13.616045450768272,0.001,3.568664312362671
8197,16,197,1649,14.571311950683594,13.621355772155692,0.001,4.200054168701172
8198,16,198,1828,8.819744110107422,13.585349695536795,0.001,3.1603102684020996
8199,16,199,1848,7.95752477645874,13.54420315990831,0.001,3.953151226043701
8200,16,200,1821,12.289384841918945,13.54095704187574,0.001,4.45077919960022
8201,16,201,1794,9.208465576171875,13.517874364142692,0.001,3.972071409225464
8202,16,202,1586,8.528554916381836,13.481803600272169,0.001,4.00618052482605
8203,16,203,1699,10.188135147094727,13.469508441773378,0.001,4.293010711669922
8204,16,204,1923,11.076017379760742,13.456462399679918,0.001,4.15976881980896
8205,16,205,1554,15.031067848205566,13.46050313937916,0.001,4.257909774780273
8206,16,206,1434,12.958711624145508,13.457940165971415,0.001,4.089294195175171
8207,16,207,1693,11.278218269348145,13.44272323771414,0.001,3.3531694412231445
8208,16,208,1569,22.630605697631836,13.491048985067087,0.001,3.9480643272399902
8209,16,209,2341,8.096738815307617,13.453443517443894,0.001,4.119914531707764
8210,16,210,190,10.668933868408203,13.433848029336389,0.001,3.6690428256988525
8211,16,211,1097,9.350835800170898,13.424128970795506,0.001,4.086540699005127
8212,16,212,1313,10.46023178100586,13.404795753104297,0.001,4.04360818862915
8213,16,213,2073,8.007615089416504,13.392223214148887,0.001,3.9170010089874268
8214,16,214,2241,12.93291187286377,13.389084604382363,0.001,3.6737825870513916
8215,16,215,2340,15.062718391418457,13.397326834673203,0.001,3.7782583236694336
8216,16,216,2066,7.652454853057861,13.359220665278256,0.001,4.334908723831177
8217,16,217,2458,11.655506134033203,13.350768718858857,0.001,4.626773357391357
8218,16,218,2377,12.612435340881348,13.34712603781285,0.001,3.6884541511535645
8219,16,219,1879,12.646087646484375,13.344612542075058,0.001,3.761446237564087
8220,16,220,2113,10.106660842895508,13.32849895809555,0.001,3.7885708808898926
8221,16,221,1845,10.284527778625488,13.321801107551178,0.001,4.664386987686157
8222,16,222,1117,14.912518501281738,13.32969959558508,0.001,4.597027063369751
8223,16,223,2216,9.956206321716309,13.322690772223146,0.001,4.2729716300964355
8224,16,224,2251,8.798254013061523,13.306657134162629,0.001,3.444551706314087
8225,16,225,1523,8.53897762298584,13.295651083586709,0.001,3.660778045654297
8226,16,226,2243,13.203904151916504,13.295061987992653,0.001,3.962690830230713
8227,16,227,1132,12.18710708618164,13.28968174982028,0.001,4.119436502456665
8228,16,228,1174,9.841944694519043,13.273220967061222,0.001,4.711247205734253
8229,16,229,2427,17.04030418395996,13.290694628067548,0.001,4.038713455200195
8230,16,230,2070,13.324493408203125,13.290906335649378,0.001,4.219677686691284
8231,16,231,2460,13.304450988769531,13.290936594776792,0.001,4.160460710525513
8232,16,232,1463,9.345314979553223,13.283264607243886,0.001,3.8095812797546387
8233,16,233,1399,16.455411911010742,13.303264714223193,0.001,4.597615718841553
8234,16,234,2272,11.24771499633789,13.293743329141085,0.001,4.2486958503723145
8235,16,235,1627,16.688230514526367,13.309542217680322,0.001,4.355297327041626
8236,16,236,1717,7.960173606872559,13.29794904594315,0.001,4.068758964538574
8237,16,237,2007,14.080897331237793,13.30151853931828,0.001,4.769982814788818
8238,16,238,1832,12.524191856384277,13.296790165382308,0.001,4.261162996292114
8239,16,239,2249,14.515619277954102,13.302427914052606,0.001,4.277423143386841
8240,16,240,1122,5.6752400398254395,13.277406889206581,0.001,4.298531532287598
8241,16,241,1735,8.104239463806152,13.2661914983364,0.001,4.875716209411621
8242,16,242,2511,13.132539749145508,13.265756935680129,0.001,4.906217336654663
8243,16,243,1797,6.6839189529418945,13.251400146226961,0.001,4.674955606460571
8244,16,244,1355,11.199088096618652,13.242187706587014,0.001,4.082892179489136
8245,16,245,2140,7.384215831756592,13.23028739176261,0.001,3.6350481510162354
8246,16,246,1503,12.765522003173828,13.228927469519517,0.001,3.7982001304626465
8247,16,247,1862,9.242219924926758,13.220499256613781,0.001,3.9816720485687256
8248,16,248,1311,8.278873443603516,13.191525012076564,0.001,4.103127717971802
8249,16,249,1081,18.32196807861328,13.214082667764197,0.001,4.7241716384887695
8250,16,250,178,10.355518341064453,13.201888486666046,0.001,3.9594011306762695
8251,16,251,1093,12.514564514160156,13.197979414261932,0.001,3.623854637145996
8252,16,252,1844,16.898818969726562,13.204776448557974,0.001,4.297219514846802
8253,16,253,2534,8.918103218078613,13.195827127011974,0.001,3.805713653564453
8254,16,254,2144,7.817491054534912,13.184874500776079,0.001,3.790339231491089
8255,16,255,2455,8.473023414611816,13.174987456800949,0.001,4.228275775909424
8256,16,256,1155,8.408943176269531,13.165053321897702,0.001,3.514800786972046
8257,16,257,1334,5.274107456207275,13.149196695056869,0.001,3.1692590713500977
8258,16,258,1481,8.384259223937988,13.128566257711666,0.001,3.73954439163208
8259,16,259,2564,10.454161643981934,13.11737865996884,0.001,3.7195897102355957
8260,16,260,1965,9.313282012939453,13.095731868655347,0.001,4.6008429527282715
8261,16,261,2435,8.678378105163574,13.086577141443449,0.001,4.433615207672119
8262,16,262,1888,12.177911758422852,13.081568149818883,0.001,4.557950496673584
8263,16,263,1092,18.027433395385742,13.109164311296595,0.001,3.7277112007141113
8264,16,264,1858,12.497702598571777,13.106648338081651,0.001,4.093827962875366
8265,16,265,1182,7.975770473480225,13.085215252257557,0.001,4.187366724014282
8266,16,266,2328,9.748481750488281,13.075249388499273,0.001,4.2190728187561035
8267,16,267,1397,12.783794403076172,13.07363465259919,0.001,3.598022699356079
8268,16,268,1576,6.904647350311279,13.06178398804932,0.001,3.9537100791931152
8269,16,269,1530,7.930452346801758,13.033914150608835,0.001,3.3307888507843018
8270,16,270,2174,23.863910675048828,13.090856773535856,0.001,4.059650421142578
8271,16,271,2502,13.709124565124512,13.094214477083819,0.001,3.4832496643066406
8272,16,272,2229,16.991695404052734,13.10390044873424,0.001,4.1726367473602295
8273,16,273,2080,13.746091842651367,13.107349249586209,0.001,3.911803722381592
8274,16,274,1951,8.448803901672363,13.08874871396698,0.001,4.163328170776367
8275,16,275,2596,10.955540657043457,13.082697647326695,0.001,4.01671290397644
8276,16,276,2601,16.683387756347656,13.10135427865444,0.001,4.276640176773071
8277,16,277,1493,9.527947425842285,13.08256760349288,0.001,3.429638147354126
8278,16,278,1109,24.62164306640625,13.140683631956868,0.001,3.6195228099823
8279,16,279,2378,23.888381958007812,13.183047768130024,0.001,3.7150769233703613
8280,16,280,1900,32.706172943115234,13.220126774719304,0.001,3.6333134174346924
8281,16,281,2172,10.525970458984375,13.20951088848591,0.001,3.957350015640259
8282,16,282,2099,8.954475402832031,13.197711118842776,0.001,4.3661439418792725
8283,16,283,2147,11.634232521057129,13.189644747089272,0.001,4.216289281845093
8284,16,284,2422,8.801972389221191,13.18161783228578,0.001,4.195167064666748
8285,16,285,2050,7.803037643432617,13.167185153554952,0.001,4.364722490310669
8286,16,286,1896,9.272501945495605,13.152438609877283,0.001,3.6118414402008057
8287,16,287,1769,13.90831470489502,13.156299930374276,0.001,3.754401922225952
8288,16,288,2192,27.184412002563477,13.177521099264593,0.001,3.4841482639312744
8289,16,289,2608,9.745028495788574,13.159940288767867,0.001,3.9762535095214844
8290,16,290,1484,13.081132888793945,13.159641553515394,0.001,4.537750482559204
8291,16,291,38,12.058943748474121,13.156675367187834,0.001,4.430136203765869
8292,16,292,254,12.598516464233398,13.153916416098863,0.001,4.167293071746826
8293,16,293,2008,18.693634033203125,13.162692092506731,0.001,3.479159116744995
8294,16,294,2588,8.777129173278809,13.140798999730606,0.001,4.028443098068237
8295,16,295,2225,14.328536033630371,13.146619869662526,0.001,3.8999781608581543
8296,16,296,2482,11.603556632995605,13.13900968668922,0.001,4.0995471477508545
8297,16,297,1262,8.0629301071167,13.130297357789951,0.001,3.918674945831299
8298,16,298,2233,13.182499885559082,13.130432814554391,0.001,4.461881637573242
8299,16,299,2619,13.628290176391602,13.131617906217748,0.001,4.726739406585693
8300,16,300,2720,11.411808013916016,13.12886515813554,0.001,4.444422483444214
8301,16,301,1819,14.691781997680664,13.131587146813079,0.001,3.952029228210449
8302,16,302,1938,7.820844650268555,13.122750574307029,0.001,4.259512186050415
8303,16,303,1089,10.023916244506836,13.107876942666023,0.001,4.222801685333252
8304,16,304,2522,15.061372756958008,13.114826864069089,0.001,3.840069532394409
8305,16,305,1372,7.104930400848389,13.093419656389884,0.001,4.341457366943359
8306,16,306,2476,6.881601333618164,13.08280892485906,0.001,4.027910947799683
8307,16,307,2546,8.63776969909668,13.06711159279724,0.001,3.996593713760376
8308,16,308,2098,21.335477828979492,13.086390217886956,0.001,3.889916181564331
8309,16,309,2543,12.19046688079834,13.083198930729806,0.001,3.76877498626709
8310,16,310,2498,12.55480670928955,13.081869234784614,0.001,4.222014427185059
8311,16,311,1568,11.767696380615234,13.077278168043652,0.001,4.574188947677612
8312,16,312,2784,10.232975959777832,13.063941418834986,0.001,3.8796424865722656
8313,16,313,1326,6.181251525878906,13.05265315764721,0.001,4.542457580566406
8314,16,314,2569,10.424918174743652,13.046126612282551,0.001,4.135754823684692
8315,16,315,2614,9.855472564697266,13.031478248802726,0.001,3.868010997772217
8316,16,316,2750,12.18455696105957,13.03009227573424,0.001,4.035351514816284
8317,16,317,2101,14.581474304199219,13.037289542040893,0.001,3.3280391693115234
8318,16,318,2610,8.683342933654785,13.03013376595073,0.001,4.105088949203491
8319,16,319,325,17.98549461364746,13.047083178595578,0.001,3.9885683059692383
8320,16,320,2274,13.323821067810059,13.048012031353924,0.001,4.203146457672119
8321,16,321,1373,15.397871971130371,13.05430976472071,0.001,4.916206121444702
8322,16,322,1441,16.604963302612305,13.06019883460344,0.001,4.441329002380371
8323,16,323,1153,10.181105613708496,13.047079804376034,0.001,4.192019939422607
8324,16,324,344,9.523560523986816,13.041384935939139,0.001,2.9883899688720703
8325,16,325,2221,16.152658462524414,13.052081156912243,0.001,3.999422788619995
8326,16,326,1817,7.410308837890625,13.043331584030607,0.001,4.016818523406982
8327,16,327,2613,9.769669532775879,13.032481397245125,0.001,4.5119524002075195
8328,16,328,1087,18.170515060424805,13.054966545387927,0.001,4.266465425491333
8329,16,329,2590,13.314620018005371,13.055566002197244,0.001,3.7164101600646973
8330,16,330,1118,11.160571098327637,13.049293343731296,0.001,3.6308510303497314
8331,16,331,2298,8.782819747924805,13.042719040953635,0.001,3.8257367610931396
8332,16,332,1480,6.893736839294434,13.033167692014851,0.001,3.7463290691375732
8333,16,333,1615,10.045424461364746,13.023508324243712,0.001,4.06240701675415
8334,16,334,2202,9.300168991088867,13.007075863711709,0.001,4.235536336898804
8335,16,335,2775,12.760083198547363,13.00627733226835,0.001,3.730226993560791
8336,16,336,377,8.63737678527832,12.996072284483754,0.001,4.510382890701294
8337,16,337,175,10.237035751342773,12.989509841126383,0.001,3.9932515621185303
8338,16,338,1838,8.422130584716797,12.974917932622782,0.001,3.562941789627075
8339,16,339,1864,14.560765266418457,12.977389039700139,0.001,4.14979362487793
8340,16,340,2547,28.979381561279297,13.029321886063428,0.001,4.5900304317474365
8341,16,341,2901,17.201019287109375,13.03916079502816,0.001,4.205087900161743
8342,16,342,2929,10.477746963500977,13.030912697386189,0.001,4.256527423858643
8343,16,343,1620,20.574630737304688,13.03863399166015,0.001,4.728898048400879
8344,16,344,177,9.948494911193848,13.028871370295347,0.001,3.5583157539367676
8345,16,345,2335,9.454078674316406,13.023285966160536,0.001,4.236302614212036
8346,16,346,1806,9.38022518157959,13.007781981131888,0.001,4.323349237442017
8347,16,347,2051,14.943800926208496,13.01396696695915,0.001,3.952759027481079
8348,16,348,2505,7.884152412414551,13.006051048773585,0.001,4.309015512466431
8349,16,349,1642,9.408097267150879,12.994841857043168,0.001,3.7046701908111572
8350,16,350,1692,10.345701217651367,12.983761033162752,0.001,3.931320905685425
8351,16,351,2652,5.665291786193848,12.97300299608518,0.001,3.8681724071502686
8352,16,352,2781,15.36420726776123,12.977695859272968,0.001,3.61657452583313
8353,16,353,2399,8.276471138000488,12.971412046696356,0.001,3.7925500869750977
8354,16,354,2413,8.455402374267578,12.95711887181327,0.001,4.301884174346924
8355,16,355,405,8.449634552001953,12.946858993526456,0.001,3.9185338020324707
8356,16,356,1442,12.433236122131348,12.945733002809028,0.001,3.7576396465301514
8357,16,357,455,21.93731117248535,12.955924461630607,0.001,4.516660213470459
8358,16,358,1903,9.6651029586792,12.948759627287265,0.001,4.068357944488525
8359,16,359,2911,20.93929672241211,12.959661126991346,0.001,4.485706806182861
8360,16,360,2722,16.097347259521484,12.963925235946476,0.001,3.7628135681152344
8361,16,361,1105,7.06772518157959,12.954914320225823,0.001,4.605266809463501
8362,16,362,2347,9.34826946258545,12.943840812542948,0.001,3.810767889022827
8363,16,363,1570,12.654926300048828,12.94341366414071,0.001,3.93481707572937
8364,16,364,1945,10.65721321105957,12.934081811568719,0.001,3.7284998893737793
8365,16,365,2909,16.660011291503906,12.945543507647153,0.001,5.002790451049805
8366,16,366,447,6.354853630065918,12.935872061883755,0.001,3.824986457824707
8367,16,367,1473,9.110126495361328,12.928636587798369,0.001,4.296682357788086
8368,16,368,382,12.752863883972168,12.928389772683326,0.001,4.012394428253174
8369,16,369,2565,10.104362487792969,12.92424628088434,0.001,3.7630810737609863
8370,16,370,2595,7.09700870513916,12.91591529382922,0.001,3.462005853652954
8371,16,371,1812,12.578651428222656,12.914544429339507,0.001,4.424560070037842
8372,16,372,2479,8.596628189086914,12.902001567956592,0.001,3.699012041091919
8373,16,373,2763,8.916864395141602,12.896348493501902,0.001,4.18881893157959
8374,16,374,32,10.949739456176758,12.888451986802806,0.001,4.331420183181763
8375,16,375,266,10.76158618927002,12.879998126563493,0.001,4.226306200027466
8376,16,376,471,10.489084243774414,12.870640729430868,0.001,3.6420576572418213
8377,16,377,2223,13.848261833190918,12.874516165721449,0.001,4.167744874954224
8378,16,378,2060,28.516616821289062,12.920826360862208,0.001,3.8054544925689697
8379,16,379,469,8.325568199157715,12.902919079431497,0.001,4.067148923873901
8380,16,380,74,7.21606969833374,12.895095967285085,0.001,4.220442295074463
8381,16,381,350,9.050569534301758,12.883791393338072,0.001,4.076736688613892
8382,16,382,2673,16.075428009033203,12.893226248236305,0.001,4.2524919509887695
8383,16,383,372,12.351643562316895,12.892567821641588,0.001,4.076626777648926
8384,16,384,2538,6.124897003173828,12.883188664336007,0.001,4.0968568325042725
8385,16,385,1470,9.28048038482666,12.873027198855715,0.001,4.876254558563232
8386,16,386,403,8.922259330749512,12.86495296240295,0.001,4.459073066711426
8387,16,387,367,12.75809097290039,12.864735613417881,0.001,4.279387474060059
8388,16,388,2548,7.324583053588867,12.849061624553626,0.001,3.6175119876861572
8389,16,389,1556,11.688017845153809,12.845717546111002,0.001,4.066458225250244
8390,16,390,2583,8.133875846862793,12.832144071885196,0.001,4.178880214691162
8391,16,391,2152,16.858823776245117,12.843512383555653,0.001,4.05496883392334
8392,16,392,2682,10.660367012023926,12.835129734408373,0.001,3.961900234222412
8393,16,393,2906,9.106856346130371,12.824606130184959,0.001,4.328322887420654
8394,16,394,374,8.06804084777832,12.80681406176602,0.001,3.786489963531494
8395,16,395,458,20.389928817749023,12.817273711350643,0.001,3.8891854286193848
8396,16,396,1310,7.608058452606201,12.797672290758578,0.001,5.029281854629517
8397,16,397,65,8.38654899597168,12.791646661074505,0.001,3.790440082550049
8398,16,398,2537,10.877593994140625,12.786177043244685,0.001,4.179816961288452
8399,16,399,2349,8.776686668395996,12.771374286126619,0.001,4.3679797649383545
8400,16,400,2401,7.30802059173584,12.755990616813856,0.001,3.9233083724975586
8401,16,401,272,7.617780685424805,12.745756310624238,0.001,3.5412752628326416
8402,16,402,710,9.16614818572998,12.735915137127078,0.001,3.358619213104248
8403,16,403,2617,10.655374526977539,12.728324438518138,0.001,4.439195871353149
8404,16,404,721,14.205869674682617,12.731177236298656,0.001,4.545179605484009
8405,16,405,1457,9.100400924682617,12.71804840163789,0.001,4.474622011184692
8406,16,406,1527,24.21419906616211,12.749252937680822,0.001,3.7935397624969482
8407,16,407,728,9.429655075073242,12.740183742783161,0.001,3.8334672451019287
8408,16,408,1793,8.10529613494873,12.723630911284534,0.001,4.242419958114624
8409,16,409,2709,21.294734954833984,12.734556230302275,0.001,3.999757766723633
8410,16,410,1482,5.521409034729004,12.725373561389803,0.001,4.036942720413208
8411,16,411,461,11.451303482055664,12.720831984565901,0.001,3.8244941234588623
8412,16,412,705,5.949819087982178,12.696184448337155,0.001,4.197865009307861
8413,16,413,2184,22.043190002441406,12.71425893084179,0.001,3.9812464714050293
8414,16,414,2181,7.312737464904785,12.707344879977715,0.001,3.933060884475708
8415,16,415,361,14.432437896728516,12.713189768304973,0.001,4.085502624511719
8416,16,416,695,11.594264030456543,12.71018465950063,0.001,4.7460243701934814
8417,16,417,68,11.485268592834473,12.707813416361187,0.001,4.122786521911621
8418,16,418,2585,7.983452796936035,12.695532137280384,0.001,4.268263816833496
8419,16,419,73,23.495342254638672,12.709320218846226,0.001,4.144894599914551
8420,16,420,2235,7.413950443267822,12.69076647126332,0.001,3.4569618701934814
8421,16,421,685,8.854647636413574,12.680811277156199,0.001,4.046020269393921
8422,16,422,2767,15.227222442626953,12.687586568670493,0.001,4.716928243637085
8423,16,423,2563,10.153656005859375,12.682831695627394,0.001,3.917505979537964
8424,16,424,2789,11.637113571166992,12.680109813542868,0.001,3.2503409385681152
8425,16,425,446,6.722954750061035,12.664709103163359,0.001,4.1027514934539795
8426,16,426,699,9.614877700805664,12.656906652225466,0.001,3.863762140274048
8427,16,427,274,10.613565444946289,12.651695416100885,0.001,3.6882758140563965
8428,16,428,368,7.037949562072754,12.63669562470874,0.001,4.07899022102356
8429,16,429,2067,9.957481384277344,12.631640088455635,0.001,4.221259832382202
8430,16,430,2449,7.981786727905273,12.619661990949949,0.001,3.9571468830108643
8431,16,431,407,8.494256973266602,12.609071031021916,0.001,4.343152046203613
8432,16,432,436,12.078295707702637,12.608116283074136,0.001,4.073530673980713
8433,16,433,490,6.985942840576172,12.601124264321951,0.001,3.729180335998535
8434,16,434,717,9.14868450164795,12.589388260783247,0.001,4.415227174758911
8435,16,435,94,11.314618110656738,12.585315691888345,0.001,3.531980276107788
8436,16,436,2452,11.505974769592285,12.582579082826951,0.001,4.056203126907349
8437,16,437,264,9.917412757873535,12.575793744916833,0.001,3.5514161586761475
8438,16,438,832,8.477747917175293,12.5620934804594,0.001,4.578167676925659
8439,16,439,689,21.809951782226562,12.5786641421735,0.001,3.6992456912994385
8440,16,440,2593,7.958061218261719,12.566819156652496,0.001,4.24665904045105
8441,16,441,706,6.772292613983154,12.559788219053882,0.001,4.658234596252441
8442,16,442,616,7.01885461807251,12.541501398758594,0.001,4.456652879714966
8443,16,443,459,6.70684289932251,12.534620100002245,0.001,3.9014899730682373
8444,16,444,1088,10.710323333740234,12.530172834354584,0.001,3.784524440765381
8445,16,445,388,10.302506446838379,12.52764462670257,0.001,3.8009684085845947
8446,16,446,686,9.026471138000488,12.518769880360301,0.001,3.694986581802368
8447,16,447,803,10.373806953430176,12.516305924955121,0.001,4.2436065673828125
8448,16,448,954,18.724180221557617,12.523613014510653,0.001,3.805203676223755
8449,16,449,2669,10.57863998413086,12.521292832165807,0.001,4.361711502075195
8450,16,450,1365,11.35141372680664,12.519913426024095,0.001,4.115811824798584
8451,16,451,1506,11.305800437927246,12.518560347994319,0.001,3.5209286212921143
8452,16,452,273,13.371939659118652,12.520678650264404,0.001,3.968228816986084
8453,16,453,904,30.559249877929688,12.54867758161134,0.001,4.096794843673706
8454,16,454,2672,13.31966781616211,12.5512096003889,0.001,3.691593885421753
8455,16,455,919,16.44204330444336,12.564072491301141,0.001,3.657655954360962
8456,16,456,1682,21.413494110107422,12.58556117032308,0.001,3.6292147636413574
8457,16,457,337,10.3200044631958,12.582003352827327,0.001,3.8810696601867676
8458,16,458,441,11.063798904418945,12.578328377705397,0.001,3.9369800090789795
8459,16,459,492,23.6602840423584,12.614104231447874,0.001,4.522307872772217
8460,16,460,2448,16.077030181884766,12.625161740631599,0.001,4.279198408126831
8461,16,461,2432,14.308561325073242,12.62711196610886,0.001,3.949831008911133
8462,16,462,69,22.033742904663086,12.65745760255805,0.001,4.019330263137817
8463,16,463,759,13.762887954711914,12.660075457807203,0.001,3.5347602367401123
8464,16,464,363,8.544705390930176,12.65541391279505,0.001,3.918949842453003
8465,16,465,1575,18.716964721679688,12.670205571658869,0.001,4.188750982284546
8466,16,466,951,14.880180358886719,12.675447742442998,0.001,4.461166143417358
8467,16,467,448,11.088282585144043,12.671594292567796,0.001,3.6512484550476074
8468,16,468,2163,11.66798210144043,12.669156266209542,0.001,4.010375022888184
8469,16,469,966,19.94082260131836,12.681185038672597,0.001,4.2036778926849365
8470,16,470,2861,18.73418617248535,12.695551332529918,0.001,4.324373245239258
8471,16,471,2034,12.341856002807617,12.694459474042908,0.001,4.315976619720459
8472,16,472,1791,10.344861030578613,12.69058034706459,0.001,3.834934949874878
8473,16,473,383,16.927654266357422,12.703383372713164,0.001,4.092084884643555
8474,16,474,743,10.548545837402344,12.701001288566323,0.001,4.086360216140747
8475,16,475,788,17.255470275878906,12.715188005033824,0.001,3.6928563117980957
8476,16,476,2282,11.739232063293457,12.714109238593892,0.001,3.498379945755005
8477,16,477,693,7.072625160217285,12.6965813204821,0.001,4.069680213928223
8478,16,478,2660,15.94088077545166,12.706383702469466,0.001,3.92956280708313
8479,16,479,989,20.068117141723633,12.723332043224861,0.001,3.7323968410491943
8480,16,480,1756,21.271081924438477,12.742686201858785,0.001,4.271285533905029
8481,16,481,519,12.697834014892578,12.742548327375303,0.001,3.8595266342163086
8482,16,482,2603,12.354610443115234,12.741394296721328,0.001,3.9748523235321045
8483,16,483,2923,12.19369125366211,12.740527505024481,0.001,4.5389204025268555
8484,16,484,2219,16.929412841796875,12.744802005783129,0.001,3.2776706218719482
8485,16,485,1807,31.220998764038086,12.800126353956266,0.001,4.193042039871216
8486,16,486,861,11.287186622619629,12.797668722604504,0.001,3.889021396636963
8487,16,487,256,11.691045761108398,12.795897110393964,0.001,4.188728094100952
8488,16,488,774,13.29084587097168,12.797018423143484,0.001,4.4860680103302
8489,16,489,694,13.924485206604004,12.800405629194508,0.001,4.334213018417358
8490,16,490,811,24.115100860595703,12.811658699452918,0.001,3.544139862060547
8491,16,491,432,19.874008178710938,12.827240283135037,0.001,4.294237852096558
8492,16,492,1120,11.454914093017578,12.825144307974869,0.001,3.866691827774048
8493,16,493,956,14.656805992126465,12.830592241650557,0.001,3.785827159881592
8494,16,494,913,23.67041778564453,12.847829990602088,0.001,3.7138185501098633
8495,16,495,1548,19.2419490814209,12.86153484170644,0.001,3.821000814437866
8496,16,496,2450,14.718561172485352,12.865590617721157,0.001,4.491027116775513
8497,16,497,1342,14.17225456237793,12.868438982252693,0.001,4.447160720825195
8498,16,498,814,10.674666404724121,12.866057972383375,0.001,4.378727197647095
8499,16,499,1577,16.471771240234375,12.874001298698683,0.001,3.9892215728759766
8500,17,0,1363,28.36240577697754,28.36240577697754,0.001,3.902345895767212
8501,17,1,1777,15.224350929260254,21.83405344552669,0.001,4.210155010223389
8502,17,2,2523,13.95832633972168,18.664820058824397,0.001,4.655390739440918
8503,17,3,98,6.923184394836426,15.288158912868957,0.001,4.511914491653442
8504,17,4,2297,14.3841552734375,15.125543085237345,0.001,3.835240602493286
8505,17,5,28,7.893820285797119,14.568651234287254,0.001,3.8510935306549072
8506,17,6,77,11.882088661193848,14.189071476705553,0.001,4.132390022277832
8507,17,7,990,15.47882080078125,14.350240697062874,0.001,4.519547462463379
8508,17,8,2513,7.909904479980469,13.99816123825259,0.001,3.893686532974243
8509,17,9,481,11.445895195007324,13.734184555098002,0.001,3.864497423171997
8510,17,10,1921,9.355605125427246,13.324179879183545,0.001,4.62974739074707
8511,17,11,2510,13.292747497558594,13.320712119634498,0.001,3.9684460163116455
8512,17,12,819,9.391465187072754,13.016754216090602,0.001,4.037547826766968
8513,17,13,2552,9.253949165344238,12.75019871404312,0.001,3.856232166290283
8514,17,14,29,9.365876197814941,12.52560764017282,0.001,4.197315216064453
8515,17,15,376,11.400429725646973,12.490415987537993,0.001,3.484746217727661
8516,17,16,2793,8.741466522216797,12.18806027238019,0.001,4.2203590869903564
8517,17,17,496,20.17851448059082,12.618552032910504,0.001,3.9484267234802246
8518,17,18,920,7.94310998916626,12.288096891453286,0.001,3.957700729370117
8519,17,19,1090,8.911638259887695,12.168118549798633,0.001,4.6819748878479
8520,17,20,2425,16.84661865234375,12.393677559954972,0.001,3.7552621364593506
8521,17,21,2758,9.487524032592773,12.261110042024375,0.001,4.267160177230835
8522,17,22,977,9.94575023651123,12.1898518658312,0.001,4.039841890335083
8523,17,23,1161,7.533414840698242,12.098969714012965,0.001,3.9237968921661377
8524,17,24,2668,9.334657669067383,11.982359500288176,0.001,4.723050832748413
8525,17,25,778,11.214486122131348,11.951855023733966,0.001,4.070597410202026
8526,17,26,2584,8.210125923156738,11.762753256931644,0.001,4.717155456542969
8527,17,27,1918,6.998973846435547,11.532344025945463,0.001,4.71318244934082
8528,17,28,873,11.56827163696289,11.532880536358208,0.001,4.5812036991119385
8529,17,29,2270,6.723624229431152,11.312379250464643,0.001,3.6556270122528076
8530,17,30,801,5.502344131469727,11.178536525079233,0.001,4.186564683914185
8531,17,31,601,19.500703811645508,11.531369279322613,0.001,4.606910467147827
8532,17,32,2494,19.805646896362305,11.784533381795637,0.001,4.392959833145142
8533,17,33,1317,13.74790096282959,11.812902760639188,0.001,4.700120687484741
8534,17,34,468,10.730752944946289,11.771140716296266,0.001,3.720108985900879
8535,17,35,607,9.502497673034668,11.741191874292667,0.001,4.134396314620972
8536,17,36,2040,13.004058837890625,11.788528960424015,0.001,4.165362119674683
8537,17,37,1495,16.079736709594727,11.90497174582991,0.001,4.246192216873169
8538,17,38,453,11.453824043273926,11.896506428304175,0.001,4.455324172973633
8539,17,39,2499,10.479631423950195,11.870127260074518,0.001,4.1236045360565186
8540,17,40,424,14.561210632324219,11.916845258206223,0.001,3.701502561569214
8541,17,41,2436,15.982558250427246,11.966117946926465,0.001,3.615353584289551
8542,17,42,392,11.331514358520508,11.945637790481365,0.001,4.193266153335571
8543,17,43,400,19.09654426574707,12.055721163857738,0.001,4.678528547286987
8544,17,44,1802,12.82201862335205,12.073647778479364,0.001,3.7186872959136963
8545,17,45,2191,16.922828674316406,12.155418218570315,0.001,3.97617244720459
8546,17,46,64,11.28145980834961,12.14578519830262,0.001,4.087337255477905
8547,17,47,2535,9.818584442138672,12.120762165495076,0.001,4.115701913833618
8548,17,48,858,16.79253387451172,12.165870737847072,0.001,4.355288505554199
8549,17,49,342,14.363076210021973,12.230507747185033,0.001,4.063215970993042
8550,17,50,1764,12.762816429138184,12.245768326283992,0.001,4.146908283233643
8551,17,51,1626,5.457391262054443,12.180452458865595,0.001,4.08434534072876
8552,17,52,1111,19.407339096069336,12.327913823708828,0.001,4.026449918746948
8553,17,53,2203,10.950093269348145,12.291217703878372,0.001,3.906933069229126
8554,17,54,2845,9.738875389099121,12.225259383090744,0.001,4.125548839569092
8555,17,55,915,7.475080966949463,12.183308165768368,0.001,4.487227439880371
8556,17,56,2398,10.256326675415039,12.135556862645602,0.001,3.968066930770874
8557,17,57,521,5.789175033569336,12.079633769557153,0.001,4.07300877571106
8558,17,58,834,6.879066467285156,11.954008568095446,0.001,4.393183946609497
8559,17,59,914,13.852042198181152,11.987713874903212,0.001,3.672960042953491
8560,17,60,2406,12.034724235534668,11.988815264540419,0.001,3.901374578475952
8561,17,61,1453,17.817956924438477,12.033465037483893,0.001,3.8514866828918457
8562,17,62,378,13.619056701660156,12.06917723453029,0.001,3.4908058643341064
8563,17,63,2325,6.566401481628418,11.977591790621368,0.001,4.244126081466675
8564,17,64,1714,10.699992179870605,11.957237718195698,0.001,3.912470579147339
8565,17,65,863,21.195030212402344,12.106751697610461,0.001,4.297802448272705
8566,17,66,340,8.478806495666504,12.04922068775949,0.001,4.0564799308776855
8567,17,67,1361,20.52574348449707,12.112547892630415,0.001,3.9428250789642334
8568,17,68,2149,7.508358478546143,12.040344003520365,0.001,3.239837169647217
8569,17,69,981,9.502685546875,12.001639878082628,0.001,4.341152667999268
8570,17,70,2692,7.260345458984375,11.907452694075031,0.001,3.761350393295288
8571,17,71,507,41.044761657714844,12.050962452937732,0.001,3.829829454421997
8572,17,72,962,12.624293327331543,12.057027370010745,0.001,3.7716939449310303
8573,17,73,682,10.681124687194824,12.03078514011158,0.001,3.64416766166687
8574,17,74,1540,8.623608589172363,12.007399581694708,0.001,4.297945499420166
8575,17,75,770,13.070760726928711,12.022612217427985,0.001,3.514309883117676
8576,17,76,825,17.76506996154785,12.059952372144021,0.001,3.7226011753082275
8577,17,77,2930,6.520511150360107,12.024058130668378,0.001,3.7708444595336914
8578,17,78,2794,4.534952163696289,11.974148867845543,0.001,4.277976036071777
8579,17,79,1648,8.127470016479492,11.936622373053712,0.001,3.9201748371124268
8580,17,80,2533,10.651622772216797,11.923947597191894,0.001,4.212198734283447
8581,17,81,336,9.483126640319824,11.88032166616432,0.001,3.2647666931152344
8582,17,82,56,8.126338958740234,11.830997617712374,0.001,3.810710906982422
8583,17,83,1902,14.042657852172852,11.859727443260823,0.001,4.031043767929077
8584,17,84,2197,14.419622421264648,11.892292590240567,0.001,3.4936318397521973
8585,17,85,2927,40.733577728271484,12.043918861347464,0.001,4.208879232406616
8586,17,86,789,8.951533317565918,12.005157668572403,0.001,4.284135818481445
8587,17,87,2874,8.966464042663574,11.96816531637372,0.001,3.722165584564209
8588,17,88,2782,10.383903503417969,11.942086376785753,0.001,3.755711793899536
8589,17,89,972,6.854976177215576,11.881812478010055,0.001,3.7712557315826416
8590,17,90,518,8.951668739318848,11.864985435659497,0.001,4.120415687561035
8591,17,91,2392,7.705644607543945,11.829202178354098,0.001,3.964693307876587
8592,17,92,250,20.575462341308594,11.87862946069788,0.001,4.182127475738525
8593,17,93,1914,8.71707534790039,11.86092508994766,0.001,4.451329231262207
8594,17,94,808,14.64810848236084,11.893074840431371,0.001,3.962489604949951
8595,17,95,37,13.346491813659668,11.915156648302142,0.001,4.4241783618927
8596,17,96,851,7.816650867462158,11.852078695614628,0.001,4.046904563903809
8597,17,97,742,9.785213470458984,11.821318930260086,0.001,4.164252042770386
8598,17,98,1766,28.02991485595703,11.882261408144332,0.001,4.3229310512542725
8599,17,99,719,14.60385799407959,11.921892649625194,0.001,3.5042927265167236
8600,17,100,1616,7.714483261108398,11.875464298480715,0.001,4.283627986907959
8601,17,101,522,6.5985636711120605,11.800380268326538,0.001,3.645651340484619
8602,17,102,2205,7.919497013092041,11.758855457916589,0.001,3.2506203651428223
8603,17,103,991,10.572214126586914,11.753068485859409,0.001,3.3929555416107178
8604,17,104,2580,12.873230934143066,11.768151184907373,0.001,3.6916558742523193
8605,17,105,390,6.921225547790527,11.733554068310436,0.001,3.5896949768066406
8606,17,106,727,11.419917106628418,11.73205146387743,0.001,3.9320082664489746
8607,17,107,2293,10.777457237243652,11.72218126902671,0.001,4.021662473678589
8608,17,108,2871,9.094688415527344,11.68745753099267,0.001,3.642866373062134
8609,17,109,2166,14.678852081298828,11.708493723876686,0.001,3.9854238033294678
8610,17,110,2464,20.51244354248047,11.75067543457194,0.001,4.195993185043335
8611,17,111,2654,12.701125144958496,11.76304512547456,0.001,4.095296621322632
8612,17,112,2772,7.329246997833252,11.720501116978689,0.001,4.164780378341675
8613,17,113,827,14.683810234069824,11.737356858990264,0.001,4.672507286071777
8614,17,114,2013,9.637944221496582,11.727986799528042,0.001,3.883913278579712
8615,17,115,2832,10.723302841186523,11.715975921277845,0.001,3.2692835330963135
8616,17,116,2179,6.850242614746094,11.683030349279496,0.001,3.6907835006713867
8617,17,117,680,8.953413963317871,11.671049169395326,0.001,4.410015344619751
8618,17,118,2864,8.59283447265625,11.650500350253115,0.001,3.5050601959228516
8619,17,119,60,7.777950286865234,11.625155747276295,0.001,4.381114959716797
8620,17,120,707,8.018951416015625,11.610437410580909,0.001,4.265996694564819
8621,17,121,2529,11.53261947631836,11.609715545022024,0.001,3.7886672019958496
8622,17,122,773,12.0651273727417,11.613807356033352,0.001,3.66855525970459
8623,17,123,2706,7.5994720458984375,11.597555635797168,0.001,4.131282091140747
8624,17,124,2834,8.264429092407227,11.558104218340317,0.001,4.029015779495239
8625,17,125,771,8.216948509216309,11.528997027127403,0.001,4.191863298416138
8626,17,126,1915,7.635228157043457,11.505026167545763,0.001,4.565436840057373
8627,17,127,67,14.004029273986816,11.52662631298538,0.001,4.040805816650391
8628,17,128,434,11.101884841918945,11.525050450046018,0.001,4.08624267578125
8629,17,129,1333,14.178882598876953,11.547739958601571,0.001,4.355748176574707
8630,17,130,611,8.78935718536377,11.53131487385619,0.001,3.6089556217193604
8631,17,131,2387,33.90497970581055,11.666264030111348,0.001,4.496307134628296
8632,17,132,870,11.561705589294434,11.6656371557345,0.001,3.5863373279571533
8633,17,133,2694,7.76987361907959,11.650266496156593,0.001,3.619166612625122
8634,17,134,1596,21.590686798095703,11.70781179119945,0.001,4.137206077575684
8635,17,135,1263,6.336004257202148,11.663670764268273,0.001,3.3354568481445312
8636,17,136,1762,11.941073417663574,11.665929142513653,0.001,4.324450492858887
8637,17,137,2188,33.886146545410156,11.844370505340432,0.001,3.945216417312622
8638,17,138,852,16.114749908447266,11.87831497874443,0.001,4.104698181152344
8639,17,139,1370,21.582355499267578,11.95616964617169,0.001,4.1809258460998535
8640,17,140,408,6.376899242401123,11.924908184040119,0.001,4.07008957862854
8641,17,141,1440,13.885286331176758,11.939988942399623,0.001,3.743105411529541
8642,17,142,864,23.657711029052734,11.981365170177195,0.001,3.8495254516601562
8643,17,143,1551,25.87499237060547,12.091125696032352,0.001,4.1100616455078125
8644,17,144,401,24.16593360900879,12.184351500782816,0.001,4.182286977767944
8645,17,145,961,14.741020202636719,12.210253138741006,0.001,4.177410364151001
8646,17,146,488,10.468559265136719,12.192875914127178,0.001,3.897519588470459
8647,17,147,2443,9.59821891784668,12.173564125187951,0.001,3.754976987838745
8648,17,148,1751,18.723159790039062,12.208548877157112,0.001,3.523283004760742
8649,17,149,986,20.84625816345215,12.273584663340205,0.001,3.998501777648926
8650,17,150,2294,8.286127090454102,12.260024704014496,0.001,4.398361682891846
8651,17,151,2462,11.021492004394531,12.247794390308698,0.001,3.9002277851104736
8652,17,152,787,11.245102882385254,12.244269146167744,0.001,3.864769697189331
8653,17,153,523,18.595863342285156,12.305894775322567,0.001,4.112257719039917
8654,17,154,514,15.064972877502441,12.320229212480902,0.001,3.8807618618011475
8655,17,155,916,6.8101301193237305,12.301144676528112,0.001,3.9850728511810303
8656,17,156,1548,11.344574928283691,12.294618586505077,0.001,3.7810521125793457
8657,17,157,1585,13.33297061920166,12.304238072199077,0.001,4.158573389053345
8658,17,158,1310,12.9399995803833,12.310176729418687,0.001,4.035599946975708
8659,17,159,1675,13.502684593200684,12.31601793279624,0.001,4.294846534729004
8660,17,160,1900,23.03434944152832,12.352175432273103,0.001,4.50022292137146
8661,17,161,1081,16.884803771972656,12.383336259068816,0.001,3.813505172729492
8662,17,162,1105,15.206893920898438,12.392903931758607,0.001,4.537608623504639
8663,17,163,1097,8.714213371276855,12.38129004285205,0.001,4.108708620071411
8664,17,164,1756,18.710369110107422,12.423451121984636,0.001,4.233911514282227
8665,17,165,1714,17.818727493286133,12.45885190815815,0.001,3.72358775138855
8666,17,166,1250,6.491950988769531,12.44001932777007,0.001,4.0302839279174805
8667,17,167,2007,15.148811340332031,12.457966987742395,0.001,4.075285196304321
8668,17,168,1676,18.160465240478516,12.508552674100798,0.001,4.620260000228882
8669,17,169,2050,14.194716453552246,12.516323370484224,0.001,3.7880468368530273
8670,17,170,1540,13.869757652282715,12.520578238882448,0.001,3.849997043609619
8671,17,171,1768,11.409570693969727,12.517142889004104,0.001,3.6534881591796875
8672,17,172,1557,7.644829750061035,12.474821658305098,0.001,3.847931146621704
8673,17,173,1879,9.32916259765625,12.460092199146091,0.001,3.8613626956939697
8674,17,174,1554,10.730448722839355,12.454729247287995,0.001,4.430219650268555
8675,17,175,1530,15.87518310546875,12.483757841032888,0.001,4.491105794906616
8676,17,176,1642,13.142829895019531,12.487871094795553,0.001,4.0192711353302
8677,17,177,2013,11.362082481384277,12.484543005697653,0.001,3.8045647144317627
8678,17,178,1551,10.250290870666504,12.470298722869114,0.001,3.731799364089966
8679,17,179,1088,13.339092254638672,12.475601286020048,0.001,4.038441896438599
8680,17,180,1793,9.802237510681152,12.453849180337846,0.001,3.963259220123291
8681,17,181,1514,8.655744552612305,12.442785020208694,0.001,4.374642610549927
8682,17,182,1360,8.811222076416016,12.432460397595129,0.001,3.8783059120178223
8683,17,183,1806,13.874188423156738,12.444205381246663,0.001,4.533449649810791
8684,17,184,1802,14.896425247192383,12.459005351614135,0.001,3.7480413913726807
8685,17,185,1580,20.53778648376465,12.493756659868287,0.001,3.689565896987915
8686,17,186,1118,16.64667510986328,12.518570936502842,0.001,4.349721670150757
8687,17,187,1365,17.78477668762207,12.53361299366658,0.001,3.8157575130462646
8688,17,188,1844,20.713529586791992,12.554276090419766,0.001,4.209939956665039
8689,17,189,1819,16.11334991455078,12.564440550346283,0.001,3.8751659393310547
8690,17,190,1615,11.441550254821777,12.557937854318293,0.001,4.044865608215332
8691,17,191,1155,10.259967803955078,12.551371144841042,0.001,3.410780191421509
8692,17,192,1888,17.269901275634766,12.587611680930424,0.001,3.9931535720825195
8693,17,193,2034,9.290735244750977,12.562461900884355,0.001,4.419394493103027
8694,17,194,1151,11.582531929016113,12.55856194499242,0.001,3.9331204891204834
8695,17,195,1858,13.177877426147461,12.562085454649747,0.001,3.988539934158325
8696,17,196,1470,10.657346725463867,12.551473283705203,0.001,4.366056203842163
8697,17,197,1902,14.191910743713379,12.560818628824807,0.001,4.167508363723755
8698,17,198,1575,8.233078956604004,12.535774052483701,0.001,3.853478193283081
8699,17,199,1361,21.91571044921875,12.560944963760997,0.001,3.640061378479004
8700,17,200,1845,10.942225456237793,12.556856088200963,0.001,4.365854740142822
8701,17,201,1473,9.59571647644043,12.546525567205062,0.001,3.774020195007324
8702,17,202,1914,6.833365440368652,12.531327009499392,0.001,4.701793193817139
8703,17,203,1370,18.948238372802734,12.567248650718902,0.001,3.6355912685394287
8704,17,204,2099,6.386930465698242,12.542693220255972,0.001,3.8700976371765137
8705,17,205,1794,8.832452774047852,12.522608366661677,0.001,3.860668659210205
8706,17,206,1602,24.512025833129883,12.54335903740692,0.001,4.118695497512817
8707,17,207,2149,9.744417190551758,12.52783064297873,0.001,3.780581474304199
8708,17,208,1182,8.182519912719727,12.504006901088221,0.001,3.901820421218872
8709,17,209,2163,7.719135284423828,12.47745665347596,0.001,4.029906988143921
8710,17,210,1083,11.928354263305664,12.47362304286315,0.001,4.492718458175659
8711,17,211,1463,10.109939575195312,12.468371292546239,0.001,4.203928232192993
8712,17,212,1363,21.973892211914062,12.518910992580206,0.001,4.276794195175171
8713,17,213,2216,6.401626110076904,12.505022864115974,0.001,3.9239978790283203
8714,17,214,1690,6.390953063964844,12.489457997099722,0.001,3.561861515045166
8715,17,215,2221,11.232542991638184,12.482700558660493,0.001,3.867499351501465
8716,17,216,1263,6.4116740226745605,12.450890362903841,0.001,2.830110788345337
8717,17,217,1441,18.845638275146484,12.467189865551857,0.001,4.140521287918091
8718,17,218,1502,11.441244125366211,12.459978790973071,0.001,4.126362085342407
8719,17,219,2192,27.172285079956055,12.490451573575681,0.001,3.7510454654693604
8720,17,220,2067,9.544265747070312,12.479321210645361,0.001,3.8582091331481934
8721,17,221,1123,18.368797302246094,12.500914063837488,0.001,4.159603834152222
8722,17,222,1569,22.602081298828125,12.552974271120918,0.001,4.136834383010864
8723,17,223,1346,15.401233673095703,12.571606126144529,0.001,4.378756523132324
8724,17,224,1397,13.078045845031738,12.575057824070768,0.001,4.113739490509033
8725,17,225,1087,19.87086296081543,12.623015187000115,0.001,4.155807256698608
8726,17,226,1620,19.492847442626953,12.633979014179559,0.001,3.120723009109497
8727,17,227,1779,8.832223892211914,12.608808474644366,0.001,4.267276763916016
8728,17,228,2179,6.795487403869629,12.587931033504907,0.001,3.8511531352996826
8729,17,229,1918,7.425637722015381,12.553929340905492,0.001,4.210751295089722
8730,17,230,1099,6.690911293029785,12.51555702140781,0.001,4.214816331863403
8731,17,231,1616,8.212932586669922,12.49411827676159,0.001,3.6306846141815186
8732,17,232,1174,8.99928092956543,12.477124883891497,0.001,4.586621284484863
8733,17,233,2241,11.903558731079102,12.473395036722833,0.001,4.01106595993042
8734,17,234,2051,16.51301383972168,12.492874993095143,0.001,4.1569297313690186
8735,17,235,1355,14.090696334838867,12.500534604629005,0.001,3.75872540473938
8736,17,236,2335,9.282709121704102,12.493055573223579,0.001,3.8214900493621826
8737,17,237,2066,8.522542953491211,12.46815870955736,0.001,3.5217342376708984
8738,17,238,2225,11.628931999206543,12.462910584493484,0.001,4.3835272789001465
8739,17,239,2272,9.361400604248047,12.448419874325463,0.001,4.2392258644104
8740,17,240,1326,10.3868408203125,12.443905781256731,0.001,3.941460371017456
8741,17,241,2060,32.23386001586914,12.53634971142167,0.001,4.10820460319519
8742,17,242,2249,17.47531509399414,12.55963712818641,0.001,3.5550897121429443
8743,17,243,2282,10.813470840454102,12.555810562401344,0.001,3.9772417545318604
8744,17,244,2235,8.281577110290527,12.529779914665923,0.001,3.508042335510254
8745,17,245,1648,11.803860664367676,12.527415990226412,0.001,4.137298107147217
8746,17,246,2147,8.325543403625488,12.501803813337057,0.001,4.183232069015503
8747,17,247,1686,8.565751075744629,12.478154473147455,0.001,3.477142810821533
8748,17,248,1828,7.487744331359863,12.447640955756386,0.001,4.14069390296936
8749,17,249,1577,10.301199913024902,12.438097114061659,0.001,4.315477609634399
8750,17,250,1306,8.795495986938477,12.416591911613757,0.001,4.374916076660156
8751,17,251,2205,6.711313724517822,12.390938251853319,0.001,4.042571067810059
8752,17,252,1523,8.155839920043945,12.382020850099156,0.001,4.649048328399658
8753,17,253,1394,17.17367935180664,12.403068302807693,0.001,4.284062385559082
8754,17,254,1693,9.374425888061523,12.38549369699026,0.001,3.7167763710021973
8755,17,255,1568,14.487329483032227,12.394569077958213,0.001,4.2604992389678955
8756,17,256,2399,9.435723304748535,12.38908902375547,0.001,3.606501817703247
8757,17,257,1506,11.140588760375977,12.386645370045708,0.001,4.023168325424194
8758,17,258,1481,11.06224250793457,12.380860280732382,0.001,3.9262311458587646
8759,17,259,2196,11.65579605102539,12.379521373075805,0.001,4.004048585891724
8760,17,260,2174,15.91684341430664,12.399152429956908,0.001,3.7763617038726807
8761,17,261,1111,18.179025650024414,12.423714424284563,0.001,4.150795936584473
8762,17,262,2144,10.786593437194824,12.420431412061033,0.001,4.109245538711548
8763,17,263,2458,10.842510223388672,12.413769486504323,0.001,4.159510135650635
8764,17,264,1161,7.122574806213379,12.403741815893673,0.001,3.8119802474975586
8765,17,265,1735,7.4433112144470215,12.393682424842117,0.001,4.733240365982056
8766,17,266,1699,15.337406158447266,12.40230650069987,0.001,4.691837787628174
8767,17,267,2398,16.917558670043945,12.427261442562108,0.001,3.812325954437256
8768,17,268,1334,8.826475143432617,12.420223935775027,0.001,4.106894016265869
8769,17,269,1839,6.158201217651367,12.408045433489745,0.001,4.5331690311431885
8770,17,270,28,8.747797966003418,12.400830469094071,0.001,4.160318374633789
8771,17,271,2080,14.2609281539917,12.411154968322897,0.001,3.441035270690918
8772,17,272,1122,6.295393943786621,12.392853284598198,0.001,3.703536033630371
8773,17,273,1262,7.109228610992432,12.38265029590732,0.001,3.7821385860443115
8774,17,274,2223,10.458399772644043,12.372076246714974,0.001,3.9373929500579834
8775,17,275,1556,8.672677993774414,12.356927888609839,0.001,3.8208422660827637
8776,17,276,1127,6.535252094268799,12.339678048361067,0.001,3.9828243255615234
8777,17,277,1457,13.36833667755127,12.345169201595843,0.001,4.191333055496216
8778,17,278,1717,14.194297790527344,12.348680264556881,0.001,4.204738140106201
8779,17,279,1706,16.03489112854004,12.363437280793928,0.001,3.871819496154785
8780,17,280,273,11.884122848510742,12.361501557928618,0.001,3.8845605850219727
8781,17,281,1098,8.522239685058594,12.350446264214394,0.001,4.806483507156372
8782,17,282,2293,19.37819480895996,12.379044329920307,0.001,3.7148032188415527
8783,17,283,1516,22.430797576904297,12.418576398647458,0.001,4.119139909744263
8784,17,284,1570,23.716466903686523,12.440071481865745,0.001,3.579423189163208
8785,17,285,1925,11.3560791015625,12.438055900809514,0.001,4.259871006011963
8786,17,286,2274,10.237221717834473,12.429569905545558,0.001,3.880141258239746
8787,17,287,2378,23.5645809173584,12.473635890572,0.001,4.06927490234375
8788,17,288,2452,16.8974609375,12.490877273567635,0.001,3.7447309494018555
8789,17,289,1809,18.936351776123047,12.523587342879688,0.001,4.866799354553223
8790,17,290,2064,9.74395751953125,12.51272524580725,0.001,4.49763035774231
8791,17,291,1762,10.184813499450684,12.50378830038791,0.001,4.018840074539185
8792,17,292,1769,8.76247787475586,12.48449777508282,0.001,4.085040092468262
8793,17,293,1368,7.033289909362793,12.46932453326856,0.001,3.5677297115325928
8794,17,294,2460,12.16114616394043,12.468765939219466,0.001,3.9243109226226807
8795,17,295,1576,5.224055290222168,12.455850137919732,0.001,3.5659778118133545
8796,17,296,2448,7.899130344390869,12.432987852057495,0.001,4.099851608276367
8797,17,297,1343,12.11418628692627,12.432451207390747,0.001,4.203171968460083
8798,17,298,2510,16.447799682617188,12.452412823872374,0.001,4.046338319778442
8799,17,299,1484,13.70279598236084,12.457142537831874,0.001,4.647869348526001
8800,17,300,2494,19.266292572021484,12.482349633421528,0.001,4.078038930892944
8801,17,301,1395,8.189769744873047,12.474610430153863,0.001,3.7286057472229004
8802,17,302,2449,10.934189796447754,12.468888242284859,0.001,3.788447141647339
8803,17,303,1965,11.912790298461914,12.466127163801541,0.001,3.86539626121521
8804,17,304,2464,18.490140914916992,12.476930418371067,0.001,4.912301301956177
8805,17,305,2413,8.792181968688965,12.46321196846471,0.001,4.339339971542358
8806,17,306,1317,11.084531784057617,12.460809420548111,0.001,3.8842804431915283
8807,17,307,2157,16.219234466552734,12.479091991355425,0.001,4.605966329574585
8808,17,308,1090,14.721677780151367,12.484841089961613,0.001,4.656897306442261
8809,17,309,2548,11.414406776428223,12.481022277303081,0.001,4.368993282318115
8810,17,310,1766,29.54918670654297,12.502019024589918,0.001,4.261462688446045
8811,17,311,1848,11.098430633544922,12.49524879945408,0.001,3.8991498947143555
8812,17,312,1126,14.43135929107666,12.504537034464912,0.001,4.628020524978638
8813,17,313,2601,16.6602783203125,12.523978716347555,0.001,4.1573872566223145
8814,17,314,2547,27.465301513671875,12.577295548792508,0.001,4.372422218322754
8815,17,315,1399,20.031005859375,12.613009345960362,0.001,4.127499103546143
8816,17,316,1324,11.2918062210083,12.606853946628666,0.001,3.409374237060547
8817,17,317,1617,14.181998252868652,12.613968065702855,0.001,4.0413498878479
8818,17,318,2243,9.499006271362305,12.599436822783154,0.001,3.911391496658325
8819,17,319,2172,8.775747299194336,12.585910201632391,0.001,3.852924346923828
8820,17,320,2533,8.181102752685547,12.574787316818274,0.001,4.36106014251709
8821,17,321,2450,7.611147880554199,12.557940337742721,0.001,4.03876519203186
8822,17,322,1117,13.185538291931152,12.560143270428256,0.001,3.7057242393493652
8823,17,323,1915,9.664676666259766,12.553108148715953,0.001,4.378594875335693
8824,17,324,1764,17.486501693725586,12.57605116263672,0.001,3.987117290496826
8825,17,325,2462,15.837661743164062,12.59106590709811,0.001,3.9624650478363037
8826,17,326,1549,16.8345890045166,12.60166216875517,0.001,3.681762456893921
8827,17,327,2278,18.36278533935547,12.62147056420038,0.001,4.09149169921875
8828,17,328,2565,9.970967292785645,12.61713150362792,0.001,3.9635722637176514
8829,17,329,2583,11.015985488891602,12.611696132128904,0.001,4.070816516876221
8830,17,330,2432,7.75465726852417,12.603830242150716,0.001,4.4078919887542725
8831,17,331,2613,11.063291549682617,12.598730156444201,0.001,4.173723936080933
8832,17,332,2297,12.093657493591309,12.597005846171003,0.001,4.0587382316589355
8833,17,333,2095,12.743638038635254,12.59764381547009,0.001,4.256993055343628
8834,17,334,2552,9.877178192138672,12.588711445286837,0.001,4.092355251312256
8835,17,335,2608,9.26137924194336,12.573783085248694,0.001,3.659227132797241
8836,17,336,250,21.38302993774414,12.587647186749583,0.001,4.208809852600098
8837,17,337,1274,12.090749740600586,12.586047173701886,0.001,4.133654356002808
8838,17,338,2603,9.749598503112793,12.573984992123759,0.001,3.3984739780426025
8839,17,339,1460,9.069740295410156,12.565782209497371,0.001,3.6038432121276855
8840,17,340,2585,8.940896034240723,12.554217306621862,0.001,3.851297616958618
8841,17,341,1921,10.372231483459473,12.547153991427788,0.001,4.447721481323242
8842,17,342,2113,9.261831283569336,12.536393867678557,0.001,3.5791168212890625
8843,17,343,2427,10.212087631225586,12.529062350415447,0.001,3.8563942909240723
8844,17,344,1265,8.563529014587402,12.522967286469788,0.001,3.6118674278259277
8845,17,345,1791,8.054576873779297,12.512876732218702,0.001,3.919738531112671
8846,17,346,2672,9.5106840133667,12.500007644342555,0.001,4.236311435699463
8847,17,347,2673,16.86313819885254,12.514119347018644,0.001,4.15480899810791
8848,17,348,1896,8.783621788024902,12.50235630540753,0.001,3.9448583126068115
8849,17,349,1737,11.20415210723877,12.497031819004462,0.001,4.033350229263306
8850,17,350,2298,7.77304744720459,12.49010416067226,0.001,4.241876125335693
8851,17,351,1311,9.121270179748535,12.476016228846289,0.001,3.8400931358337402
8852,17,352,1442,9.136920928955078,12.468627381415189,0.001,3.922802448272705
8853,17,353,2455,7.7624688148498535,12.461451207732892,0.001,3.569492816925049
8854,17,354,1903,5.936413764953613,12.447117334709102,0.001,4.131488084793091
8855,17,355,2435,7.574151992797852,12.439655056435656,0.001,3.7883222103118896
8856,17,356,2406,11.413041114807129,12.435360058916118,0.001,4.17087459564209
8857,17,357,2534,6.175108909606934,12.425990406042434,0.001,4.096480846405029
8858,17,358,1503,15.545077323913574,12.432350403898145,0.001,3.7192671298980713
8859,17,359,2073,7.569220542907715,12.425474704885762,0.001,3.9897196292877197
8860,17,360,1586,7.801625728607178,12.406341136510216,0.001,3.426466941833496
8861,17,361,2535,7.393474102020264,12.399005111799294,0.001,4.685982942581177
8862,17,362,2617,14.347807884216309,12.406913198456596,0.001,4.027336359024048
8863,17,363,32,12.622313499450684,12.407805110742151,0.001,4.133253335952759
8864,17,364,2610,7.8256001472473145,12.401144391260368,0.001,4.006768465042114
8865,17,365,2546,6.672849655151367,12.383890652302567,0.001,4.797451972961426
8866,17,366,1313,10.65676212310791,12.377218436121602,0.001,4.501926422119141
8867,17,367,254,8.86701774597168,12.363186712364426,0.001,3.873939275741577
8868,17,368,1342,10.788941383361816,12.3585449569933,0.001,4.099264144897461
8869,17,369,2401,10.526212692260742,12.352980967188916,0.001,4.365185022354126
8870,17,370,2476,14.804336547851562,12.356485733032475,0.001,4.181730031967163
8871,17,371,1113,16.827865600585938,12.374231398518972,0.001,3.7794406414031982
8872,17,372,1862,8.555447578430176,12.36881681528757,0.001,3.813615322113037
8873,17,373,264,10.956328392028809,12.364601164781643,0.001,3.906743049621582
8874,17,374,1149,18.504987716674805,12.382928529070899,0.001,3.982119560241699
8875,17,375,2181,14.744199752807617,12.386259664719345,0.001,3.662060022354126
8876,17,376,2930,6.119140148162842,12.377657451819413,0.001,3.5649936199188232
8877,17,377,378,12.244453430175781,12.377135552811911,0.001,4.539418458938599
8878,17,378,2767,13.028929710388184,12.37907075232032,0.001,4.268620729446411
8879,17,379,2294,6.405573844909668,12.371021787720252,0.001,4.807645797729492
8880,17,380,38,7.463070869445801,12.360713116195624,0.001,4.327311038970947
8881,17,381,372,12.159321784973145,12.360467716390058,0.001,4.008979797363281
8882,17,382,2709,19.99311065673828,12.370914957757327,0.001,3.5387580394744873
8883,17,383,1700,16.584280014038086,12.380135748190957,0.001,4.361846208572388
8884,17,384,1878,10.769852638244629,12.376842946125759,0.001,3.911480188369751
8885,17,385,2233,11.1010103225708,12.374218816592052,0.001,4.177300453186035
8886,17,386,2782,9.373917579650879,12.362573658668724,0.001,4.1783857345581055
8887,17,387,2523,14.442279815673828,12.370544779188215,0.001,3.2264010906219482
8888,17,388,407,11.632843017578125,12.36843363233854,0.001,3.9387242794036865
8889,17,389,1626,7.767061710357666,12.362377572922885,0.001,3.6667287349700928
8890,17,390,1951,7.2850422859191895,12.347883627515671,0.001,4.1456618309021
8891,17,391,1832,12.165148735046387,12.347191079132994,0.001,4.10173225402832
8892,17,392,2229,14.53994083404541,12.351029369855485,0.001,3.8874077796936035
8893,17,393,2422,10.322793006896973,12.348292920111986,0.001,3.722308874130249
8894,17,394,2772,6.873342514038086,12.332892670649121,0.001,4.096868276596069
8895,17,395,432,16.816181182861328,12.345271481985758,0.001,3.8852620124816895
8896,17,396,2505,10.39305591583252,12.34260071114532,0.001,3.7488455772399902
8897,17,397,1864,12.366482734680176,12.342632890428693,0.001,3.832521677017212
8898,17,398,2270,6.5526885986328125,12.320807694614183,0.001,4.173443078994751
8899,17,399,1132,8.542352676391602,12.310110195163771,0.001,4.6993629932403564
8900,17,400,1807,29.21942710876465,12.371929259627036,0.001,3.689591646194458
8901,17,401,1372,7.579488277435303,12.358714672149773,0.001,3.9784743785858154
8902,17,402,1777,9.492323875427246,12.350909823779743,0.001,4.07553505897522
8903,17,403,2909,10.519845008850098,12.34581962912765,0.001,4.683466911315918
8904,17,404,1196,8.729434967041016,12.341472635696814,0.001,4.226958990097046
8905,17,405,2443,7.239006996154785,12.327578373211331,0.001,4.038033962249756
8906,17,406,401,10.93060302734375,12.323750616648946,0.001,4.258874177932739
8907,17,407,1383,8.373357772827148,12.315923363174017,0.001,3.4762704372406006
8908,17,408,177,8.738953590393066,12.306314907988058,0.001,3.9674177169799805
8909,17,409,1797,6.750210285186768,12.298965736242545,0.001,3.6671142578125
8910,17,410,2152,15.404772758483887,12.307310412221309,0.001,4.232450008392334
8911,17,411,2911,25.799163818359375,12.32343396643249,0.001,4.225433111190796
8912,17,412,2055,8.798235893249512,12.310737419174057,0.001,3.801652669906616
8913,17,413,2040,7.762457370758057,12.294214090931176,0.001,3.6100432872772217
8914,17,414,2874,10.34610652923584,12.289091558074427,0.001,4.13613486289978
8915,17,415,37,16.82470703125,12.305176177096891,0.001,4.159133672714233
8916,17,416,441,10.381982803344727,12.30005603230488,0.001,4.396362066268921
8917,17,417,1109,14.170575141906738,12.306453523746576,0.001,4.139445543289185
8918,17,418,424,13.739969253540039,12.309036926458024,0.001,3.8106157779693604
8919,17,419,2750,10.45881462097168,12.306721933804088,0.001,4.063843727111816
8920,17,420,2569,10.851489067077637,12.303980866462009,0.001,4.343316078186035
8921,17,421,405,6.757272243499756,12.293283591613548,0.001,3.91060733795166
8922,17,422,336,9.29818344116211,12.282708394996341,0.001,3.9930663108825684
8923,17,423,2682,10.818655967712402,12.27752097672216,0.001,4.595456838607788
8924,17,424,1682,18.5926570892334,12.29398719622129,0.001,4.046617031097412
8925,17,425,2706,13.218728065490723,12.295079507475108,0.001,4.17845892906189
8926,17,426,1393,19.287214279174805,12.313394167629713,0.001,4.542121887207031
8927,17,427,2781,16.505374908447266,12.320213660740805,0.001,3.7391819953918457
8928,17,428,1344,10.114787101745605,12.314545751147628,0.001,4.313402414321899
8929,17,429,1596,16.33549690246582,12.321807870331122,0.001,3.5320885181427
8930,17,430,2901,21.742469787597656,12.339591688711918,0.001,4.014344215393066
8931,17,431,2000,7.087706089019775,12.333214648960325,0.001,4.087956666946411
8932,17,432,2499,10.939817428588867,12.330645394727851,0.001,4.487394094467163
8933,17,433,2668,11.209155082702637,12.327731334289094,0.001,4.274975299835205
8934,17,434,507,40.39521789550781,12.35163861260377,0.001,4.0913307666778564
8935,17,435,2140,8.490730285644531,12.34712719873112,0.001,4.160166263580322
8936,17,436,469,6.783384323120117,12.328237491464556,0.001,3.994105577468872
8937,17,437,390,7.615362167358398,12.319870473838218,0.001,4.1170666217803955
8938,17,438,2580,17.31525421142578,12.336425327703218,0.001,4.344688415527344
8939,17,439,695,8.306804656982422,12.32611940707051,0.001,3.814079523086548
8940,17,440,2325,6.580371379852295,12.311550907666438,0.001,5.005701780319214
8941,17,441,2871,8.711674690246582,12.299518556959882,0.001,4.4724977016448975
8942,17,442,2191,14.09946346282959,12.3028251160499,0.001,3.7012112140655518
8943,17,443,1541,8.026069641113281,12.298166125336893,0.001,3.787447214126587
8944,17,444,2784,10.776829719543457,12.293063046814733,0.001,4.497610092163086
8945,17,445,1493,10.221768379211426,12.28615139481191,0.001,3.877255916595459
8946,17,446,2341,10.064774513244629,12.278726689237292,0.001,4.060395002365112
8947,17,447,2614,14.631406784057617,12.286443961060517,0.001,4.462838172912598
8948,17,448,496,20.312850952148438,12.305454728525255,0.001,4.268005132675171
8949,17,449,382,8.933819770812988,12.301598946401407,0.001,4.052447080612183
8950,17,450,1443,15.21141529083252,12.311101187714822,0.001,3.9478917121887207
8951,17,451,2075,8.348064422607422,12.30425805373599,0.001,3.3486199378967285
8952,17,452,272,7.536715984344482,12.295847564669605,0.001,4.395444631576538
8953,17,453,337,14.074129104614258,12.298663435685496,0.001,4.2944605350494385
8954,17,454,344,6.563187599182129,12.291958837858742,0.001,3.6504881381988525
8955,17,455,774,11.47909927368164,12.289971658100496,0.001,4.231285572052002
8956,17,456,1453,22.176252365112305,12.300666565330086,0.001,3.602943181991577
8957,17,457,1923,8.695083618164062,12.291697423066262,0.001,4.020442724227905
8958,17,458,2188,26.864015579223633,12.32678372879394,0.001,4.410513162612915
8959,17,459,392,9.773506164550781,12.318622871537926,0.001,3.848179817199707
8960,17,460,2513,7.347954750061035,12.312933026443208,0.001,3.768599033355713
8961,17,461,1259,6.800373554229736,12.30363041923197,0.001,4.310883522033691
8962,17,462,2203,7.1465277671813965,12.287049331084411,0.001,4.275048017501831
8963,17,463,1527,24.1954345703125,12.31544550015587,0.001,3.9035122394561768
8964,17,464,2538,10.302778244018555,12.313143496634972,0.001,3.752558469772339
8965,17,465,514,12.467111587524414,12.313410276363616,0.001,3.9658923149108887
8966,17,466,2328,7.398968696594238,12.304922857444215,0.001,4.3378143310546875
8967,17,467,446,7.1312055587768555,12.292692237681809,0.001,3.8945107460021973
8968,17,468,1751,12.904292106628418,12.293733645392123,0.001,4.251803398132324
8969,17,469,434,10.33831787109375,12.29173014960932,0.001,4.172367095947266
8970,17,470,64,8.407681465148926,12.287281760062967,0.001,3.9772822856903076
8971,17,471,1153,7.879547595977783,12.273265189403016,0.001,4.045985698699951
8972,17,472,2563,7.722429275512695,12.26556464472807,0.001,4.1019814014434814
8973,17,473,2832,10.147205352783203,12.259231496890648,0.001,3.8904078006744385
8974,17,474,2652,7.025700092315674,12.253473189947599,0.001,3.5466065406799316
8975,17,475,2425,16.39357566833496,12.26322923059921,0.001,3.7272729873657227
8976,17,476,56,10.571146011352539,12.259267801067095,0.001,3.8291943073272705
8977,17,477,1945,13.740062713623047,12.263880265361756,0.001,4.098117113113403
8978,17,478,523,16.02389907836914,12.275650741203686,0.001,3.9790396690368652
8979,17,479,468,10.374679565429688,12.269828861232435,0.001,4.312551259994507
8980,17,480,1488,10.064765930175781,12.263436842287094,0.001,3.9427502155303955
8981,17,481,490,9.18606185913086,12.259982499498392,0.001,4.01234769821167
8982,17,482,2660,15.611532211303711,12.270067172132597,0.001,3.5923240184783936
8983,17,483,1092,15.64161491394043,12.280407765754978,0.001,4.0644309520721436
8984,17,484,361,12.262407302856445,12.280355467348247,0.001,3.68721866607666
8985,17,485,481,9.465266227722168,12.273928831039546,0.001,4.0251305103302
8986,17,486,2436,14.083045959472656,12.275910387345135,0.001,4.419505834579468
8987,17,487,178,9.690571784973145,12.270165807382323,0.001,3.83737850189209
8988,17,488,771,9.077598571777344,12.262958455998389,0.001,3.6687259674072266
8989,17,489,954,9.275687217712402,12.259734871825515,0.001,3.7987656593322754
8990,17,490,1089,11.192841529846191,12.256521100277878,0.001,3.5859339237213135
8991,17,491,2861,8.347332954406738,12.247638719696699,0.001,4.136395215988159
8992,17,492,2340,10.877965927124023,12.244622103712967,0.001,4.584255695343018
8993,17,493,2923,8.022741317749023,12.23804598192502,0.001,4.20001220703125
8994,17,494,705,6.0443010330200195,12.219239609259898,0.001,4.3783957958221436
8995,17,495,951,10.3342924118042,12.215035210951099,0.001,4.163320302963257
8996,17,496,1128,7.592977523803711,12.20470838213134,0.001,3.4292540550231934
8997,17,497,2098,16.292448043823242,12.210688159433987,0.001,3.7759816646575928
8998,17,498,2543,17.284090042114258,12.222041312890006,0.001,4.564072608947754
8999,17,499,2392,13.757939338684082,12.224505968221424,0.001,4.269978284835815
9000,18,0,2758,19.644304275512695,19.644304275512695,0.001,4.3816819190979
9001,18,1,1814,9.4729642868042,14.58370801686804,0.001,3.620077610015869
9002,18,2,743,8.808893203735352,13.470641027072736,0.001,4.980960130691528
9003,18,3,811,12.258764266967773,13.285968529942524,0.001,3.724778890609741
9004,18,4,1439,15.858787536621094,14.089867908106173,0.001,3.69075870513916
9005,18,5,699,11.76197338104248,13.648847120817477,0.001,3.540029764175415
9006,18,6,803,7.423330783843994,13.138906168272209,0.001,4.6577770709991455
9007,18,7,521,7.6657609939575195,12.716017539495983,0.001,4.651180982589722
9008,18,8,721,20.022397994995117,13.46685082273982,0.001,4.225300073623657
9009,18,9,1333,21.81254768371582,14.53398504250071,0.001,4.212943077087402
9010,18,10,458,24.93714714050293,15.14552557202333,0.001,3.368576765060425
9011,18,11,2694,6.557102680206299,14.684127995633057,0.001,3.6995885372161865
9012,18,12,518,12.238794326782227,14.558058636660238,0.001,3.4658761024475098
9013,18,13,2204,13.463272094726562,14.422331760430417,0.001,3.8440797328948975
9014,18,14,961,19.165063858032227,14.950400208051281,0.001,4.147253036499023
9015,18,15,1339,13.797980308532715,14.90545896981762,0.001,3.666510581970215
9016,18,16,2008,16.844112396240234,14.969820660859083,0.001,4.351122140884399
9017,18,17,1571,13.658802032470703,14.846748712815922,0.001,3.724442481994629
9018,18,18,977,21.276613235473633,15.146792945286494,0.001,3.4140050411224365
9019,18,19,966,21.690032958984375,15.441319776011829,0.001,3.6156461238861084
9020,18,20,919,21.764360427856445,15.948023192178603,0.001,4.195820093154907
9021,18,21,1093,14.720207214355469,15.859804667791714,0.001,4.442790985107422
9022,18,22,459,10.272878646850586,15.71853355996465,0.001,4.315377712249756
9023,18,23,448,14.60265827178955,15.660606643985467,0.001,3.9420952796936035
9024,18,24,388,11.93386173248291,15.57627714526141,0.001,4.25271201133728
9025,18,25,436,14.050403594970703,15.524952122137416,0.001,3.780317544937134
9026,18,26,920,7.811330318450928,15.055809822315153,0.001,3.6873364448547363
9027,18,27,2347,7.423856735229492,14.727647490846984,0.001,4.080183982849121
9028,18,28,2588,9.736015319824219,14.453573301638002,0.001,3.318242311477661
9029,18,29,350,10.297324180603027,14.289917874063036,0.001,3.715665578842163
9030,18,30,2117,12.112055778503418,14.209856653293201,0.001,3.8885385990142822
9031,18,31,1181,11.765984535217285,14.123154277234681,0.001,4.329866170883179
9032,18,32,787,9.593957901000977,14.045077134553782,0.001,3.6207077503204346
9033,18,33,686,8.063028335571289,13.834531928932828,0.001,3.8138186931610107
9034,18,34,2789,11.75058364868164,13.765381424127444,0.001,3.6945905685424805
9035,18,35,367,11.720359802246094,13.718450337812406,0.001,3.903972625732422
9036,18,36,1532,8.401135444641113,13.498650829595787,0.001,3.767636775970459
9037,18,37,68,8.499446868896484,13.387578213675182,0.001,4.250517845153809
9038,18,38,2692,10.596186637878418,13.278611551919168,0.001,4.845921277999878
9039,18,39,1120,15.642107963562012,13.324808171734325,0.001,4.0816874504089355
9040,18,40,863,22.796159744262695,13.591180475467945,0.001,4.269528865814209
9041,18,41,789,10.600483894348145,13.510187168239227,0.001,4.395169258117676
9042,18,42,788,13.226234436035156,13.50023175232577,0.001,3.6993627548217773
9043,18,43,956,7.809270858764648,13.308669753235524,0.001,4.320307970046997
9044,18,44,2482,7.991479873657227,13.133336623235273,0.001,4.269561052322388
9045,18,45,986,19.549352645874023,13.289289186490718,0.001,4.1098997592926025
9046,18,46,685,10.100783348083496,13.215837784151033,0.001,4.157999277114868
9047,18,47,1909,13.027408599853516,13.210228417855895,0.001,3.3812050819396973
9048,18,48,991,11.953492164611816,13.197101530602541,0.001,4.075059175491333
9049,18,49,2327,9.409664154052734,13.138480705392784,0.001,4.289901494979858
9050,18,50,2387,34.19955825805664,13.466031037458572,0.001,4.046242952346802
9051,18,51,274,13.528889656066895,13.467346914756668,0.001,4.880309581756592
9052,18,52,616,11.615083694458008,13.416717523653132,0.001,3.6447713375091553
9053,18,53,1519,21.217374801635742,13.577788746914203,0.001,3.5155045986175537
9054,18,54,2654,11.513547897338867,13.523251204888643,0.001,3.679338216781616
9055,18,55,1838,9.566862106323242,13.447986891262895,0.001,4.1807966232299805
9056,18,56,522,6.852204322814941,13.281460584612207,0.001,3.9525623321533203
9057,18,57,2864,9.338041305541992,13.228476528874467,0.001,3.5481345653533936
9058,18,58,852,12.958892822265625,13.223599587938738,0.001,3.7949392795562744
9059,18,59,2071,18.859363555908203,13.295695403557955,0.001,3.808724880218506
9060,18,60,819,9.129961967468262,13.221510798976658,0.001,3.628136396408081
9061,18,61,67,16.08240509033203,13.27137575860415,0.001,3.667494297027588
9062,18,62,374,10.087531089782715,13.19952752816502,0.001,4.423898220062256
9063,18,63,2564,11.041494369506836,13.164022482832394,0.001,3.8586320877075195
9064,18,64,29,6.97159481048584,13.062698575521855,0.001,4.262782573699951
9065,18,65,2202,9.6791353225708,12.989513310449931,0.001,4.055549383163452
9066,18,66,1692,7.090327739715576,12.865837716821993,0.001,3.626528739929199
9067,18,67,759,7.028931617736816,12.77611623574211,0.001,3.9676859378814697
9068,18,68,1543,7.776865482330322,12.738861686628828,0.001,4.502550840377808
9069,18,69,801,7.828219413757324,12.68693393995013,0.001,4.127969980239868
9070,18,70,989,13.465246200561523,12.698601492781556,0.001,3.869838237762451
9071,18,71,2251,7.455632209777832,12.641648152014787,0.001,3.67767596244812
9072,18,72,340,8.085203170776367,12.574760455857982,0.001,4.091933965682983
9073,18,73,1480,7.090964317321777,12.537366383881926,0.001,4.823996543884277
9074,18,74,2219,7.3979034423828125,12.504163362442887,0.001,4.502191781997681
9075,18,75,1495,8.146866798400879,12.441810367552552,0.001,4.084420442581177
9076,18,76,2775,12.95158863067627,12.448874329576888,0.001,3.1669092178344727
9077,18,77,2834,7.299614906311035,12.35385484848593,0.001,4.089305639266968
9078,18,78,1823,7.9567084312438965,12.272716820113738,0.001,4.4458396434783936
9079,18,79,2349,6.776139736175537,12.175852391779781,0.001,3.569847583770752
9080,18,80,77,11.189857482910156,12.162757144076439,0.001,3.57034969329834
9081,18,81,2929,8.128836631774902,12.110488012550807,0.001,4.00501823425293
9082,18,82,742,6.620090484619141,12.016905236592745,0.001,3.948418617248535
9083,18,83,814,8.238825798034668,11.993527699112672,0.001,4.420781373977661
9084,18,84,408,12.262165069580078,11.995909204424278,0.001,4.368223667144775
9085,18,85,2720,11.462821006774902,11.992982400596075,0.001,3.7516214847564697
9086,18,86,1482,4.674778461456299,11.950329033834688,0.001,4.029818296432495
9087,18,87,607,10.989265441894531,11.944907924085213,0.001,4.107823848724365
9088,18,88,694,12.68265438079834,11.956818697367533,0.001,4.492148160934448
9089,18,89,2184,22.346908569335938,12.046848761975225,0.001,4.414918899536133
9090,18,90,1434,12.097380638122559,12.047428390101416,0.001,4.441917657852173
9091,18,91,1373,10.8016939163208,12.035907075439352,0.001,3.5557563304901123
9092,18,92,2595,9.594295501708984,12.022401201177107,0.001,4.0599565505981445
9093,18,93,827,18.117752075195312,12.064508076147206,0.001,4.020053148269653
9094,18,94,693,6.8596625328063965,11.984703692754417,0.001,3.1629958152770996
9095,18,95,2529,8.012757301330566,11.93871969280823,0.001,3.488780975341797
9096,18,96,913,8.27294921875,11.909446906775464,0.001,4.16148829460144
9097,18,97,834,6.1123223304748535,11.824094028077802,0.001,4.604716777801514
9098,18,98,2101,10.78387451171875,11.808847999855553,0.001,3.9519176483154297
9099,18,99,2793,6.7931132316589355,11.735818716426666,0.001,4.345744848251343
9100,18,100,858,13.539316177368164,11.744136781440629,0.001,3.7624738216400146
9101,18,101,1846,9.359002113342285,11.71912726607068,0.001,3.4335155487060547
9102,18,102,1821,9.178475379943848,11.706433409496768,0.001,3.672452688217163
9103,18,103,2343,7.1002655029296875,11.672496094676049,0.001,4.3024375438690186
9104,18,104,601,14.744609832763672,11.71467048565364,0.001,4.170266628265381
9105,18,105,2511,11.494532585144043,11.713042436364313,0.001,4.455830812454224
9106,18,106,707,7.167713165283203,11.692404273896669,0.001,4.040132284164429
9107,18,107,611,10.236452102661133,11.6820696907787,0.001,3.845355987548828
9108,18,108,2845,9.584447860717773,11.654210710152913,0.001,4.200149297714233
9109,18,109,861,9.578073501586914,11.639508676303686,0.001,3.913033962249756
9110,18,110,778,10.734126091003418,11.630701303250389,0.001,4.183807373046875
9111,18,111,680,7.144954204559326,11.610059000766997,0.001,4.1315016746521
9112,18,112,2584,9.810956954956055,11.587015923536065,0.001,4.941770792007446
9113,18,113,1649,13.802581787109375,11.6082161552482,0.001,4.0319602489471436
9114,18,114,1636,6.681798934936523,11.546146444519824,0.001,4.281305313110352
9115,18,115,915,8.674346923828125,11.533773931047513,0.001,4.349961996078491
9116,18,116,2498,11.661048889160156,11.534619611832314,0.001,3.823699712753296
9117,18,117,2197,15.159789085388184,11.567886877717907,0.001,3.5754175186157227
9118,18,118,383,12.34935474395752,11.577099704345235,0.001,4.199515342712402
9119,18,119,825,15.69019889831543,11.594450283095533,0.001,3.75873064994812
9120,18,120,1772,6.969712734222412,11.538222893631936,0.001,3.705500841140747
9121,18,121,73,22.830053329467773,11.58690526272917,0.001,4.096960544586182
9122,18,122,2502,6.895264148712158,11.531109672800323,0.001,4.193743705749512
9123,18,123,519,7.751777648925781,11.48691950592069,0.001,3.633596897125244
9124,18,124,2619,7.148978233337402,11.462296355233724,0.001,4.233064889907837
9125,18,125,904,24.810171127319336,11.53510797364939,0.001,4.717353343963623
9126,18,126,916,5.372539043426514,11.50943885882249,0.001,4.3445117473602295
9127,18,127,914,12.735809326171875,11.519854476907765,0.001,3.8263208866119385
9128,18,128,851,8.48828411102295,11.484999826589444,0.001,4.480527877807617
9129,18,129,706,7.0280327796936035,11.466899175112122,0.001,4.019818067550659
9130,18,130,2479,6.538572788238525,11.42723724880075,0.001,3.9461464881896973
9131,18,131,266,16.061819076538086,11.478192347063965,0.001,3.9840614795684814
9132,18,132,682,18.53928565979004,11.554330692994442,0.001,4.224034070968628
9133,18,133,689,23.457674026489258,11.62295142523329,0.001,4.269377708435059
9134,18,134,2763,11.210947036743164,11.621380224021907,0.001,4.135318994522095
9135,18,135,2166,16.952362060546875,11.651761084402283,0.001,3.923520565032959
9136,18,136,488,13.39731502532959,11.670048609548603,0.001,3.9913651943206787
9137,18,137,719,10.684187889099121,11.659713865133288,0.001,3.6282644271850586
9138,18,138,74,6.310211181640625,11.640053919732797,0.001,3.8608734607696533
9139,18,139,1679,7.262104034423828,11.61522495080498,0.001,4.199636936187744
9140,18,140,461,13.213729858398438,11.63149191478357,0.001,3.915391445159912
9141,18,141,190,8.281927108764648,11.596634675864054,0.001,4.130692958831787
9142,18,142,2537,8.01954174041748,11.568982694387763,0.001,4.4851133823394775
9143,18,143,65,9.243685722351074,11.56044610342994,0.001,4.169455051422119
9144,18,144,1817,10.884305953979492,11.558108459433777,0.001,4.280855655670166
9145,18,145,492,14.289220809936523,11.58522513158315,0.001,4.641302108764648
9146,18,146,710,8.625277519226074,11.563500790174983,0.001,4.638596534729004
9147,18,147,1264,16.867923736572266,11.582429025380302,0.001,3.9945590496063232
9148,18,148,2070,14.350959777832031,11.609247827370414,0.001,4.275170803070068
9149,18,149,403,9.303759574890137,11.59743690533525,0.001,4.086503982543945
9150,18,150,972,7.50441312789917,11.568547988696421,0.001,4.391058921813965
9151,18,151,376,11.799421310424805,11.569347919466829,0.001,3.9350876808166504
9152,18,152,2593,9.511153221130371,11.554392028110552,0.001,3.9904825687408447
9153,18,153,873,12.814717292785645,11.558137737835402,0.001,3.3555920124053955
9154,18,154,2906,12.906485557556152,11.56760452521726,0.001,4.163237810134888
9155,18,155,60,7.791382789611816,11.548751747418095,0.001,4.165664196014404
9156,18,156,808,14.217662811279297,11.567174658923184,0.001,4.021483421325684
9157,18,157,1173,10.81801986694336,11.564685387023012,0.001,4.276997804641724
9158,18,158,342,9.986770629882812,11.549995607809558,0.001,4.567561388015747
9159,18,159,471,5.8076300621032715,11.498359851247171,0.001,4.202139377593994
9160,18,160,69,18.847759246826172,11.56507842770043,0.001,4.279852628707886
9161,18,161,455,21.765016555786133,11.590149590636045,0.001,4.314824342727661
9162,18,162,1938,8.284911155700684,11.579957563659425,0.001,4.660289525985718
9163,18,163,1812,11.789899826049805,11.581841343569629,0.001,4.126936912536621
9164,18,164,1302,15.29537582397461,11.612405976142954,0.001,4.4234514236450195
9165,18,165,363,5.5539116859436035,11.593522981492217,0.001,3.6872928142547607
9166,18,166,400,11.310977935791016,11.592338751243604,0.001,4.591202259063721
9167,18,167,962,14.090639114379883,11.604069696047013,0.001,4.276449918746948
9168,18,168,727,15.629114151000977,11.61634889628721,0.001,3.896613597869873
9169,18,169,728,12.0079984664917,11.618885352383268,0.001,4.27388858795166
9170,18,170,981,10.243255615234375,11.610040973373035,0.001,4.163503646850586
9171,18,171,94,12.213549613952637,11.614866590029678,0.001,3.7006537914276123
9172,18,172,770,15.673410415649414,11.640900755896869,0.001,4.169954538345337
9173,18,173,1627,18.637508392333984,11.685227342984088,0.001,4.068096160888672
9174,18,174,1440,9.398158073425293,11.671252779364867,0.001,4.33078145980835
9175,18,175,256,11.074275970458984,11.668633128876643,0.001,3.9709925651550293
9176,18,176,368,11.44314956665039,11.667193587564547,0.001,4.3735597133636475
9177,18,177,2522,15.273144721984863,11.689123259491456,0.001,4.109912872314453
9178,18,178,2927,39.9401741027832,11.760541606978386,0.001,4.02063512802124
9179,18,179,453,10.130611419677734,11.75350412506476,0.001,3.8238208293914795
9180,18,180,2669,10.722344398498535,11.750478795416093,0.001,3.8911190032958984
9181,18,181,773,12.921126365661621,11.757553238523924,0.001,4.0122106075286865
9182,18,182,717,9.004820823669434,11.735560819109779,0.001,3.9927501678466797
9183,18,183,864,17.925045013427734,11.752240612955191,0.001,4.783206462860107
9184,18,184,990,19.92641830444336,11.801953543243119,0.001,4.164575576782227
9185,18,185,870,12.717448234558105,11.805830092966549,0.001,4.123414754867554
9186,18,186,175,9.985520362854004,11.798008663567414,0.001,4.351984739303589
9187,18,187,2377,10.640602111816406,11.791255728342092,0.001,4.229752540588379
9188,18,188,2722,15.586098670959473,11.801007704570761,0.001,4.4516761302948
9189,18,189,2590,16.07126808166504,11.818213325593874,0.001,3.814852237701416
9190,18,190,447,5.379335403442383,11.800204913789305,0.001,3.7728052139282227
9191,18,191,2794,4.822463035583496,11.78074382330241,0.001,3.727024555206299
9192,18,192,377,5.937159538269043,11.756684277825709,0.001,3.5251638889312744
9193,18,193,98,6.553379535675049,11.716823219717039,0.001,4.1030097007751465
9194,18,194,325,14.021110534667969,11.729881520679502,0.001,3.939537525177002
9195,18,195,832,8.556790351867676,11.70613687606421,0.001,3.712895393371582
9196,18,196,2596,12.036703109741211,11.707462870585386,0.001,4.445719003677368
9197,18,197,1923,8.401097297668457,11.688572005305998,0.001,4.152386665344238
9198,18,198,1393,16.348682403564453,11.71462217270501,0.001,4.194100379943848
9199,18,199,1488,15.987515449523926,11.744180503146922,0.001,4.93177604675293
9200,18,200,1814,8.527256965637207,11.72677366562998,0.001,3.6114978790283203
9201,18,201,1495,9.1785306930542,11.71279669219041,0.001,3.799861431121826
9202,18,202,1087,17.085670471191406,11.750933193143574,0.001,3.596226930618286
9203,18,203,1383,5.918924331665039,11.728093173085828,0.001,4.107532024383545
9204,18,204,1532,9.797659873962402,11.714379890834778,0.001,3.7146129608154297
9205,18,205,1399,24.33568000793457,11.80528594711245,0.001,3.5362699031829834
9206,18,206,1111,13.302982330322266,11.813190432443205,0.001,3.9428858757019043
9207,18,207,1470,7.1280717849731445,11.789155071040057,0.001,4.437586307525635
9208,18,208,1519,21.2852783203125,11.839833125407011,0.001,4.045417308807373
9209,18,209,1105,6.662256240844727,11.826430804959804,0.001,3.7280113697052
9210,18,210,1326,5.235638618469238,11.810313327653366,0.001,3.8473432064056396
9211,18,211,2050,9.410179138183594,11.801574307949423,0.001,4.35712194442749
9212,18,212,1506,11.443377494812012,11.800735701556242,0.001,3.7380943298339844
9213,18,213,1196,7.134772777557373,11.790199999362805,0.001,3.8432605266571045
9214,18,214,1117,13.156774520874023,11.797357057889398,0.001,4.0679848194122314
9215,18,215,1642,9.530731201171875,11.785924802666912,0.001,3.5191099643707275
9216,18,216,1530,9.920171737670898,11.773294117409701,0.001,3.68961763381958
9217,18,217,1557,9.445019721984863,11.757530753754061,0.001,3.8276073932647705
9218,18,218,1457,9.39680004119873,11.741901238719322,0.001,4.182810306549072
9219,18,219,1717,7.8330278396606445,11.732700307017755,0.001,3.728203773498535
9220,18,220,2034,6.60482120513916,11.699229337689411,0.001,3.830090045928955
9221,18,221,1617,12.000066757202148,11.70114193711362,0.001,4.068255662918091
9222,18,222,1099,10.412483215332031,11.692690616873016,0.001,3.8401520252227783
9223,18,223,190,13.438897132873535,11.704311046948362,0.001,3.8812201023101807
9224,18,224,1463,8.345537185668945,11.697536595658509,0.001,4.004779100418091
9225,18,225,1769,9.700170516967773,11.684541046496603,0.001,3.9740679264068604
9226,18,226,1128,12.797619819641113,11.689899029508917,0.001,3.6551265716552734
9227,18,227,1951,8.986644744873047,11.676941633777897,0.001,4.281790018081665
9228,18,228,177,9.91525936126709,11.668668230371537,0.001,4.645521879196167
9229,18,229,2007,15.013858795166016,11.684436993181336,0.001,3.926283359527588
9230,18,230,1819,17.17304229736328,11.696898318676327,0.001,4.492404460906982
9231,18,231,1313,12.145752906799316,11.69959326482257,0.001,3.9856717586517334
9232,18,232,1081,16.09218978881836,11.720181203727003,0.001,3.946155071258545
9233,18,233,1693,11.964889526367188,11.721693278094222,0.001,4.014617681503296
9234,18,234,1098,12.339789390563965,11.723760029249958,0.001,4.082447290420532
9235,18,235,1090,10.995400428771973,11.72138979516147,0.001,3.7594544887542725
9236,18,236,1864,14.804211616516113,11.728211153801134,0.001,4.749908447265625
9237,18,237,1568,21.4368839263916,11.77244722029058,0.001,3.5371885299682617
9238,18,238,1699,14.975736618041992,11.782649377913648,0.001,4.109185218811035
9239,18,239,1317,11.170844078063965,11.781322258211445,0.001,4.496136665344238
9240,18,240,1756,11.456268310546875,11.779869716829737,0.001,3.941559314727783
9241,18,241,2000,9.171208381652832,11.774304463499522,0.001,4.0601160526275635
9242,18,242,1900,19.835289001464844,11.792104770497982,0.001,4.301358699798584
9243,18,243,1714,13.555855751037598,11.799851138909382,0.001,4.02006459236145
9244,18,244,1355,10.356781005859375,11.793348537304517,0.001,3.709505558013916
9245,18,245,2149,10.05976390838623,11.785496651026326,0.001,4.2503979206085205
9246,18,246,1259,8.398510932922363,11.774956522637217,0.001,3.985522985458374
9247,18,247,2205,7.2434515953063965,11.75454330370004,0.001,3.6943790912628174
9248,18,248,2219,9.272398948669434,11.749637377747039,0.001,3.730945110321045
9249,18,249,1514,8.757722854614258,11.743401014674303,0.001,4.4915666580200195
9250,18,250,1302,15.58234691619873,11.764412715756002,0.001,4.512116193771362
9251,18,251,1838,13.340316772460938,11.771177736773296,0.001,3.429471969604492
9252,18,252,2064,8.872224807739258,11.758425450320006,0.001,4.179468393325806
9253,18,253,1616,11.382926940917969,11.756762370306957,0.001,3.816422462463379
9254,18,254,1097,7.73602294921875,11.748717603730157,0.001,3.963243246078491
9255,18,255,2060,28.26141929626465,11.820160730712354,0.001,3.9807379245758057
9256,18,256,1772,9.047002792358398,11.804096851420537,0.001,4.274960041046143
9257,18,257,1737,10.236520767211914,11.795448096740209,0.001,3.834733009338379
9258,18,258,1481,7.346330642700195,11.77636073423919,0.001,4.486492395401001
9259,18,259,1484,7.815767765045166,11.759492862922144,0.001,4.295286417007446
9260,18,260,1274,13.758861541748047,11.767724517908812,0.001,4.144874572753906
9261,18,261,1161,8.05160140991211,11.760741253012924,0.001,3.973550319671631
9262,18,262,1127,8.278562545776367,11.750131096250172,0.001,4.262141704559326
9263,18,263,1620,18.492063522338867,11.759092786802697,0.001,3.737297773361206
9264,18,264,1434,10.164168357849121,11.752691548057976,0.001,3.906079053878784
9265,18,265,2066,5.842625617980957,11.720290192362157,0.001,4.134268283843994
9266,18,266,1440,9.056496620178223,11.709556607182485,0.001,3.7892773151397705
9267,18,267,1682,17.429697036743164,11.732956470397871,0.001,4.242383241653442
9268,18,268,2297,9.984930992126465,11.725662172143673,0.001,4.276380777359009
9269,18,269,1113,10.261037826538086,11.717735554905019,0.001,4.663343906402588
9270,18,270,1339,8.48021125793457,11.71138753268983,0.001,4.24378514289856
9271,18,271,1888,11.641159057617188,11.71101589616457,0.001,4.558931827545166
9272,18,272,2241,10.682499885559082,11.705446075898692,0.001,3.662243366241455
9273,18,273,2184,21.824005126953125,11.734617221582186,0.001,4.920411586761475
9274,18,274,1122,6.687658309936523,11.720013785013224,0.001,3.6375887393951416
9275,18,275,1442,11.84196662902832,11.720355787675365,0.001,4.100255012512207
9276,18,276,1342,10.415215492248535,11.715281558210807,0.001,4.818241596221924
9277,18,277,1909,10.792439460754395,11.710504525711846,0.001,3.820190191268921
9278,18,278,1311,8.647845268249512,11.694539179907869,0.001,3.794757843017578
9279,18,279,1700,19.63297462463379,11.717918641130499,0.001,4.215534925460815
9280,18,280,1817,10.902668952941895,11.716454005921738,0.001,3.673797607421875
9281,18,281,2398,10.306328773498535,11.709224364802736,0.001,3.575772523880005
9282,18,282,2067,9.230557441711426,11.702209630931012,0.001,3.7964365482330322
9283,18,283,1918,7.61049747467041,11.681152419204508,0.001,3.119016647338867
9284,18,284,1363,23.153528213500977,11.725057534004256,0.001,3.800442934036255
9285,18,285,1768,6.757030487060547,11.716054109414378,0.001,3.7327189445495605
9286,18,286,2157,6.541202068328857,11.689773230034794,0.001,3.9340596199035645
9287,18,287,1602,23.270004272460938,11.703643743544653,0.001,3.9654016494750977
9288,18,288,1551,10.053156852722168,11.697285430072961,0.001,4.327280759811401
9289,18,289,1554,11.858853340148926,11.69758037876095,0.001,3.8350095748901367
9290,18,290,1823,9.605224609375,11.686841704314315,0.001,3.5481162071228027
9291,18,291,1626,5.1438212394714355,11.67552104180186,0.001,3.4221346378326416
9292,18,292,2203,6.852327823638916,11.651416222302943,0.001,4.594622611999512
9293,18,293,2191,14.970986366271973,11.66045208326114,0.001,3.5845236778259277
9294,18,294,1627,14.213903427124023,11.67001556152668,0.001,4.729323625564575
9295,18,295,1250,4.674357891082764,11.657810272356032,0.001,4.6374993324279785
9296,18,296,1333,15.647045135498047,11.672579443099592,0.001,3.9754202365875244
9297,18,297,2328,5.988588809967041,11.657436395275905,0.001,4.559307336807251
9298,18,298,1845,10.751473426818848,11.655940018010982,0.001,3.8472867012023926
9299,18,299,1360,8.689546585083008,11.650902834474131,0.001,4.464436292648315
9300,18,300,2188,25.306663513183594,11.700458231317103,0.001,3.6248514652252197
9301,18,301,1262,5.263656139373779,11.689428861171965,0.001,3.7298009395599365
9302,18,302,1493,9.684146881103516,11.679687531122617,0.001,4.0225136280059814
9303,18,303,2341,8.50953483581543,11.664285469105813,0.001,4.207261562347412
9304,18,304,1570,11.225334167480469,11.663522454785214,0.001,3.997457981109619
9305,18,305,2325,5.865561008453369,11.642611697811818,0.001,3.903414011001587
9306,18,306,2140,6.277466773986816,11.63382927686399,0.001,3.9583005905151367
9307,18,307,1675,10.708109855651855,11.631486571504366,0.001,4.200088977813721
9308,18,308,1844,16.753374099731445,11.639243745362386,0.001,4.5139899253845215
9309,18,309,2073,8.450643539428711,11.634037888230601,0.001,4.3829498291015625
9310,18,310,1334,11.19909954071045,11.633312093659704,0.001,4.067373991012573
9311,18,311,2172,10.808869361877441,11.630334255220559,0.001,4.472713470458984
9312,18,312,1571,9.34118366241455,11.619577047154587,0.001,4.044631004333496
9313,18,313,1264,11.239739418029785,11.61892633526704,0.001,4.20939040184021
9314,18,314,2282,11.506351470947266,11.618737898954885,0.001,3.2796683311462402
9315,18,315,1453,10.400876998901367,11.616837665183981,0.001,3.948187828063965
9316,18,316,2152,16.22808074951172,11.632847124127416,0.001,3.8619978427886963
9317,18,317,2278,16.502094268798828,11.650119665450315,0.001,3.6184840202331543
9318,18,318,37,13.339559555053711,11.657911563334773,0.001,4.183014631271362
9319,18,319,2147,8.092926979064941,11.641352937876336,0.001,4.020504713058472
9320,18,320,2270,5.841729164123535,11.614417292007548,0.001,4.205881357192993
9321,18,321,1777,10.895428657531738,11.611984370364828,0.001,4.011172294616699
9322,18,322,1807,28.02577018737793,11.685815738729099,0.001,3.6088950634002686
9323,18,323,1846,9.867627143859863,11.67967538809091,0.001,3.867875814437866
9324,18,324,1439,8.60263442993164,11.6659427588715,0.001,3.929422378540039
9325,18,325,2335,6.936564922332764,11.65812176417853,0.001,4.236670017242432
9326,18,326,1173,12.786377906799316,11.659948354911206,0.001,4.574460029602051
9327,18,327,1690,10.737926483154297,11.658454591694316,0.001,4.060712099075317
9328,18,328,2498,12.558036804199219,11.660613480806283,0.001,4.06352972984314
9329,18,329,1766,28.931787490844727,11.680341553672363,0.001,3.930572748184204
9330,18,330,1473,9.782934188842773,11.676378502998725,0.001,3.8255622386932373
9331,18,331,2235,7.688417911529541,11.658681520218746,0.001,3.5969507694244385
9332,18,332,1636,6.591741561889648,11.636150623536562,0.001,4.311630487442017
9333,18,333,1181,9.832707405090332,11.630311667085191,0.001,3.855158567428589
9334,18,334,2274,7.457885265350342,11.616781108349553,0.001,3.7792391777038574
9335,18,335,2117,14.196303367614746,11.625074164463443,0.001,4.236151933670044
9336,18,336,2462,10.648258209228516,11.620745157758842,0.001,4.341638088226318
9337,18,337,2435,7.223974704742432,11.613681898428545,0.001,3.804769515991211
9338,18,338,1793,6.834848403930664,11.593180243874032,0.001,4.047014236450195
9339,18,339,2432,6.535947322845459,11.585255116336917,0.001,3.9327869415283203
9340,18,340,1370,17.163042068481445,11.603477764532222,0.001,3.9734609127044678
9341,18,341,1263,9.815255165100098,11.597702921478477,0.001,4.335240602493286
9342,18,342,2392,11.458115577697754,11.597377377222337,0.001,4.349173545837402
9343,18,343,2460,11.224408149719238,11.59680597627249,0.001,4.149504899978638
9344,18,344,1848,6.979184627532959,11.57698445251091,0.001,4.114743709564209
9345,18,345,2479,7.883631229400635,11.56556660722761,0.001,3.936246156692505
9346,18,346,2564,10.634078979492188,11.562648736910095,0.001,3.9080982208251953
9347,18,347,2221,9.265096664428711,11.555208097572072,0.001,4.310093641281128
9348,18,348,1151,12.795368194580078,11.55791305546608,0.001,4.246629476547241
9349,18,349,250,19.380292892456055,11.569737962434008,0.001,3.6110036373138428
9350,18,350,2595,7.541265964508057,11.563721281114992,0.001,4.816569566726685
9351,18,351,1083,9.926274299621582,11.557018757949825,0.001,4.445481777191162
9352,18,352,1751,13.904553413391113,11.562297131816674,0.001,3.918135404586792
9353,18,353,2476,11.971637725830078,11.56291088151474,0.001,3.7881388664245605
9354,18,354,1586,6.066434383392334,11.539848005316744,0.001,4.678868770599365
9355,18,355,2298,7.014327526092529,11.533293869523604,0.001,4.205004692077637
9356,18,356,1569,21.470033645629883,11.564382552755546,0.001,3.9930789470672607
9357,18,357,1596,13.485443115234375,11.568540440507974,0.001,3.6358463764190674
9358,18,358,2569,11.418306350708008,11.568209246562827,0.001,3.619778871536255
9359,18,359,2225,8.621630668640137,11.556122695009961,0.001,4.879086017608643
9360,18,360,1503,11.0938138961792,11.555186367563927,0.001,3.5732102394104004
9361,18,361,1149,13.68846321105957,11.561790515872696,0.001,4.420844078063965
9362,18,362,2593,6.787132263183594,11.546884285590416,0.001,4.4478559494018555
9363,18,363,1762,8.142586708068848,11.536534702491023,0.001,4.298470497131348
9364,18,364,1109,12.018208503723145,11.538416569190579,0.001,3.769101142883301
9365,18,365,1541,6.995617389678955,11.532446702875774,0.001,3.3875722885131836
9366,18,366,2537,11.762613296508789,11.533157924185648,0.001,3.7566463947296143
9367,18,367,1649,14.508816719055176,11.542147330898727,0.001,4.231186389923096
9368,18,368,1123,18.778982162475586,11.557646548309524,0.001,4.139853477478027
9369,18,369,2192,26.808029174804688,11.575939322195309,0.001,4.0694239139556885
9370,18,370,1344,10.215312004089355,11.571901396884419,0.001,4.197128057479858
9371,18,371,2422,11.639452934265137,11.571997684856852,0.001,4.069694995880127
9372,18,372,2543,16.24750328063965,11.586025765506768,0.001,4.057874917984009
9373,18,373,2660,12.991137504577637,11.591477130476878,0.001,4.711173057556152
9374,18,374,2583,9.198142051696777,11.58433761086546,0.001,3.810203790664673
9375,18,375,1692,9.468332290649414,11.576043710338041,0.001,4.33803653717041
9376,18,376,1118,9.422416687011719,11.569735650803397,0.001,4.5465452671051025
9377,18,377,38,8.447922706604004,11.56314210959469,0.001,4.150897741317749
9378,18,378,1088,11.063911437988281,11.561711979797826,0.001,4.472341537475586
9379,18,379,1914,7.07852840423584,11.555478633419892,0.001,3.8223047256469727
9380,18,380,175,12.460012435913086,11.557401947187579,0.001,4.23865818977356
9381,18,381,1543,9.810450553894043,11.554943261712163,0.001,4.256509065628052
9382,18,382,2529,10.55324935913086,11.55196810443818,0.001,4.651654958724976
9383,18,383,1265,7.813153266906738,11.54678943496743,0.001,3.801086902618408
9384,18,384,2585,13.121745109558105,11.5512543953032,0.001,3.8475427627563477
9385,18,385,28,11.206090927124023,11.550782206706568,0.001,3.6699776649475098
9386,18,386,2294,11.805009841918945,11.55111991795278,0.001,3.927483558654785
9387,18,387,254,13.28252124786377,11.55771734499178,0.001,3.9207048416137695
9388,18,388,2782,7.061468124389648,11.540388551846963,0.001,4.174696683883667
9389,18,389,2709,21.14034652709961,11.553286659213892,0.001,3.9265053272247314
9390,18,390,1821,9.981160163879395,11.551157246172059,0.001,4.681260108947754
9391,18,391,2181,7.24876070022583,11.54530003797143,0.001,4.2919394969940186
9392,18,392,1394,16.125886917114258,11.558313976911782,0.001,3.816282272338867
9393,18,393,2601,14.977450370788574,11.570995722597594,0.001,3.8030502796173096
9394,18,394,266,9.277610778808594,11.562359032952928,0.001,3.9660918712615967
9395,18,395,2546,7.482800483703613,11.550979984539907,0.001,3.963712692260742
9396,18,396,1523,7.318788528442383,11.545307748304667,0.001,3.844773054122925
9397,18,397,2272,8.458663940429688,11.536673499561742,0.001,4.178832769393921
9398,18,398,2179,6.868053436279297,11.527227340929125,0.001,3.8637988567352295
9399,18,399,2427,14.235469818115234,11.534617557131778,0.001,3.7314181327819824
9400,18,400,1310,5.879803657531738,11.513569047139358,0.001,4.245808362960815
9401,18,401,1324,9.308514595031738,11.50550372446397,0.001,3.7556769847869873
9402,18,402,2763,7.692252159118652,11.500522452943132,0.001,3.5898892879486084
9403,18,403,1879,9.136195182800293,11.495786119829761,0.001,3.993825674057007
9404,18,404,2387,33.949623107910156,11.540005530068095,0.001,4.53723931312561
9405,18,405,1120,17.993860244750977,11.5520632979764,0.001,4.253131151199341
9406,18,406,1174,10.289718627929688,11.548594705642277,0.001,4.060083627700806
9407,18,407,1575,8.068048477172852,11.538864104065183,0.001,3.474196195602417
9408,18,408,2510,10.837462425231934,11.536340123879514,0.001,3.671933174133301
9409,18,409,1397,11.503525733947754,11.536220089588124,0.001,3.562251091003418
9410,18,410,2293,12.880614280700684,11.53994208756003,0.001,4.373032569885254
9411,18,411,1903,6.321392059326172,11.530042863680793,0.001,3.476348876953125
9412,18,412,2533,9.326376914978027,11.5257233957588,0.001,4.9761738777160645
9413,18,413,2864,14.342616081237793,11.531189761523683,0.001,4.168033123016357
9414,18,414,2013,13.019822120666504,11.533061877549374,0.001,4.5207436084747314
9415,18,415,325,15.322242736816406,11.543175989631028,0.001,3.887986183166504
9416,18,416,1679,11.476701736450195,11.54304645910401,0.001,4.025686740875244
9417,18,417,2789,15.034134864807129,11.552319441896353,0.001,4.040273427963257
9418,18,418,2513,7.939661502838135,11.547763784314046,0.001,3.85880970954895
9419,18,419,1839,5.083668231964111,11.539742439693159,0.001,4.588047742843628
9420,18,420,1791,8.09744930267334,11.533313904564146,0.001,4.380016565322876
9421,18,421,2229,12.549437522888184,11.534976964515518,0.001,4.267579078674316
9422,18,422,2832,12.590096473693848,11.538514810209323,0.001,3.9571404457092285
9423,18,423,2166,12.085376739501953,11.539539147865186,0.001,4.112987995147705
9424,18,424,2538,4.653454780578613,11.530886889670072,0.001,3.861360788345337
9425,18,425,2523,12.115116119384766,11.532933814830104,0.001,4.351545810699463
9426,18,426,2535,7.046184539794922,11.527339446186783,0.001,3.3180737495422363
9427,18,427,1126,6.41093635559082,11.509472217990371,0.001,4.422603607177734
9428,18,428,2781,15.645408630371094,11.5162186802015,0.001,3.46986985206604
9429,18,429,382,5.875295639038086,11.509422298483711,0.001,4.0473692417144775
9430,18,430,1938,8.67563247680664,11.506036809746506,0.001,3.8842265605926514
9431,18,431,2450,6.126454830169678,11.492343311349224,0.001,4.284138202667236
9432,18,432,2494,9.83642864227295,11.488093629629127,0.001,3.4252054691314697
9433,18,433,2590,9.835020065307617,11.485137369740029,0.001,4.3288068771362305
9434,18,434,2377,10.440882682800293,11.482457826183907,0.001,3.899500608444214
9435,18,435,1343,19.42685317993164,11.49156332038318,0.001,3.999556303024292
9436,18,436,1368,9.384599685668945,11.48761851012362,0.001,3.8579962253570557
9437,18,437,2874,8.960013389587402,11.481273324107674,0.001,3.729039430618286
9438,18,438,2673,14.801944732666016,11.489888510886258,0.001,3.7531468868255615
9439,18,439,2929,8.067112922668457,11.481157679613261,0.001,4.286672592163086
9440,18,440,1460,6.909807205200195,11.472816042026208,0.001,3.5976767539978027
9441,18,441,2099,6.86896276473999,11.464427139357761,0.001,4.069716453552246
9442,18,442,1797,6.516307830810547,11.45832567520048,0.001,4.12557315826416
9443,18,443,2750,11.397442817687988,11.45825284335806,0.001,3.4031965732574463
9444,18,444,264,10.512197494506836,11.455847027618873,0.001,3.666252374649048
9445,18,445,2596,8.016772270202637,11.449656751641632,0.001,3.8076059818267822
9446,18,446,1516,10.986119270324707,11.44849833758334,0.001,3.837428569793701
9447,18,447,424,11.842276573181152,11.44917020198562,0.001,4.088544845581055
9448,18,448,2243,7.78655481338501,11.436920960280604,0.001,3.819330930709839
9449,18,449,2425,18.151538848876953,11.453757258180923,0.001,3.875068187713623
9450,18,450,60,8.032218933105469,11.44768298209058,0.001,3.818592071533203
9451,18,451,32,12.42446517944336,11.450976930013486,0.001,4.889221429824829
9452,18,452,2413,10.517905235290527,11.448633272950193,0.001,4.035857439041138
9453,18,453,2223,11.261213302612305,11.448011900638045,0.001,3.7385220527648926
9454,18,454,2448,7.423429012298584,11.434880993686656,0.001,4.096744537353516
9455,18,455,367,14.342676162719727,11.439920493132947,0.001,4.178883075714111
9456,18,456,2610,8.841458320617676,11.436876653079814,0.001,4.096116304397583
9457,18,457,1527,23.877607345581055,11.467150600835376,0.001,4.005336284637451
9458,18,458,2327,9.21091079711914,11.46328416139288,0.001,4.710174560546875
9459,18,459,400,10.540459632873535,11.461842873680533,0.001,4.50724983215332
9460,18,460,2682,7.44305944442749,11.448627005577727,0.001,3.8846323490142822
9461,18,461,441,10.855884552001953,11.447191091080532,0.001,4.773286581039429
9462,18,462,2075,8.565126419067383,11.44228858000633,0.001,4.282455682754517
9463,18,463,434,18.64401626586914,11.449803355231525,0.001,4.178747892379761
9464,18,464,1540,7.075995445251465,11.444731317439537,0.001,3.6332199573516846
9465,18,465,2927,39.54831314086914,11.472743287431426,0.001,3.862736940383911
9466,18,466,2608,10.683574676513672,11.470161683976098,0.001,3.9422857761383057
9467,18,467,496,19.86198616027832,11.48945210969017,0.001,3.8935818672180176
9468,18,468,407,6.747432231903076,11.478092592386053,0.001,4.451427698135376
9469,18,469,1556,15.717811584472656,11.488269711899992,0.001,4.825760841369629
9470,18,470,1896,14.28207015991211,11.494883920510564,0.001,4.1263427734375
9471,18,471,1443,18.99617576599121,11.51851784074815,0.001,4.325232267379761
9472,18,472,1482,4.394701957702637,11.510564793423985,0.001,3.792571544647217
9473,18,473,2098,13.900166511535645,11.514282777870923,0.001,3.9649341106414795
9474,18,474,1373,10.15234661102295,11.511751313050562,0.001,4.3236472606658936
9475,18,475,2706,8.986083030700684,11.509050892045556,0.001,4.808397531509399
9476,18,476,2464,17.64917755126953,11.516101845778602,0.001,4.087303161621094
9477,18,477,2775,14.606123924255371,11.523281670941984,0.001,4.4235780239105225
9478,18,478,694,11.462080001831055,11.523090344168956,0.001,3.912402391433716
9479,18,479,2909,9.22822093963623,11.51766731623956,0.001,3.567467451095581
9480,18,480,2692,8.966730117797852,11.509734578062702,0.001,3.6932249069213867
9481,18,481,376,12.839107513427734,11.5112333230239,0.001,3.9339799880981445
9482,18,482,272,10.3186616897583,11.509237751054792,0.001,3.7941901683807373
9483,18,483,2505,11.2544584274292,11.508949331679318,0.001,3.634631395339966
9484,18,484,471,7.807905197143555,11.497620951317002,0.001,4.219869613647461
9485,18,485,1092,16.760042190551758,11.513868870359142,0.001,3.3472962379455566
9486,18,486,2449,10.786079406738281,11.512189092091711,0.001,3.634551525115967
9487,18,487,64,7.717004299163818,11.507970371138905,0.001,4.283708095550537
9488,18,488,256,10.202385902404785,11.505851028747008,0.001,3.4387667179107666
9489,18,489,685,10.22901725769043,11.502961252600572,0.001,3.440051317214966
9490,18,490,2911,18.992116928100586,11.510531568773319,0.001,4.264310359954834
9491,18,491,2378,19.382343292236328,11.528735350693673,0.001,4.0837037563323975
9492,18,492,68,7.254754066467285,11.521627000600043,0.001,3.6998398303985596
9493,18,493,2080,9.935037612915039,11.516780858624498,0.001,3.9362592697143555
9494,18,494,2347,5.701987266540527,11.503597240994496,0.001,4.139564275741577
9495,18,495,2772,6.4697771072387695,11.49222916403156,0.001,4.1651740074157715
9496,18,496,481,8.228281021118164,11.484854120068025,0.001,4.087735652923584
9497,18,497,706,5.8582282066345215,11.478704627715747,0.001,4.473527669906616
9498,18,498,1921,7.252708911895752,11.469198315276047,0.001,3.8575961589813232
9499,18,499,2565,8.82248592376709,11.466313641397809,0.001,3.709656238555908
9500,19,0,2845,9.412425994873047,9.412425994873047,0.001,3.824748992919922
9501,19,1,1395,5.6436920166015625,8.4078165070448,0.001,4.207951784133911
9502,19,2,1794,5.604430198669434,7.423122522991938,0.001,4.526517868041992
9503,19,3,803,7.86818790435791,7.486371461942047,0.001,4.340819597244263
9504,19,4,378,13.655466079711914,9.27701223634938,0.001,4.529428720474243
9505,19,5,519,8.245160102844238,9.044169880178263,0.001,3.888833999633789
9506,19,6,77,11.475165367126465,9.398443896111104,0.001,4.271875858306885
9507,19,7,2070,11.098220825195312,9.671616191335445,0.001,3.4946048259735107
9508,19,8,459,7.210572719573975,9.538733187103515,0.001,3.451828956604004
9509,19,9,29,7.569778919219971,9.337974854190286,0.001,3.8691492080688477
9510,19,10,2233,8.74795150756836,9.297845139880362,0.001,3.8674004077911377
9511,19,11,699,14.400078773498535,9.736868756025062,0.001,4.301748752593994
9512,19,12,1480,10.307286262512207,9.759327190777778,0.001,4.340096473693848
9513,19,13,727,19.464391708374023,10.127380909180486,0.001,3.757288932800293
9514,19,14,458,26.446754455566406,10.748215099966087,0.001,4.021392345428467
9515,19,15,1502,9.443380355834961,10.624113412690622,0.001,4.174274206161499
9516,19,16,1686,16.00146484375,11.084257196310348,0.001,3.76804256439209
9517,19,17,390,13.3773832321167,11.182499136965536,0.001,3.650515079498291
9518,19,18,834,15.515836715698242,11.510678043522041,0.001,3.997654438018799
9519,19,19,1580,22.575881958007812,11.941886362323297,0.001,4.1762940883636475
9520,19,20,1577,13.91280746459961,12.043592553726361,0.001,4.668452024459839
9521,19,21,852,13.643343925476074,12.121675394252506,0.001,4.159012079238892
9522,19,22,743,18.458919525146484,12.266158934529127,0.001,3.5354816913604736
9523,19,23,616,11.786457061767578,12.237453378401458,0.001,4.0674052238464355
9524,19,24,490,10.637701988220215,12.202991164905633,0.001,3.6590752601623535
9525,19,25,383,14.395030975341797,12.321718317056682,0.001,3.9400928020477295
9526,19,26,695,6.281699180603027,12.076618057016894,0.001,4.012658596038818
9527,19,27,518,7.076252460479736,11.982200860105172,0.001,4.067217588424683
9528,19,28,447,6.046681880950928,11.871384314586752,0.001,4.0689098834991455
9529,19,29,686,8.00512409210205,11.72419125834295,0.001,4.211914777755737
9530,19,30,372,10.570480346679688,11.706494566292248,0.001,4.340747594833374
9531,19,31,1576,7.589284896850586,11.636906639747865,0.001,4.91185998916626
9532,19,32,2613,9.2120361328125,11.553513929486705,0.001,4.350937604904175
9533,19,33,873,15.804312705993652,11.614642222455883,0.001,3.7080867290496826
9534,19,34,1812,18.175230026245117,11.904973057772045,0.001,4.564600706100464
9535,19,35,1965,15.485654830932617,12.056235415274715,0.001,3.937808036804199
9536,19,36,2511,16.85440444946289,12.16283945035975,0.001,4.023600816726685
9537,19,37,401,12.507944107055664,12.173137525360733,0.001,4.250895977020264
9538,19,38,344,9.408133506774902,12.134333077451087,0.001,4.222434997558594
9539,19,39,962,23.36095428466797,12.36707504387486,0.001,3.592210531234741
9540,19,40,405,12.46279239654541,12.369046377375689,0.001,4.262005567550659
9541,19,41,507,41.619205474853516,12.64010704661618,0.001,3.9669861793518066
9542,19,42,468,13.212835311889648,12.66047429625544,0.001,4.050998210906982
9543,19,43,2668,8.143806457519531,12.54069964202173,0.001,4.2735748291015625
9544,19,44,920,9.576136589050293,12.43925645180189,0.001,3.9635848999023438
9545,19,45,789,13.1698579788208,12.457240349928934,0.001,4.362521171569824
9546,19,46,1306,10.134262084960938,12.383397311700186,0.001,3.894951820373535
9547,19,47,858,13.22060489654541,12.39194735679254,0.001,4.477059841156006
9548,19,48,1706,12.860332489013672,12.402735712704391,0.001,4.044662237167358
9549,19,49,2784,14.862160682678223,12.476603599238482,0.001,3.6496949195861816
9550,19,50,2906,12.689155578613281,12.48125105893936,0.001,4.292151927947998
9551,19,51,819,11.057287216186523,12.450540120562232,0.001,3.6169393062591553
9552,19,52,2349,8.910449028015137,12.352588045711654,0.001,3.5525095462799072
9553,19,53,2793,8.57590389251709,12.248654779509016,0.001,3.922241449356079
9554,19,54,1346,17.02269172668457,12.370077962304379,0.001,4.436110734939575
9555,19,55,2901,13.55478572845459,12.386956951663905,0.001,4.12400221824646
9556,19,56,771,9.394722938537598,12.33007201342788,0.001,4.244826316833496
9557,19,57,961,15.147216796875,12.39981530071157,0.001,3.9981181621551514
9558,19,58,340,10.401042938232422,12.363121272131398,0.001,4.124867916107178
9559,19,59,363,8.056394577026367,12.326067872345787,0.001,3.7939822673797607
9560,19,60,1915,7.299517631530762,12.262397045696545,0.001,3.702699661254883
9561,19,61,2040,10.785319328308105,12.227491868624782,0.001,4.2103259563446045
9562,19,62,680,13.605690002441406,12.238768872800852,0.001,3.5146398544311523
9563,19,63,787,12.747150421142578,12.242994232057876,0.001,4.353070497512817
9564,19,64,2249,12.677633285522461,12.250492608378023,0.001,3.992276668548584
9565,19,65,788,14.51710319519043,12.300629645684944,0.001,4.183372259140015
9566,19,66,453,11.79674243927002,12.294795839986618,0.001,3.7188005447387695
9567,19,67,1648,6.947759628295898,12.23321699339736,0.001,4.729088306427002
9568,19,68,728,7.271195411682129,12.15405442658102,0.001,4.448712348937988
9569,19,69,2652,7.0077738761901855,12.116050230987858,0.001,3.814666509628296
9570,19,70,2436,14.835108757019043,12.136502058115562,0.001,3.5938799381256104
9571,19,71,2095,9.79941463470459,12.08957182758619,0.001,4.4192376136779785
9572,19,72,1802,9.11674690246582,12.044802597684871,0.001,3.4640989303588867
9573,19,73,2720,9.428638458251953,12.027493497196307,0.001,3.651918888092041
9574,19,74,514,9.909229278564453,12.004694261827789,0.001,4.16399621963501
9575,19,75,863,20.55732536315918,12.130795137212344,0.001,3.586029529571533
9576,19,76,2522,11.861772537231445,12.126949279059977,0.001,4.389945983886719
9577,19,77,759,6.664772987365723,12.050028523031067,0.001,4.241942405700684
9578,19,78,521,6.417340278625488,12.01229965948023,0.001,3.4396347999572754
9579,19,79,274,11.075041770935059,11.999445574457228,0.001,3.361647367477417
9580,19,80,2923,8.486634254455566,11.965848160519146,0.001,3.680835723876953
9581,19,81,1878,10.703622817993164,11.953670804484457,0.001,3.8588173389434814
9582,19,82,2101,14.415794372558594,11.998133053550614,0.001,3.901702642440796
9583,19,83,1806,6.339168548583984,11.898408183739335,0.001,3.797240734100342
9584,19,84,864,13.526329040527344,11.908029500608484,0.001,3.726736068725586
9585,19,85,2174,17.026140213012695,11.993576291416456,0.001,3.2346038818359375
9586,19,86,2563,7.451264381408691,11.952002660558893,0.001,3.6486618518829346
9587,19,87,392,10.020411491394043,11.919947411985401,0.001,4.437053203582764
9588,19,88,991,10.995733261108398,11.914570383921172,0.001,4.009712219238281
9589,19,89,2499,10.98321533203125,11.906316656989837,0.001,4.502390146255493
9590,19,90,2144,5.393211841583252,11.868530022268594,0.001,3.9071927070617676
9591,19,91,436,12.015401840209961,11.869787966084568,0.001,3.240748643875122
9592,19,92,408,6.171563625335693,11.821035204263957,0.001,4.05158257484436
9593,19,93,2482,8.299914360046387,11.764626332681553,0.001,4.554757595062256
9594,19,94,469,6.926371097564697,11.6892889465403,0.001,3.9186835289001465
9595,19,95,778,9.19345474243164,11.6606116775088,0.001,4.612101316452026
9596,19,96,808,14.528640747070312,11.693182082809992,0.001,3.7716453075408936
9597,19,97,774,10.276915550231934,11.677128576730512,0.001,4.359044551849365
9598,19,98,273,9.218027114868164,11.649354143380414,0.001,4.194579601287842
9599,19,99,1902,11.865321159362793,11.651748994751042,0.001,3.977475643157959
9600,19,100,710,8.550466537475586,11.617970483485713,0.001,4.546579122543335
9601,19,101,446,7.172661781311035,11.570194441728407,0.001,4.166105508804321
9602,19,102,2767,12.921998977661133,11.58488045571449,0.001,4.137375831604004
9603,19,103,73,22.073755264282227,11.638801575708554,0.001,3.8157272338867188
9604,19,104,2619,8.351235389709473,11.616044505607112,0.001,3.2940328121185303
9605,19,105,448,9.553519248962402,11.593944987302365,0.001,4.410999298095703
9606,19,106,1361,20.186614990234375,11.636552359593688,0.001,4.151073217391968
9607,19,107,350,8.660621643066406,11.60565023925871,0.001,4.182810544967651
9608,19,108,2216,8.791812896728516,11.593314045835829,0.001,3.7617321014404297
9609,19,109,1089,10.054903030395508,11.572566079840245,0.001,4.012826919555664
9610,19,110,388,8.216814041137695,11.557127805638787,0.001,3.8996238708496094
9611,19,111,461,11.109618186950684,11.551243903124991,0.001,3.9960756301879883
9612,19,112,956,10.493656158447266,11.537447566537693,0.001,4.100063800811768
9613,19,113,1153,9.626306533813477,11.512551825042877,0.001,4.214095830917358
9614,19,114,2834,6.8806328773498535,11.453233578652661,0.001,3.6389687061309814
9615,19,115,601,15.647478103637695,11.506027398851986,0.001,4.053648471832275
9616,19,116,2603,12.309035301208496,11.515769777213718,0.001,3.4957785606384277
9617,19,117,98,7.429859638214111,11.465317618227068,0.001,3.5585694313049316
9618,19,118,707,8.036940574645996,11.451281939402374,0.001,4.05034875869751
9619,19,119,2202,8.248682022094727,11.412297008486117,0.001,4.025396823883057
9620,19,120,2617,7.670067310333252,11.367873547915679,0.001,3.175114393234253
9621,19,121,2758,8.86290168762207,11.34572669938854,0.001,3.551535129547119
9622,19,122,1828,6.7289814949035645,11.290529631071529,0.001,4.432643890380859
9623,19,123,1548,10.85883617401123,11.286920120696646,0.001,4.471937894821167
9624,19,124,814,4.8235578536987305,11.259521336433162,0.001,3.984621286392212
9625,19,125,2654,10.060028076171875,11.245766685979874,0.001,4.234135389328003
9626,19,126,2343,8.411191940307617,11.228746682980479,0.001,4.029378652572632
9627,19,127,915,7.93131160736084,11.21590817916772,0.001,3.8504621982574463
9628,19,128,403,8.166313171386719,11.197726914684283,0.001,3.9134764671325684
9629,19,129,74,7.78741455078125,11.18427644925173,0.001,3.6379525661468506
9630,19,130,67,16.053171157836914,11.224852080491473,0.001,4.131274700164795
9631,19,131,1945,7.809225559234619,11.187311166684431,0.001,3.7448782920837402
9632,19,132,977,8.913976669311523,11.174411053657739,0.001,3.818030834197998
9633,19,133,2502,8.033529281616211,11.140161837082593,0.001,3.805241823196411
9634,19,134,2669,11.170181274414062,11.140278704986336,0.001,4.198455095291138
9635,19,135,2871,8.560141563415527,11.112969796765965,0.001,4.2112836837768555
9636,19,136,2614,9.161376953125,11.09258100968358,0.001,3.854739189147949
9637,19,137,1735,7.375638008117676,11.078524128693589,0.001,3.855738401412964
9638,19,138,916,6.661312103271484,11.061747092186856,0.001,3.9884209632873535
9639,19,139,342,16.209251403808594,11.11582718437603,0.001,4.062870264053345
9640,19,140,2008,17.670333862304688,11.13740922941339,0.001,4.191333055496216
9641,19,141,1862,13.478290557861328,11.146004661297654,0.001,4.307275295257568
9642,19,142,1182,7.79712438583374,11.120193486445913,0.001,4.263489007949829
9643,19,143,2406,13.890290260314941,11.148403736049202,0.001,4.212230205535889
9644,19,144,981,12.988432884216309,11.16225068957461,0.001,3.893592357635498
9645,19,145,2196,7.145187854766846,11.149353353595824,0.001,3.6352832317352295
9646,19,146,2051,12.663798332214355,11.160672615149048,0.001,3.5144259929656982
9647,19,147,2452,12.736659049987793,11.172290418127375,0.001,3.4040513038635254
9648,19,148,717,12.96981430053711,11.18978272280984,0.001,3.981987953186035
9649,19,149,1372,11.8552827835083,11.194584296948484,0.001,4.468767404556274
9650,19,150,919,11.153120994567871,11.194181047779965,0.001,3.904559850692749
9651,19,151,2534,8.108207702636719,11.183533619924246,0.001,3.9860646724700928
9652,19,152,986,20.04459571838379,11.247522743694129,0.001,4.011246681213379
9653,19,153,719,10.70934009552002,11.242468070697555,0.001,3.6060070991516113
9654,19,154,1676,12.789255142211914,11.25694992370434,0.001,4.597147703170776
9655,19,155,2552,8.818678855895996,11.240236853933613,0.001,3.7487335205078125
9656,19,156,2055,9.242680549621582,11.22196277966001,0.001,3.88118314743042
9657,19,157,2163,8.079891204833984,11.200001235883594,0.001,3.8841652870178223
9658,19,158,1779,7.828781604766846,11.169739967321428,0.001,4.080592632293701
9659,19,159,914,12.452513694763184,11.178309250785905,0.001,3.7441484928131104
9660,19,160,1615,8.841080665588379,11.163067126300392,0.001,3.6334869861602783
9661,19,161,2197,12.290803909301758,11.170481555625155,0.001,3.859771966934204
9662,19,162,851,6.886105060577393,11.132144037030864,0.001,4.039721965789795
9663,19,163,951,6.8718485832214355,11.10446453865657,0.001,4.135926246643066
9664,19,164,1585,8.174250602722168,11.079534438371937,0.001,4.162400484085083
9665,19,165,492,13.186158180236816,11.09755644098268,0.001,3.7651865482330322
9666,19,166,1832,12.474063873291016,11.109225210908138,0.001,4.483297109603882
9667,19,167,2930,5.566212177276611,11.09288694013335,0.001,4.3452746868133545
9668,19,168,523,14.107394218444824,11.118351338518432,0.001,3.852936029434204
9669,19,169,904,27.486661911010742,11.183026990611214,0.001,4.015202760696411
9670,19,170,1764,10.452387809753418,11.176870568826983,0.001,3.57965350151062
9671,19,171,374,6.302066326141357,11.137125701168857,0.001,4.33286190032959
9672,19,172,56,11.037161827087402,11.13651467837929,0.001,4.230661630630493
9673,19,173,2071,19.429319381713867,11.172293405769246,0.001,4.359612464904785
9674,19,174,2548,8.195884704589844,11.154578093287025,0.001,3.770298957824707
9675,19,175,832,9.315594673156738,11.13994318625377,0.001,4.245701551437378
9676,19,176,2399,7.610441207885742,11.130926703246447,0.001,4.370532035827637
9677,19,177,1549,9.04295539855957,11.121781669569488,0.001,4.464002847671509
9678,19,178,2580,10.37858772277832,11.116051591502401,0.001,3.985639810562134
9679,19,179,368,9.16010856628418,11.1041689778625,0.001,4.370473146438599
9680,19,180,377,13.079951286315918,11.112432418951027,0.001,4.029815912246704
9681,19,181,689,24.84814453125,11.169440613272098,0.001,3.9147541522979736
9682,19,182,827,16.14035415649414,11.18659936985639,0.001,4.215681552886963
9683,19,183,607,12.531404495239258,11.190165719268965,0.001,4.252050161361694
9684,19,184,2443,10.439811706542969,11.18587690661875,0.001,3.183814287185669
9685,19,185,2694,6.305152893066406,11.172619832719933,0.001,3.4859817028045654
9686,19,186,721,13.735664367675781,11.182922274660724,0.001,4.53744649887085
9687,19,187,2251,14.121980667114258,11.195163696688805,0.001,4.218197345733643
9688,19,188,178,16.65621566772461,11.225366795779598,0.001,3.932982921600342
9689,19,189,455,22.812301635742188,11.249286642830235,0.001,3.6917645931243896
9690,19,190,65,9.537595748901367,11.244582759457606,0.001,4.637685298919678
9691,19,191,2861,17.132686614990234,11.277821914215917,0.001,4.830689191818237
9692,19,192,1925,12.772067070007324,11.281761344210222,0.001,4.033467054367065
9693,19,193,2458,9.03169059753418,11.26928883473534,0.001,3.9929251670837402
9694,19,194,94,11.399907112121582,11.270195303460309,0.001,3.9448471069335938
9695,19,195,432,21.345449447631836,11.324492562291898,0.001,3.96655535697937
9696,19,196,913,18.05384063720703,11.350689192691524,0.001,3.8172948360443115
9697,19,197,611,10.468310356140137,11.347311635213476,0.001,3.1202352046966553
9698,19,198,2672,12.152630805969238,11.353157179250529,0.001,3.7714786529541016
9699,19,199,488,11.924622535705566,11.357210702439971,0.001,4.562077283859253
9700,19,200,337,17.018016815185547,11.376794900528601,0.001,4.569890260696411
9701,19,201,361,13.889116287231445,11.393751374055034,0.001,3.300894260406494
9702,19,202,2455,7.935541152954102,11.384822217214392,0.001,3.586378812789917
9703,19,203,2401,10.20821762084961,11.37852746215295,0.001,3.8841302394866943
9704,19,204,989,13.280817985534668,11.388489666186194,0.001,4.420830726623535
9705,19,205,990,15.34555435180664,11.409632341283627,0.001,3.6834840774536133
9706,19,206,861,9.824226379394531,11.403736072170142,0.001,3.7645297050476074
9707,19,207,1132,11.956846237182617,11.406641730350337,0.001,3.726793050765991
9708,19,208,2547,28.842130661010742,11.496660760700129,0.001,4.063402414321899
9709,19,209,801,6.591115951538086,11.479218049617641,0.001,4.018146514892578
9710,19,210,2588,8.899247169494629,11.461491975321895,0.001,4.45624041557312
9711,19,211,972,6.011049270629883,11.434384052123423,0.001,3.3442420959472656
9712,19,212,1093,9.002782821655273,11.418362037697898,0.001,4.24859094619751
9713,19,213,1441,16.677684783935547,11.431226929882794,0.001,4.204059839248657
9714,19,214,522,9.759634971618652,11.420068568088851,0.001,3.438138723373413
9715,19,215,705,9.614363670349121,11.407948519696639,0.001,4.198133230209351
9716,19,216,2113,8.478428840637207,11.393310092995295,0.001,4.6645026206970215
9717,19,217,1809,10.513635635375977,11.387671269820233,0.001,4.164734363555908
9718,19,218,2340,11.728032112121582,11.38929422587969,0.001,3.7436716556549072
9719,19,219,2722,17.27094268798828,11.401881391104409,0.001,3.9062724113464355
9720,19,220,870,9.308712005615234,11.394618900283334,0.001,3.517106056213379
9721,19,221,2794,5.703944206237793,11.381350897793011,0.001,3.8379909992218018
9722,19,222,336,6.463154315948486,11.349619490677114,0.001,4.199955940246582
9723,19,223,1365,8.162671089172363,11.34232209599542,0.001,3.6987507343292236
9724,19,224,770,9.812323570251465,11.334915295029768,0.001,4.322387218475342
9725,19,225,773,9.316545486450195,11.32532978204998,0.001,4.528947591781616
9726,19,226,1858,11.954358100891113,11.328270791528874,0.001,3.9783926010131836
9727,19,227,682,12.54089069366455,11.335812891423506,0.001,4.1241583824157715
9728,19,228,2204,7.063713073730469,11.309621824374819,0.001,3.644425392150879
9729,19,229,693,6.541913032531738,11.279993617663148,0.001,4.3583083152771
9730,19,230,825,16.470291137695312,11.291146706629554,0.001,4.018079042434692
9731,19,231,966,11.124940872192383,11.29060982403985,0.001,3.741952657699585
9732,19,232,2584,7.779754161834717,11.269207922471422,0.001,4.010860443115234
9733,19,233,742,7.384506702423096,11.245488804539203,0.001,4.4366796016693115
9734,19,234,811,8.53709602355957,11.24005178404455,0.001,4.058707237243652
9735,19,235,954,9.21692943572998,11.235683905594138,0.001,4.170267105102539
9736,19,236,1155,6.915997505187988,11.226203507930547,0.001,3.9255154132843018
9737,19,237,69,17.54206657409668,11.264448662426938,0.001,3.882063627243042
9738,19,238,1196,8.367230415344238,11.25876237084187,0.001,4.425734996795654
9739,19,239,1460,9.382699966430664,11.252735158734973,0.001,4.53418231010437
9740,19,240,1393,16.246627807617188,11.275133086330028,0.001,3.96842098236084
9741,19,241,1527,23.644163131713867,11.329705243763971,0.001,4.250979900360107
9742,19,242,1769,5.426158905029297,11.29462316760041,0.001,4.483590126037598
9743,19,243,1568,9.583606719970703,11.287158058439568,0.001,4.335925102233887
9744,19,244,1250,5.932767868041992,11.276110999555776,0.001,4.2323901653289795
9745,19,245,1575,10.078987121582031,11.270763083107239,0.001,4.1229846477508545
9746,19,246,1569,21.577953338623047,11.315844437136233,0.001,4.141176462173462
9747,19,247,1372,6.163741588592529,11.293656219681559,0.001,4.134896278381348
9748,19,248,1878,8.203142166137695,11.284249451507392,0.001,4.067727088928223
9749,19,249,1951,9.24910831451416,11.275493002916303,0.001,3.7158515453338623
9750,19,250,1093,9.808671951293945,11.267293587407032,0.001,3.9162425994873047
9751,19,251,1549,9.109562873840332,11.260541896343812,0.001,3.7535593509674072
9752,19,252,1772,7.558011054992676,11.239314979161298,0.001,4.031524181365967
9753,19,253,1570,9.693377494812012,11.23617038808551,0.001,4.777799606323242
9754,19,254,1845,6.766894340515137,11.227706826430074,0.001,3.927656412124634
9755,19,255,1764,9.303183555603027,11.21674100377937,0.001,3.7477986812591553
9756,19,256,2013,7.425043106079102,11.20930992299733,0.001,4.437788963317871
9757,19,257,1679,8.552594184875488,11.201229731117675,0.001,3.99524188041687
9758,19,258,1577,16.98567008972168,11.225148924413842,0.001,4.04793643951416
9759,19,259,1541,10.800808906555176,11.224386129310854,0.001,4.934067010879517
9760,19,260,1081,19.507780075073242,11.25865531466554,0.001,4.575559616088867
9761,19,261,1923,7.808680057525635,11.24414940386995,0.001,4.128559112548828
9762,19,262,1616,7.829672813415527,11.229845090872772,0.001,3.826782464981079
9763,19,263,1762,8.724967002868652,11.219653560081056,0.001,3.8173999786376953
9764,19,264,1620,22.63998031616211,11.234468459381489,0.001,3.953767776489258
9765,19,265,1161,6.341915607452393,11.225551365576012,0.001,4.06805682182312
9766,19,266,1317,12.44625473022461,11.227906027286862,0.001,5.056257963180542
9767,19,267,1370,26.65444564819336,11.290692715438084,0.001,4.59507942199707
9768,19,268,1365,11.973433494567871,11.292007943152363,0.001,3.9062983989715576
9769,19,269,1965,9.29076099395752,11.281212923466839,0.001,4.046265363693237
9770,19,270,1925,7.412764549255371,11.273910081037982,0.001,4.193664073944092
9771,19,271,1636,8.68708610534668,11.260134531007564,0.001,4.008679151535034
9772,19,272,1700,23.223812103271484,11.295938678991913,0.001,4.426748752593994
9773,19,273,1132,8.78233528137207,11.285843440456594,0.001,3.870044708251953
9774,19,274,1540,13.8201322555542,11.290643711158582,0.001,3.7248504161834717
9775,19,275,1649,16.161479949951172,11.309846224699132,0.001,4.131499290466309
9776,19,276,1503,15.51662826538086,11.320709810624317,0.001,3.847196340560913
9777,19,277,1797,6.453294277191162,11.311445471822173,0.001,4.144354581832886
9778,19,278,1181,14.235041618347168,11.32258000483306,0.001,4.131479740142822
9779,19,279,1821,17.573955535888672,11.334132804684353,0.001,3.721035957336426
9780,19,280,1839,7.134587287902832,11.326518018418936,0.001,4.341409683227539
9781,19,281,1361,20.690093994140625,11.343799580381942,0.001,4.033262491226196
9782,19,282,1675,10.723435401916504,11.34210458896873,0.001,3.8810160160064697
9783,19,283,2184,20.582523345947266,11.367798807177172,0.001,5.061100244522095
9784,19,284,2157,11.930391311645508,11.370677139229416,0.001,4.629851818084717
9785,19,285,2055,7.742318630218506,11.352200552793928,0.001,4.217869281768799
9786,19,286,2166,17.28099822998047,11.368241239071917,0.001,3.821047067642212
9787,19,287,1463,7.826451778411865,11.362657126026749,0.001,3.5927672386169434
9788,19,288,1914,7.730306625366211,11.356098092409908,0.001,3.481130599975586
9789,19,289,2060,32.9077262878418,11.4380233888405,0.001,4.374264240264893
9790,19,290,1766,32.72831344604492,11.465325017436635,0.001,5.074105262756348
9791,19,291,1626,5.952403545379639,11.455756872652127,0.001,3.704216957092285
9792,19,292,1118,10.470131874084473,11.452070553746541,0.001,3.2991697788238525
9793,19,293,1692,12.175728797912598,11.455663872084049,0.001,3.62326717376709
9794,19,294,1802,15.566203117370605,11.470900317233612,0.001,4.6319403648376465
9795,19,295,1457,11.72801399230957,11.472157819726881,0.001,4.157976388931274
9796,19,296,1127,7.006046772003174,11.460130681627582,0.001,3.635952949523926
9797,19,297,2067,12.287332534790039,11.462359121147694,0.001,4.163376569747925
9798,19,298,1440,13.604098320007324,11.47005226337642,0.001,4.872967720031738
9799,19,299,2008,23.489168167114258,11.4888140356565,0.001,3.6075448989868164
9800,19,300,2144,9.0159912109375,11.484549028573731,0.001,3.5215086936950684
9801,19,301,1617,14.103534698486328,11.496828302243498,0.001,4.251725912094116
9802,19,302,1123,18.04680824279785,11.513773698405332,0.001,4.209856748580933
9803,19,303,1342,12.367527961730957,11.516806825982215,0.001,4.316376686096191
9804,19,304,1596,16.096710205078125,11.52834365286242,0.001,3.706411123275757
9805,19,305,1089,10.393961906433105,11.52291645163961,0.001,4.375532388687134
9806,19,306,2149,9.135708808898926,11.514244022939288,0.001,3.577033758163452
9807,19,307,1848,8.262221336364746,11.498738259250821,0.001,3.5486671924591064
9808,19,308,1502,10.054961204528809,11.491814422849686,0.001,4.205161809921265
9809,19,309,1383,8.194978713989258,11.483356742455522,0.001,3.8564419746398926
9810,19,310,1120,11.26176929473877,11.482824995596387,0.001,3.56020188331604
9811,19,311,1333,15.299965858459473,11.496275075310162,0.001,3.991903066635132
9812,19,312,1807,28.605026245117188,11.575064266392818,0.001,4.163052082061768
9813,19,313,1735,5.642073154449463,11.565102332537075,0.001,4.448991060256958
9814,19,314,1543,7.012906551361084,11.557427431225188,0.001,3.9575204849243164
9815,19,315,2192,26.21671485900879,11.577819060799923,0.001,4.2019853591918945
9816,19,316,2298,6.750101089477539,11.570022685532763,0.001,4.19540810585022
9817,19,317,2282,9.893488883972168,11.567257956224912,0.001,4.2136549949646
9818,19,318,1344,13.094501495361328,11.572494540003595,0.001,3.5423026084899902
9819,19,319,2197,20.605030059814453,11.603437257225439,0.001,4.295964956283569
9820,19,320,1586,10.192843437194824,11.59693297076166,0.001,3.8623199462890625
9821,19,321,1306,8.307229042053223,11.581992916668018,0.001,4.193870782852173
9822,19,322,1903,7.584044933319092,11.572417312157343,0.001,4.670632362365723
9823,19,323,2398,16.379642486572266,11.59396265851537,0.001,3.997162103652954
9824,19,324,2000,14.667706489562988,11.598862194308095,0.001,3.9863133430480957
9825,19,325,1548,14.724447250366211,11.609003331427601,0.001,4.585787534713745
9826,19,326,2098,18.768962860107422,11.624837843066803,0.001,3.99820613861084
9827,19,327,2223,10.110079765319824,11.618017827459214,0.001,4.175157308578491
9828,19,328,1814,7.8878889083862305,11.605726236665147,0.001,3.9345200061798096
9829,19,329,2235,7.213335990905762,11.586310396109731,0.001,4.05893349647522
9830,19,330,1768,11.328699111938477,11.585905217327399,0.001,4.122899055480957
9831,19,331,1109,12.679839134216309,11.590563105236939,0.001,4.154720783233643
9832,19,332,1263,6.212953567504883,11.572853867385117,0.001,3.7513468265533447
9833,19,333,1791,6.936855792999268,11.562121887794708,0.001,4.243601322174072
9834,19,334,1682,16.586631774902344,11.578557619549404,0.001,3.8743557929992676
9835,19,335,1313,9.517518043518066,11.56996158748155,0.001,4.188096284866333
9836,19,336,1627,12.413885116577148,11.572731518467668,0.001,3.8909709453582764
9837,19,337,1828,8.078288078308105,11.557302019075573,0.001,3.7512705326080322
9838,19,338,1088,10.745465278625488,11.554734411752017,0.001,3.8688547611236572
9839,19,339,1557,6.837954998016357,11.534384996266628,0.001,4.072804927825928
9840,19,340,2341,6.391778469085693,11.512261721259257,0.001,4.495507001876831
9841,19,341,2455,6.75282621383667,11.504854151919783,0.001,4.337773561477661
9842,19,342,1083,10.420550346374512,11.50036447062867,0.001,4.210404872894287
9843,19,343,1310,5.874181747436523,11.476450683431079,0.001,4.1976518630981445
9844,19,344,1554,12.528717041015625,11.478058285727975,0.001,3.8325793743133545
9845,19,345,2432,8.569005012512207,11.473631002994333,0.001,4.07390284538269
9846,19,346,1806,7.652956008911133,11.457562712302847,0.001,3.613875150680542
9847,19,347,1111,11.804449081420898,11.458647898051893,0.001,4.144341230392456
9848,19,348,2479,10.551814079284668,11.45590508990066,0.001,4.109368324279785
9849,19,349,1480,7.669962406158447,11.450359642901224,0.001,3.8935298919677734
9850,19,350,1128,10.671863555908203,11.447932558069066,0.001,3.709420680999756
9851,19,351,1360,7.259766101837158,11.441909478900541,0.001,4.693794012069702
9852,19,352,175,11.87044620513916,11.442879130667244,0.001,4.2351696491241455
9853,19,353,2392,7.540114879608154,11.43414564767969,0.001,3.9563372135162354
9854,19,354,1817,9.503456115722656,11.431397164454394,0.001,3.789776563644409
9855,19,355,1699,11.52441692352295,11.431596970488132,0.001,3.3196544647216797
9856,19,356,1809,8.7533597946167,11.420831074151126,0.001,4.325123071670532
9857,19,357,1571,9.093886375427246,11.411368282023963,0.001,3.8685076236724854
9858,19,358,1153,8.986534118652344,11.401436437930597,0.001,3.893451452255249
9859,19,359,2113,7.8128228187561035,11.39038865185221,0.001,4.435393333435059
9860,19,360,2340,11.782888412475586,11.391551271002506,0.001,4.3959877490997314
9861,19,361,2101,13.28105354309082,11.399217340006885,0.001,4.317588806152344
9862,19,362,1690,9.46975040435791,11.396427330246958,0.001,3.781081438064575
9863,19,363,2448,7.5492939949035645,11.381128829020195,0.001,4.619871377944946
9864,19,364,2172,7.945430278778076,11.370680161525511,0.001,4.589008808135986
9865,19,365,2460,11.513527870178223,11.37088307561535,0.001,3.8253583908081055
9866,19,366,2034,5.564951419830322,11.348195255927298,0.001,3.7557342052459717
9867,19,367,1173,8.73374080657959,11.344475204920021,0.001,3.5238966941833496
9868,19,368,1495,8.358248710632324,11.335587670152968,0.001,3.662242889404297
9869,19,369,1274,9.211657524108887,11.329438851428899,0.001,4.212053060531616
9870,19,370,1888,11.112010955810547,11.328599362863102,0.001,3.7020070552825928
9871,19,371,1363,18.794448852539062,11.350451762721946,0.001,4.0197577476501465
9872,19,372,1585,8.883171081542969,11.34095582879208,0.001,3.84089732170105
9873,19,373,1105,6.204653263092041,11.3335309418079,0.001,3.899266004562378
9874,19,374,1174,8.9469633102417,11.32656590528864,0.001,4.1777567863464355
9875,19,375,274,12.026632308959961,11.32856405758639,0.001,3.515666961669922
9876,19,376,2499,12.078659057617188,11.330118708241406,0.001,3.9853062629699707
9877,19,377,2343,11.159107208251953,11.329770231456893,0.001,4.397463798522949
9878,19,378,2505,5.584001541137695,11.321701085416073,0.001,3.969897747039795
9879,19,379,2152,18.005163192749023,11.340741615270783,0.001,4.010340213775635
9880,19,380,1751,16.579771041870117,11.351509703016777,0.001,3.712263822555542
9881,19,381,1259,12.177765846252441,11.353165568000346,0.001,4.352756500244141
9882,19,382,2436,16.644550323486328,11.360433820148344,0.001,3.977628231048584
9883,19,383,1394,17.76517677307129,11.37870807984348,0.001,3.639342784881592
9884,19,384,1648,5.956906795501709,11.367707801949779,0.001,4.703170537948608
9885,19,385,2163,8.383462905883789,11.359012791440367,0.001,4.181055545806885
9886,19,386,1453,11.488713264465332,11.359175894082165,0.001,4.972625970840454
9887,19,387,2534,7.371269702911377,11.353729730248915,0.001,3.505739212036133
9888,19,388,1399,20.731075286865234,11.389528902798583,0.001,4.057680368423462
9889,19,389,264,10.61627197265625,11.387339835016936,0.001,3.842449426651001
9890,19,390,1151,13.044164657592773,11.390539934989002,0.001,3.285957098007202
9891,19,391,2327,10.598939895629883,11.388984895243885,0.001,3.8358609676361084
9892,19,392,2596,11.62094497680664,11.389447800888734,0.001,4.144526720046997
9893,19,393,2203,13.766185760498047,11.398299869657164,0.001,4.1681969165802
9894,19,394,1182,8.859172821044922,11.391186718954765,0.001,4.112861156463623
9895,19,395,1265,6.456882476806641,11.384645432242142,0.001,4.003740072250366
9896,19,396,2535,8.437054634094238,11.38075899127923,0.001,3.64809250831604
9897,19,397,1311,9.249942779541016,11.372936014973178,0.001,3.4349939823150635
9898,19,398,2181,12.675579071044922,11.374652024997804,0.001,4.4746153354644775
9899,19,399,37,12.245969772338867,11.3778264020906,0.001,4.471592664718628
9900,19,400,1326,5.940765380859375,11.37082833498605,0.001,4.125500917434692
9901,19,401,1900,20.123291015625,11.382533702496694,0.001,4.810250282287598
9902,19,402,2297,10.263806343078613,11.379410681529828,0.001,4.052114009857178
9903,19,403,1532,5.549983978271484,11.35838171307765,0.001,3.8288145065307617
9904,19,404,2660,8.445067405700684,11.348057295119476,0.001,4.304497957229614
9905,19,405,2349,7.311781406402588,11.333594405295457,0.001,3.97037935256958
9906,19,406,1482,4.413487911224365,11.324809408133907,0.001,3.972224473953247
9907,19,407,2449,7.014481544494629,11.313195516308717,0.001,3.8422305583953857
9908,19,408,190,8.152636528015137,11.301618342489785,0.001,3.7107491493225098
9909,19,409,1519,19.2965145111084,11.323404671065235,0.001,4.83152437210083
9910,19,410,1117,13.081219673156738,11.328180446029894,0.001,3.769885301589966
9911,19,411,1576,7.774722576141357,11.323743786363066,0.001,4.036448001861572
9912,19,412,1343,12.030653953552246,11.324581771348374,0.001,3.5686755180358887
9913,19,413,1779,11.732931137084961,11.326021894333188,0.001,4.59343957901001
9914,19,414,2583,10.05013370513916,11.322621997111305,0.001,4.502685308456421
9915,19,415,2274,6.964465141296387,11.311340363019609,0.001,4.040454387664795
9916,19,416,32,6.960832118988037,11.295816443450908,0.001,3.817094326019287
9917,19,417,1090,9.373498916625977,11.292263576997495,0.001,3.4633142948150635
9918,19,418,178,9.483572006225586,11.28764387592858,0.001,4.449809789657593
9919,19,419,250,23.359315872192383,11.302710944574955,0.001,4.310858726501465
9920,19,420,2502,9.579526901245117,11.296668332738523,0.001,4.6780571937561035
9921,19,421,1149,14.872078895568848,11.306044379932297,0.001,3.7937419414520264
9922,19,422,2216,8.221321105957031,11.302626384202824,0.001,3.423149824142456
9923,19,423,2510,9.341081619262695,11.295920158713582,0.001,3.7016189098358154
9924,19,424,2040,6.927598476409912,11.280720171732224,0.001,4.460134744644165
9925,19,425,1794,7.772983551025391,11.271857179913411,0.001,4.083682298660278
9926,19,426,2767,11.856345176696777,11.27337658848594,0.001,3.380143404006958
9927,19,427,2225,9.137442588806152,11.266114216400872,0.001,4.096438646316528
9928,19,428,1737,8.927193641662598,11.258389086716624,0.001,3.8605380058288574
9929,19,429,2427,9.298738479614258,11.25351521181697,0.001,4.346254348754883
9930,19,430,2064,9.017358779907227,11.247784453529867,0.001,3.8990590572357178
9931,19,431,2617,15.424664497375488,11.261758993008312,0.001,4.131059408187866
9932,19,432,2511,15.710206031799316,11.269867665303229,0.001,3.2273497581481934
9933,19,433,1324,16.692075729370117,11.287877452081293,0.001,3.7205090522766113
9934,19,434,2585,14.272941589355469,11.2952144039639,0.001,3.859499216079712
9935,19,435,2793,12.84970474243164,11.300478606286648,0.001,4.134592533111572
9936,19,436,2498,11.95756721496582,11.30164638176883,0.001,4.219369649887085
9937,19,437,2243,14.801828384399414,11.313266868914512,0.001,4.458657503128052
9938,19,438,2565,13.485648155212402,11.315877728672833,0.001,3.955648183822632
9939,19,439,2513,7.853970050811768,11.311812966739211,0.001,3.882746934890747
9940,19,440,1098,12.074165344238281,11.313174029144694,0.001,4.10240364074707
9941,19,441,1832,12.582834243774414,11.317354424307966,0.001,4.061542510986328
9942,19,442,1470,13.35017204284668,11.32222646791868,0.001,4.68582010269165
9943,19,443,2533,12.3368501663208,11.324039713092716,0.001,3.660024642944336
9944,19,444,2569,13.23974895477295,11.327385217967906,0.001,4.0764806270599365
9945,19,445,2694,6.297192573547363,11.321560883906871,0.001,4.10663366317749
9946,19,446,2673,16.76280975341797,11.335057688140209,0.001,3.6662518978118896
9947,19,447,1714,14.493950843811035,11.34256516705975,0.001,4.063607454299927
9948,19,448,2221,10.520742416381836,11.340528745321603,0.001,3.7825210094451904
9949,19,449,1434,11.846055030822754,11.341712427240894,0.001,3.8146774768829346
9950,19,450,1488,14.261926651000977,11.350563179676957,0.001,2.9989678859710693
9951,19,451,1858,11.97065544128418,11.352042747802205,0.001,3.369837999343872
9952,19,452,2834,7.273585319519043,11.33891591406428,0.001,4.064713954925537
9953,19,453,2794,4.935035705566406,11.331502515236217,0.001,4.229543209075928
9954,19,454,1686,7.225163459777832,11.318420126414381,0.001,3.7058539390563965
9955,19,455,2117,12.493666648864746,11.32115985159706,0.001,4.768397331237793
9956,19,456,1126,9.031893730163574,11.313870139869366,0.001,3.624377965927124
9957,19,457,2191,13.975553512573242,11.318489024328322,0.001,3.654454469680786
9958,19,458,1441,18.614675521850586,11.326924933590295,0.001,3.969529628753662
9959,19,459,1302,16.50775909423828,11.342223945621694,0.001,3.928762197494507
9960,19,460,336,5.972995281219482,11.325216647827403,0.001,3.4118010997772217
9961,19,461,1793,8.97270393371582,11.31793473248317,0.001,3.960115432739258
9962,19,462,2601,13.269453048706055,11.323931312502115,0.001,4.098214626312256
9963,19,463,2929,9.973020553588867,11.320768202662567,0.001,3.4575414657592773
9964,19,464,1602,27.783166885375977,11.332884217373122,0.001,3.873561382293701
9965,19,465,2538,8.806703567504883,11.330068858173199,0.001,4.356900691986084
9966,19,466,2278,16.70775604248047,11.34278932427097,0.001,3.937025785446167
9967,19,467,2335,11.41847038269043,11.342875339660674,0.001,4.200458288192749
9968,19,468,2425,22.530075073242188,11.368956073859549,0.001,3.8670616149902344
9969,19,469,2443,8.223739624023438,11.361727906746397,0.001,4.395346164703369
9970,19,470,2099,8.249152183532715,11.356563281303902,0.001,4.579396486282349
9971,19,471,434,11.35775089263916,11.356564464309555,0.001,3.834261894226074
9972,19,472,2070,12.250347137451172,11.359303062649724,0.001,3.8970134258270264
9973,19,473,2720,8.888031959533691,11.35679903930206,0.001,3.8407835960388184
9974,19,474,403,5.595592498779297,11.347440135829334,0.001,3.8311450481414795
9975,19,475,2450,8.094941139221191,11.340125492535462,0.001,4.435782432556152
9976,19,476,1909,14.912602424621582,11.350848958271328,0.001,3.3630480766296387
9977,19,477,2272,12.097052574157715,11.352548181747915,0.001,4.320565700531006
9978,19,478,2174,12.391824722290039,11.355610615276458,0.001,4.384713411331177
9979,19,479,1262,7.510593414306641,11.351514681306698,0.001,3.809431314468384
9980,19,480,2007,13.846810340881348,11.357136091749426,0.001,4.4409472942352295
9981,19,481,1551,12.09367561340332,11.358828263872324,0.001,3.821164131164551
9982,19,482,2406,11.211502075195312,11.358381388486022,0.001,3.880866765975952
9983,19,483,2270,6.3251495361328125,11.343138542725297,0.001,3.615701675415039
9984,19,484,2241,10.949125289916992,11.34194693513128,0.001,3.870722532272339
9985,19,485,376,12.919817924499512,11.343653433962704,0.001,4.1100499629974365
9986,19,486,400,19.19419288635254,11.354877979893274,0.001,4.386974096298218
9987,19,487,2668,9.59319019317627,11.350906045332552,0.001,4.460364103317261
9988,19,488,1346,18.11647605895996,11.370241953388627,0.001,3.6102523803710938
9989,19,489,367,13.59521770477295,11.373724462054616,0.001,3.863267421722412
9990,19,490,2654,9.132710456848145,11.367085693784059,0.001,3.7397420406341553
9991,19,491,340,8.760382652282715,11.361316185484007,0.001,4.649845123291016
9992,19,492,488,12.964035987854004,11.36597382342481,0.001,3.986537218093872
9993,19,493,1812,13.622867584228516,11.372655527306001,0.001,4.623918771743774
9994,19,494,2462,9.158661842346191,11.366108046599974,0.001,4.7080817222595215
9995,19,495,2387,33.515174865722656,11.40073919923214,0.001,3.8945558071136475
9996,19,496,1481,14.43781852722168,11.407445400239554,0.001,4.018308877944946
9997,19,497,2051,23.105998992919922,11.433050078118468,0.001,4.003089904785156
9998,19,498,1397,28.811418533325195,11.48389355097622,0.001,3.449199914932251
9999,19,499,453,20.485383987426758,11.497696689056234,0.001,3.8883471488952637
10000,20,0,1122,8.224973678588867,8.224973678588867,0.001,4.01769495010376
10001,20,1,344,5.695407390594482,7.221009883933708,0.001,4.35456109046936
10002,20,2,2871,10.389649391174316,8.8822553373546,0.001,4.049171447753906
10003,20,3,1113,19.66722869873047,12.603523249121613,0.001,3.623318672180176
10004,20,4,1484,20.338228225708008,14.206832668469017,0.001,3.7436580657958984
10005,20,5,2672,15.708223342895508,14.530987366640343,0.001,3.6942832469940186
10006,20,6,1334,7.5608134269714355,14.04266461538393,0.001,4.396136045455933
10007,20,7,325,14.634693145751953,14.119519853203627,0.001,4.358266592025757
10008,20,8,1097,7.207647800445557,13.726377063903197,0.001,4.386357307434082
10009,20,9,388,13.406789779663086,13.709413061249714,0.001,4.166874408721924
10010,20,10,2923,12.943293571472168,13.652283251923073,0.001,4.402599811553955
10011,20,11,1921,12.775771141052246,13.567226313137231,0.001,4.244014024734497
10012,20,12,1439,10.325297355651855,13.199569611325042,0.001,4.323568820953369
10013,20,13,507,40.95780944824219,13.971335007468957,0.001,4.144298315048218
10014,20,14,2435,9.287253379821777,13.78638306125231,0.001,3.6585731506347656
10015,20,15,601,16.973176956176758,14.094997257945199,0.001,3.9703898429870605
10016,20,16,2772,8.629878044128418,13.725852582289987,0.001,4.279578924179077
10017,20,17,469,8.400182723999023,13.285874199959506,0.001,4.727185487747192
10018,20,18,686,8.429035186767578,12.99576345387865,0.001,3.9440932273864746
10019,20,19,492,15.661446571350098,13.188843534395303,0.001,3.3860628604888916
10020,20,20,2864,8.405651092529297,13.008695335177897,0.001,3.6862258911132812
10021,20,21,383,11.728676795959473,12.927866766484994,0.001,4.021495819091797
10022,20,22,1355,8.878677368164062,12.738232985894891,0.001,4.041870594024658
10023,20,23,1516,9.873286247253418,12.611491588221492,0.001,3.7827937602996826
10024,20,24,719,8.402048110961914,12.375271249247941,0.001,3.655275344848633
10025,20,25,1339,9.007412910461426,12.308158831738604,0.001,4.34247350692749
10026,20,26,2613,7.142190456390381,12.10620978957492,0.001,4.183715343475342
10027,20,27,1099,7.1591668128967285,11.85754422974651,0.001,4.3945136070251465
10028,20,28,1514,9.266952514648438,11.812322996244484,0.001,3.9512743949890137
10029,20,29,448,8.471214294433594,11.69063258959154,0.001,4.64643406867981
10030,20,30,1395,5.52006721496582,11.586129475332884,0.001,4.039660453796387
10031,20,31,2750,10.648320198059082,11.57088362076907,0.001,3.686901569366455
10032,20,32,377,11.108779907226562,11.559790254302122,0.001,4.519235134124756
10033,20,33,1506,9.692362785339355,11.531862848731627,0.001,3.5719902515411377
10034,20,34,2073,7.563117980957031,11.472708702143809,0.001,3.9940998554229736
10035,20,35,2378,22.091793060302734,11.811620625518836,0.001,4.674323081970215
10036,20,36,2294,7.657612323760986,11.752071544106991,0.001,4.1978936195373535
10037,20,37,461,11.188372611999512,11.729811301051832,0.001,3.9838778972625732
10038,20,38,496,17.7298526763916,11.896675061682759,0.001,5.007430791854858
10039,20,39,2548,7.573329448699951,11.776544261700382,0.001,4.074179172515869
10040,20,40,401,13.568737983703613,11.825825570437459,0.001,3.9311819076538086
10041,20,41,2652,7.270304203033447,11.768038101096247,0.001,4.165500164031982
10042,20,42,2692,7.284550189971924,11.611748942895543,0.001,3.9255480766296387
10043,20,43,2590,14.378140449523926,11.660992839462708,0.001,4.390131235122681
10044,20,44,2529,13.162996292114258,11.69948744005149,0.001,4.167152404785156
10045,20,45,2580,19.513992309570312,11.946598745390371,0.001,4.415990591049194
10046,20,46,680,7.400794506072998,11.895208112331865,0.001,4.213499069213867
10047,20,47,1368,6.759613037109375,11.806965093027847,0.001,3.6884477138519287
10048,20,48,2603,10.835110664367676,11.778070983495198,0.001,3.9958927631378174
10049,20,49,2614,12.155879974365234,11.789163392362829,0.001,4.261689901351929
10050,20,50,1717,7.664455413818359,11.746524608989585,0.001,3.6236093044281006
10051,20,51,2413,10.121786117553711,11.711131544790225,0.001,4.313385725021362
10052,20,52,455,25.129322052001953,11.81557873905954,0.001,3.5424001216888428
10053,20,53,1493,13.957225799560547,11.874923674270326,0.001,3.9837894439697266
10054,20,54,2588,8.669281959533691,11.787718036462378,0.001,3.952620267868042
10055,20,55,707,7.4090352058410645,11.748683939253718,0.001,5.00839638710022
10056,20,56,266,16.371767044067383,11.868881788964835,0.001,4.6252734661102295
10057,20,57,361,19.461750030517578,12.051950641837168,0.001,4.624598503112793
10058,20,58,458,24.547712326049805,12.167098380362404,0.001,4.464061260223389
10059,20,59,378,15.765950202941895,12.255260779013152,0.001,4.23991847038269
10060,20,60,904,25.906253814697266,12.41183567114277,0.001,3.879279851913452
10061,20,61,2909,13.416610717773438,12.429906445530934,0.001,4.134203672409058
10062,20,62,2188,29.017114639282227,12.718096173138983,0.001,3.8276872634887695
10063,20,63,98,8.201492309570312,12.614541947107107,0.001,3.7555716037750244
10064,20,64,728,8.496098518371582,12.545034148643262,0.001,3.5424349308013916
10065,20,65,1092,15.203041076660156,12.60345912732152,0.001,3.5986168384552
10066,20,66,2422,6.2422027587890625,12.553947516717203,0.001,3.9104323387145996
10067,20,67,69,19.427181243896484,12.701640686483401,0.001,3.682894229888916
10068,20,68,770,11.360546112060547,12.68025006972491,0.001,3.711517095565796
10069,20,69,459,5.999133586883545,12.630983634170159,0.001,3.328369379043579
10070,20,70,954,18.04252052307129,12.670851590064958,0.001,3.856236457824707
10071,20,71,368,13.94339656829834,12.690903820528188,0.001,3.6221351623535156
10072,20,72,1615,16.088502883911133,12.74087647326794,0.001,3.7477827072143555
10073,20,73,2347,8.584388732910156,12.679460526475891,0.001,3.4002130031585693
10074,20,74,432,17.016000747680664,12.741525115265437,0.001,4.361264228820801
10075,20,75,1777,15.771177291870117,12.784465527002292,0.001,4.431178569793701
10076,20,76,374,7.354159832000732,12.682866134964128,0.001,3.4353132247924805
10077,20,77,28,5.375636577606201,12.634318433925326,0.001,4.064995050430298
10078,20,78,2845,9.054413795471191,12.568714991494177,0.001,3.8164591789245605
10079,20,79,710,8.444082260131836,12.513013882584483,0.001,4.073821306228638
10080,20,80,1523,7.825503349304199,12.482837003365482,0.001,4.052762269973755
10081,20,81,699,10.951663970947266,12.46277210516657,0.001,4.490736722946167
10082,20,82,2458,8.17370319366455,12.406610968898699,0.001,4.24725341796875
10083,20,83,2706,8.119270324707031,12.381278338397845,0.001,3.879810333251953
10084,20,84,1442,11.237847328186035,12.37084213716547,0.001,4.413152456283569
10085,20,85,468,8.633851051330566,12.308058871503714,0.001,3.6957390308380127
10086,20,86,65,6.695371150970459,12.273472932948062,0.001,4.030439615249634
10087,20,87,858,13.77072811126709,12.281597993078712,0.001,3.921783685684204
10088,20,88,1642,8.016959190368652,12.229373641167902,0.001,4.294520139694214
10089,20,89,2927,40.25446319580078,12.37234991401632,0.001,4.1114161014556885
10090,20,90,2911,16.76110076904297,12.396139466547666,0.001,3.8870084285736084
10091,20,91,1580,16.528133392333984,12.432030012217103,0.001,3.4732556343078613
10092,20,92,1918,8.262554168701172,12.36520956608777,0.001,3.8543508052825928
10093,20,93,256,10.335524559020996,12.348176198742815,0.001,4.163391351699829
10094,20,94,2075,8.988170623779297,12.320355834683815,0.001,4.224579095840454
10095,20,95,471,8.223395347595215,12.257560555669139,0.001,3.71067476272583
10096,20,96,2709,21.29393768310547,12.306632523246464,0.001,3.6952507495880127
10097,20,97,616,6.396064281463623,12.21784744523443,0.001,4.051944255828857
10098,20,98,408,5.653940677642822,12.165468647028545,0.001,3.745736598968506
10099,20,99,972,5.511207580566406,12.09259793185171,0.001,4.310227155685425
10100,20,100,67,12.219642639160156,12.09400122188879,0.001,4.1015870571136475
10101,20,101,363,4.563594341278076,12.054820613025091,0.001,4.266138792037964
10102,20,102,915,7.01356840133667,12.0295371952754,0.001,3.6775193214416504
10103,20,103,2722,13.95141887664795,12.038727555894152,0.001,4.263113975524902
10104,20,104,2452,10.916644096374512,12.026663156391221,0.001,3.7926406860351562
10105,20,105,2563,7.220111846923828,11.98991115931209,0.001,4.011040925979614
10106,20,106,611,8.491362571716309,11.96388695661874,0.001,4.367205619812012
10107,20,107,1756,7.129556655883789,11.91403872940794,0.001,3.5033459663391113
10108,20,108,1844,16.365819931030273,11.933711857551488,0.001,4.144448757171631
10109,20,109,774,9.704748153686523,11.910661700269078,0.001,3.816725969314575
10110,20,110,1879,11.028932571411133,11.904094172133691,0.001,4.232278108596802
10111,20,111,2537,9.734947204589844,11.881593781790977,0.001,3.8143935203552246
10112,20,112,2782,10.005571365356445,11.856295952983883,0.001,3.8158020973205566
10113,20,113,2204,6.447649002075195,11.786126997496211,0.001,3.694477081298828
10114,20,114,1823,8.585235595703125,11.743576057651019,0.001,3.7572824954986572
10115,20,115,2080,12.063313484191895,11.747704615854056,0.001,4.343458652496338
10116,20,116,717,8.728282928466797,11.709474663059613,0.001,4.123782157897949
10117,20,117,2066,5.334283351898193,11.630161014849747,0.001,4.168237686157227
10118,20,118,1264,13.239957809448242,11.637458397757419,0.001,3.63191819190979
10119,20,119,523,13.630313873291016,11.662191901122256,0.001,4.4073615074157715
10120,20,120,1676,10.086075782775879,11.642902057159034,0.001,3.997631549835205
10121,20,121,773,7.181990146636963,11.602625150465386,0.001,3.523050308227539
10122,20,122,2229,10.854818344116211,11.598478080754044,0.001,3.860689401626587
10123,20,123,694,9.111461639404297,11.569095020745872,0.001,4.6078057289123535
10124,20,124,2906,9.651947021484375,11.552290316932456,0.001,4.4840826988220215
10125,20,125,759,8.011571884155273,11.521737468432363,0.001,3.9542269706726074
10126,20,126,77,11.121077537536621,11.518231181817647,0.001,4.212738275527954
10127,20,127,2595,5.46757698059082,11.493622204366776,0.001,4.192420721054077
10128,20,128,951,7.0789642333984375,11.45605122886153,0.001,4.644529819488525
10129,20,129,1693,8.31666374206543,11.420849156711277,0.001,4.144351243972778
10130,20,130,1155,5.848334789276123,11.39815813742845,0.001,4.124365329742432
10131,20,131,2682,13.522577285766602,11.422024749255549,0.001,3.9274067878723145
10132,20,132,787,17.57589340209961,11.446617195102606,0.001,4.097495079040527
10133,20,133,392,10.82471752166748,11.439891428248794,0.001,4.120224475860596
10134,20,134,727,16.3126163482666,11.458547358585383,0.001,4.356284141540527
10135,20,135,2523,18.03792381286621,11.529436712080015,0.001,4.3295416831970215
10136,20,136,372,13.177056312561035,11.534975575511188,0.001,4.060281276702881
10137,20,137,825,16.66120147705078,11.554035628531674,0.001,4.042505979537964
10138,20,138,73,27.75675392150879,11.616393471198311,0.001,4.23491358757019
10139,20,139,1864,17.148469924926758,11.637504800112906,0.001,4.103041410446167
10140,20,140,721,14.371304512023926,11.652686846078165,0.001,4.129520893096924
10141,20,141,74,7.311435699462891,11.636625951755823,0.001,4.100323438644409
10142,20,142,2482,8.710156440734863,11.605931300951573,0.001,4.3076331615448
10143,20,143,2608,12.149395942687988,11.611627897218638,0.001,4.075604677200317
10144,20,144,2464,24.60078239440918,11.660175436269013,0.001,3.83685302734375
10145,20,145,1706,10.705418586730957,11.652924113280744,0.001,4.144867181777954
10146,20,146,177,7.024198532104492,11.618383500887285,0.001,4.1318042278289795
10147,20,147,778,10.23447036743164,11.608072440675544,0.001,3.517510175704956
10148,20,148,981,9.764548301696777,11.59429767937276,0.001,3.8520586490631104
10149,20,149,916,4.6384477615356445,11.569262318962576,0.001,3.985785961151123
10150,20,150,38,7.708019256591797,11.548726290994857,0.001,3.787837505340576
10151,20,151,273,7.703861713409424,11.520275020339925,0.001,3.475342273712158
10152,20,152,2874,7.868044853210449,11.49421401249541,0.001,4.2122180461883545
10153,20,153,2140,8.180370330810547,11.483252222773144,0.001,4.166395425796509
10154,20,154,827,13.4705171585083,11.491785695104028,0.001,3.922863483428955
10155,20,155,685,8.176350593566895,11.468320897766715,0.001,3.935903310775757
10156,20,156,1530,13.145160675048828,11.484197630551026,0.001,4.579121351242065
10157,20,157,254,8.818114280700684,11.459289875480499,0.001,4.07934045791626
10158,20,158,920,7.247744560241699,11.419593120520645,0.001,4.157489061355591
10159,20,159,2669,7.918010711669922,11.407847152612423,0.001,3.756723642349243
10160,20,160,863,20.908323287963867,11.473887889235968,0.001,4.078763008117676
10161,20,161,2476,9.12203598022461,11.466151534272115,0.001,4.118780612945557
10162,20,162,342,12.587976455688477,11.476509533803386,0.001,4.112437009811401
10163,20,163,441,8.748238563537598,11.458067815716525,0.001,4.093213319778442
10164,20,164,814,5.018699645996094,11.436806809375787,0.001,4.11500883102417
10165,20,165,490,6.283284664154053,11.419963020553256,0.001,4.06437611579895
10166,20,166,2547,24.99464988708496,11.510938507897905,0.001,3.9440743923187256
10167,20,167,1915,8.360610961914062,11.496134128280845,0.001,3.5925352573394775
10168,20,168,966,15.377685546875,11.514118150297497,0.001,3.6251585483551025
10169,20,169,447,7.637829303741455,11.501790535718744,0.001,4.006892681121826
10170,20,170,1373,9.23355484008789,11.490093072884129,0.001,4.369290351867676
10171,20,171,2325,7.284661293029785,11.462599987231656,0.001,3.850297212600708
10172,20,172,913,10.23987102508545,11.456953654534482,0.001,4.160420894622803
10173,20,173,2219,9.479682922363281,11.45123180424151,0.001,3.961698055267334
10174,20,174,788,12.638052940368652,11.4614148318661,0.001,4.3759050369262695
10175,20,175,2758,9.961589813232422,11.451894683666046,0.001,4.605646133422852
10176,20,176,1938,7.9763970375061035,11.441744436547829,0.001,4.270286560058594
10177,20,177,2789,12.905041694641113,11.450955044340908,0.001,3.821521043777466
10178,20,178,2781,16.43674087524414,11.470586087353574,0.001,3.749218702316284
10179,20,179,1838,6.722827911376953,11.441408355026503,0.001,4.152992486953735
10180,20,180,64,6.907134532928467,11.427765947696951,0.001,3.8225338459014893
10181,20,181,390,6.024563312530518,11.40441764893474,0.001,3.7304210662841797
10182,20,182,990,13.873666763305664,11.420007169480444,0.001,4.643884181976318
10183,20,183,436,11.159104347229004,11.418882312668751,0.001,3.8782553672790527
10184,20,184,819,11.531207084655762,11.419571260850844,0.001,3.736584424972534
10185,20,185,962,12.691329002380371,11.425139210821648,0.001,3.5125465393066406
10186,20,186,2610,9.255337715148926,11.418863526047584,0.001,3.9027798175811768
10187,20,187,2293,8.700056076049805,11.40209994766314,0.001,3.497082233428955
10188,20,188,518,6.155242443084717,11.387026258380615,0.001,4.403688907623291
10189,20,189,522,5.922441005706787,11.343466152858673,0.001,4.430426359176636
10190,20,190,56,5.927190780639648,11.311388579855185,0.001,4.146198749542236
10191,20,191,2202,6.901200771331787,11.276601587857852,0.001,4.230411052703857
10192,20,192,682,14.089695930480957,11.298317501948864,0.001,4.2701075077056885
10193,20,193,989,11.112778663635254,11.29724440022205,0.001,4.013290882110596
10194,20,194,2205,6.219249725341797,11.267483378935278,0.001,3.8348231315612793
10195,20,195,337,8.743965148925781,11.258122413182008,0.001,4.526324033737183
10196,20,196,2593,10.198174476623535,11.251944080480788,0.001,3.928956985473633
10197,20,197,919,11.506353378295898,11.253896224264095,0.001,4.820325136184692
10198,20,198,961,7.467982769012451,11.225650807777647,0.001,4.434049129486084
10199,20,199,864,19.059236526489258,11.245450608289918,0.001,4.942748308181763
10200,20,200,803,13.459986686706543,11.251192468000994,0.001,4.207598686218262
10201,20,201,519,11.513365745544434,11.253141855156189,0.001,4.339421033859253
10202,20,202,834,6.571361541748047,11.218794724641695,0.001,4.070503234863281
10203,20,203,272,8.972627639770508,11.209934111764522,0.001,4.077501535415649
10204,20,204,2377,18.750789642333984,11.250939751271055,0.001,3.4691247940063477
10205,20,205,851,11.525071144104004,11.252966650567297,0.001,4.053757905960083
10206,20,206,514,10.498902320861816,11.250018850370276,0.001,4.234941720962524
10207,20,207,2522,11.116521835327148,11.24930892265997,0.001,4.151505708694458
10208,20,208,424,11.541616439819336,11.25037114654619,0.001,4.3024444580078125
10209,20,209,2179,6.560296535491943,11.232277481768188,0.001,4.094117641448975
10210,20,210,481,8.05447006225586,11.215442916578885,0.001,4.321538209915161
10211,20,211,693,6.229338645935059,11.180294174788568,0.001,4.401364803314209
10212,20,212,1945,6.474151611328125,11.147467087627847,0.001,4.052619218826294
10213,20,213,771,9.090371131896973,11.13683706496351,0.001,3.996746301651001
10214,20,214,2147,9.735787391662598,11.12712959436265,0.001,3.9415595531463623
10215,20,215,1846,11.44718074798584,11.128759502341806,0.001,3.9890530109405518
10216,20,216,1862,4.769741535186768,11.113225390165468,0.001,4.27202582359314
10217,20,217,2775,9.754719734191895,11.106391481456772,0.001,3.8788280487060547
10218,20,218,873,7.744419574737549,11.099225652835054,0.001,3.637463092803955
10219,20,219,1473,6.361777305603027,11.084271289731753,0.001,4.739818811416626
10220,20,220,2233,11.234896659851074,11.084812607821599,0.001,3.930842161178589
10221,20,221,991,10.104389190673828,11.082510085426131,0.001,4.463321685791016
10222,20,222,2784,7.009066104888916,11.05519304794894,0.001,4.029966115951538
10223,20,223,2071,16.717464447021484,11.075223784996238,0.001,4.173734664916992
10224,20,224,2196,8.644742012023926,11.070032079042925,0.001,3.8630716800689697
10225,20,225,2095,13.462797164916992,11.085514078071416,0.001,3.9893531799316406
10226,20,226,2552,7.349276542663574,11.06729944777909,0.001,4.110672235488892
10227,20,227,68,6.909415245056152,11.052441444245197,0.001,3.7695016860961914
10228,20,228,2399,6.0750017166137695,11.042043371595302,0.001,4.037333726882935
10229,20,229,2564,12.629935264587402,11.049645620268503,0.001,3.953442335128784
10230,20,230,789,10.692852020263672,11.047921536537745,0.001,3.7556545734405518
10231,20,231,956,8.894850730895996,11.034142198337939,0.001,3.57086443901062
10232,20,232,742,6.981440544128418,11.008160634603342,0.001,3.7733731269836426
10233,20,233,2494,13.46619987487793,11.01977563149205,0.001,4.144926071166992
10234,20,234,852,14.687331199645996,11.036985817003472,0.001,4.131419897079468
10235,20,235,60,9.011378288269043,11.0301680542844,0.001,3.8111209869384766
10236,20,236,2251,5.796276569366455,11.01215163053135,0.001,4.418566703796387
10237,20,237,29,13.7711763381958,11.025001141923054,0.001,4.294790267944336
10238,20,238,2249,19.105697631835938,11.063445027777172,0.001,3.864596366882324
10239,20,239,2543,20.652013778686523,11.10825299156909,0.001,4.146519184112549
10240,20,240,2619,13.515764236450195,11.115540845376268,0.001,3.4733240604400635
10241,20,241,2546,7.675639629364014,11.099817938772087,0.001,3.4276676177978516
10242,20,242,1556,14.944095611572266,11.117529648698834,0.001,3.8331639766693115
10243,20,243,407,14.05990982055664,11.130964164454154,0.001,3.6383562088012695
10244,20,244,808,20.094301223754883,11.171363988086977,0.001,4.206060171127319
10245,20,245,2328,11.419879913330078,11.172178150491268,0.001,4.330515384674072
10246,20,246,2930,7.108004570007324,11.1636246729325,0.001,3.931410789489746
10247,20,247,2832,9.21362590789795,11.152496109680921,0.001,4.119868755340576
10248,20,248,2861,10.144275665283203,11.147954292551319,0.001,3.8698441982269287
10249,20,249,446,7.898763656616211,11.13359216205511,0.001,4.671169757843018
10250,20,250,521,6.3634185791015625,11.123542302392803,0.001,3.6282336711883545
10251,20,251,2763,6.521015644073486,11.113888776105838,0.001,3.712303876876831
10252,20,252,2401,10.133811950683594,11.109499907218051,0.001,3.710815668106079
10253,20,253,1443,10.044507026672363,11.103300758429407,0.001,4.096577405929565
10254,20,254,811,9.96695613861084,11.101103439588714,0.001,3.931034564971924
10255,20,255,1819,14.984798431396484,11.109256338446825,0.001,3.9734585285186768
10256,20,256,705,7.003478050231934,11.08508061393651,0.001,4.111470937728882
10257,20,257,914,12.092029571533203,11.089423438504342,0.001,3.593717575073242
10258,20,258,870,10.115955352783203,11.086417409311103,0.001,4.128415584564209
10259,20,259,977,7.90993595123291,11.076946760767438,0.001,3.6740682125091553
10260,20,260,861,7.06879997253418,11.064654113258673,0.001,3.6640801429748535
10261,20,261,689,20.603404998779297,11.093694369595168,0.001,4.397492170333862
10262,20,262,695,8.03088665008545,11.080540993254983,0.001,3.955878734588623
10263,20,263,2584,9.051613807678223,11.069124450944964,0.001,4.530628204345703
10264,20,264,94,10.257146835327148,11.064827859017507,0.001,4.038448810577393
10265,20,265,2901,15.071722984313965,11.077119726080886,0.001,4.294523239135742
10266,20,266,801,5.138651371002197,11.059885014241374,0.001,4.122462272644043
10267,20,267,607,6.573805809020996,11.051305604469956,0.001,4.531163454055786
10268,20,268,382,6.67897891998291,11.042868277430632,0.001,4.743996620178223
10269,20,269,2050,7.160971164703369,11.031552001444833,0.001,3.582489252090454
10270,20,270,832,5.978571891784668,11.00384531422594,0.001,3.947453737258911
10271,20,271,743,5.8152289390563965,10.993714963209976,0.001,4.31848931312561
10272,20,272,350,9.951794624328613,10.989402721356484,0.001,3.856769323348999
10273,20,273,405,6.856479644775391,10.977028247312601,0.001,3.870359182357788
10274,20,274,986,18.317941665649414,11.007486387455856,0.001,3.918678045272827
10275,20,275,1902,11.442474365234375,11.009257202567547,0.001,4.264572381973267
10276,20,276,1896,7.562294006347656,10.995401903526515,0.001,2.982353687286377
10277,20,277,706,6.6183881759643555,10.986844334946834,0.001,3.6385726928710938
10278,20,278,1087,17.423809051513672,11.020718688858395,0.001,4.269756317138672
10279,20,279,1848,9.270294189453125,11.011355268794329,0.001,4.931149959564209
10280,20,280,1772,6.703517436981201,10.98816326712557,0.001,4.087634563446045
10281,20,281,1081,17.673280715942383,11.01467966632874,0.001,3.861959457397461
10282,20,282,1355,9.161642074584961,11.007334283270366,0.001,3.6597096920013428
10283,20,283,1343,18.71678352355957,11.02085504028745,0.001,4.293560266494751
10284,20,284,1777,9.579914093017578,11.015285660624583,0.001,4.14966344833374
10285,20,285,1888,17.620269775390625,11.049106765393843,0.001,3.756692409515381
10286,20,286,1551,14.574249267578125,11.06303291062475,0.001,3.884650468826294
10287,20,287,1556,9.637883186340332,11.057490936306245,0.001,3.649838447570801
10288,20,288,1549,9.381912231445312,11.052737539465804,0.001,4.031425952911377
10289,20,289,1557,7.947886943817139,11.036743070396252,0.001,3.571115493774414
10290,20,290,1819,14.449885368347168,11.043024062618548,0.001,4.050078630447388
10291,20,291,1554,12.536041259765625,11.045780845558438,0.001,3.7092723846435547
10292,20,292,1088,8.230118751525879,11.035271905102212,0.001,3.862409830093384
10293,20,293,1642,8.155436515808105,11.024490429196728,0.001,3.8981521129608154
10294,20,294,1324,16.701114654541016,11.052850560476687,0.001,4.155810117721558
10295,20,295,1503,15.54910659790039,11.064009283997725,0.001,3.690119981765747
10296,20,296,1310,7.402702331542969,11.045601762730058,0.001,4.116399526596069
10297,20,297,1360,7.795318126678467,11.03997397469852,0.001,3.755352735519409
10298,20,298,1514,11.591025352478027,11.040947114831392,0.001,3.7934978008270264
10299,20,299,1174,16.52920150756836,11.061445212345713,0.001,4.613088369369507
10300,20,300,1093,11.459277153015137,11.063374380235073,0.001,4.7915940284729
10301,20,301,2073,5.749117851257324,11.054387447334461,0.001,4.036743879318237
10302,20,302,2060,24.760700225830078,11.105183211331441,0.001,3.530042886734009
10303,20,303,1118,8.504862785339355,11.095672245563414,0.001,4.283741474151611
10304,20,304,1098,9.962430000305176,11.092678013182226,0.001,4.039790630340576
10305,20,305,1779,10.279868125915527,11.088738486680635,0.001,3.729912519454956
10306,20,306,2013,8.902194023132324,11.085012838950956,0.001,4.405447721481323
10307,20,307,1806,6.605820178985596,11.063345341706391,0.001,3.4619014263153076
10308,20,308,1751,11.038110733032227,11.063280103007068,0.001,4.788472652435303
10309,20,309,1714,10.378780364990234,11.06087800458802,0.001,3.5418777465820312
10310,20,310,1182,6.506559371948242,11.044411065833614,0.001,4.457842588424683
10311,20,311,1470,7.3732709884643555,11.031633924103353,0.001,4.062911510467529
10312,20,312,1914,5.137782573699951,11.021629477361152,0.001,3.913715362548828
10313,20,313,178,8.987726211547852,11.014573030505996,0.001,4.154020547866821
10314,20,314,1616,6.830411434173584,10.999414178637593,0.001,4.745569229125977
10315,20,315,1439,8.064005851745605,10.98579613821252,0.001,3.1178627014160156
10316,20,316,1679,6.582256317138672,10.974507935904398,0.001,4.022075176239014
10317,20,317,2098,11.957401275634766,10.976771496258152,0.001,3.5668785572052
10318,20,318,1649,11.894618034362793,10.979988340210731,0.001,4.293725967407227
10319,20,319,2095,13.328740119934082,10.990678441980767,0.001,4.803948640823364
10320,20,320,1373,12.99898910522461,10.996154473318793,0.001,3.9614644050598145
10321,20,321,1925,6.486495018005371,10.988788670332921,0.001,4.814172029495239
10322,20,322,1484,6.468762397766113,10.97302928121111,0.001,4.634946584701538
10323,20,323,1575,7.115725994110107,10.95944637961599,0.001,4.003162860870361
10324,20,324,2144,4.674046993255615,10.949268517377517,0.001,4.205504417419434
10325,20,325,1636,6.102741241455078,10.927113587863651,0.001,4.364712238311768
10326,20,326,1807,28.57451820373535,11.006166325875782,0.001,3.9709534645080566
10327,20,327,1543,6.928401947021484,10.999467320286067,0.001,4.462314605712891
10328,20,328,1250,5.8363752365112305,10.991223779242723,0.001,3.4368081092834473
10329,20,329,2152,14.569028854370117,11.003204691791627,0.001,3.965385913848877
10330,20,330,2149,6.223398208618164,10.986857770613499,0.001,4.356386184692383
10331,20,331,1128,6.852476119995117,10.97295565428893,0.001,4.290371417999268
10332,20,332,1585,8.298319816589355,10.961175888717396,0.001,4.932735443115234
10333,20,333,1532,5.402698040008545,10.936653184730666,0.001,3.850754976272583
10334,20,334,2147,9.21708869934082,10.929005168599847,0.001,3.9093401432037354
10335,20,335,2191,14.37192440032959,10.93731669424008,0.001,3.724515676498413
10336,20,336,1506,6.471614360809326,10.930654697367615,0.001,3.917999505996704
10337,20,337,2216,6.398575782775879,10.924274342137306,0.001,4.257813215255737
10338,20,338,1527,24.80079460144043,10.969594124411554,0.001,3.9959893226623535
10339,20,339,1766,30.867746353149414,10.991778853169897,0.001,3.8010590076446533
10340,20,340,2034,7.342803478240967,10.976114757541618,0.001,4.247060060501099
10341,20,341,1495,11.242953300476074,10.976988150537666,0.001,4.434494495391846
10342,20,342,2051,16.125999450683594,10.993809723964365,0.001,4.289045572280884
10343,20,343,1519,22.58978843688965,11.032039663946009,0.001,3.876786231994629
10344,20,344,1089,8.491639137268066,11.021139138255853,0.001,3.8346731662750244
10345,20,345,1306,8.519250869750977,11.010467577982853,0.001,4.770026683807373
10346,20,346,2172,8.367627143859863,11.00187358484394,0.001,3.910102128982544
10347,20,347,1120,8.747726440429688,10.996980767732449,0.001,3.7249879837036133
10348,20,348,1921,8.06420612335205,10.987666743157687,0.001,4.627051591873169
10349,20,349,1263,5.654965877532959,10.970779846070698,0.001,3.6576292514801025
10350,20,350,1457,7.085721969604492,10.954580477280516,0.001,3.569047451019287
10351,20,351,1814,7.054224491119385,10.942476648596845,0.001,4.100208759307861
10352,20,352,1577,11.411306381225586,10.943940967723773,0.001,4.18839168548584
10353,20,353,1846,9.667081832885742,10.939980867619479,0.001,4.63189435005188
10354,20,354,2328,5.822717189788818,10.928430015700126,0.001,4.293052911758423
10355,20,355,1523,7.2044267654418945,10.922890542400458,0.001,3.551257610321045
10356,20,356,1502,7.975966453552246,10.910520027861962,0.001,3.9062581062316895
10357,20,357,2203,6.428811550140381,10.892001082571293,0.001,3.661221742630005
10358,20,358,2270,6.761569499969482,10.874862538992998,0.001,4.584537506103516
10359,20,359,1690,6.924422740936279,10.869033942373227,0.001,4.367403984069824
10360,20,360,1951,7.245086669921875,10.857911236905982,0.001,4.103638172149658
10361,20,361,2080,10.321198463439941,10.855713480882457,0.001,4.484145641326904
10362,20,362,1839,4.908384323120117,10.847256539067029,0.001,4.849215984344482
10363,20,363,1173,8.6376953125,10.844036619127706,0.001,3.8293673992156982
10364,20,364,1769,6.7810139656066895,10.827456317578584,0.001,3.6620213985443115
10365,20,365,1097,8.23769760131836,10.823827688167466,0.001,3.994277000427246
10366,20,366,1541,5.507274627685547,10.816863519535865,0.001,3.9994516372680664
10367,20,367,1699,6.628395080566406,10.808067615597466,0.001,4.032538890838623
10368,20,368,1764,8.098770141601562,10.797009657160983,0.001,3.813751220703125
10369,20,369,1602,21.502744674682617,10.807122974152334,0.001,4.065215349197388
10370,20,370,2327,5.895406246185303,10.796811795684345,0.001,4.006433963775635
10371,20,371,2325,5.198314189910889,10.78005613953282,0.001,3.3767597675323486
10372,20,372,1620,18.005428314208984,10.786918709696252,0.001,3.7567873001098633
10373,20,373,1302,15.505859375,10.804412342319075,0.001,3.707494020462036
10374,20,374,2251,5.92371129989624,10.79383434641528,0.001,4.064039468765259
10375,20,375,1488,9.022383689880371,10.7872752085314,0.001,4.376486301422119
10376,20,376,2347,5.489628791809082,10.771697712487397,0.001,3.7320501804351807
10377,20,377,1768,8.799721717834473,10.76895223336296,0.001,3.9823544025421143
10378,20,378,1265,5.51995325088501,10.761585736609982,0.001,3.9347586631774902
10379,20,379,1087,14.822277069091797,10.777144372917352,0.001,4.240607261657715
10380,20,380,1626,7.881409645080566,10.77324790154259,0.001,3.826842784881592
10381,20,381,1530,11.145907402038574,10.774692826279344,0.001,3.8812155723571777
10382,20,382,1900,17.760032653808594,10.784603480798385,0.001,4.38566780090332
10383,20,383,1627,14.483575820922852,10.795412917076298,0.001,3.426520586013794
10384,20,384,1463,7.561595916748047,10.791530818320725,0.001,3.791167736053467
10385,20,385,1334,7.023502349853516,10.78643291497572,0.001,3.9848570823669434
10386,20,386,2179,5.30144739151001,10.77497826289068,0.001,3.31247615814209
10387,20,387,1878,8.473677635192871,10.770304099603694,0.001,4.608664512634277
10388,20,388,2117,16.925128936767578,10.787548428151709,0.001,3.6394271850585938
10389,20,389,2476,11.939934730529785,10.78912783776142,0.001,3.963132858276367
10390,20,390,1117,11.910721778869629,10.792392834519399,0.001,3.766185760498047
10391,20,391,1586,9.20506477355957,10.786320141394624,0.001,4.057176113128662
10392,20,392,1342,15.116135597229004,10.798388220623629,0.001,3.2912802696228027
10393,20,393,1615,13.974761962890625,10.80719428559548,0.001,4.09796929359436
10394,20,394,1151,13.169011116027832,10.811786356879777,0.001,4.085184812545776
10395,20,395,2229,11.599491119384766,10.813158921996203,0.001,3.8601865768432617
10396,20,396,2192,27.437999725341797,10.831869884782607,0.001,3.4675023555755615
10397,20,397,1516,14.545394897460938,10.842235602743447,0.001,4.71004319190979
10398,20,398,1809,9.240384101867676,10.836367455443446,0.001,3.6775712966918945
10399,20,399,1109,13.206365585327148,10.844876332467111,0.001,4.059111595153809
10400,20,400,1845,10.149184226989746,10.844005853077448,0.001,3.6481528282165527
10401,20,401,1909,12.546370506286621,10.850214477261979,0.001,3.853070020675659
10402,20,402,1828,7.42768669128418,10.837317033202343,0.001,3.9791452884674072
10403,20,403,2413,9.675453186035156,10.834068823041559,0.001,4.407351732254028
10404,20,404,1434,15.2667818069458,10.845839689515987,0.001,4.6301188468933105
10405,20,405,1274,15.370445251464844,10.858005866996333,0.001,3.728386878967285
10406,20,406,2219,6.561581134796143,10.852742589326729,0.001,4.2084434032440186
10407,20,407,2221,9.208501815795898,10.84816357923579,0.001,4.1643290519714355
10408,20,408,1262,5.842858791351318,10.84175565588454,0.001,4.205171823501587
10409,20,409,1397,8.425665855407715,10.832895255631936,0.001,3.6623013019561768
10410,20,410,2502,6.922619819641113,10.818634211451883,0.001,4.4335715770721436
10411,20,411,1105,9.243497848510742,10.81652329627513,0.001,4.421375036239624
10412,20,412,2241,11.031033515930176,10.817303997102163,0.001,4.357195615768433
10413,20,413,1460,8.045894622802734,10.811956312654024,0.001,4.066296100616455
10414,20,414,2511,14.167051315307617,10.81847049881783,0.001,3.889796733856201
10415,20,415,1675,11.279643058776855,10.819343511642149,0.001,3.4138946533203125
10416,20,416,1938,8.364829063415527,10.816325463866072,0.001,4.144123554229736
10417,20,417,190,6.635133266448975,10.801098212612331,0.001,3.6563355922698975
10418,20,418,1858,11.663617134094238,10.803367369076344,0.001,3.9942197799682617
10419,20,419,2546,6.18624210357666,10.791218190908838,0.001,4.193327188491821
10420,20,420,2479,8.789680480957031,10.7860979891624,0.001,4.184066295623779
10421,20,421,2552,11.116910934448242,10.78696250924097,0.001,4.170415163040161
10422,20,422,1692,10.673030853271484,10.786564290080001,0.001,4.232228517532349
10423,20,423,2000,5.686709880828857,10.78026101018281,0.001,3.9062395095825195
10424,20,424,2458,7.684352397918701,10.772177615135877,0.001,4.498054265975952
10425,20,425,2274,6.093387603759766,10.760180323955558,0.001,4.0510735511779785
10426,20,426,1480,9.059535026550293,10.758099228371734,0.001,3.582763910293579
10427,20,427,2197,17.039152145385742,10.774344491231636,0.001,3.769912004470825
10428,20,428,2233,11.330111503601074,10.775371403345504,0.001,3.8861937522888184
10429,20,429,1693,10.44559383392334,10.774236749097305,0.001,3.757056713104248
10430,20,430,2436,14.162884712219238,10.77844362455316,0.001,3.538128137588501
10431,20,431,1153,6.247135639190674,10.762746945281714,0.001,4.26967191696167
10432,20,432,2584,7.156031608581543,10.750435360086884,0.001,4.458988904953003
10433,20,433,264,9.74298095703125,10.747837937020167,0.001,3.6127002239227295
10434,20,434,2377,10.659478187561035,10.747613038915366,0.001,3.7705166339874268
10435,20,435,1363,20.104915618896484,10.771409131597236,0.001,3.972428321838379
10436,20,436,2499,11.186312675476074,10.77216478345969,0.001,4.715204477310181
10437,20,437,2498,11.137845993041992,10.77282673152677,0.001,3.900404691696167
10438,20,438,1326,5.392862319946289,10.766424514767886,0.001,4.278158903121948
10439,20,439,1794,5.3086323738098145,10.75285050595189,0.001,4.130960941314697
10440,20,440,2008,11.276745796203613,10.753414446171497,0.001,4.13045597076416
10441,20,441,1862,8.543197631835938,10.750754738813693,0.001,4.40413236618042
10442,20,442,1548,13.251330375671387,10.756805860811022,0.001,4.0918238162994385
10443,20,443,2460,11.708595275878906,10.75794440405847,0.001,4.491382598876953
10444,20,444,1394,15.844103813171387,10.770705408123272,0.001,3.8878350257873535
10445,20,445,1700,20.519079208374023,10.789101420125606,0.001,4.191035985946655
10446,20,446,1393,14.87612247467041,10.79937038883867,0.001,3.761951446533203
10447,20,447,2341,6.774698257446289,10.785910957025473,0.001,4.242327928543091
10448,20,448,1571,8.580556869506836,10.778637959169744,0.001,4.738910913467407
10449,20,449,1111,12.316364288330078,10.782432534924538,0.001,4.400729656219482
10450,20,450,1453,11.88081169128418,10.783636939589622,0.001,4.535058975219727
10451,20,451,1442,8.690788269042969,10.779993742671317,0.001,3.8485374450683594
10452,20,452,2513,6.765410423278809,10.775306100056566,0.001,3.806569814682007
10453,20,453,1706,12.04383659362793,10.778413623667518,0.001,4.929625988006592
10454,20,454,2482,9.517181396484375,10.774253040442348,0.001,4.405126333236694
10455,20,455,1832,10.652785301208496,10.773856876884121,0.001,4.2733118534088135
10456,20,456,1313,9.186651229858398,10.768919692098406,0.001,4.554211139678955
10457,20,457,1311,9.359169006347656,10.76436812509862,0.001,4.38096809387207
10458,20,458,2055,10.498091697692871,10.76350867345313,0.001,3.8816072940826416
10459,20,459,1797,7.0117340087890625,10.759099817233025,0.001,3.8729820251464844
10460,20,460,2682,9.661219596862793,10.755523934286517,0.001,4.2237207889556885
10461,20,461,1099,10.802396774291992,10.75567441625558,0.001,3.9671764373779297
10462,20,462,1126,13.798891067504883,10.76541723775578,0.001,4.370089292526245
10463,20,463,2406,15.328295707702637,10.780072516903369,0.001,4.236073970794678
10464,20,464,1113,9.988321304321289,10.777563344187161,0.001,3.504178762435913
10465,20,465,1399,18.676570892333984,10.802908116793258,0.001,4.037839651107788
10466,20,466,1737,15.87668228149414,10.818461830893467,0.001,4.420925617218018
10467,20,467,2071,22.20621681213379,10.837510956838337,0.001,3.71846079826355
10468,20,468,1540,8.146175384521484,10.834467581126363,0.001,4.207656621932983
10469,20,469,2793,9.032587051391602,10.828727610468093,0.001,3.729541540145874
10470,20,470,1918,11.073951721191406,10.82949527680569,0.001,3.5248191356658936
10471,20,471,2282,11.401572227478027,10.830131040299797,0.001,3.862478017807007
10472,20,472,2449,7.8129401206970215,10.823082828410277,0.001,3.9194376468658447
10473,20,473,2064,6.882513999938965,10.81380195350207,0.001,4.025397777557373
10474,20,474,2593,9.013701438903809,10.809531544520258,0.001,4.167152404785156
10475,20,475,1155,8.679797172546387,10.807137143299006,0.001,4.081617832183838
10476,20,476,2401,8.175875663757324,10.800960812373797,0.001,4.252898216247559
10477,20,477,2901,11.373075485229492,10.80192690750489,0.001,4.091291189193726
10478,20,478,1821,15.596877098083496,10.807181987697675,0.001,4.274197340011597
10479,20,479,2293,22.775714874267578,10.835400623725738,0.001,4.075486183166504
10480,20,480,1361,24.76487159729004,10.850649894488194,0.001,4.190774440765381
10481,20,481,2349,18.67425537109375,10.87443845091005,0.001,3.876718282699585
10482,20,482,2040,9.99716854095459,10.871729982799266,0.001,4.1073832511901855
10483,20,483,1793,8.648931503295898,10.8650618900059,0.001,4.397314071655273
10484,20,484,2202,9.072515487670898,10.859592885449597,0.001,3.999872922897339
10485,20,485,1181,16.52593421936035,10.872140947834675,0.001,4.105198621749878
10486,20,486,2398,10.104865074157715,10.86984945203708,0.001,4.157857179641724
10487,20,487,1383,5.764293670654297,10.861490175849216,0.001,4.302466869354248
10488,20,488,250,19.768739700317383,10.871080761616144,0.001,3.3390414714813232
10489,20,489,2763,7.282337665557861,10.867259167480972,0.001,4.097344398498535
10490,20,490,2455,7.64986515045166,10.863735753659867,0.001,4.6959547996521
10491,20,491,2050,7.343564033508301,10.858191898107014,0.001,4.077551603317261
10492,20,492,2750,13.72707748413086,10.86123195392825,0.001,4.35392689704895
10493,20,493,274,8.986754417419434,10.857102908833497,0.001,4.288014888763428
10494,20,494,2188,23.950693130493164,10.886117935945656,0.001,4.3978025913238525
10495,20,495,1259,7.670169830322266,10.881100765640733,0.001,3.6967661380767822
10496,20,496,2387,34.55833053588867,10.918834082853701,0.001,4.12023401260376
10497,20,497,2298,7.561446189880371,10.915365261148061,0.001,3.679391622543335
10498,20,498,28,6.467930793762207,10.910681262690249,0.001,4.311641454696655
10499,20,499,1333,14.521588325500488,10.918706076664055,0.001,3.8613028526306152
10500,21,0,1481,11.639762878417969,11.639762878417969,0.001,4.26266074180603
10501,21,1,1682,18.33362579345703,14.961138146826912,0.001,3.6293139457702637
10502,21,2,2569,7.163738250732422,12.921264796254574,0.001,3.8349859714508057
10503,21,3,2249,13.161794662475586,12.986810036852052,0.001,4.981260061264038
10504,21,4,2427,17.802465438842773,13.985410211243696,0.001,3.9558265209198
10505,21,5,1817,11.078399658203125,13.727071900664876,0.001,3.946359157562256
10506,21,6,37,12.508341789245605,13.478716246929109,0.001,4.3431947231292725
10507,21,7,388,7.554402828216553,13.090551926996632,0.001,3.6673526763916016
10508,21,8,2930,5.162115097045898,12.59379613733553,0.001,4.20209002494812
10509,21,9,401,9.131627082824707,12.182700093158951,0.001,3.938995361328125
10510,21,10,1372,6.426675796508789,11.574972997915294,0.001,4.792072296142578
10511,21,11,2505,7.306553363800049,11.365391538924417,0.001,3.6714510917663574
10512,21,12,403,7.474203586578369,11.106272145676975,0.001,3.881558895111084
10513,21,13,1576,6.225745677947998,10.900030226334456,0.001,4.1534833908081055
10514,21,14,2435,7.528135776519775,10.757157475243249,0.001,4.481458425521851
10515,21,15,2392,9.125914573669434,10.661310852850415,0.001,3.3118820190429688
10516,21,16,342,10.054764747619629,10.601155778592041,0.001,3.5517802238464355
10517,21,17,2272,9.20530891418457,10.506020648950923,0.001,3.9904372692108154
10518,21,18,447,6.154301643371582,10.367459489588922,0.001,3.9229133129119873
10519,21,19,408,5.395903587341309,10.145559596042775,0.001,4.120668649673462
10520,21,20,1473,8.67301082611084,10.089905074121038,0.001,3.84425950050354
10521,21,21,2548,12.610475540161133,10.23200158916696,0.001,4.589752674102783
10522,21,22,2601,14.894230842590332,10.557621783814962,0.001,4.017981052398682
10523,21,23,336,8.762476921081543,10.437751074699033,0.001,4.601708173751831
10524,21,24,1879,11.725580215454102,10.482665315191362,0.001,3.7046263217926025
10525,21,25,272,7.4106245040893555,10.380212230934097,0.001,3.51332950592041
10526,21,26,1945,6.739119529724121,10.167856233505217,0.001,3.61417555809021
10527,21,27,177,7.651732921600342,10.063917505387922,0.001,3.5646767616271973
10528,21,28,2174,14.129328727722168,10.273339992969767,0.001,4.651803016662598
10529,21,29,490,6.732744216918945,10.206273916221306,0.001,4.6857078075408936
10530,21,30,1717,10.458168029785156,10.210811336630595,0.001,4.255795955657959
10531,21,31,2669,11.27590560913086,10.230129557041947,0.001,3.325406551361084
10532,21,32,1570,9.490822792053223,10.216989135725482,0.001,3.8810818195343018
10533,21,33,2163,6.708221912384033,10.088905494666538,0.001,4.471773624420166
10534,21,34,2462,9.932760238647461,10.081743913080265,0.001,4.411607027053833
10535,21,35,448,13.153913497924805,10.18484610096569,0.001,3.7262308597564697
10536,21,36,1923,8.882878303527832,10.14260422282561,0.001,4.331639289855957
10537,21,37,1568,10.371773719787598,10.149605760463134,0.001,3.7219901084899902
10538,21,38,1762,10.715020179748535,10.166441197134406,0.001,3.908491849899292
10539,21,39,378,17.452699661254883,10.445487406300959,0.001,4.352614164352417
10540,21,40,2775,17.36119270324707,10.635963367754709,0.001,3.6401166915893555
10541,21,41,2547,26.78660774230957,11.075898004313096,0.001,4.387539386749268
10542,21,42,325,14.685908317565918,11.171028670443224,0.001,4.265717029571533
10543,21,43,2784,10.156198501586914,11.13632583279678,0.001,3.9715254306793213
10544,21,44,2534,14.215397834777832,11.173785079050763,0.001,3.6687171459198
10545,21,45,469,7.402178764343262,11.051463961983737,0.001,4.077522277832031
10546,21,46,1344,9.393810272216797,11.012313125586248,0.001,3.8058907985687256
10547,21,47,1965,10.497986793518066,10.996346393345679,0.001,4.185758352279663
10548,21,48,175,11.300102233886719,11.001376904255388,0.001,3.669562578201294
10549,21,49,2432,7.068732261657715,10.958846500766587,0.001,4.255703926086426
10550,21,50,2007,10.030014038085938,10.938551715373185,0.001,4.129565238952637
10551,21,51,2425,17.069305419921875,11.070902955751944,0.001,3.8783578872680664
10552,21,52,1569,21.514469146728516,11.292075548337111,0.001,3.9854397773742676
10553,21,53,65,6.155144691467285,11.239935183514275,0.001,4.168898820877075
10554,21,54,29,9.201961517333984,11.198613456124727,0.001,3.6790103912353516
10555,21,55,2911,18.017425537109375,11.25942766201978,0.001,3.715545415878296
10556,21,56,2652,7.246120929718018,11.221815675018775,0.001,4.466147184371948
10557,21,57,1791,6.586520195007324,11.157380837792843,0.001,3.786219358444214
10558,21,58,1915,6.263167381286621,11.089990818531701,0.001,4.105327844619751
10559,21,59,695,6.150297164916992,10.994780377711846,0.001,4.000199794769287
10560,21,60,1443,13.011436462402344,11.04460647173622,0.001,3.7724618911743164
10561,21,61,1903,8.163476943969727,11.007358839151383,0.001,4.411489248275757
10562,21,62,2909,11.661131858825684,11.019272045186762,0.001,4.251633167266846
10563,21,63,2452,11.096240043640137,11.020637123321002,0.001,4.307787179946899
10564,21,64,2565,12.51216983795166,11.03334108284935,0.001,4.093262434005737
10565,21,65,453,10.43362808227539,11.025963820257317,0.001,3.246307373046875
10566,21,66,2101,11.193910598754883,11.029798497740554,0.001,5.068166732788086
10567,21,67,1648,7.121644020080566,10.98308945611579,0.001,4.779474258422852
10568,21,68,481,10.866463661193848,10.981166554284611,0.001,4.46358060836792
10569,21,69,2603,9.577428817749023,10.951693307270729,0.001,4.179917812347412
10570,21,70,1580,15.494277954101562,11.003393869152728,0.001,4.1767308712005615
10571,21,71,461,8.602067947387695,10.953771902304988,0.001,3.841015100479126
10572,21,72,1823,8.18001651763916,10.895860881172636,0.001,3.459012746810913
10573,21,73,1395,5.4203691482543945,10.855588641567277,0.001,4.14329719543457
10574,21,74,350,8.362340927124023,10.818007540852426,0.001,3.787557601928711
10575,21,75,436,12.381674766540527,10.834266044300838,0.001,4.297904014587402
10576,21,76,67,20.740543365478516,10.978985743786891,0.001,3.9854719638824463
10577,21,77,2608,12.379683494567871,11.006234604507855,0.001,4.214882850646973
10578,21,78,728,7.630810260772705,10.958460701001059,0.001,4.248795032501221
10579,21,79,616,8.812126159667969,10.91919549859643,0.001,3.8106849193573
10580,21,80,2794,4.791838645935059,10.878556667287446,0.001,3.8780248165130615
10581,21,81,2871,7.692631244659424,10.821468809570588,0.001,4.1146159172058105
10582,21,82,1482,4.839696884155273,10.783694058630557,0.001,3.5199086666107178
10583,21,83,2613,8.567048072814941,10.754686892373897,0.001,3.967317581176758
10584,21,84,2166,13.546292304992676,10.780730010546655,0.001,3.922386646270752
10585,21,85,441,8.750483512878418,10.754464067763958,0.001,3.941871166229248
10586,21,86,2294,7.016543388366699,10.732276135724161,0.001,4.227755069732666
10587,21,87,492,10.86639404296875,10.734544901555525,0.001,3.7642176151275635
10588,21,88,2588,7.220583438873291,10.675526438932051,0.001,3.9327216148376465
10589,21,89,2668,8.181646347045898,10.644509243394266,0.001,4.465552806854248
10590,21,90,2494,10.748612403869629,10.64576369821424,0.001,4.13871169090271
10591,21,91,2832,8.378129959106445,10.611319568046348,0.001,4.301576375961304
10592,21,92,2782,7.658478736877441,10.56448142321408,0.001,3.990893602371216
10593,21,93,607,6.756978988647461,10.544071932829379,0.001,3.551215410232544
10594,21,94,340,6.682170867919922,10.49925764652617,0.001,4.044291257858276
10595,21,95,2590,11.128573417663574,10.504261532215065,0.001,4.16533088684082
10596,21,96,2758,14.110088348388672,10.54501676368013,0.001,4.112035512924194
10597,21,97,861,11.506887435913086,10.55276244787063,0.001,3.8060712814331055
10598,21,98,864,12.1629056930542,10.560894535324572,0.001,3.9344465732574463
10599,21,99,68,9.379125595092773,10.551326832398177,0.001,3.8832783699035645
10600,21,100,2583,9.90479564666748,10.544167128419847,0.001,4.187557220458984
10601,21,101,344,6.0760416984558105,10.520837906754025,0.001,4.293766260147095
10602,21,102,707,8.046353340148926,10.508829821841514,0.001,4.009456634521484
10603,21,103,446,6.959510803222656,10.470921595028425,0.001,3.553335189819336
10604,21,104,459,6.036813735961914,10.448482327948064,0.001,4.055862903594971
10605,21,105,913,10.342248916625977,10.447679023927643,0.001,4.398329257965088
10606,21,106,682,15.868298530578613,10.522905941179534,0.001,3.8853256702423096
10607,21,107,693,5.940235137939453,10.459461366062772,0.001,4.214125871658325
10608,21,108,742,8.47733211517334,10.43239459352092,0.001,4.132944345474243
10609,21,109,2070,11.302492141723633,10.444038950846048,0.001,4.094140291213989
10610,21,110,1365,7.922729969024658,10.43198588874762,0.001,3.995657205581665
10611,21,111,2181,8.61635971069336,10.423342598171219,0.001,4.045607805252075
10612,21,112,73,23.462072372436523,10.485693990572937,0.001,3.939889669418335
10613,21,113,770,8.284202575683594,10.463768887917452,0.001,4.485137224197388
10614,21,114,256,10.325400352478027,10.462816733121969,0.001,3.994917154312134
10615,21,115,77,10.40829849243164,10.462283810290456,0.001,4.120626926422119
10616,21,116,361,10.845022201538086,10.466916080428582,0.001,3.5635311603546143
10617,21,117,377,7.044016361236572,10.443750042667794,0.001,4.168725967407227
10618,21,118,1864,11.98678207397461,10.450734789199384,0.001,3.8361241817474365
10619,21,119,1132,9.567581176757812,10.44235934417288,0.001,3.727813959121704
10620,21,120,1596,12.096662521362305,10.453070662791031,0.001,3.9694745540618896
10621,21,121,774,8.012162208557129,10.430603165843815,0.001,3.727902412414551
10622,21,122,904,24.379039764404297,10.511170313830458,0.001,4.25782036781311
10623,21,123,2673,15.713712692260742,10.559013714165973,0.001,4.265214920043945
10624,21,124,1196,6.891809940338135,10.544563362533676,0.001,4.057076930999756
10625,21,125,2580,10.964401245117188,10.549443619030226,0.001,3.8851680755615234
10626,21,126,811,7.662367820739746,10.538129106163646,0.001,3.9806478023529053
10627,21,127,951,7.2597832679748535,10.509348227813199,0.001,3.7269129753112793
10628,21,128,514,9.595486640930176,10.503558292102756,0.001,4.508378982543945
10629,21,129,390,7.0937180519104,10.482921128939772,0.001,4.316370964050293
10630,21,130,1617,12.709281921386719,10.507568116008297,0.001,3.9067482948303223
10631,21,131,2929,11.78296184539795,10.518450346135953,0.001,3.794799566268921
10632,21,132,1264,9.725197792053223,10.515181600584116,0.001,4.233410120010376
10633,21,133,2399,7.858179569244385,10.505589829900604,0.001,4.27810263633728
10634,21,134,915,7.180047035217285,10.49272380522639,0.001,3.8196804523468018
10635,21,135,64,9.466580390930176,10.488567986891999,0.001,4.236513614654541
10636,21,136,2522,12.3569917678833,10.50397219950368,0.001,4.574998140335083
10637,21,137,717,8.160845756530762,10.478266092664308,0.001,3.383791208267212
10638,21,138,787,11.745735168457031,10.483284060555125,0.001,4.369451284408569
10639,21,139,694,7.597556114196777,10.452117192719436,0.001,3.5381908416748047
10640,21,140,367,9.222553253173828,10.445123485991955,0.001,4.777885675430298
10641,21,141,383,11.465668678283691,10.45564494544824,0.001,3.6167664527893066
10642,21,142,825,15.907340049743652,10.475766812886185,0.001,4.425030946731567
10643,21,143,2789,9.284101486206055,10.466398973032558,0.001,4.151508331298828
10644,21,144,2595,5.6221489906311035,10.448406767190404,0.001,3.6085469722747803
10645,21,145,2585,8.189245223999023,10.431123940389396,0.001,4.113834857940674
10646,21,146,2075,5.794267177581787,10.405864267211557,0.001,4.270190715789795
10647,21,147,455,22.001474380493164,10.438610892657776,0.001,3.6836020946502686
10648,21,148,1092,16.51112174987793,10.500718034366624,0.001,3.593127965927124
10649,21,149,1441,15.732148170471191,10.520153722605807,0.001,3.7273895740509033
10650,21,150,368,6.834993362426758,10.491327768939456,0.001,4.068577766418457
10651,21,151,2464,20.38810920715332,10.527632971072732,0.001,4.951121807098389
10652,21,152,1902,13.931796073913574,10.553153705883785,0.001,4.251347064971924
10653,21,153,2448,9.721458435058594,10.544984331741064,0.001,3.7031540870666504
10654,21,154,706,6.903005599975586,10.531969035116939,0.001,3.6201817989349365
10655,21,155,986,22.986722946166992,10.624783009984702,0.001,3.4793426990509033
10656,21,156,2067,18.161447525024414,10.664960070572409,0.001,3.746377468109131
10657,21,157,2510,9.57104206085205,10.654517197024065,0.001,4.221905469894409
10658,21,158,2834,6.346869468688965,10.613281453743813,0.001,4.002954483032227
10659,21,159,773,11.008416175842285,10.616087220995928,0.001,3.637422561645508
10660,21,160,870,9.642410278320312,10.61116465736458,0.001,3.874065637588501
10661,21,161,814,5.838456153869629,10.594724472564101,0.001,3.876845121383667
10662,21,162,400,11.19823932647705,10.597431542489536,0.001,4.112053155899048
10663,21,163,2660,7.863386631011963,10.572623467343375,0.001,3.7809314727783203
10664,21,164,434,9.989445686340332,10.570882143581134,0.001,4.03735876083374
10665,21,165,819,9.395458221435547,10.562760648921106,0.001,4.6637794971466064
10666,21,166,424,12.022278785705566,10.569547134176833,0.001,3.883772850036621
10667,21,167,2535,5.511674880981445,10.553126315291225,0.001,4.296776533126831
10668,21,168,981,7.577057838439941,10.532914683693457,0.001,3.9732513427734375
10669,21,169,689,20.781213760375977,10.582120345454536,0.001,4.32232141494751
10670,21,170,468,7.12977409362793,10.551650510894817,0.001,5.183028221130371
10671,21,171,1127,5.545105934143066,10.527373065652851,0.001,4.203661680221558
10672,21,172,2204,4.773947238922119,10.477553391820052,0.001,4.137484788894653
10673,21,173,1083,9.406643867492676,10.468448972471272,0.001,4.063462972640991
10674,21,174,32,7.153628826141357,10.439286613203892,0.001,3.705339193344116
10675,21,175,2243,6.529686450958252,10.405726700251055,0.001,4.043739318847656
10676,21,176,273,8.475341796875,10.393293838649036,0.001,4.145314931869507
10677,21,177,966,11.224884986877441,10.396993142644774,0.001,4.813001871109009
10678,21,178,1493,7.105154037475586,10.369266797713541,0.001,4.360567092895508
10679,21,179,488,7.277774810791016,10.343760906303945,0.001,3.917717695236206
10680,21,180,2523,11.012103080749512,10.349292908547046,0.001,3.4813034534454346
10681,21,181,2709,18.937543869018555,10.374252768887613,0.001,4.240387439727783
10682,21,182,2781,14.199463844299316,10.388987844135883,0.001,4.02613377571106
10683,21,183,2335,6.694419860839844,10.377912449896073,0.001,3.6939215660095215
10684,21,184,611,7.3718414306640625,10.365012155868767,0.001,3.9222304821014404
10685,21,185,705,7.07386589050293,10.337993289228342,0.001,3.963911771774292
10686,21,186,1844,15.843449592590332,10.352085381639636,0.001,4.370215654373169
10687,21,187,2927,39.197181701660156,10.423890317643027,0.001,4.674982309341431
10688,21,188,1149,11.815893173217773,10.432313318997455,0.001,3.7487337589263916
10689,21,189,2596,6.643725872039795,10.416175959796591,0.001,4.04656195640564
10690,21,190,69,18.601490020751953,10.481360455102127,0.001,3.7910661697387695
10691,21,191,374,6.132097244262695,10.44748652231958,0.001,4.202763795852661
10692,21,192,1346,10.866348266601562,10.450626864094506,0.001,3.881587266921997
10693,21,193,266,7.376866817474365,10.426876451394609,0.001,3.911196708679199
10694,21,194,2861,7.4211320877075195,10.409470603187064,0.001,4.160174369812012
10695,21,195,60,8.323500633239746,10.400959026570487,0.001,3.736593008041382
10696,21,196,2767,12.606006622314453,10.41369374140086,0.001,4.009533405303955
10697,21,197,956,6.420717239379883,10.383706555467846,0.001,4.3482749462127686
10698,21,198,961,8.707867622375488,10.371227869814952,0.001,4.058556795120239
10699,21,199,2278,19.002628326416016,10.42012268847583,0.001,3.675934314727783
10700,21,200,2235,9.697775840759277,10.414809270417507,0.001,4.269850730895996
10701,21,201,1161,5.409995079040527,10.402416475082227,0.001,4.120957851409912
10702,21,202,991,10.549777030944824,10.402794706174475,0.001,4.210095405578613
10703,21,203,521,4.685145378112793,10.387903075923216,0.001,3.9823217391967773
10704,21,204,954,8.476377487182617,10.38291993565406,0.001,4.0188493728637695
10705,21,205,2654,11.54644775390625,10.391396587519512,0.001,3.652282238006592
10706,21,206,977,10.167624473571777,10.39055591683186,0.001,4.160602569580078
10707,21,207,2537,7.742982387542725,10.375963478071734,0.001,3.9057602882385254
10708,21,208,2223,8.40457820892334,10.361798117573075,0.001,3.7585525512695312
10709,21,209,2340,13.153308868408203,10.376334189569329,0.001,3.896941661834717
10710,21,210,771,7.351804733276367,10.360412789664146,0.001,3.587928533554077
10711,21,211,1812,9.734617233276367,10.355973546149846,0.001,3.5836613178253174
10712,21,212,2845,8.339567184448242,10.341951334622113,0.001,3.9679319858551025
10713,21,213,471,4.792235851287842,10.3039519104205,0.001,3.735058546066284
10714,21,214,2066,6.2850728034973145,10.276500889815383,0.001,4.563370704650879
10715,21,215,832,6.519632816314697,10.2510136310782,0.001,4.218222618103027
10716,21,216,2443,4.948596000671387,10.224232640689335,0.001,4.106526613235474
10717,21,217,680,7.817990303039551,10.218472392218937,0.001,4.064582824707031
10718,21,218,685,6.5968403816223145,10.200422559582114,0.001,3.863860607147217
10719,21,219,2538,5.6973652839660645,10.189589283075414,0.001,4.146259784698486
10720,21,220,405,6.032195091247559,10.174332940325074,0.001,4.531254768371582
10721,21,221,1123,18.27589225769043,10.203210341113266,0.001,4.528870105743408
10722,21,222,2564,9.060323715209961,10.197617307471416,0.001,4.246190309524536
10723,21,223,808,11.782407760620117,10.205404948618959,0.001,4.1929075717926025
10724,21,224,507,40.483116149902344,10.255113394476854,0.001,3.832524299621582
10725,21,225,2225,14.844264030456543,10.285128785847649,0.001,4.214771747589111
10726,21,226,2543,15.21473503112793,10.30939323555558,0.001,4.024798631668091
10727,21,227,2297,8.798979759216309,10.301882833366037,0.001,4.440471887588501
10728,21,228,916,4.462564945220947,10.288146948101009,0.001,4.472198724746704
10729,21,229,98,8.56442928314209,10.277008193295796,0.001,3.834763288497925
10730,21,230,789,16.174762725830078,10.30522598025597,0.001,3.8051280975341797
10731,21,231,778,14.69255542755127,10.32601820673214,0.001,3.9927804470062256
10732,21,232,1756,7.145569324493408,10.311142705388303,0.001,4.4541175365448
10733,21,233,2563,13.237188339233398,10.321077917093485,0.001,3.8336617946624756
10734,21,234,1676,15.79419994354248,10.35570094744506,0.001,4.010793447494507
10735,21,235,523,16.366544723510742,10.39354898968433,0.001,4.444014310836792
10736,21,236,458,22.745849609375,10.421781826303127,0.001,3.75627064704895
10737,21,237,372,7.221518516540527,10.415546952537976,0.001,4.176022291183472
10738,21,238,2450,5.9736175537109375,10.395327506324698,0.001,4.267531394958496
10739,21,239,719,7.883779048919678,10.379871057883863,0.001,3.8977134227752686
10740,21,240,522,5.651534557342529,10.35088403986248,0.001,3.722498655319214
10741,21,241,382,5.999146938323975,10.341676905418256,0.001,4.143057823181152
10742,21,242,254,7.758635520935059,10.326101435016835,0.001,4.095581293106079
10743,21,243,363,4.16576623916626,10.312862339402017,0.001,3.882441759109497
10744,21,244,94,8.207056999206543,10.300931460988767,0.001,3.6319594383239746
10745,21,245,376,13.957792282104492,10.308884981850126,0.001,4.210339546203613
10746,21,246,721,8.913389205932617,10.304488104738684,0.001,4.199206590652466
10747,21,247,989,12.233312606811523,10.31308144769477,0.001,4.1386497020721436
10748,21,248,2343,9.240468978881836,10.3097141932005,0.001,3.4856326580047607
10749,21,249,1896,8.10222339630127,10.29999976369728,0.001,4.678706645965576
10750,21,250,1368,6.659843921661377,10.288277679755453,0.001,4.682303190231323
10751,21,251,972,6.747483253479004,10.272995588723088,0.001,4.975309133529663
10752,21,252,2113,6.822918891906738,10.257686237826578,0.001,4.2986650466918945
10753,21,253,2184,20.798038482666016,10.29085372377834,0.001,4.08051609992981
10754,21,254,710,9.479992866516113,10.287348340484288,0.001,4.1314873695373535
10755,21,255,2706,8.365701675415039,10.283577354245013,0.001,4.807920694351196
10756,21,256,873,8.554067611694336,10.280440360444615,0.001,3.6116280555725098
10757,21,257,2874,9.966246604919434,10.279112967034509,0.001,3.8154594898223877
10758,21,258,1440,7.276579856872559,10.266499261970843,0.001,3.971280813217163
10759,21,259,2614,8.874128341674805,10.258637399091052,0.001,4.627744197845459
10760,21,260,962,9.613682746887207,10.256660122122108,0.001,3.896172046661377
10761,21,261,743,6.232835292816162,10.248575018638983,0.001,3.8065898418426514
10762,21,262,1339,7.747224807739258,10.2434468936909,0.001,4.053500652313232
10763,21,263,2672,7.944051265716553,10.230447568438793,0.001,4.134385585784912
10764,21,264,1735,5.071007251739502,10.220017665669646,0.001,3.794480085372925
10765,21,265,919,6.447997093200684,10.198645396551255,0.001,4.161839485168457
10766,21,266,686,6.563340187072754,10.183176282386206,0.001,4.130032777786255
10767,21,267,337,10.767522811889648,10.184744402358385,0.001,3.878545045852661
10768,21,268,1122,5.523037433624268,10.170736626568646,0.001,4.4913108348846436
10769,21,269,2722,19.126220703125,10.187018554747693,0.001,3.9641733169555664
10770,21,270,2378,19.59873390197754,10.226191506992718,0.001,3.610962390899658
10771,21,271,852,11.340551376342773,10.230712645305456,0.001,3.484276294708252
10772,21,272,2692,13.388729095458984,10.247861442732043,0.001,3.9374747276306152
10773,21,273,601,21.28607940673828,10.307502770005206,0.001,4.216176271438599
10774,21,274,858,15.418588638305664,10.316430259438505,0.001,4.340824365615845
10775,21,275,2923,13.873760223388672,10.32637781704491,0.001,4.1384477615356445
10776,21,276,1838,6.546047210693359,10.311440695084016,0.001,4.101897239685059
10777,21,277,914,12.434496879577637,10.319912274795803,0.001,4.27412748336792
10778,21,278,2617,12.554272651672363,10.331704857931452,0.001,4.837472438812256
10779,21,279,699,9.025312423706055,10.326601971594004,0.001,4.147084474563599
10780,21,280,2529,8.482881546020508,10.319146680119506,0.001,4.065778017044067
10781,21,281,2720,5.331597328186035,10.310480732598052,0.001,3.8177287578582764
10782,21,282,519,8.096699714660645,10.298844338078624,0.001,4.033794164657593
10783,21,283,2140,9.687929153442383,10.297753591054969,0.001,3.6870434284210205
10784,21,284,2196,6.924752712249756,10.2920948731091,0.001,3.5990915298461914
10785,21,285,56,9.074469566345215,10.287351437184865,0.001,4.023093223571777
10786,21,286,834,9.480220794677734,10.283187077315356,0.001,3.963135242462158
10787,21,287,1802,11.304222106933594,10.287112429881535,0.001,3.9745302200317383
10788,21,288,518,7.372339725494385,10.281739299601142,0.001,4.322582960128784
10789,21,289,759,6.894423007965088,10.268870050493213,0.001,4.104490280151367
10790,21,290,801,5.217466354370117,10.255461924011321,0.001,4.009152889251709
10791,21,291,803,6.039956092834473,10.247993076212111,0.001,4.130053281784058
10792,21,292,851,10.530573844909668,10.2494590896846,0.001,4.1678032875061035
10793,21,293,990,18.573471069335938,10.281724134364742,0.001,3.966160297393799
10794,21,294,2864,10.499653816223145,10.282318218630774,0.001,4.306493759155273
10795,21,295,2694,7.270235061645508,10.276949029945722,0.001,3.829901933670044
10796,21,296,920,9.386592864990234,10.272435568881662,0.001,4.07790732383728
10797,21,297,38,8.460779190063477,10.267557170350768,0.001,3.7842156887054443
10798,21,298,788,11.053388595581055,10.271468627541228,0.001,4.559008598327637
10799,21,299,2533,9.880566596984863,10.270412740907165,0.001,4.440463066101074
10800,21,300,863,21.676944732666016,10.31289503762352,0.001,4.174342632293701
10801,21,301,727,11.55529499053955,10.315048423504674,0.001,3.673388957977295
10802,21,302,1686,11.688949584960938,10.32176576766021,0.001,4.339782238006592
10803,21,303,2906,11.790822982788086,10.327125548400996,0.001,5.052510023117065
10804,21,304,74,9.475822448730469,10.325664244091524,0.001,4.712785482406616
10805,21,305,2610,7.366019248962402,10.320511349270722,0.001,3.7798359394073486
10806,21,306,392,7.537500381469727,10.30716448778088,0.001,3.789466142654419
10807,21,307,827,12.889748573303223,10.312723811760991,0.001,4.040247201919556
10808,21,308,1317,10.41568660736084,10.312900798064936,0.001,3.4878032207489014
10809,21,309,1370,22.189970016479492,10.355997276063404,0.001,4.089702606201172
10810,21,310,496,22.253019332885742,10.396895346210872,0.001,4.068337440490723
10811,21,311,2772,9.917612075805664,10.395186114313766,0.001,4.177628993988037
10812,21,312,2619,11.030546188354492,10.39666930187066,0.001,4.504024505615234
10813,21,313,2157,12.035452842712402,10.404432105291127,0.001,4.174798965454102
10814,21,314,2099,7.519247531890869,10.397095221580246,0.001,4.447568893432617
10815,21,315,407,6.620053768157959,10.383756993578423,0.001,3.965939521789551
10816,21,316,1090,10.923407554626465,10.38509612293473,0.001,4.414252281188965
10817,21,317,432,17.149768829345703,10.40839282402681,0.001,4.129816293716431
10818,21,318,2422,9.513442039489746,10.406897679518037,0.001,4.194008111953735
10819,21,319,2205,9.364639282226562,10.403195949700484,0.001,3.69091796875
10820,21,320,1087,19.418256759643555,10.44423488389665,0.001,3.988345146179199
10821,21,321,1793,9.199175834655762,10.43856519966771,0.001,4.421069145202637
10822,21,322,1443,9.978874206542969,10.436465974434942,0.001,4.285290241241455
10823,21,323,1122,4.2280378341674805,10.420986000438315,0.001,4.045300006866455
10824,21,324,1675,11.456422805786133,10.423493137730418,0.001,3.7974472045898438
10825,21,325,1571,9.523442268371582,10.419411402657852,0.001,4.6509857177734375
10826,21,326,1368,9.973187446594238,10.418304178739499,0.001,3.7185182571411133
10827,21,327,1918,10.43332290649414,10.418372195522451,0.001,3.9165637493133545
10828,21,328,1554,12.034557342529297,10.421010437904487,0.001,3.479067802429199
10829,21,329,1615,9.700429916381836,10.41863176518511,0.001,4.101129531860352
10830,21,330,1845,11.346624374389648,10.420034695472886,0.001,4.0034589767456055
10831,21,331,190,6.700531959533691,10.403012969867476,0.001,4.55826210975647
10832,21,332,1333,14.432207107543945,10.416500142179165,0.001,3.957085609436035
10833,21,333,1692,8.350951194763184,10.407371868342763,0.001,3.7447545528411865
10834,21,334,1334,6.112964153289795,10.4006988127601,0.001,4.375561952590942
10835,21,335,1113,9.198221206665039,10.395403020617033,0.001,4.163874864578247
10836,21,336,1481,7.349844455718994,10.385241143399924,0.001,4.063122749328613
10837,21,337,178,7.134213924407959,10.374821757349562,0.001,3.954291820526123
10838,21,338,1532,10.19739818572998,10.374053047940023,0.001,4.1647868156433105
10839,21,339,1596,23.606189727783203,10.40417065991448,0.001,4.556447744369507
10840,21,340,1093,15.469032287597656,10.425700871001814,0.001,4.304851770401001
10841,21,341,2000,7.521636962890625,10.421268859193612,0.001,3.379624366760254
10842,21,342,1317,6.131641387939453,10.414666450062114,0.001,4.159942626953125
10843,21,343,1151,10.063283920288086,10.413885364103413,0.001,3.9676783084869385
10844,21,344,1676,10.81084156036377,10.415600819019337,0.001,3.9504969120025635
10845,21,345,1365,10.551045417785645,10.415808580903661,0.001,3.925415515899658
10846,21,346,177,7.189398288726807,10.405621634704595,0.001,3.728036642074585
10847,21,347,2113,9.574828147888184,10.402934477133638,0.001,3.726579189300537
10848,21,348,1302,17.762432098388672,10.432122430679689,0.001,3.609886407852173
10849,21,349,1779,14.50483512878418,10.449268414474604,0.001,4.339055299758911
10850,21,350,1797,6.10144567489624,10.442587009357766,0.001,4.192580461502075
10851,21,351,1519,19.885107040405273,10.472893278198127,0.001,4.6568310260772705
10852,21,352,1586,6.843568325042725,10.457594769275099,0.001,4.208505630493164
10853,21,353,1577,11.30010986328125,10.460217309952315,0.001,4.138790845870972
10854,21,354,2071,18.597898483276367,10.478219931717975,0.001,4.057820081710815
10855,21,355,1556,11.593615531921387,10.481705334149522,0.001,3.7704453468322754
10856,21,356,2013,7.917410850524902,10.477974810983754,0.001,3.702544927597046
10857,21,357,1173,6.513216495513916,10.472085042124535,0.001,3.7270147800445557
10858,21,358,1772,7.056328773498535,10.457797696562379,0.001,3.9932444095611572
10859,21,359,1473,9.255227088928223,10.455490284094893,0.001,3.5299856662750244
10860,21,360,1383,6.982341289520264,10.447740860802705,0.001,3.4927566051483154
10861,21,361,1766,27.964296340942383,10.46602293494875,0.001,3.834275484085083
10862,21,362,2064,5.448822498321533,10.450478027319354,0.001,4.593949317932129
10863,21,363,1457,7.867035865783691,10.440070749990221,0.001,3.8091962337493896
10864,21,364,1585,8.805270195007324,10.43352802615161,0.001,3.803734302520752
10865,21,365,1777,9.607048034667969,10.431060423124222,0.001,4.183151483535767
10866,21,366,1751,10.506352424621582,10.431223367936445,0.001,4.159755229949951
10867,21,367,1821,11.189990997314453,10.432310781104036,0.001,3.73952317237854
10868,21,368,1764,11.2409086227417,10.435614293151078,0.001,4.096749305725098
10869,21,369,1155,7.337984561920166,10.431108714082312,0.001,3.7495579719543457
10870,21,370,1548,10.577431678771973,10.431529605312951,0.001,4.725306510925293
10871,21,371,1397,10.946839332580566,10.433601918857699,0.001,4.1925623416900635
10872,21,372,1088,10.476998329162598,10.433728223081582,0.001,4.501692771911621
10873,21,373,1902,11.429428100585938,10.436684295892476,0.001,4.6748034954071045
10874,21,374,1470,9.413175582885742,10.433737987467401,0.001,4.093602657318115
10875,21,375,1832,12.76888656616211,10.442914256916847,0.001,4.360869646072388
10876,21,376,1551,9.106244087219238,10.438926598971443,0.001,3.6674911975860596
10877,21,377,1909,10.804646492004395,10.440331271905292,0.001,4.332122087478638
10878,21,378,1480,11.904727935791016,10.442336000093976,0.001,4.342169523239136
10879,21,379,1081,17.51485252380371,10.462959703095237,0.001,3.9960215091705322
10880,21,380,1828,11.086481094360352,10.465423183374371,0.001,4.572077751159668
10881,21,381,1153,7.480204105377197,10.45383345466503,0.001,3.9491419792175293
10882,21,382,2163,7.417141437530518,10.444858762948716,0.001,4.007985353469849
10883,21,383,1393,16.130037307739258,10.461279696041156,0.001,4.238999605178833
10884,21,384,1439,7.517892837524414,10.450199180232135,0.001,4.020561695098877
10885,21,385,1938,7.664797306060791,10.446543415369824,0.001,3.837104558944702
10886,21,386,2251,6.031192779541016,10.437341986820373,0.001,3.9832611083984375
10887,21,387,1945,9.93147087097168,10.435424401811163,0.001,3.566934823989868
10888,21,388,1363,23.455833435058594,10.472218388591513,0.001,3.992673873901367
10889,21,389,2229,14.535670280456543,10.479314062922732,0.001,3.878119468688965
10890,21,390,2204,8.445525169372559,10.47179137117448,0.001,4.222709894180298
10891,21,391,1361,21.354045867919922,10.486358343442285,0.001,3.9764480590820312
10892,21,392,1848,11.565080642700195,10.490404031936313,0.001,4.085851192474365
10893,21,393,1700,16.53035545349121,10.503132472391817,0.001,3.677874803543091
10894,21,394,1806,10.564424514770508,10.503360625230512,0.001,3.7269797325134277
10895,21,395,1514,12.335147857666016,10.505768971760174,0.001,3.5579288005828857
10896,21,396,1900,20.474878311157227,10.519291057430125,0.001,4.246108770370483
10897,21,397,1862,5.404275894165039,10.512524661297945,0.001,3.8366200923919678
10898,21,398,1879,8.416763305664062,10.508308046244311,0.001,4.461809396743774
10899,21,399,2099,7.2199320793151855,10.501786218701723,0.001,4.721262216567993
10900,21,400,1636,9.424753189086914,10.49782117007281,0.001,4.024028539657593
10901,21,401,1762,12.066264152526855,10.50211768128949,0.001,4.183176755905151
10902,21,402,2272,11.53431224822998,10.50494143111088,0.001,3.973130464553833
10903,21,403,1440,12.585528373718262,10.510502245900598,0.001,3.5099234580993652
10904,21,404,1679,11.610406875610352,10.512688018350266,0.001,4.35164213180542
10905,21,405,2181,9.481552124023438,10.511346702346616,0.001,4.180112600326538
10906,21,406,2144,8.214378356933594,10.508402693495873,0.001,4.115572214126587
10907,21,407,1878,8.792231559753418,10.505116752383215,0.001,4.7467217445373535
10908,21,408,1394,15.660323143005371,10.519068801971287,0.001,4.311314105987549
10909,21,409,2188,27.529111862182617,10.564609919461692,0.001,3.46496319770813
10910,21,410,1523,11.121121406555176,10.56532588480449,0.001,4.188239812850952
10911,21,411,1915,6.125434875488281,10.556884159007225,0.001,3.3588624000549316
10912,21,412,1714,12.894299507141113,10.56300084303202,0.001,3.9426372051239014
10913,21,413,1132,11.570786476135254,10.56573930299229,0.001,3.663759469985962
10914,21,414,2432,6.742785930633545,10.560819990226117,0.001,4.31044602394104
10915,21,415,1118,9.45855712890625,10.557893188136088,0.001,3.8100485801696777
10916,21,416,1324,9.688243865966797,10.554839101761456,0.001,4.646870374679565
10917,21,417,2270,5.715968608856201,10.537573864512744,0.001,4.011306285858154
10918,21,418,1888,9.346630096435547,10.533451471387428,0.001,3.3546154499053955
10919,21,419,2387,35.129302978515625,10.579789380871713,0.001,4.264232397079468
10920,21,420,2066,6.500848293304443,10.565599604084609,0.001,4.371405363082886
10921,21,421,1627,14.598555564880371,10.576240718775539,0.001,3.954744577407837
10922,21,422,2427,10.786903381347656,10.576779027796714,0.001,4.160512208938599
10923,21,423,2073,5.930249214172363,10.571241584957384,0.001,4.84319543838501
10924,21,424,2450,9.414314270019531,10.568289614363238,0.001,3.8430652618408203
10925,21,425,1530,9.35418701171875,10.564098763414137,0.001,3.8352890014648438
10926,21,426,1196,6.1287665367126465,10.559084529015113,0.001,3.4472761154174805
10927,21,427,1844,16.8264102935791,10.565945037794906,0.001,4.003675222396851
10928,21,428,1626,5.588842868804932,10.560026257715242,0.001,3.6864585876464844
10929,21,429,1686,11.73515510559082,10.564050680249558,0.001,4.203588008880615
10930,21,430,2117,17.951780319213867,10.582560363607938,0.001,3.6517114639282227
10931,21,431,2197,17.097333908081055,10.599134670815292,0.001,4.033680438995361
10932,21,432,1117,13.461091995239258,10.606578425249188,0.001,3.937622547149658
10933,21,433,2040,7.85153865814209,10.597110524413155,0.001,3.4740488529205322
10934,21,434,2462,14.25320816040039,10.609642264477992,0.001,3.843027114868164
10935,21,435,1819,17.374038696289062,10.61786843750953,0.001,4.163858890533447
10936,21,436,1182,8.013104438781738,10.611231485350107,0.001,4.345966339111328
10937,21,437,1569,20.43536376953125,10.636151553764753,0.001,4.127290964126587
10938,21,438,2233,16.850156784057617,10.647269450163519,0.001,3.9812397956848145
10939,21,439,2223,13.64083480834961,10.65734621313462,0.001,3.8766591548919678
10940,21,440,1693,11.348368644714355,10.659640950304853,0.001,4.343169450759888
10941,21,441,2205,6.215380668640137,10.6483736974634,0.001,3.870980978012085
10942,21,442,1516,9.96537971496582,10.64668671322875,0.001,3.943225622177124
10943,21,443,2219,6.341030597686768,10.641904979063321,0.001,3.8926589488983154
10944,21,444,2080,9.344141006469727,10.637593774704731,0.001,3.3154189586639404
10945,21,445,1642,6.955239295959473,10.62862927269905,0.001,3.4105679988861084
10946,21,446,2452,8.122509002685547,10.622457122894598,0.001,3.465287923812866
10947,21,447,2298,6.596188068389893,10.617855950639422,0.001,3.5155487060546875
10948,21,448,1617,11.884936332702637,10.62185748264526,0.001,3.6323494911193848
10949,21,449,1484,6.124960422515869,10.610746670340324,0.001,4.184764862060547
10950,21,450,1306,6.916637897491455,10.598769775868076,0.001,4.362742900848389
10951,21,451,38,6.904634952545166,10.592296020220989,0.001,4.225587844848633
10952,21,452,2241,6.280879497528076,10.578168930980299,0.001,4.345293283462524
10953,21,453,1127,6.631765365600586,10.57119987584328,0.001,4.18613076210022
10954,21,454,1768,7.398120403289795,10.567565679904545,0.001,4.644994735717773
10955,21,455,2505,8.908243179321289,10.565613734614962,0.001,4.1802191734313965
10956,21,456,272,6.646030426025391,10.558817727394283,0.001,4.122481822967529
10957,21,457,1343,11.687066078186035,10.560028904983545,0.001,4.470716238021851
10958,21,458,1372,10.366581916809082,10.55956601998425,0.001,4.431886911392212
10959,21,459,1838,8.963422775268555,10.555803811854132,0.001,4.3802573680877686
10960,21,460,1541,5.820765495300293,10.550886263791783,0.001,4.779819965362549
10961,21,461,2282,12.316308975219727,10.552893358648683,0.001,4.1626808643341064
10962,21,462,2435,5.416670799255371,10.546868974659516,0.001,4.5036866664886475
10963,21,463,2513,6.723291397094727,10.542544730082055,0.001,4.242286920547485
10964,21,464,250,20.69927978515625,10.554112981068409,0.001,3.9184446334838867
10965,21,465,2499,9.922531127929688,10.55303641751437,0.001,4.03608512878418
10966,21,466,1823,7.680887222290039,10.543740863706732,0.001,4.035366058349609
10967,21,467,2192,26.329200744628906,10.558689453281563,0.001,3.730220317840576
10968,21,468,1549,10.909972190856934,10.559300472606505,0.001,4.1365227699279785
10969,21,469,1463,11.87481689453125,10.560590610811822,0.001,3.3776793479919434
10970,21,470,1344,9.993846893310547,10.55926553128043,0.001,4.7229697704315186
10971,21,471,2537,7.718299388885498,10.552430171724195,0.001,4.301326751708984
10972,21,472,1794,7.269080638885498,10.544852054337214,0.001,3.924109935760498
10973,21,473,1105,8.43276309967041,10.5423981335217,0.001,3.8290438652038574
10974,21,474,1126,14.741289138793945,10.55552742507234,0.001,3.753685235977173
10975,21,475,2533,5.545523643493652,10.547019359781544,0.001,3.4406280517578125
10976,21,476,2436,15.582795143127441,10.552655220374893,0.001,4.258019208908081
10977,21,477,2196,8.82817554473877,10.550932307798659,0.001,3.9749131202697754
10978,21,478,2060,26.060148239135742,10.5871707440906,0.001,4.078149795532227
10979,21,479,1846,9.218864440917969,10.584026093607006,0.001,4.576327562332153
10980,21,480,2202,8.327897071838379,10.577026455074154,0.001,3.984177350997925
10981,21,481,2179,9.640398979187012,10.575461948347664,0.001,4.539152383804321
10982,21,482,2543,13.647878646850586,10.582579639449664,0.001,3.9806346893310547
10983,21,483,1262,4.458487510681152,10.575973101020214,0.001,3.7058870792388916
10984,21,484,2172,7.109806537628174,10.567888492600758,0.001,4.180633306503296
10985,21,485,2534,6.188538074493408,10.563048735037363,0.001,4.2656519412994385
10986,21,486,1090,7.518451690673828,10.55814204224702,0.001,4.340982675552368
10987,21,487,2147,9.547317504882812,10.555048338655718,0.001,3.92142653465271
10988,21,488,1576,5.341652870178223,10.549482303888663,0.001,4.319101810455322
10989,21,489,1602,23.61126136779785,10.558844432140022,0.001,4.814398288726807
10990,21,490,1858,13.6720552444458,10.565839444571923,0.001,4.412904262542725
10991,21,491,2511,18.73131561279297,10.579230732663593,0.001,3.737663984298706
10992,21,492,2596,10.787074089050293,10.579566576959246,0.001,3.7552483081817627
10993,21,493,2694,5.377335071563721,10.574003571056902,0.001,4.2474141120910645
10994,21,494,1373,12.992158889770508,10.578292985200454,0.001,4.43167519569397
10995,21,495,2590,19.163013458251953,10.59169314191871,0.001,3.974968194961548
10996,21,496,2569,21.76425552368164,10.60960306284667,0.001,4.193364143371582
10997,21,497,1120,16.72872543334961,10.618955839689052,0.001,4.088289022445679
10998,21,498,2422,9.298412322998047,10.617542744209848,0.001,4.46214485168457
10999,21,499,1923,10.226448059082031,10.61664726764182,0.001,3.973397970199585
11000,22,0,2565,14.64366626739502,14.64366626739502,0.001,3.8370628356933594
11001,22,1,29,15.268832206726074,15.063985576935822,0.001,3.8724441528320312
11002,22,2,1809,17.708248138427734,16.305726825886445,0.001,4.5643250942230225
11003,22,3,2580,16.497507095336914,16.366857277544913,0.001,4.438312530517578
11004,22,4,2216,9.141770362854004,15.683813346534215,0.001,3.798091411590576
11005,22,5,1616,10.030694961547852,14.639998601157874,0.001,4.274714469909668
11006,22,6,2075,10.613396644592285,14.187017133564803,0.001,4.295718193054199
11007,22,7,1540,10.81495475769043,13.946335551430272,0.001,4.431186676025391
11008,22,8,1149,13.835750579833984,13.931896150604894,0.001,3.8458974361419678
11009,22,9,2593,7.277969837188721,13.155534021115425,0.001,3.6523795127868652
11010,22,10,2834,7.01752233505249,12.34134262698007,0.001,4.8471574783325195
11011,22,11,1706,10.584911346435547,12.183540153971553,0.001,3.618943929672241
11012,22,12,1370,23.63307762145996,13.136853591367952,0.001,3.875044345855713
11013,22,13,2548,14.568769454956055,13.244572730450885,0.001,4.091169118881226
11014,22,14,1360,9.675609588623047,13.122676988391548,0.001,4.298152208328247
11015,22,15,2347,7.254565715789795,12.719731545289028,0.001,3.81318998336792
11016,22,16,2871,7.239927291870117,12.26172352305246,0.001,3.830035924911499
11017,22,17,2278,16.509971618652344,12.517260411857082,0.001,3.9495530128479004
11018,22,18,2325,8.386739730834961,12.285699063297916,0.001,4.374248504638672
11019,22,19,2784,7.723555088043213,11.967870560832843,0.001,3.7289938926696777
11020,22,20,2221,11.276615142822266,11.933061399786352,0.001,4.037585735321045
11021,22,21,2425,18.57595443725586,12.247050038254256,0.001,3.558183431625366
11022,22,22,1503,13.799749374389648,12.29372202772856,0.001,4.127510070800781
11023,22,23,2482,6.857016086578369,11.979014144985934,0.001,4.826951503753662
11024,22,24,2652,8.496661186218262,11.91033256200099,0.001,4.617326974868774
11025,22,25,2608,14.691027641296387,12.061053613512081,0.001,4.074113368988037
11026,22,26,1557,9.23233699798584,11.917427226310071,0.001,3.921358346939087
11027,22,27,1250,6.486569881439209,11.822384404185799,0.001,4.143752813339233
11028,22,28,2510,10.904633522033691,11.779373769434526,0.001,4.335835933685303
11029,22,29,2494,12.653528213500977,11.809066163602719,0.001,4.403413772583008
11030,22,30,2406,13.41393756866455,11.879783494962131,0.001,4.423194885253906
11031,22,31,28,5.199927806854248,11.777739492529362,0.001,4.5274693965911865
11032,22,32,2341,10.764219284057617,11.73567444908199,0.001,4.030149221420288
11033,22,33,1111,20.875532150268555,12.008791322590932,0.001,3.8981151580810547
11034,22,34,2909,17.741069793701172,12.177056447583327,0.001,3.7016425132751465
11035,22,35,2929,11.203385353088379,12.149506821229282,0.001,4.007968187332153
11036,22,36,1699,8.807644844055176,12.084988117546406,0.001,4.393471956253052
11037,22,37,2460,11.239903450012207,12.073990276802549,0.001,4.023555040359497
11038,22,38,2191,14.226846694946289,12.116159845362327,0.001,4.170096158981323
11039,22,39,1914,6.866698741912842,12.049987558463354,0.001,4.21167516708374
11040,22,40,2614,9.39648151397705,11.960164454076684,0.001,4.107255458831787
11041,22,41,1506,6.3441901206970215,11.895960815746681,0.001,3.7656524181365967
11042,22,42,2660,9.97763729095459,11.8345810716675,0.001,3.5203747749328613
11043,22,43,1399,16.340055465698242,11.979123734633475,0.001,4.494903087615967
11044,22,44,2297,10.210798263549805,11.937304956738178,0.001,4.4924468994140625
11045,22,45,2522,12.673112869262695,11.953795536707043,0.001,4.042049884796143
11046,22,46,254,8.72612190246582,11.859721841304045,0.001,3.8047375679016113
11047,22,47,2095,10.38080883026123,11.818420580429253,0.001,4.342326641082764
11048,22,48,1326,5.987284183502197,11.760582996077192,0.001,4.016201019287109
11049,22,49,1814,7.4040117263793945,11.671643058128456,0.001,4.010869264602661
11050,22,50,1570,12.33416748046875,11.678183597625846,0.001,4.086584091186523
11051,22,51,2067,10.696174621582031,11.663676659427471,0.001,3.9078211784362793
11052,22,52,2763,6.603608131408691,11.615802591655344,0.001,3.9630298614501953
11053,22,53,274,10.497796058654785,11.594216853190034,0.001,4.514327526092529
11054,22,54,1123,18.456533432006836,11.688815810160408,0.001,4.291383743286133
11055,22,55,340,6.576828479766846,11.591515309989392,0.001,3.915853977203369
11056,22,56,1925,6.743875026702881,11.548514225787892,0.001,4.251386404037476
11057,22,57,1690,6.565467834472656,11.503903710849453,0.001,3.8946034908294678
11058,22,58,2166,15.084096908569336,11.550726941110584,0.001,3.886469841003418
11059,22,59,1109,13.254122734069824,11.590140027030282,0.001,3.525662899017334
11060,22,60,382,6.051197528839111,11.54443722540194,0.001,4.069554567337036
11061,22,61,1482,4.102813243865967,11.48255406919845,0.001,3.8660571575164795
11062,22,62,2140,7.644618988037109,11.451870730948794,0.001,4.154112815856934
11063,22,63,1263,5.178544521331787,11.343872823078637,0.001,4.247908353805542
11064,22,64,2458,6.680848598480225,11.265107310392075,0.001,3.998878240585327
11065,22,65,1089,9.069846153259277,11.216658612874367,0.001,4.276623964309692
11066,22,66,2535,6.53468656539917,11.180020941723914,0.001,3.7577810287475586
11067,22,67,344,6.440442085266113,11.14309196144932,0.001,3.960833787918091
11068,22,68,432,19.016021728515625,11.26712651001836,0.001,3.9206223487854004
11069,22,69,2864,10.586368560791016,11.259326460142855,0.001,4.509296655654907
11070,22,70,2654,9.32647705078125,11.219100168599477,0.001,3.3714847564697266
11071,22,71,446,8.293281555175781,11.174659348038219,0.001,3.9544432163238525
11072,22,72,2750,21.88228988647461,11.251512282928498,0.001,3.515807867050171
11073,22,73,2563,14.134428977966309,11.28256654132696,0.001,3.568180799484253
11074,22,74,64,18.46116828918457,11.334274628539069,0.001,3.625641107559204
11075,22,75,1735,5.39862585067749,11.29199603922464,0.001,4.301454067230225
11076,22,76,2832,14.196459770202637,11.345638061222468,0.001,4.146766424179077
11077,22,77,2225,18.868392944335938,11.488497745709912,0.001,4.42151141166687
11078,22,78,1098,15.890871047973633,11.533361480576866,0.001,4.114858627319336
11079,22,79,65,9.404629707336426,11.518809098580837,0.001,3.936986207962036
11080,22,80,2401,8.218814849853516,11.47252695919014,0.001,4.163888216018677
11081,22,81,448,9.35803508758545,11.443019613683575,0.001,4.038680076599121
11082,22,82,1580,19.63311004638672,11.521876470435368,0.001,4.156246900558472
11083,22,83,2378,26.06821632385254,11.717878394286464,0.001,3.1541852951049805
11084,22,84,2601,17.55579376220703,11.818065956297842,0.001,3.4840476512908936
11085,22,85,1493,9.372632026672363,11.775994787085452,0.001,3.4415974617004395
11086,22,86,2464,20.034305572509766,11.827382767118205,0.001,4.374035358428955
11087,22,87,1264,11.791093826293945,11.827158864631427,0.001,3.9266955852508545
11088,22,88,521,5.035551071166992,11.786487685939777,0.001,4.476594924926758
11089,22,89,436,10.843182563781738,11.778194306617788,0.001,3.9670796394348145
11090,22,90,2619,6.000456809997559,11.731255848917543,0.001,4.460982799530029
11091,22,91,518,5.271092891693115,11.693089587917942,0.001,3.5892903804779053
11092,22,92,342,9.615957260131836,11.658915641371514,0.001,3.856949806213379
11093,22,93,405,5.731605529785156,11.606770911989269,0.001,4.077558279037476
11094,22,94,2538,4.782789707183838,11.56778311764242,0.001,3.4007911682128906
11095,22,95,2546,5.66807222366333,11.498549619816078,0.001,4.215013265609741
11096,22,96,2552,8.451579093933105,11.46326693005386,0.001,3.9000136852264404
11097,22,97,2349,6.914185523986816,11.393821108961149,0.001,3.8840439319610596
11098,22,98,686,6.892940521240234,11.341479635854514,0.001,4.152438402175903
11099,22,99,2529,9.882768630981445,11.324688414659125,0.001,3.6193506717681885
11100,22,100,2583,6.719119071960449,11.273068654447188,0.001,3.5549843311309814
11101,22,101,2070,9.798783302307129,11.251567015268803,0.001,4.071833372116089
11102,22,102,2595,6.3314900398254395,11.22621397607993,0.001,4.012174129486084
11103,22,103,1434,10.355392456054688,11.217141361232148,0.001,3.946293592453003
11104,22,104,2157,7.4606122970581055,11.163858131210652,0.001,3.7413618564605713
11105,22,105,2455,6.499796390533447,11.139830211287512,0.001,4.433776140213013
11106,22,106,1441,19.23467445373535,11.181342477036107,0.001,4.451049327850342
11107,22,107,481,10.0235595703125,11.169284974174493,0.001,3.9599263668060303
11108,22,108,441,7.656154632568359,11.133115296650251,0.001,4.379204273223877
11109,22,109,616,8.628304481506348,11.09945825494723,0.001,4.136186361312866
11110,22,110,2055,10.936503410339355,11.097276496559646,0.001,3.8560948371887207
11111,22,111,1259,9.12578296661377,11.083531635589368,0.001,4.066193580627441
11112,22,112,601,14.443008422851562,11.127565609875353,0.001,3.700767993927002
11113,22,113,378,14.893502235412598,11.176349023163269,0.001,3.984628915786743
11114,22,114,266,15.574380874633789,11.232650024560552,0.001,4.0662922859191895
11115,22,115,717,12.296723365783691,11.246071736735416,0.001,4.012145042419434
11116,22,116,350,9.705642700195312,11.231528816140296,0.001,4.428278207778931
11117,22,117,706,8.118781089782715,11.21746929980938,0.001,4.190258979797363
11118,22,118,773,8.511255264282227,11.192445583170386,0.001,4.244516849517822
11119,22,119,2377,13.972830772399902,11.217820963526039,0.001,4.591063976287842
11120,22,120,175,6.2049241065979,11.184547580335712,0.001,3.7437565326690674
11121,22,121,727,7.414490699768066,11.168508071966908,0.001,4.2319440841674805
11122,22,122,1453,11.418928146362305,11.169510534551213,0.001,4.425611972808838
11123,22,123,68,7.807889461517334,11.147551252857763,0.001,4.59992527961731
11124,22,124,32,7.37908935546875,11.102226910305575,0.001,4.075599193572998
11125,22,125,363,4.707986354827881,11.075491870554963,0.001,4.345182657241821
11126,22,126,771,7.122478008270264,11.041131094122061,0.001,4.044327974319458
11127,22,127,2343,7.401724815368652,11.018819644179292,0.001,3.5828609466552734
11128,22,128,2588,8.317163467407227,10.987510121186292,0.001,3.860236883163452
11129,22,129,2476,6.3249125480651855,10.968436435365398,0.001,4.3579041957855225
11130,22,130,1648,6.0948028564453125,10.938903048087044,0.001,3.5441648960113525
11131,22,131,759,8.604312896728516,10.919417219898605,0.001,4.570091247558594
11132,22,132,2861,13.132678985595703,10.938049960996485,0.001,4.281274795532227
11133,22,133,2672,10.932168006896973,10.937984714258048,0.001,4.24540114402771
11134,22,134,1339,7.221435546875,10.923178017781398,0.001,3.7721872329711914
11135,22,135,2327,10.456672668457031,10.920499495719827,0.001,4.45908260345459
11136,22,136,787,18.628372192382812,10.950858370770716,0.001,3.8823280334472656
11137,22,137,2906,15.475602149963379,10.987348239957754,0.001,3.761096715927124
11138,22,138,743,8.570564270019531,10.978132361341501,0.001,4.3557469844818115
11139,22,139,2008,9.435072898864746,10.972853041259132,0.001,4.250622272491455
11140,22,140,1265,6.4383039474487305,10.955514407086383,0.001,4.1506712436676025
11141,22,141,2584,12.251126289367676,10.969149141712148,0.001,4.214296340942383
11142,22,142,2449,9.555027961730957,10.958030515685392,0.001,4.488325595855713
11143,22,143,2051,14.365188598632812,10.984750272236601,0.001,4.13910698890686
11144,22,144,2443,7.2980523109436035,10.956458091527914,0.001,4.313616991043091
11145,22,145,401,13.24028205871582,10.974006324233262,0.001,4.01123046875
11146,22,146,367,11.466215133666992,10.976656346202455,0.001,4.336806297302246
11147,22,147,2789,16.376150131225586,11.017415514729935,0.001,4.1906068325042725
11148,22,148,1769,14.633997917175293,11.053940609426785,0.001,3.6875197887420654
11149,22,149,256,13.659393310546875,11.067659999622009,0.001,3.994047164916992
11150,22,150,2547,27.192506790161133,11.187427418542928,0.001,3.659872055053711
11151,22,151,471,7.098464488983154,11.147843878690209,0.001,3.718641519546509
11152,22,152,514,14.524604797363281,11.165683167992688,0.001,3.9966747760772705
11153,22,153,694,13.26569938659668,11.185884222039904,0.001,4.123165130615234
11154,22,154,1817,6.4086079597473145,11.170043905509553,0.001,3.8646082878112793
11155,22,155,94,7.685171127319336,11.138798902278461,0.001,4.5024073123931885
11156,22,156,388,9.363162994384766,11.13303591055739,0.001,4.215347528457642
11157,22,157,915,8.77892780303955,11.12537372312975,0.001,3.9240636825561523
11158,22,158,851,6.251723289489746,11.078680489483919,0.001,4.900094032287598
11159,22,159,2413,7.107036590576172,11.050612225490983,0.001,3.7820663452148438
11160,22,160,961,7.667208671569824,11.01959492603545,0.001,4.278742551803589
11161,22,161,372,7.131422519683838,11.008397852980378,0.001,3.712165117263794
11162,22,162,2174,10.381241798400879,11.002847154320404,0.001,4.250753402709961
11163,22,163,873,8.683562278747559,10.996232901533183,0.001,4.299514532089233
11164,22,164,523,13.072196006774902,11.015075589100011,0.001,3.4526846408843994
11165,22,165,1099,10.414312362670898,11.009706187054626,0.001,4.080826044082642
11166,22,166,1161,10.078518867492676,11.006924103356576,0.001,3.305748224258423
11167,22,167,966,13.58380126953125,11.018891158134405,0.001,3.695995330810547
11168,22,168,2034,5.50631046295166,10.971269461904294,0.001,4.520990371704102
11169,22,169,2152,15.495599746704102,11.00054578279648,0.001,3.9728243350982666
11170,22,170,337,10.658146858215332,10.99910621476413,0.001,4.199560165405273
11171,22,171,1951,8.532943725585938,10.983135573464002,0.001,3.7687065601348877
11172,22,172,2610,7.688619136810303,10.973001663235017,0.001,4.167481899261475
11173,22,173,962,9.66750717163086,10.966968561505505,0.001,4.197736024856567
11174,22,174,2793,6.628731727600098,10.929558616232592,0.001,3.5393881797790527
11175,22,175,408,7.22334098815918,10.912962565986984,0.001,3.5878376960754395
11176,22,176,972,6.190439701080322,10.88380171901283,0.001,4.4805521965026855
11177,22,177,2448,6.630551815032959,10.84862193548013,0.001,4.196437120437622
11178,22,178,1092,16.615312576293945,10.896294036324317,0.001,4.764141321182251
11179,22,179,392,6.983940124511719,10.864568896366961,0.001,5.1009135246276855
11180,22,180,1802,9.583247184753418,10.85678377867797,0.001,3.6445610523223877
11181,22,181,2720,9.566707611083984,10.8533264628002,0.001,4.251173973083496
11182,22,182,1649,11.198150634765625,10.855417248157206,0.001,3.6781153678894043
11183,22,183,2523,11.551715850830078,10.860996283609083,0.001,3.4764294624328613
11184,22,184,913,7.554454326629639,10.846943065421513,0.001,3.196164846420288
11185,22,185,1311,5.840754985809326,10.80748233312943,0.001,3.4561238288879395
11186,22,186,695,5.618416786193848,10.77664450858875,0.001,3.895275354385376
11187,22,187,1756,7.979206562042236,10.760527168077624,0.001,3.4717726707458496
11188,22,188,2203,7.755118370056152,10.737173868255221,0.001,3.851393938064575
11189,22,189,1495,7.745578289031982,10.719804433887754,0.001,3.69763445854187
11190,22,190,490,7.864423751831055,10.711809307360149,0.001,4.151005744934082
11191,22,191,682,8.51540756225586,10.695178319165306,0.001,4.1750648021698
11192,22,192,699,9.669821739196777,10.689438423636764,0.001,3.552385091781616
11193,22,193,2901,16.76693344116211,10.714587208873745,0.001,3.808065414428711
11194,22,194,1395,5.543993949890137,10.70045456041775,0.001,3.578739881515503
11195,22,195,2758,10.045231819152832,10.696791103116254,0.001,4.552065849304199
11196,22,196,721,9.8614501953125,10.693508367038541,0.001,4.092443943023682
11197,22,197,2479,7.062597751617432,10.673976671552204,0.001,4.117857217788696
11198,22,198,374,6.0205864906311035,10.639903085592278,0.001,4.612898826599121
11199,22,199,77,10.345462799072266,10.638265525830356,0.001,4.301454782485962
11200,22,200,519,7.068306922912598,10.612194189250472,0.001,4.265233755111694
11201,22,201,2781,15.849847793579102,10.630003312461692,0.001,4.199681997299194
11202,22,202,774,11.757307052612305,10.63610270113476,0.001,4.05327296257019
11203,22,203,680,6.65056848526001,10.625974667320401,0.001,4.102432489395142
11204,22,204,60,6.585867881774902,10.610521477917072,0.001,3.9855732917785645
11205,22,205,2502,7.992855548858643,10.591731019195008,0.001,3.4921622276306152
11206,22,206,2498,7.8019328117370605,10.581168630287815,0.001,4.098344087600708
11207,22,207,770,10.525917053222656,10.580872499457584,0.001,3.9654924869537354
11208,22,208,707,11.992486000061035,10.584190718333394,0.001,4.0973193645477295
11209,22,209,383,12.464097023010254,10.596902178506623,0.001,4.0529563426971436
11210,22,210,1083,8.461432456970215,10.582464220668122,0.001,3.9549405574798584
11211,22,211,863,24.051084518432617,10.65261642403656,0.001,4.129810571670532
11212,22,212,914,13.262809753417969,10.665999627779179,0.001,3.6304919719696045
11213,22,213,2709,24.121562957763672,10.698483758977275,0.001,2.898843765258789
11214,22,214,2682,9.415542602539062,10.689641226832059,0.001,3.675285577774048
11215,22,215,69,19.054466247558594,10.746606718025648,0.001,3.7043678760528564
11216,22,216,1965,9.923493385314941,10.74104142561693,0.001,4.0600807666778564
11217,22,217,1903,5.621336936950684,10.723010414141484,0.001,4.105267286300659
11218,22,218,2392,5.300431728363037,10.703437537071007,0.001,4.124621629714966
11219,22,219,403,5.450496673583984,10.68495220880551,0.001,3.8569562435150146
11220,22,220,407,5.76577615737915,10.660596453321604,0.001,4.022042751312256
11221,22,221,2293,8.299616813659668,10.64868983926961,0.001,3.8972418308258057
11222,22,222,1575,6.5253987312316895,10.628005696324088,0.001,4.167099475860596
11223,22,223,67,11.990150451660156,10.63465522557272,0.001,4.14126992225647
11224,22,224,951,9.354269027709961,10.628457617896103,0.001,3.58581805229187
11225,22,225,325,13.187016487121582,10.64077559576137,0.001,3.8051037788391113
11226,22,226,2050,7.230059623718262,10.629263589556706,0.001,4.076838731765747
11227,22,227,611,6.745027542114258,10.616176702110751,0.001,4.155593395233154
11228,22,228,2243,14.454764366149902,10.640626760520767,0.001,4.2388060092926025
11229,22,229,400,9.5613431930542,10.637343830739832,0.001,3.583181381225586
11230,22,230,920,7.96678352355957,10.620299947933686,0.001,3.9228086471557617
11231,22,231,834,9.516931533813477,10.613406153532804,0.001,5.060095548629761
11232,22,232,1791,9.35220718383789,10.609255235805369,0.001,4.709203004837036
11233,22,233,990,15.997149467468262,10.634926276148372,0.001,4.373312950134277
11234,22,234,336,5.734581470489502,10.604490845344472,0.001,4.046597480773926
11235,22,235,991,12.549365997314453,10.608673200103661,0.001,3.674595832824707
11236,22,236,1921,13.055782318115234,10.619899795813167,0.001,4.732143402099609
11237,22,237,981,14.088180541992188,10.635800261364695,0.001,4.022802114486694
11238,22,238,861,9.023750305175781,10.630544693820687,0.001,4.3816938400268555
11239,22,239,459,8.334969520568848,10.62560982223535,0.001,4.3673036098480225
11240,22,240,1737,14.767106056213379,10.64990400151284,0.001,4.012083053588867
11241,22,241,56,10.948554039001465,10.65124869041079,0.001,4.178657293319702
11242,22,242,1313,8.319668769836426,10.637917818867047,0.001,3.418977737426758
11243,22,243,453,7.1443772315979,10.626878710466569,0.001,3.3891727924346924
11244,22,244,819,6.903563976287842,10.61025848035255,0.001,4.3708717823028564
11245,22,245,361,8.526582717895508,10.598576454173628,0.001,3.9477009773254395
11246,22,246,2927,39.77836990356445,10.651692068291931,0.001,4.034473657608032
11247,22,247,2930,8.164380073547363,10.6465963257111,0.001,3.962719678878784
11248,22,248,1896,7.650750160217285,10.633561270764416,0.001,4.1322338581085205
11249,22,249,685,7.508464336395264,10.62011367616866,0.001,4.2024571895599365
11250,22,250,458,18.84642791748047,10.637645331030384,0.001,3.8615143299102783
11251,22,251,1717,7.103092193603516,10.630419440941031,0.001,4.3485143184661865
11252,22,252,2706,6.483325958251953,10.622284145677105,0.001,3.920396089553833
11253,22,253,1342,12.11805534362793,10.628623419426596,0.001,4.310352087020874
11254,22,254,788,12.459061622619629,10.639130524820189,0.001,4.064465761184692
11255,22,255,2692,8.264168739318848,10.62562899679406,0.001,3.950343370437622
11256,22,256,2874,10.856749534606934,10.626591678004116,0.001,4.92051100730896
11257,22,257,778,13.722987174987793,10.639592167795639,0.001,3.5783486366271973
11258,22,258,424,12.867201805114746,10.645979191442738,0.001,3.623875141143799
11259,22,259,1620,17.965118408203125,10.655803481597815,0.001,3.7332258224487305
11260,22,260,904,28.454954147338867,10.703083330464827,0.001,3.8314359188079834
11261,22,261,1839,14.11397647857666,10.70976144151541,0.001,4.028863430023193
11262,22,262,2782,20.997217178344727,10.76758258400123,0.001,3.222824811935425
11263,22,263,1488,20.546409606933594,10.818453090983693,0.001,3.6015007495880127
11264,22,264,2923,13.128739356994629,10.825076125442832,0.001,4.071902751922607
11265,22,265,870,11.868612289428711,10.828157402260313,0.001,3.434072732925415
11266,22,266,1812,15.20088005065918,10.85236008206479,0.001,4.023539066314697
11267,22,267,801,12.061123847961426,10.85578897591883,0.001,3.7983577251434326
11268,22,268,858,13.796321868896484,10.860971370448487,0.001,3.2527334690093994
11269,22,269,1864,11.16145133972168,10.861559385174468,0.001,3.253525972366333
11270,22,270,2772,6.533175468444824,10.844044836836282,0.001,4.396518707275391
11271,22,271,507,40.06254196166992,10.883358029405905,0.001,4.149679183959961
11272,22,272,2673,17.19488525390625,10.9092348848778,0.001,4.004728555679321
11273,22,273,710,9.027640342712402,10.901707619657682,0.001,3.4964544773101807
11274,22,274,1174,12.394325256347656,10.90770486253743,0.001,3.487335681915283
11275,22,275,827,14.91910171508789,10.91722983738634,0.001,3.601874589920044
11276,22,276,808,12.632436752319336,10.923999806835209,0.001,3.9748549461364746
11277,22,277,1527,23.185453414916992,10.972313948968473,0.001,4.044116497039795
11278,22,278,2669,8.654074668884277,10.967887214172313,0.001,4.262969732284546
11279,22,279,693,5.366326332092285,10.938355112714376,0.001,3.5584850311279297
11280,22,280,2617,9.642009735107422,10.93162975268161,0.001,4.184172868728638
11281,22,281,742,7.4722580909729,10.913580811269465,0.001,4.368793964385986
11282,22,282,522,5.334319114685059,10.884652647119102,0.001,3.788405179977417
11283,22,283,986,21.841577529907227,10.927654401345093,0.001,3.7484989166259766
11284,22,284,1346,13.363591194152832,10.939684589268623,0.001,4.952589273452759
11285,22,285,864,11.284687042236328,10.940280843768837,0.001,4.221440315246582
11286,22,286,2767,11.246628761291504,10.941467246452097,0.001,3.946133852005005
11287,22,287,264,9.69262981414795,10.936685162293074,0.001,4.742741584777832
11288,22,288,989,9.535823822021484,10.931387171655949,0.001,4.207504749298096
11289,22,289,2668,7.460816383361816,10.918132551808844,0.001,3.843496799468994
11290,22,290,2184,20.877859115600586,10.945170231516451,0.001,3.8910133838653564
11291,22,291,1310,6.812568664550781,10.924414073779475,0.001,3.5782577991485596
11292,22,292,1128,6.284374237060547,10.90707451857202,0.001,4.707977056503296
11293,22,293,73,25.736501693725586,10.933722962379102,0.001,4.042255640029907
11294,22,294,468,7.177559852600098,10.915333472531001,0.001,3.97110915184021
11295,22,295,2235,7.328216075897217,10.897754235412268,0.001,3.569575786590576
11296,22,296,2603,6.557554721832275,10.877035190681378,0.001,3.9254932403564453
11297,22,297,2340,9.289648056030273,10.87135515959674,0.001,4.040239334106445
11298,22,298,852,9.344781875610352,10.86584720492732,0.001,4.191260099411011
11299,22,299,607,7.320944309234619,10.859941686116729,0.001,4.087296485900879
11300,22,300,2775,10.025373458862305,10.856955585546224,0.001,4.153412103652954
11301,22,301,74,5.401213645935059,10.847677637883022,0.001,3.795518636703491
11302,22,302,2101,11.22834300994873,10.849522248405702,0.001,3.7917122840881348
11303,22,303,954,8.61954116821289,10.84570780089892,0.001,4.12973952293396
11304,22,304,496,17.692012786865234,10.869199718372847,0.001,4.134093284606934
11305,22,305,368,6.590273857116699,10.85340722382055,0.001,4.246676921844482
11306,22,306,1355,8.261950492858887,10.844139493026262,0.001,4.727922677993774
11307,22,307,2007,12.509894371032715,10.850013023061827,0.001,4.21427845954895
11308,22,308,2911,16.554885864257812,10.858919312302671,0.001,4.092808485031128
11309,22,309,2794,3.714719772338867,10.846749070816523,0.001,3.7697527408599854
11310,22,310,2722,16.38739776611328,10.855349012259916,0.001,4.0193564891815186
11311,22,311,719,7.991896629333496,10.841923588107356,0.001,3.8286850452423096
11312,22,312,1442,10.696211814880371,10.841563537875324,0.001,4.309337615966797
11313,22,313,390,7.002250671386719,10.832223355944942,0.001,3.8509340286254883
11314,22,314,461,10.103778839111328,10.828874314203876,0.001,3.946725368499756
11315,22,315,2249,12.857039451599121,10.836044622742593,0.001,4.0293309688568115
11316,22,316,977,9.991751670837402,10.83402116667619,0.001,3.5509860515594482
11317,22,317,956,8.776846885681152,10.82461286634391,0.001,3.554943799972534
11318,22,318,98,5.419743537902832,10.799800894664024,0.001,3.8887689113616943
11319,22,319,37,15.230825424194336,10.81984774430222,0.001,4.877508163452148
11320,22,320,705,6.7965312004089355,10.801344066162718,0.001,3.628838539123535
11321,22,321,2294,5.341367244720459,10.792814587916222,0.001,3.742269515991211
11322,22,322,377,6.625926494598389,10.782745603128491,0.001,3.7920854091644287
11323,22,323,832,11.486917495727539,10.785889398985283,0.001,4.104591369628906
11324,22,324,1543,7.389640808105469,10.780370763469122,0.001,3.939763069152832
11325,22,325,2149,7.163654804229736,10.768075334592814,0.001,3.816420793533325
11326,22,326,2845,10.045807838439941,10.764867736914178,0.001,3.7975521087646484
11327,22,327,811,8.654187202453613,10.761766120269867,0.001,3.820957899093628
11328,22,328,2274,6.139606952667236,10.746710087732136,0.001,3.7322659492492676
11329,22,329,376,8.173603057861328,10.742587914739948,0.001,3.6590373516082764
11330,22,330,273,7.364145755767822,10.731329025905127,0.001,3.578594923019409
11331,22,331,2335,7.545662879943848,10.72619794363498,0.001,4.198531866073608
11332,22,332,919,11.470986366271973,10.72951053177418,0.001,4.116240978240967
11333,22,333,1502,11.416183471679688,10.73254612756179,0.001,3.5984950065612793
11334,22,334,2398,9.311342239379883,10.726436251563303,0.001,3.123868227005005
11335,22,335,916,5.754656791687012,10.718608864587038,0.001,3.9067676067352295
11336,22,336,2585,5.864823818206787,10.703189882310179,0.001,3.7135415077209473
11337,22,337,2399,6.062887191772461,10.69678476146744,0.001,3.6580543518066406
11338,22,338,488,8.070924758911133,10.68561983873258,0.001,4.25665283203125
11339,22,339,814,6.4455366134643555,10.678948768978213,0.001,4.443828344345093
11340,22,340,1274,11.940739631652832,10.68291350524134,0.001,4.10964035987854
11341,22,341,455,24.3447322845459,10.69888261640825,0.001,4.255351305007935
11342,22,342,434,10.569955825805664,10.698704855227017,0.001,4.21551251411438
11343,22,343,447,6.516696453094482,10.692269482683404,0.001,4.263610124588013
11344,22,344,1097,6.33698844909668,10.685840866305627,0.001,4.0260210037231445
11345,22,345,1682,18.996126174926758,10.712182736990743,0.001,4.532943487167358
11346,22,346,1807,31.718181610107422,10.799658722243567,0.001,3.847252368927002
11347,22,347,1460,6.7184038162231445,10.790415870518975,0.001,3.3611373901367188
11348,22,348,2328,7.946841239929199,10.783938172034405,0.001,4.235370397567749
11349,22,349,1181,17.775123596191406,10.80537939076211,0.001,3.917100429534912
11350,22,350,803,13.140717506408691,10.808774410354243,0.001,3.8743679523468018
11351,22,351,492,12.738407135009766,10.816823649612841,0.001,4.1926140785217285
11352,22,352,469,6.6766133308410645,10.799714451531706,0.001,3.951735258102417
11353,22,353,1568,13.262638092041016,10.80729720278461,0.001,4.173434495925903
11354,22,354,2613,10.232378959655762,10.805542488970241,0.001,3.446150541305542
11355,22,355,2564,9.11126708984375,10.800411805047192,0.001,3.7781965732574463
11356,22,356,728,8.106840133666992,10.79211154895218,0.001,3.8683714866638184
11357,22,357,789,7.506930828094482,10.78208373392592,0.001,4.084447145462036
11358,22,358,689,21.878986358642578,10.806228525403188,0.001,3.5864827632904053
11359,22,359,825,19.367551803588867,10.81835483905982,0.001,4.244796991348267
11360,22,360,2098,13.95267105102539,10.824621073689887,0.001,3.8819162845611572
11361,22,361,1317,6.5397629737854,10.818427384632407,0.001,4.067206382751465
11362,22,362,1480,10.175698280334473,10.817512183163029,0.001,4.580067873001099
11363,22,363,1342,15.326778411865234,10.830914041722496,0.001,3.9463043212890625
11364,22,364,1714,12.270780563354492,10.835152925372396,0.001,3.6194722652435303
11365,22,365,1481,6.496840000152588,10.821928150341277,0.001,3.456092357635498
11366,22,366,1250,6.6511101722717285,10.816029609030071,0.001,3.611327886581421
11367,22,367,1585,7.2960734367370605,10.802151274582407,0.001,3.998028516769409
11368,22,368,1523,8.95132827758789,10.799510744788298,0.001,3.880211353302002
11369,22,369,1083,11.97608470916748,10.804066466182196,0.001,4.274765968322754
11370,22,370,1676,9.671321868896484,10.79955352829274,0.001,3.479027271270752
11371,22,371,1493,10.592120170593262,10.798734466439186,0.001,4.312825918197632
11372,22,372,1756,11.930394172668457,10.802013040367374,0.001,3.823051929473877
11373,22,373,1557,9.188693046569824,10.795663753415836,0.001,3.942664861679077
11374,22,374,1636,5.806283950805664,10.776169680356482,0.001,3.9507808685302734
11375,22,375,1181,16.79901695251465,10.793310380728743,0.001,3.40942645072937
11376,22,376,1938,12.905118942260742,10.796133869773852,0.001,3.875096559524536
11377,22,377,1821,17.921512603759766,10.805965246928178,0.001,3.7033843994140625
11378,22,378,1596,13.548079490661621,10.811514670038344,0.001,4.069426774978638
11379,22,379,2060,24.128923416137695,10.850244128898572,0.001,4.2420666217803955
11380,22,380,2034,10.083396911621094,10.847342300850457,0.001,4.9439780712127686
11381,22,381,1679,10.547701835632324,10.846714281041088,0.001,4.431909561157227
11382,22,382,1440,13.79743766784668,10.854992178554447,0.001,3.6193389892578125
11383,22,383,1383,10.008532524108887,10.853235509530672,0.001,3.8590338230133057
11384,22,384,2071,19.872894287109375,10.871492167568405,0.001,4.131412029266357
11385,22,385,1088,8.556203842163086,10.865037858570535,0.001,4.00799822807312
11386,22,386,1161,7.534573078155518,10.860792820743125,0.001,4.5371479988098145
11387,22,387,1334,7.627068519592285,10.856494591367321,0.001,4.688722133636475
11388,22,388,1764,9.462126731872559,10.851134182894258,0.001,4.6330766677856445
11389,22,389,1128,8.807755470275879,10.84536342637038,0.001,3.9326109886169434
11390,22,390,1087,16.308338165283203,10.865470011986371,0.001,4.437637090682983
11391,22,391,1113,8.726898193359375,10.857491276651471,0.001,3.445855140686035
11392,22,392,1751,10.723991394042969,10.857224205875623,0.001,3.830031633377075
11393,22,393,2055,6.841645240783691,10.842312491500747,0.001,4.611542701721191
11394,22,394,1344,5.894584655761719,10.82869797673564,0.001,3.560532808303833
11395,22,395,1120,12.362235069274902,10.831588497843978,0.001,4.539332628250122
11396,22,396,1864,13.98210334777832,10.835774109618846,0.001,4.4354658126831055
11397,22,397,1099,8.691353797912598,10.827869316082978,0.001,3.5402297973632812
11398,22,398,1690,7.035759925842285,10.822856521190426,0.001,3.5669426918029785
11399,22,399,1503,15.753162384033203,10.83177900503637,0.001,4.242709159851074
11400,22,400,1311,6.247163772583008,10.815080980467746,0.001,3.6850850582122803
11401,22,401,1457,5.95211124420166,10.797558880635929,0.001,4.388081312179565
11402,22,402,1324,8.672776222229004,10.789920777255864,0.001,3.932974100112915
11403,22,403,1769,5.2369465827941895,10.76966246222276,0.001,4.457937717437744
11404,22,404,2191,14.808164596557617,10.777634699830694,0.001,4.187605142593384
11405,22,405,2188,25.757402420043945,10.817701209665655,0.001,4.018713474273682
11406,22,406,1397,6.523050308227539,10.802137006495645,0.001,4.622772932052612
11407,22,407,1902,13.104655265808105,10.808317050119784,0.001,4.367388486862183
11408,22,408,1196,6.6649394035339355,10.803473365420922,0.001,3.057572364807129
11409,22,409,1473,7.81994104385376,10.798511787836883,0.001,3.890580415725708
11410,22,410,2181,6.714361190795898,10.793304212329138,0.001,3.4892237186431885
11411,22,411,1570,7.945535182952881,10.789650230971196,0.001,4.1780455112457275
11412,22,412,2147,8.827284812927246,10.782657184747713,0.001,4.5008533000946045
11413,22,413,1858,17.13867950439453,10.799309012323137,0.001,3.4296250343322754
11414,22,414,1310,9.096967697143555,10.793286152545532,0.001,3.9763996601104736
11415,22,415,1081,16.042362213134766,10.807126698074212,0.001,4.1131651401519775
11416,22,416,1399,24.091142654418945,10.854282382502587,0.001,4.189321517944336
11417,22,417,1945,15.948617935180664,10.872054202041436,0.001,4.497479200363159
11418,22,418,1809,17.564239501953125,10.894863272960245,0.001,4.062498569488525
11419,22,419,1706,13.020952224731445,10.900365703633474,0.001,3.656761407852173
11420,22,420,1265,5.865723133087158,10.894123180176305,0.001,3.9170420169830322
11421,22,421,1259,12.318470001220703,10.896703639872612,0.001,3.8339645862579346
11422,22,422,2241,15.353422164916992,10.912236985614525,0.001,4.307973384857178
11423,22,423,2251,17.431556701660156,10.924514291451226,0.001,4.072107553482056
11424,22,424,1274,17.451725006103516,10.940956194305489,0.001,3.9580299854278564
11425,22,425,2080,11.629557609558105,10.943322698099944,0.001,4.606122255325317
11426,22,426,1819,14.469571113586426,10.94765264509571,0.001,3.9186837673187256
11427,22,427,2203,10.8560209274292,10.94734036810517,0.001,4.264334678649902
11428,22,428,1488,22.05024528503418,10.98270367441671,0.001,4.311757564544678
11429,22,429,1109,20.75105094909668,11.014543560637298,0.001,3.582908868789673
11430,22,430,190,6.451995849609375,10.998816833004359,0.001,3.841585874557495
11431,22,431,1686,9.850422859191895,10.994972450500471,0.001,4.203557968139648
11432,22,432,1846,11.692601203918457,10.99670791225598,0.001,3.798818349838257
11433,22,433,1577,15.603645324707031,11.008184904471936,0.001,4.295953273773193
11434,22,434,1151,13.441488265991211,11.012368024946552,0.001,3.9153316020965576
11435,22,435,1306,9.96370792388916,11.008896164268583,0.001,3.9344334602355957
11436,22,436,1333,16.291196823120117,11.022048497153493,0.001,3.917388439178467
11437,22,437,2335,9.509902000427246,11.020215889334244,0.001,3.9552435874938965
11438,22,438,2099,6.772034645080566,11.012665485803804,0.001,4.433242321014404
11439,22,439,2095,8.615425109863281,11.004924891097854,0.001,3.9480412006378174
11440,22,440,1506,5.268687725067139,10.998532693658456,0.001,3.5149707794189453
11441,22,441,1502,9.071807861328125,10.992127486752898,0.001,3.798936128616333
11442,22,442,1914,6.392970085144043,10.986754385296392,0.001,4.638000726699829
11443,22,443,2075,9.971749305725098,10.985007545146232,0.001,4.469873905181885
11444,22,444,2113,9.762909889221191,10.981979731447515,0.001,4.263286352157593
11445,22,445,1514,7.69948673248291,10.978192199084445,0.001,4.136237621307373
11446,22,446,1516,9.538710594177246,10.974709006128275,0.001,4.604872941970825
11447,22,447,1797,7.013281345367432,10.970022715263813,0.001,3.914499521255493
11448,22,448,2278,18.756202697753906,10.98921138526991,0.001,4.042002201080322
11449,22,449,2223,12.481863975524902,10.994059230617056,0.001,3.806171417236328
11450,22,450,2050,8.276436805725098,10.989457537114525,0.001,3.946011781692505
11451,22,451,1569,21.69534683227539,11.01541743861417,0.001,4.881476879119873
11452,22,452,1772,9.992883682250977,11.012092081009209,0.001,3.502298355102539
11453,22,453,1845,13.540202140808105,11.014815558700189,0.001,3.6259329319000244
11454,22,454,2298,6.6929497718811035,11.010005915940273,0.001,4.435003280639648
11455,22,455,2432,6.9169440269470215,11.005289361038288,0.001,3.851879596710205
11456,22,456,1372,10.412694931030273,11.003881067899039,0.001,4.339998483657837
11457,22,457,2066,9.467057228088379,10.99903052460462,0.001,4.5855185985565186
11458,22,458,1549,10.03624153137207,10.997349383177049,0.001,4.346600294113159
11459,22,459,1174,8.93806266784668,10.992452910998926,0.001,4.3005712032318115
11460,22,460,1779,10.912044525146484,10.992200222368428,0.001,4.166001796722412
11461,22,461,2117,14.320466995239258,10.999858564269742,0.001,3.88403058052063
11462,22,462,2098,14.370134353637695,11.00506633856477,0.001,4.181029319763184
11463,22,463,1802,7.723501205444336,10.997392044509098,0.001,3.904317617416382
11464,22,464,2172,7.3753437995910645,10.988764043122723,0.001,4.199189186096191
11465,22,465,2051,14.144821166992188,10.99618610209922,0.001,4.257981061935425
11466,22,466,1571,6.692533016204834,10.982858442162698,0.001,4.383066654205322
11467,22,467,1123,17.256893157958984,10.993253685936923,0.001,4.647552967071533
11468,22,468,1675,9.809908866882324,10.991312364330618,0.001,4.090785026550293
11469,22,469,1832,8.470620155334473,10.983521782427616,0.001,4.311794757843018
11470,22,470,2073,5.719472885131836,10.977956027478138,0.001,3.3509442806243896
11471,22,471,1127,5.8722734451293945,10.969362219623429,0.001,3.456063747406006
11472,22,472,2479,6.608455657958984,10.959649408117873,0.001,3.7336294651031494
11473,22,473,1554,10.032652854919434,10.958620015915958,0.001,3.997346878051758
11474,22,474,2184,21.747892379760742,10.976489188775988,0.001,4.169519901275635
11475,22,475,1888,18.770902633666992,10.999917801494203,0.001,4.555368185043335
11476,22,476,2392,10.156152725219727,10.998523093290713,0.001,4.165935516357422
11477,22,477,1439,11.770909309387207,11.000840345808616,0.001,3.7275238037109375
11478,22,478,1777,8.72607421875,10.995740970647745,0.001,4.3117780685424805
11479,22,479,2197,12.36096477508545,10.998819589267818,0.001,3.7481536865234375
11480,22,480,1434,12.795736312866211,11.00274811890239,0.001,4.107391119003296
11481,22,481,1823,9.287729263305664,10.997468108689379,0.001,3.828495979309082
11482,22,482,2249,12.723437309265137,11.001432853274855,0.001,4.1380579471588135
11483,22,483,1527,23.42316436767578,11.02917861143057,0.001,4.099987745285034
11484,22,484,1126,7.5453691482543945,11.018738377098638,0.001,3.5990006923675537
11485,22,485,1089,8.734917640686035,11.011944516743357,0.001,4.0700905323028564
11486,22,486,2205,6.9077043533325195,11.002640495584854,0.001,4.329822301864624
11487,22,487,1519,18.86301612854004,11.020448313333157,0.001,4.05637788772583
11488,22,488,1098,10.664508819580078,11.019878129363343,0.001,4.015249013900757
11489,22,489,2513,7.562911510467529,11.016246522471233,0.001,3.64204740524292
11490,22,490,1111,12.432971954345703,11.019372311628292,0.001,3.728470802307129
11491,22,491,2328,6.439810752868652,11.012054868383194,0.001,4.6866843700408936
11492,22,492,1363,20.378890991210938,11.032660246742914,0.001,4.255918264389038
11493,22,493,2522,11.15778636932373,11.03293290472916,0.001,4.5225160121917725
11494,22,494,2427,11.874943733215332,11.034742606789418,0.001,4.232090473175049
11495,22,495,1965,5.984051704406738,11.019880600823171,0.001,3.955524206161499
11496,22,496,2482,8.398380279541016,11.012181327666363,0.001,3.7436344623565674
11497,22,497,1896,7.8710103034973145,11.005388822262464,0.001,4.760111093521118
11498,22,498,1122,4.628975868225098,10.99532885589111,0.001,4.522113561630249
11499,22,499,1264,14.059382438659668,10.9985587229358,0.001,3.8679771423339844
11500,23,0,256,12.086197853088379,12.086197853088379,0.001,4.6140031814575195
11501,23,1,1951,7.403547286987305,9.33921634250702,0.001,4.121095418930054
11502,23,2,1105,7.736688137054443,8.978835300485187,0.001,4.059692144393921
11503,23,3,2537,8.600784301757812,8.859001377991385,0.001,4.1489174365997314
11504,23,4,1092,14.344574928283691,10.465533932862208,0.001,4.290931463241577
11505,23,5,2529,8.891671180725098,10.177160239872672,0.001,4.110511064529419
11506,23,6,2450,6.300352573394775,9.59771559800325,0.001,3.8429455757141113
11507,23,7,29,9.261791229248047,9.553560718636518,0.001,4.040540933609009
11508,23,8,1791,7.653139591217041,9.391731241783809,0.001,4.036623239517212
11509,23,9,1615,7.533757209777832,9.194896980186341,0.001,4.503338575363159
11510,23,10,1766,27.87899398803711,9.85724903548941,0.001,4.338577747344971
11511,23,11,1339,8.252925872802734,9.780153617999572,0.001,4.0947487354278564
11512,23,12,2343,7.399797439575195,9.624280074001687,0.001,4.315943479537964
11513,23,13,1626,5.489633083343506,9.454743107436428,0.001,3.5255095958709717
11514,23,14,2340,11.163599967956543,9.591626667222055,0.001,3.121999979019165
11515,23,15,1532,5.46981143951416,9.188047134491768,0.001,4.559985637664795
11516,23,16,1693,8.999639511108398,9.171202849757984,0.001,4.535210132598877
11517,23,17,2040,6.3921332359313965,8.939753248413663,0.001,4.113102436065674
11518,23,18,254,8.869416236877441,8.934432504474714,0.001,4.036041736602783
11519,23,19,1844,15.641361236572266,9.092513528783964,0.001,4.336054801940918
11520,23,20,1097,7.581396579742432,9.054541625624971,0.001,4.602385759353638
11521,23,21,1737,7.769081115722656,8.970012065010321,0.001,4.515542268753052
11522,23,22,1548,8.663270950317383,8.955761688441555,0.001,4.589365720748901
11523,23,23,1118,8.75452995300293,8.946516116044794,0.001,3.716615915298462
11524,23,24,2163,6.496037006378174,8.835764592681787,0.001,3.2375571727752686
11525,23,25,1692,5.685153007507324,8.661549699701135,0.001,4.260923624038696
11526,23,26,1155,8.955345153808594,8.667355048381694,0.001,3.8385982513427734
11527,23,27,1838,13.465263366699219,8.852233300754264,0.001,3.3910105228424072
11528,23,28,1263,5.8439717292785645,8.738877782263836,0.001,3.490189790725708
11529,23,29,1393,14.223602294921875,8.939439351528835,0.001,4.922808647155762
11530,23,30,1862,7.747121810913086,8.919128594548685,0.001,3.954634428024292
11531,23,31,1343,22.15522003173828,9.12651507757233,0.001,4.219943523406982
11532,23,32,1839,9.000236511230469,9.124475769104352,0.001,4.011901617050171
11533,23,33,2458,8.924514770507812,9.11780884668254,0.001,3.955082654953003
11534,23,34,2593,7.979061603546143,9.080191243827496,0.001,3.7184412479400635
11535,23,35,2608,10.158483505249023,9.125604213309852,0.001,3.736082077026367
11536,23,36,2543,11.881217002868652,9.208938159293995,0.001,3.8467249870300293
11537,23,37,1648,6.932698726654053,9.16122409303789,0.001,4.080169916152954
11538,23,38,177,5.936232089996338,9.07031002295869,0.001,4.183762311935425
11539,23,39,1828,5.969557762145996,8.954050864248874,0.001,4.796610355377197
11540,23,40,2243,5.287020206451416,8.824015857331014,0.001,4.449377536773682
11541,23,41,2614,9.270438194274902,8.839156019745152,0.001,3.795194149017334
11542,23,42,2196,7.086838722229004,8.820091160812446,0.001,4.288448333740234
11543,23,43,1806,6.87248420715332,8.756259022297842,0.001,3.8872222900390625
11544,23,44,2070,10.079190254211426,8.798071806534752,0.001,3.5049006938934326
11545,23,45,1441,13.94516372680664,8.85694101673908,0.001,4.607705354690552
11546,23,46,2772,9.746840476989746,8.877293332739075,0.001,4.076216220855713
11547,23,47,1602,29.451522827148438,9.024860436680054,0.001,4.112329006195068
11548,23,48,2202,11.41909122467041,9.09591375074439,0.001,3.617912769317627
11549,23,49,2272,7.422060012817383,9.059750555921076,0.001,4.598277568817139
11550,23,50,2654,10.302522659301758,9.094725052297932,0.001,4.3432159423828125
11551,23,51,2270,9.198803901672363,9.09759295795146,0.001,4.414648771286011
11552,23,52,2763,11.119813919067383,9.116949165796065,0.001,4.1640238761901855
11553,23,53,2067,9.209888458251953,9.118304969259526,0.001,3.796489715576172
11554,23,54,2682,8.705596923828125,9.10746607717867,0.001,4.202769756317139
11555,23,55,2435,7.816775798797607,9.095280140962462,0.001,3.4182119369506836
11556,23,56,2064,6.218803405761719,9.040364551928523,0.001,3.8287851810455322
11557,23,57,2775,10.12415599822998,9.060178384999869,0.001,3.6820733547210693
11558,23,58,1642,10.222695350646973,9.081032507679641,0.001,3.844841718673706
11559,23,59,2580,19.686479568481445,9.326802034929212,0.001,4.08537745475769
11560,23,60,2569,12.213985443115234,9.362899784029919,0.001,3.7925174236297607
11561,23,61,1149,14.11614990234375,9.44566269815938,0.001,4.042327642440796
11562,23,62,1530,11.05849552154541,9.48188796846371,0.001,3.888125419616699
11563,23,63,2140,7.6378607749938965,9.46782555820987,0.001,3.951052665710449
11564,23,64,2436,14.636982917785645,9.509014444692978,0.001,4.417949676513672
11565,23,65,2233,7.280213356018066,9.483012479664803,0.001,3.841616630554199
11566,23,66,273,10.983194351196289,9.507438806298708,0.001,4.392271280288696
11567,23,67,2293,13.456161499023438,9.571615238632203,0.001,3.555922031402588
11568,23,68,2758,12.964670181274414,9.624407867747275,0.001,3.9073050022125244
11569,23,69,2204,5.399940013885498,9.539453019492994,0.001,3.5926730632781982
11570,23,70,2652,5.130801677703857,9.508095891160693,0.001,4.104009389877319
11571,23,71,2455,8.4119234085083,9.500042488362045,0.001,4.026515960693359
11572,23,72,2157,17.408615112304688,9.656053239295625,0.001,3.7689051628112793
11573,23,73,1903,12.233917236328125,9.682582451578513,0.001,4.243927955627441
11574,23,74,2510,16.13318634033203,9.805096156241163,0.001,3.6954774856567383
11575,23,75,2494,10.021638870239258,9.808138421855054,0.001,4.370680093765259
11576,23,76,2793,13.20144271850586,9.87207586885643,0.001,3.839174747467041
11577,23,77,1568,24.76502799987793,10.074801844463774,0.001,4.6658384799957275
11578,23,78,2377,20.38460922241211,10.213678707185691,0.001,3.8425471782684326
11579,23,79,2874,13.953158378601074,10.262584191838473,0.001,4.115391254425049
11580,23,80,2564,11.210680961608887,10.274857887079229,0.001,4.051544427871704
11581,23,81,2523,12.654129981994629,10.315992613057102,0.001,4.301258325576782
11582,23,82,1395,7.2648138999938965,10.296995532636238,0.001,3.398792266845703
11583,23,83,2584,12.89345932006836,10.340644979464303,0.001,3.8780531883239746
11584,23,84,2673,16.01177978515625,10.41255635168107,0.001,3.975450038909912
11585,23,85,2565,5.928850173950195,10.38560484072838,0.001,4.173224925994873
11586,23,86,37,12.31730842590332,10.416892394621666,0.001,3.472707748413086
11587,23,87,2596,6.903132915496826,10.386533299959034,0.001,4.163243055343628
11588,23,88,1900,20.1507511138916,10.443899260390372,0.001,3.516033887863159
11589,23,89,38,8.485757827758789,10.427081187774414,0.001,4.078693866729736
11590,23,90,2101,10.084444046020508,10.421669188895013,0.001,3.6841812133789062
11591,23,91,383,12.420574188232422,10.451537691413186,0.001,3.8359436988830566
11592,23,92,2498,13.33924674987793,10.475155289100229,0.001,3.7771191596984863
11593,23,93,2930,5.132821083068848,10.446771203226122,0.001,3.897486925125122
11594,23,94,2401,6.795121192932129,10.404997257104716,0.001,3.7618000507354736
11595,23,95,2235,8.665301322937012,10.379312217423438,0.001,4.620131969451904
11596,23,96,344,5.025762557983398,10.351044949195984,0.001,4.1651506423950195
11597,23,97,372,10.044116973876953,10.349632615702832,0.001,4.015814542770386
11598,23,98,2595,8.347047805786133,10.33927203385357,0.001,4.249738454818726
11599,23,99,2413,7.816240310668945,10.311576409534029,0.001,3.621603488922119
11600,23,100,1794,7.075455188751221,10.277491805417911,0.001,4.157716989517212
11601,23,101,1460,7.718384265899658,10.2579735618873,0.001,3.1680757999420166
11602,23,102,432,13.633905410766602,10.292825843976283,0.001,4.324834108352661
11603,23,103,2927,39.41759490966797,10.418793902580775,0.001,4.764113187789917
11604,23,104,2398,10.894719123840332,10.425291236133964,0.001,3.769416570663452
11605,23,105,2603,9.333588600158691,10.410817935156945,0.001,3.885378837585449
11606,23,106,2505,5.336996078491211,10.385757128401675,0.001,3.915156126022339
11607,23,107,250,19.27256965637207,10.428612964150508,0.001,3.7563509941101074
11608,23,108,2601,12.526657104492188,10.456013240756166,0.001,3.9852094650268555
11609,23,109,403,4.809677600860596,10.416492275668935,0.001,4.140198707580566
11610,23,110,1346,12.572364807128906,10.44358195200482,0.001,4.063896894454956
11611,23,111,2000,9.972865104675293,10.441427249610738,0.001,3.9996273517608643
11612,23,112,2784,7.516276836395264,10.403812550711697,0.001,3.848773956298828
11613,23,113,1918,6.203676700592041,10.350587186575106,0.001,3.935920476913452
11614,23,114,2617,9.049473762512207,10.334446440990208,0.001,4.372730493545532
11615,23,115,175,9.160713195800781,10.326485901604476,0.001,4.218592643737793
11616,23,116,2387,34.98881149291992,10.489529986888508,0.001,4.676631212234497
11617,23,117,2782,15.741157531738281,10.554088324998613,0.001,4.368051290512085
11618,23,118,178,14.468045234680176,10.588637855144732,0.001,4.3307130336761475
11619,23,119,2535,8.467812538146973,10.579549304369891,0.001,4.056746244430542
11620,23,120,447,7.581949234008789,10.566593919184756,0.001,4.136903762817383
11621,23,121,1355,9.323705673217773,10.555493399894376,0.001,3.7718093395233154
11622,23,122,2585,12.363701820373535,10.57111658811772,0.001,4.523978233337402
11623,23,123,1793,10.516834259033203,10.570494497408609,0.001,4.564946889877319
11624,23,124,1182,6.5876922607421875,10.535822965724275,0.001,4.187519073486328
11625,23,125,2668,10.88768196105957,10.538868738166448,0.001,4.056473255157471
11626,23,126,1762,13.378702163696289,10.562906624122139,0.001,4.517399787902832
11627,23,127,1699,11.391339302062988,10.567773137274028,0.001,3.942035436630249
11628,23,128,1326,4.990663528442383,10.545786867662656,0.001,3.5076630115509033
11629,23,129,455,21.54677963256836,10.579429047371848,0.001,3.6826589107513428
11630,23,130,1373,8.877421379089355,10.568300576747863,0.001,4.227142572402954
11631,23,131,1807,28.103378295898438,10.758257271228214,0.001,4.30192756652832
11632,23,132,2720,5.828383922576904,10.740448405084935,0.001,3.069348096847534
11633,23,133,1090,7.004986763000488,10.71898863928511,0.001,4.037776947021484
11634,23,134,601,17.30850601196289,10.789821329260306,0.001,4.360628128051758
11635,23,135,488,13.937457084655762,10.82299109818864,0.001,3.891425132751465
11636,23,136,523,16.85585594177246,10.887099919764792,0.001,3.780116081237793
11637,23,137,2669,7.17765998840332,10.873016490967105,0.001,3.6343867778778076
11638,23,138,2399,7.95892858505249,10.86326525848749,0.001,3.956791877746582
11639,23,139,453,16.679603576660156,10.895380771021994,0.001,4.224148988723755
11640,23,140,325,19.390504837036133,10.960895960973028,0.001,4.476347923278809
11641,23,141,2229,12.43263053894043,10.967896357792476,0.001,3.7758615016937256
11642,23,142,693,6.719535827636719,10.924522591575155,0.001,3.9118809700012207
11643,23,143,361,16.82891273498535,10.981091017868748,0.001,4.643204212188721
11644,23,144,468,17.078622817993164,11.041273946392556,0.001,3.2676842212677
11645,23,145,2166,27.343664169311523,11.12740807974156,0.001,3.5910418033599854
11646,23,146,2660,17.274982452392578,11.186551930887944,0.001,4.112866163253784
11647,23,147,2706,10.057076454162598,11.18280148843004,0.001,4.250629186630249
11648,23,148,2610,8.156098365783691,11.17223647580524,0.001,3.5026774406433105
11649,23,149,67,22.225317001342773,11.252557682364825,0.001,4.159988641738892
11650,23,150,2767,16.623916625976562,11.29181318731174,0.001,4.0937416553497314
11651,23,151,1812,16.856897354125977,11.345397490938701,0.001,3.4844014644622803
11652,23,152,367,11.351449966430664,11.345427809345825,0.001,3.777062177658081
11653,23,153,2225,11.715747833251953,11.348895146314653,0.001,4.701950311660767
11654,23,154,1093,14.39794921875,11.376714517204164,0.001,3.717243194580078
11655,23,155,1586,12.043910026550293,11.382906246697129,0.001,4.39115834236145
11656,23,156,717,10.185791015625,11.371987251089827,0.001,3.5969254970550537
11657,23,157,2476,7.835882186889648,11.360454388078784,0.001,4.019992113113403
11658,23,158,680,6.965917587280273,11.346367890744213,0.001,4.712696313858032
11659,23,159,1848,8.875316619873047,11.324083726203407,0.001,4.060047149658203
11660,23,160,1482,4.411683559417725,11.302247345814738,0.001,4.997024059295654
11661,23,161,707,7.682368755340576,11.291434911259497,0.001,3.68904447555542
11662,23,162,2297,8.096161842346191,11.269717971587218,0.001,4.105489015579224
11663,23,163,1443,8.788498878479004,11.248029113240348,0.001,4.624829053878784
11664,23,164,1484,5.842346668243408,11.212275898855529,0.001,4.0818705558776855
11665,23,165,1463,5.607769012451172,11.197092323744915,0.001,4.3825061321258545
11666,23,166,2911,17.26287841796875,11.21451491695085,0.001,3.8131930828094482
11667,23,167,2349,6.15630578994751,11.171211219913223,0.001,3.9878008365631104
11668,23,168,1700,16.841102600097656,11.1986689612407,0.001,4.1100547313690186
11669,23,169,728,10.199841499328613,11.192271549766176,0.001,4.237388849258423
11670,23,170,743,12.586138725280762,11.196469303356979,0.001,3.3675522804260254
11671,23,171,2216,7.538928031921387,11.186553508813647,0.001,4.490870475769043
11672,23,172,2274,8.459251403808594,11.169667319318132,0.001,3.875375747680664
11673,23,173,771,10.498454093933105,11.165484518717543,0.001,4.130070924758911
11674,23,174,2845,11.966167449951172,11.17211421629846,0.001,4.6129724979400635
11675,23,175,759,7.562121868133545,11.150033952621717,0.001,4.2635252475738525
11676,23,176,2144,6.057121753692627,11.135239745999884,0.001,4.1181464195251465
11677,23,177,382,8.285656929016113,11.127137134752427,0.001,4.580466270446777
11678,23,178,1925,5.504666328430176,11.110898111944291,0.001,4.064113140106201
11679,23,179,2619,7.058032512664795,11.09472472568827,0.001,3.944474458694458
11680,23,180,424,11.157252311706543,11.0949828696769,0.001,3.6861414909362793
11681,23,181,98,8.0104398727417,11.070072492709812,0.001,3.6688108444213867
11682,23,182,2923,9.848691940307617,11.064993340616619,0.001,4.483632326126099
11683,23,183,2192,28.06171417236328,11.105647332269683,0.001,3.8630077838897705
11684,23,184,392,8.334617614746094,11.083897601083185,0.001,4.4611804485321045
11685,23,185,65,6.052239418029785,11.069370602236361,0.001,3.8248372077941895
11686,23,186,801,4.617010593414307,11.042976279305993,0.001,3.791560649871826
11687,23,187,803,8.605936050415039,11.03632835054891,0.001,3.9942235946655273
11688,23,188,2781,15.498064041137695,11.052696414629434,0.001,3.987008571624756
11689,23,189,1768,9.767154693603516,11.04913873909551,0.001,3.478567361831665
11690,23,190,342,8.269914627075195,11.027303266965212,0.001,3.977783679962158
11691,23,191,1576,6.132524490356445,11.01403440737252,0.001,4.177960634231567
11692,23,192,808,12.843847274780273,11.024471211147464,0.001,3.5318307876586914
11693,23,193,518,7.0865912437438965,11.01366569328008,0.001,4.018744468688965
11694,23,194,721,9.574422836303711,11.00788948158246,0.001,3.920621633529663
11695,23,195,56,10.380733489990234,11.004326824059792,0.001,3.7535440921783447
11696,23,196,2929,7.895319938659668,10.986750764716136,0.001,4.158435821533203
11697,23,197,407,8.926308631896973,10.975177642403615,0.001,4.017263412475586
11698,23,198,2174,25.2712345123291,11.078523811284846,0.001,4.075974702835083
11699,23,199,1541,8.393426895141602,11.072049770585254,0.001,4.16464376449585
11700,23,200,400,8.669330596923828,11.063526471335404,0.001,3.9982481002807617
11701,23,201,1620,20.002962112426758,11.079278282142623,0.001,4.38716197013855
11702,23,202,706,11.235633850097656,11.079695858373901,0.001,4.096740007400513
11703,23,203,340,8.409695625305176,11.065005753180195,0.001,4.144971609115601
11704,23,204,990,13.20849323272705,11.076978026519152,0.001,3.7553117275238037
11705,23,205,956,11.059942245483398,11.076855402261858,0.001,4.2914698123931885
11706,23,206,2709,21.93760108947754,11.104458749114471,0.001,4.646002769470215
11707,23,207,913,9.029508590698242,11.096511567635485,0.001,3.9073646068573
11708,23,208,1470,6.171235084533691,11.070818249957966,0.001,3.673344850540161
11709,23,209,2861,12.109390258789062,11.07638769198611,0.001,3.858459949493408
11710,23,210,1495,16.753662109375,11.10661177209974,0.001,4.027245044708252
11711,23,211,2909,21.856212615966797,11.163772248876644,0.001,4.164816856384277
11712,23,212,689,22.752233505249023,11.207093885049915,0.001,3.726938009262085
11713,23,213,60,5.417159080505371,11.185521318662788,0.001,2.9978461265563965
11714,23,214,2013,11.416055679321289,11.186084712947798,0.001,4.134479284286499
11715,23,215,989,19.55683135986328,11.22944275810723,0.001,3.7101190090179443
11716,23,216,1921,17.10189437866211,11.259720457412078,0.001,4.404183864593506
11717,23,217,1361,22.510560989379883,11.287302589202588,0.001,3.966392755508423
11718,23,218,2294,7.5302324295043945,11.278404738837429,0.001,3.7002429962158203
11719,23,219,858,12.572603225708008,11.281268501605512,0.001,4.1645121574401855
11720,23,220,919,11.242619514465332,11.281001841690202,0.001,4.297393798828125
11721,23,221,1923,12.16775894165039,11.285594943756488,0.001,4.7412636280059814
11722,23,222,514,14.608478546142578,11.297743545229881,0.001,3.524855136871338
11723,23,223,2347,6.195611953735352,11.272159970149696,0.001,4.50071907043457
11724,23,224,695,10.538198471069336,11.268460347627745,0.001,3.858055591583252
11725,23,225,951,10.332223892211914,11.263817807706461,0.001,4.196385145187378
11726,23,226,1442,16.724428176879883,11.28290152986931,0.001,3.7794222831726074
11727,23,227,787,9.141837120056152,11.27779113268803,0.001,4.360662221908569
11728,23,228,727,7.575523853302002,11.26921945340963,0.001,4.924181222915649
11729,23,229,522,8.20495891571045,11.249131327206802,0.001,3.360574245452881
11730,23,230,28,9.095377922058105,11.244141998342071,0.001,4.340310335159302
11731,23,231,274,14.830864906311035,11.261308501511898,0.001,3.8432013988494873
11732,23,232,74,6.914680480957031,11.25139858036916,0.001,4.056393146514893
11733,23,233,920,8.395462989807129,11.232787678063191,0.001,4.007043361663818
11734,23,234,2325,7.705934524536133,11.215819957455992,0.001,3.8942997455596924
11735,23,235,507,39.75062942504883,11.261189621484244,0.001,3.815202474594116
11736,23,236,1368,9.28205394744873,11.254300827738085,0.001,4.032838821411133
11737,23,237,2901,10.905197143554688,11.253087142614861,0.001,4.034266948699951
11738,23,238,2552,6.718796730041504,11.231823704146619,0.001,3.7846970558166504
11739,23,239,811,11.94727897644043,11.23331563376323,0.001,4.107898712158203
11740,23,240,2511,23.330259323120117,11.2745154616973,0.001,3.825968027114868
11741,23,241,1580,25.57318115234375,11.322357885881727,0.001,4.521186351776123
11742,23,242,914,14.458412170410156,11.336956852343103,0.001,4.066287279129028
11743,23,243,2462,9.67060375213623,11.326501740410627,0.001,4.100642919540405
11744,23,244,272,9.973145484924316,11.322001045773947,0.001,4.168846845626831
11745,23,245,2149,7.9698028564453125,11.30633320555501,0.001,4.162024736404419
11746,23,246,490,9.3477144241333,11.301959662504602,0.001,3.8644096851348877
11747,23,247,819,8.05992317199707,11.287059037993474,0.001,3.5595569610595703
11748,23,248,1879,9.802682876586914,11.28214247791868,0.001,4.221485614776611
11749,23,249,73,26.382251739501953,11.315271846430232,0.001,3.7485859394073486
11750,23,250,2906,9.744877815246582,11.30818385496766,0.001,4.067015886306763
11751,23,251,2832,7.905025005340576,11.288728777162335,0.001,4.4721879959106445
11752,23,252,1365,9.078827857971191,11.283987178455554,0.001,3.6790077686309814
11753,23,253,2499,9.543312072753906,11.278406173779178,0.001,4.0338335037231445
11754,23,254,2794,5.202541828155518,11.265318237006175,0.001,4.11827826499939
11755,23,255,2563,6.404333591461182,11.249803922571974,0.001,4.383074760437012
11756,23,256,481,6.269351482391357,11.227727623878744,0.001,3.9231441020965576
11757,23,257,981,9.304835319519043,11.219218254763945,0.001,4.196173667907715
11758,23,258,1556,7.348395347595215,11.202126358800529,0.001,4.097760438919067
11759,23,259,2282,9.988473892211914,11.199597334179051,0.001,3.6275908946990967
11760,23,260,77,11.374468803405762,11.200370656571,0.001,3.530320882797241
11761,23,261,2152,14.507147789001465,11.214609959616658,0.001,4.011622190475464
11762,23,262,1370,17.28622817993164,11.24108115738321,0.001,3.8762872219085693
11763,23,263,2583,8.774131774902344,11.230366465888663,0.001,3.8705923557281494
11764,23,264,2425,16.816265106201172,11.254442807594636,0.001,3.9099857807159424
11765,23,265,2008,8.479945182800293,11.249380109995196,0.001,4.022197723388672
11766,23,266,2548,13.231058120727539,11.257697912115699,0.001,3.883335590362549
11767,23,267,863,26.5800838470459,11.323244107148593,0.001,4.378845453262329
11768,23,268,2864,15.952799797058105,11.337395293500164,0.001,4.05230450630188
11769,23,269,1313,15.526299476623535,11.359930872592168,0.001,4.2926366329193115
11770,23,270,94,8.14635181427002,11.343011503077058,0.001,4.597200155258179
11771,23,271,377,11.57957935333252,11.343717637065348,0.001,3.967869997024536
11772,23,272,2341,15.065805435180664,11.36448892915116,0.001,4.210437536239624
11773,23,273,2547,30.045562744140625,11.442012708604949,0.001,4.145339488983154
11774,23,274,705,9.127543449401855,11.429115672164878,0.001,4.575657606124878
11775,23,275,2588,10.213689804077148,11.422408026950011,0.001,3.731628656387329
11776,23,276,2722,16.9931697845459,11.432415276937439,0.001,4.116437911987305
11777,23,277,1262,10.500994682312012,11.430634021689054,0.001,3.712554931640625
11778,23,278,961,12.871429443359375,11.438386176399925,0.001,3.711134672164917
11779,23,279,1717,7.525914192199707,11.430936272775547,0.001,3.892540454864502
11780,23,280,1132,10.021991729736328,11.425171028580927,0.001,3.7924273014068604
11781,23,281,376,10.926115036010742,11.424200712890979,0.001,3.7075111865997314
11782,23,282,814,4.997763633728027,11.411579117056327,0.001,3.766615867614746
11783,23,283,916,4.296466827392578,11.397767335360921,0.001,3.602909803390503
11784,23,284,685,6.954005241394043,11.380276008774873,0.001,3.3929824829101562
11785,23,285,1551,8.918417930603027,11.3703299681051,0.001,4.220735549926758
11786,23,286,2449,8.81995964050293,11.360224960592019,0.001,3.976433038711548
11787,23,287,986,18.535905838012695,11.38899237327125,0.001,3.9272139072418213
11788,23,288,825,19.4985408782959,11.403806408481145,0.001,4.427134037017822
11789,23,289,770,15.056337356567383,11.418332611978185,0.001,3.7984933853149414
11790,23,290,962,11.684741020202637,11.419082791287627,0.001,3.8570377826690674
11791,23,291,742,8.729235649108887,11.405072745014301,0.001,4.108348608016968
11792,23,292,446,6.17652702331543,11.384976759847085,0.001,3.7998437881469727
11793,23,293,774,11.0692720413208,11.383757151883726,0.001,4.246511220932007
11794,23,294,977,10.25745964050293,11.380753304728492,0.001,3.692319869995117
11795,23,295,686,6.275378227233887,11.360756024246793,0.001,3.9564640522003174
11796,23,296,834,8.114120483398438,11.344271184907182,0.001,3.8719942569732666
11797,23,297,607,9.179366111755371,11.34049843507617,0.001,3.8955650329589844
11798,23,298,1302,16.536327362060547,11.365061338735666,0.001,4.122515439987183
11799,23,299,2219,10.234132766723633,11.36314849346506,0.001,4.090685129165649
11800,23,300,1735,7.0782928466796875,11.355372379325331,0.001,4.297544956207275
11801,23,301,2502,10.123489379882812,11.34914123643326,0.001,4.139159917831421
11802,23,302,64,12.555072784423828,11.351323574148047,0.001,4.106139421463013
11803,23,303,388,9.12650203704834,11.347522777108415,0.001,3.4683334827423096
11804,23,304,2443,5.1836137771606445,11.324711617468877,0.001,3.861314296722412
11805,23,305,368,6.684797286987305,11.306894218643416,0.001,4.473674774169922
11806,23,306,2613,8.517069816589355,11.296695987572958,0.001,3.645977735519409
11807,23,307,469,4.790437698364258,11.264847521617854,0.001,3.6416776180267334
11808,23,308,2789,10.814170837402344,11.263199354761522,0.001,3.833160400390625
11809,23,309,458,22.537317276000977,11.283420250782495,0.001,3.717531442642212
11810,23,310,519,8.610694885253906,11.27036854317663,0.001,4.354971408843994
11811,23,311,2460,11.528472900390625,11.27081530370157,0.001,4.018532991409302
11812,23,312,616,12.051383972167969,11.274549379748033,0.001,4.07281494140625
11813,23,313,789,14.935135841369629,11.287716864101467,0.001,4.299208164215088
11814,23,314,2546,8.968746185302734,11.279444626758611,0.001,4.710769414901733
11815,23,315,2694,6.036293983459473,11.270544867752536,0.001,4.33113431930542
11816,23,316,2007,9.874979972839355,11.265580195062666,0.001,3.824556350708008
11817,23,317,1909,12.642473220825195,11.27202089244721,0.001,3.6403379440307617
11818,23,318,861,9.805546760559082,11.268296652142007,0.001,3.8012986183166504
11819,23,319,32,8.756401062011719,11.256243783707612,0.001,4.503514051437378
11820,23,320,2750,13.926596641540527,11.26069357845013,0.001,3.8463876247406006
11821,23,321,827,19.568195343017578,11.27807588551027,0.001,3.4759018421173096
11822,23,322,492,15.58971118927002,11.298261317678444,0.001,3.5393409729003906
11823,23,323,521,5.975718975067139,11.289435409618676,0.001,4.164578676223755
11824,23,324,1453,13.895903587341309,11.293473774075187,0.001,3.883864402770996
11825,23,325,2406,13.639995574951172,11.304457090016305,0.001,4.391403436660767
11826,23,326,699,10.120295524597168,11.300417623395903,0.001,3.91367506980896
11827,23,327,2692,6.315189361572266,11.277514576558328,0.001,3.51802134513855
11828,23,328,2448,5.403558731079102,11.250780847701876,0.001,4.6674723625183105
11829,23,329,266,8.055930137634277,11.236196997408504,0.001,4.444229364395142
11830,23,330,710,8.734989166259766,11.227721736632281,0.001,4.069813251495361
11831,23,331,496,17.264673233032227,11.247344648001288,0.001,4.372224569320679
11832,23,332,350,7.9703569412231445,11.236178314580071,0.001,4.385085582733154
11833,23,333,471,5.885849952697754,11.2123838963873,0.001,4.014545202255249
11834,23,334,68,6.5527215003967285,11.20097709130117,0.001,3.7336864471435547
11835,23,335,408,5.595730304718018,11.187686648706837,0.001,4.415304660797119
11836,23,336,1575,10.22606372833252,11.184398388321068,0.001,3.9227981567382812
11837,23,337,2534,8.391744613647461,11.179905640164328,0.001,3.844214916229248
11838,23,338,1649,13.355396270751953,11.187156589262568,0.001,4.510021686553955
11839,23,339,852,12.067024230957031,11.190042153589575,0.001,3.0744504928588867
11840,23,340,773,12.364474296569824,11.193921089910807,0.001,3.2771172523498535
11841,23,341,1394,15.058353424072266,11.206642592072026,0.001,4.557036638259888
11842,23,342,2422,6.904054641723633,11.199901309702534,0.001,3.5214602947235107
11843,23,343,832,13.374848365783691,11.209339092407415,0.001,3.831481456756592
11844,23,344,991,12.787185668945312,11.21174066565882,0.001,4.0668044090271
11845,23,345,694,8.695879936218262,11.200841700932024,0.001,4.000112056732178
11846,23,346,336,6.168776035308838,11.178959653590411,0.001,4.035843133926392
11847,23,347,2221,8.151654243469238,11.168997526710852,0.001,4.008991003036499
11848,23,348,2672,6.354679107666016,11.148238502178828,0.001,3.4352920055389404
11849,23,349,264,10.814167022705078,11.147161167390475,0.001,3.6793830394744873
11850,23,350,1543,10.513052940368652,11.146180493387085,0.001,3.920647144317627
11851,23,351,2179,12.948480606079102,11.150345404165245,0.001,4.2393083572387695
11852,23,352,1878,12.098067283630371,11.152474962920248,0.001,3.316371440887451
11853,23,353,448,12.670198440551758,11.15740447453752,0.001,4.027359247207642
11854,23,354,441,9.455368995666504,11.152027571827668,0.001,3.865879774093628
11855,23,355,1817,8.103458404541016,11.14759156485899,0.001,3.8503618240356445
11856,23,356,434,9.196914672851562,11.144937358309901,0.001,4.433389663696289
11857,23,357,1915,7.854056358337402,11.13761536345051,0.001,4.174992322921753
11858,23,358,459,6.837306022644043,11.131227368221937,0.001,4.271394968032837
11859,23,359,2834,8.528787612915039,11.120321906390176,0.001,4.330739736557007
11860,23,360,1540,10.56402587890625,11.119487621780301,0.001,3.9488072395324707
11861,23,361,1617,9.075582504272461,11.111294823607272,0.001,4.003026962280273
11862,23,362,972,6.017673492431641,11.095780288475394,0.001,4.190861701965332
11863,23,363,461,9.775823593139648,11.090388099173666,0.001,3.839406728744507
11864,23,364,1117,11.38946533203125,11.091326692781392,0.001,4.252198696136475
11865,23,365,851,9.533333778381348,11.084803148447655,0.001,3.8916521072387695
11866,23,366,1682,21.223777770996094,11.115743081849853,0.001,3.1597976684570312
11867,23,367,405,8.081573486328125,11.10897585742733,0.001,4.372807741165161
11868,23,368,682,9.701156616210938,11.103309016977244,0.001,3.8033945560455322
11869,23,369,401,12.235048294067383,11.106743073054103,0.001,3.6592447757720947
11870,23,370,2533,8.357361793518066,11.1006931629922,0.001,3.7965128421783447
11871,23,371,2378,25.356834411621094,11.144155911035982,0.001,3.241425037384033
11872,23,372,337,12.268522262573242,11.146341963064522,0.001,3.7117180824279785
11873,23,373,363,8.209985733032227,11.142160491043613,0.001,3.728973150253296
11874,23,374,966,15.009066581726074,11.150276853130183,0.001,4.264623403549194
11875,23,375,873,10.56761646270752,11.149545846635657,0.001,4.089887857437134
11876,23,376,2464,16.936565399169922,11.15796454853925,0.001,4.153956413269043
11877,23,377,778,12.091507911682129,11.160725497560845,0.001,4.083566665649414
11878,23,378,2538,8.42400074005127,11.156836692783608,0.001,4.171700954437256
11879,23,379,436,14.418914794921875,11.163639913588737,0.001,3.986948251724243
11880,23,380,1173,7.544538974761963,11.158497314745853,0.001,4.056201934814453
11881,23,381,1616,6.952999591827393,11.145772835360914,0.001,3.881575345993042
11882,23,382,1153,8.92127799987793,11.136963498145532,0.001,3.65402889251709
11883,23,383,870,9.667095184326172,11.133871016567829,0.001,4.384759426116943
11884,23,384,719,9.867116928100586,11.128918770560075,0.001,4.796791076660156
11885,23,385,1627,13.87617015838623,11.13700777837477,0.001,4.226353406906128
11886,23,386,1360,9.05940055847168,11.134206032214191,0.001,3.5207111835479736
11887,23,387,864,19.149751663208008,11.144727540531807,0.001,4.062495231628418
11888,23,388,2327,6.375526428222656,11.135010100667134,0.001,4.382857799530029
11889,23,389,611,10.048871040344238,11.132798038843177,0.001,4.241844177246094
11890,23,390,390,8.414041519165039,11.127320416606835,0.001,4.128242015838623
11891,23,391,904,30.159648895263672,11.162066037984284,0.001,3.938809633255005
11892,23,392,1814,12.21066665649414,11.16504405648973,0.001,4.136494398117065
11893,23,393,788,10.087553977966309,11.160909145074186,0.001,3.8925845623016357
11894,23,394,915,8.906508445739746,11.157942593451233,0.001,4.856677532196045
11895,23,395,69,22.480621337890625,11.201422647055809,0.001,3.7825098037719727
11896,23,396,378,19.015981674194336,11.231075415294058,0.001,4.286230087280273
11897,23,397,954,10.98521614074707,11.23074328997669,0.001,4.347615480422974
11898,23,398,2452,11.307960510253906,11.230961942264567,0.001,3.739393472671509
11899,23,399,374,6.472660541534424,11.213161445426273,0.001,4.399756669998169
11900,23,400,2871,10.9457368850708,11.21216454699871,0.001,3.795837163925171
11901,23,401,2590,16.490222930908203,11.222419199308307,0.001,4.321829080581665
11902,23,402,1339,11.478470802307129,11.222766221347076,0.001,4.604525089263916
11903,23,403,1945,5.461087226867676,11.201299362065262,0.001,3.456756591796875
11904,23,404,1126,11.264477729797363,11.2015343668105,0.001,4.027405023574829
11905,23,405,1105,7.98129940032959,11.197103595084208,0.001,3.8167548179626465
11906,23,406,1326,12.484787940979004,11.19877932895252,0.001,3.941051721572876
11907,23,407,1394,18.159337997436523,11.21803310194438,0.001,3.736187219619751
11908,23,408,1311,6.942617893218994,11.202363013073183,0.001,4.397808790206909
11909,23,409,1259,7.861431121826172,11.195935505218062,0.001,4.000098705291748
11910,23,410,1845,15.526792526245117,11.201278536198753,0.001,4.736019134521484
11911,23,411,1532,11.418065071105957,11.202064898365862,0.001,3.493708610534668
11912,23,412,1093,10.692794799804688,11.200247061018727,0.001,4.338815450668335
11913,23,413,1717,6.96125602722168,11.19481343636172,0.001,3.3725931644439697
11914,23,414,1343,14.760729789733887,11.199135060113617,0.001,4.54517126083374
11915,23,415,1089,9.096043586730957,11.191543344227286,0.001,4.6238486766815186
11916,23,416,1484,6.416701316833496,11.17850829375946,0.001,4.295697212219238
11917,23,417,1636,5.785862922668457,11.159088004540726,0.001,3.83847713470459
11918,23,418,1132,7.9578399658203125,11.150355997039307,0.001,4.035649299621582
11919,23,419,1502,7.901233673095703,11.138593312827258,0.001,3.657600164413452
11920,23,420,1571,6.055774211883545,11.120575223144174,0.001,3.5346803665161133
11921,23,421,1602,21.737979888916016,11.129483170584265,0.001,3.861405849456787
11922,23,422,1264,9.123933792114258,11.126892443043394,0.001,4.411608457565308
11923,23,423,1769,7.395676612854004,11.113566968123767,0.001,3.9635491371154785
11924,23,424,2000,8.039381980895996,11.10973536127616,0.001,4.0824384689331055
11925,23,425,1473,7.958708763122559,11.104549332228595,0.001,3.6477210521698
11926,23,426,1896,6.027069091796875,11.091251119860095,0.001,3.597322463989258
11927,23,427,1470,7.9556732177734375,11.083216453864296,0.001,3.914649248123169
11928,23,428,1370,18.27817726135254,11.102225959264418,0.001,4.743281841278076
11929,23,429,1488,6.894449234008789,11.08843337345227,0.001,3.8838279247283936
11930,23,430,1334,6.973634719848633,11.083402998577405,0.001,4.091006278991699
11931,23,431,1342,15.228157043457031,11.094002313466474,0.001,4.635695695877075
11932,23,432,1557,8.116121292114258,11.083632217981156,0.001,3.9813590049743652
11933,23,433,1481,6.731879711151123,11.072219152461285,0.001,3.826735258102417
11934,23,434,1819,15.758316040039062,11.07803685298331,0.001,3.7711257934570312
11935,23,435,1690,12.853157043457031,11.080237898519169,0.001,3.6917855739593506
11936,23,436,2067,19.09989356994629,11.095356455141099,0.001,4.433955669403076
11937,23,437,1692,7.643923759460449,11.083570722674551,0.001,4.210251808166504
11938,23,438,1642,7.745113849639893,11.075136682124853,0.001,4.7785680294036865
11939,23,439,1324,9.999384880065918,11.071504097962636,0.001,3.6608808040618896
11940,23,440,1155,6.908730506896973,11.0663589766788,0.001,3.506168842315674
11941,23,441,2144,5.360215663909912,11.059505459667266,0.001,4.222980499267578
11942,23,442,1344,11.180944442749023,11.059811342199277,0.001,3.765247344970703
11943,23,443,2179,10.904704093933105,11.059526470318207,0.001,4.056619167327881
11944,23,444,1838,13.14255428314209,11.064706440802754,0.001,3.740973949432373
11945,23,445,2060,23.920007705688477,11.097335832878583,0.001,3.715991735458374
11946,23,446,1516,9.05620002746582,11.092231078544305,0.001,3.901695966720581
11947,23,447,1915,9.106995582580566,11.088705108196576,0.001,3.9634017944335938
11948,23,448,190,10.724859237670898,11.087460571988743,0.001,3.5447847843170166
11949,23,449,1365,10.772067070007324,11.087083782763555,0.001,3.6123952865600586
11950,23,450,1554,10.738349914550781,11.08666328773406,0.001,4.464446783065796
11951,23,451,1577,12.755525588989258,11.090803235828751,0.001,4.2890965938568115
11952,23,452,2157,11.892000198364258,11.093456904888884,0.001,3.731698989868164
11953,23,453,1346,11.239522933959961,11.093921992339704,0.001,4.147432565689087
11954,23,454,1333,14.37843132019043,11.1020536025992,0.001,3.298321485519409
11955,23,455,2163,9.551441192626953,11.098132682644321,0.001,3.886650323867798
11956,23,456,175,11.965330123901367,11.099688178266808,0.001,3.5149543285369873
11957,23,457,2073,4.674766540527344,11.09247203616408,0.001,3.753939151763916
11958,23,458,2099,5.8802618980407715,11.083299648577253,0.001,3.9316558837890625
11959,23,459,2181,8.169610977172852,11.079889316327924,0.001,3.4247589111328125
11960,23,460,1902,12.159645080566406,11.082532238949275,0.001,4.470361948013306
11961,23,461,2174,12.839258193969727,11.088079793339542,0.001,3.491424083709717
11962,23,462,2166,16.746789932250977,11.097857491193963,0.001,4.027795791625977
11963,23,463,2219,12.195608139038086,11.099049707494835,0.001,4.324805021286011
11964,23,464,1797,9.113743782043457,11.096707896464595,0.001,4.326936721801758
11965,23,465,2008,8.807384490966797,11.094344756687029,0.001,3.9581146240234375
11966,23,466,1548,9.405187606811523,11.09041989350459,0.001,3.7470271587371826
11967,23,467,1568,9.028779029846191,11.085481396040116,0.001,3.608097791671753
11968,23,468,2223,8.767850875854492,11.078000372191351,0.001,3.702057361602783
11969,23,469,1823,7.238450527191162,11.065452101893985,0.001,4.368010997772217
11970,23,470,2149,6.644671440124512,11.054726591015516,0.001,3.888152837753296
11971,23,471,2225,6.9680705070495605,11.041766144325903,0.001,4.531709909439087
11972,23,472,1122,4.279177665710449,11.030091288350274,0.001,3.4443910121917725
11973,23,473,1453,15.90098762512207,11.035225101166297,0.001,3.2370972633361816
11974,23,474,1858,9.540657043457031,11.031720029128248,0.001,3.613297939300537
11975,23,475,1463,7.426863670349121,11.028178690467534,0.001,3.56040620803833
11976,23,476,1675,12.09085464477539,11.029953810083603,0.001,3.5873825550079346
11977,23,477,1620,21.239463806152344,11.037636233644195,0.001,3.82142972946167
11978,23,478,1161,11.352556228637695,11.037969425015845,0.001,4.395979881286621
11979,23,479,1395,5.542995452880859,11.031699434677394,0.001,3.874763250350952
11980,23,480,1098,10.129419326782227,11.030167232950404,0.001,4.326725006103516
11981,23,481,2233,13.736634254455566,11.034689850353363,0.001,3.7405965328216553
11982,23,482,1482,7.863588809967041,11.031189447628241,0.001,4.012533187866211
11983,23,483,1153,18.469383239746094,11.054582881113694,0.001,3.9022843837738037
11984,23,484,1543,10.832870483398438,11.05433239311127,0.001,3.6156158447265625
11985,23,485,1540,18.30852508544922,11.062457467056948,0.001,3.8017756938934326
11986,23,486,1832,11.74416732788086,11.064575393898608,0.001,3.646639108657837
11987,23,487,1519,25.830835342407227,11.099501160195967,0.001,4.334373712539673
11988,23,488,2216,17.390762329101562,11.105732498696014,0.001,4.073405504226685
11989,23,489,2098,33.83194351196289,11.140283114412357,0.001,4.561338186264038
11990,23,490,1791,16.217336654663086,11.148542902494446,0.001,4.002161026000977
11991,23,491,1779,20.632225036621094,11.177615966023286,0.001,3.16825532913208
11992,23,492,1556,10.744304656982422,11.1766149792129,0.001,3.973524332046509
11993,23,493,1756,13.270062446594238,11.181339559241163,0.001,3.968519449234009
11994,23,494,1569,31.078969955444336,11.227184407561191,0.001,3.7498691082000732
11995,23,495,2335,13.771383285522461,11.230026035584928,0.001,3.8807625770568848
11996,23,496,1682,22.082931518554688,11.2547255932759,0.001,4.520147323608398
11997,23,497,1265,7.706113815307617,11.250861232526514,0.001,4.40944504737854
11998,23,498,1888,13.930212020874023,11.25885093546421,0.001,4.214438199996948
11999,23,499,1457,11.068634986877441,11.25828192896946,0.001,3.810570240020752
12000,24,0,1460,15.1273832321167,15.1273832321167,0.001,4.454238414764404
12001,24,1,1817,11.352113723754883,13.651270746619781,0.001,4.038435935974121
12002,24,2,2040,10.797638893127441,12.127107475787815,0.001,4.583000183105469
12003,24,3,2278,14.917473793029785,12.92667841640898,0.001,4.217515230178833
12004,24,4,2448,9.7591552734375,12.064393096490862,0.001,4.50878119468689
12005,24,5,1149,17.850322723388672,13.058017038210043,0.001,4.1246116161346436
12006,24,6,2293,13.802297592163086,13.168410126438905,0.001,4.068234205245972
12007,24,7,2075,10.259820938110352,12.899819860057248,0.001,3.8202950954437256
12008,24,8,1514,9.303935050964355,12.689452087093624,0.001,3.4440770149230957
12009,24,9,2095,11.289226531982422,12.494315820885413,0.001,3.6876895427703857
12010,24,10,1397,10.914469718933105,12.295777253858123,0.001,4.426549196243286
12011,24,11,1570,9.033950805664062,12.155751605620443,0.001,3.7415502071380615
12012,24,12,1173,7.052451133728027,11.946742712573654,0.001,3.8900671005249023
12013,24,13,1777,9.39501667022705,11.748412431800467,0.001,4.7797253131866455
12014,24,14,1596,11.577213287353516,11.73948278729562,0.001,4.804886341094971
12015,24,15,2325,6.151702404022217,11.349915085406755,0.001,4.080485582351685
12016,24,16,2007,9.580440521240234,11.235462187664623,0.001,4.439905166625977
12017,24,17,1700,16.480194091796875,11.480521911488403,0.001,4.536175489425659
12018,24,18,1363,20.894939422607422,12.029031406309956,0.001,4.121193885803223
12019,24,19,2392,6.156912803649902,11.791208307312464,0.001,3.8818347454071045
12020,24,20,1699,9.43735122680664,11.702821319339524,0.001,3.656036138534546
12021,24,21,32,10.456256866455078,11.617792928830193,0.001,4.019424915313721
12022,24,22,2140,7.825177192687988,11.53288517339272,0.001,3.609844207763672
12023,24,23,1181,9.281778335571289,11.429843313323683,0.001,4.254169225692749
12024,24,24,1439,9.64982795715332,11.32642800941093,0.001,4.786946535110474
12025,24,25,2327,6.408039569854736,11.178761138442757,0.001,3.894503355026245
12026,24,26,2192,25.885805130004883,11.426070506965601,0.001,4.0426037311553955
12027,24,27,1814,7.137860298156738,11.255182686028085,0.001,4.646076440811157
12028,24,28,2435,5.430185794830322,11.141890752997233,0.001,4.570849418640137
12029,24,29,1839,6.788245677947998,11.062820413054345,0.001,3.8253870010375977
12030,24,30,1585,10.766766548156738,11.048384804576852,0.001,4.3413732051849365
12031,24,31,1844,15.071111679077148,11.110466828124029,0.001,3.9056403636932373
12032,24,32,1627,12.169352531433105,11.148007344717648,0.001,4.018430709838867
12033,24,33,1918,5.893080234527588,10.91214903366787,0.001,3.8153152465820312
12034,24,34,2406,14.751360893249512,11.078183706636095,0.001,3.6398651599884033
12035,24,35,2064,6.0160298347473145,10.918862100746832,0.001,3.7982380390167236
12036,24,36,2229,9.308138847351074,10.888489222997663,0.001,4.067070007324219
12037,24,37,1128,10.46945858001709,10.876061669243331,0.001,3.8384945392608643
12038,24,38,1310,6.2701029777526855,10.700136456357109,0.001,4.84032678604126
12039,24,39,2476,6.838578701019287,10.648239824930538,0.001,4.0514140129089355
12040,24,40,1878,11.787900924682617,10.670403554911099,0.001,4.373698711395264
12041,24,41,2378,19.99053955078125,10.923124867306132,0.001,4.424847602844238
12042,24,42,2547,26.36858558654785,11.32770324759981,0.001,3.7587976455688477
12043,24,43,266,11.563847541809082,11.335661093448811,0.001,4.3322718143463135
12044,24,44,2399,6.284884929656982,11.281852683847166,0.001,3.6999831199645996
12045,24,45,1527,23.485187530517578,11.577307432823883,0.001,4.166282653808594
12046,24,46,1383,5.695079326629639,11.47517081663346,0.001,3.667720079421997
12047,24,47,1812,10.477415084838867,11.443962295387726,0.001,3.814939022064209
12048,24,48,1109,11.230761528015137,11.437784330024929,0.001,4.26969575881958
12049,24,49,178,9.882482528686523,11.404339344726013,0.001,4.199468374252319
12050,24,50,2450,6.790050983428955,11.306686562831922,0.001,4.5647711753845215
12051,24,51,1679,7.264163970947266,11.244114302031905,0.001,4.30305814743042
12052,24,52,1506,11.383481979370117,11.245438699484556,0.001,3.793224811553955
12053,24,53,1118,13.55258846282959,11.2927786568566,0.001,4.558385372161865
12054,24,54,2191,15.45670223236084,11.354475497899674,0.001,4.394083499908447
12055,24,55,1828,9.226415634155273,11.29721460009108,0.001,3.8099560737609863
12056,24,56,2172,7.204766750335693,11.216660958042771,0.001,3.8047420978546143
12057,24,57,1306,9.886456489562988,11.183287079325895,0.001,4.496934413909912
12058,24,58,2203,10.031994819641113,11.154953146961791,0.001,3.7542829513549805
12059,24,59,1676,10.09199333190918,11.12930183662637,0.001,3.537348985671997
12060,24,60,1097,5.7038044929504395,11.084544397226068,0.001,3.8718185424804688
12061,24,61,2505,10.171724319458008,11.07669636216717,0.001,3.902745246887207
12062,24,62,38,17.029767990112305,11.151433235744987,0.001,3.826075553894043
12063,24,63,28,9.204611778259277,11.135473294478551,0.001,4.055007219314575
12064,24,64,177,16.392627716064453,11.223642395920049,0.001,3.723334550857544
12065,24,65,1737,12.874931335449219,11.259282718727192,0.001,3.731220245361328
12066,24,66,2464,17.043052673339844,11.305729177717323,0.001,3.6320652961730957
12067,24,67,29,13.722729682922363,11.344732848475092,0.001,4.0744171142578125
12068,24,68,1250,10.093782424926758,11.335244952202126,0.001,3.770418643951416
12069,24,69,2596,11.914506912231445,11.341832304856974,0.001,3.4482064247131348
12070,24,70,2603,6.371009349822998,11.240946965612986,0.001,4.00231671333313
12071,24,71,1793,8.727027893066406,11.190341013929737,0.001,3.935610055923462
12072,24,72,1313,18.031147003173828,11.321427815465672,0.001,4.149708032608032
12073,24,73,2458,16.647823333740234,11.399904854367843,0.001,4.047457695007324
12074,24,74,2565,12.1752347946167,11.405415564658995,0.001,3.910032272338867
12075,24,75,2328,5.911500930786133,11.347714284074454,0.001,4.214525938034058
12076,24,76,2546,6.997830390930176,11.285938357679616,0.001,3.5615835189819336
12077,24,77,1766,31.25275421142578,11.38256939977646,0.001,4.2814154624938965
12078,24,78,2050,9.694711685180664,11.365875571210964,0.001,4.1720685958862305
12079,24,79,2413,8.282456398010254,11.32240330114177,0.001,4.6115193367004395
12080,24,80,2294,6.806844711303711,11.293647993859889,0.001,3.7380664348602295
12081,24,81,1762,13.567347526550293,11.324565262470607,0.001,3.852299213409424
12082,24,82,1317,13.56627368927002,11.33899646172531,0.001,4.076757907867432
12083,24,83,1123,17.263404846191406,11.395602762914255,0.001,4.015584230422974
12084,24,84,2750,10.631202697753906,11.390790851080771,0.001,5.016939878463745
12085,24,85,1368,10.164815902709961,11.378991684677638,0.001,4.2584168910980225
12086,24,86,1523,21.227128982543945,11.440653877303767,0.001,3.5756609439849854
12087,24,87,1938,16.620647430419922,11.471686479026152,0.001,4.066540241241455
12088,24,88,1549,16.390342712402344,11.518375455944442,0.001,4.129471778869629
12089,24,89,1151,15.95789623260498,11.557480043096374,0.001,3.960415840148926
12090,24,90,2529,7.340445518493652,11.502951732287835,0.001,4.288640260696411
12091,24,91,1399,22.384302139282227,11.685927017511478,0.001,3.9565842151641846
12092,24,92,2608,13.506536483764648,11.716163408462943,0.001,3.2713510990142822
12093,24,93,2775,11.952859878540039,11.718982837723727,0.001,4.166637420654297
12094,24,94,2297,8.428250312805176,11.678882542568676,0.001,4.282909631729126
12095,24,95,2767,11.444753646850586,11.67608513716013,0.001,4.334657430648804
12096,24,96,1794,4.673154830932617,11.595898390889062,0.001,3.690906047821045
12097,24,97,2101,11.150364875793457,11.589025818397438,0.001,3.7578349113464355
12098,24,98,1580,11.591967582702637,11.589049673140549,0.001,3.867619276046753
12099,24,99,2452,8.560986518859863,11.55499904160918,0.001,4.9393768310546875
12100,24,100,1806,8.018019676208496,11.502632651373343,0.001,4.480816602706909
12101,24,101,2249,12.005070686340332,11.508247359766372,0.001,3.974984884262085
12102,24,102,274,9.15967845916748,11.483198857390898,0.001,4.097416877746582
12103,24,103,2152,16.02016830444336,11.531386034945916,0.001,4.519930601119995
12104,24,104,2243,6.749707221984863,11.463832731407262,0.001,5.078479766845703
12105,24,105,1440,7.959568500518799,11.42794541676399,0.001,3.7201614379882812
12106,24,106,2772,7.480200290679932,11.38719195180472,0.001,3.754908323287964
12107,24,107,2563,8.472006797790527,11.365718261928068,0.001,3.241129159927368
12108,24,108,1848,5.660496234893799,11.288282623952549,0.001,3.941581964492798
12109,24,109,2499,10.368796348571777,11.281654806592366,0.001,3.8693833351135254
12110,24,110,1090,6.442932605743408,11.247575684916605,0.001,4.12800145149231
12111,24,111,2537,7.7783427238464355,11.212474463932882,0.001,3.8970961570739746
12112,24,112,1127,8.018431663513184,11.189595116088551,0.001,4.3844077587127686
12113,24,113,256,9.342856407165527,11.176875255219137,0.001,3.7326536178588867
12114,24,114,2763,6.798240661621094,11.156766687922556,0.001,4.327179193496704
12115,24,115,2070,12.837833404541016,11.178214477980019,0.001,3.8638129234313965
12116,24,116,1302,14.384171485900879,11.216115663696701,0.001,4.162808895111084
12117,24,117,2462,6.972715854644775,11.162461915592056,0.001,3.9732308387756348
12118,24,118,2552,8.51883316040039,11.138193568463581,0.001,4.4841015338897705
12119,24,119,1480,6.431852340698242,11.117824783089342,0.001,3.9547970294952393
12120,24,120,1951,6.583528995513916,11.076285520723202,0.001,4.611732482910156
12121,24,121,2534,6.311507701873779,11.055361242539727,0.001,4.534808397293091
12122,24,122,2502,6.958037376403809,11.00573860541182,0.001,4.274532794952393
12123,24,123,2055,6.962274074554443,10.957800236062242,0.001,4.114368200302124
12124,24,124,2930,6.858155727386475,10.940905887911669,0.001,4.122406959533691
12125,24,125,2427,10.82874870300293,10.939942196136696,0.001,3.6357696056365967
12126,24,126,1434,11.439264297485352,10.944137069351095,0.001,3.8467092514038086
12127,24,127,1576,5.9624433517456055,10.923904651208627,0.001,4.444631576538086
12128,24,128,2272,9.495009422302246,10.911640470886278,0.001,4.07050085067749
12129,24,129,2782,6.533433437347412,10.861538873382889,0.001,3.8311893939971924
12130,24,130,2673,15.047722816467285,10.897334454057937,0.001,3.3055531978607178
12131,24,131,1714,9.383379936218262,10.885002494432781,0.001,4.119847536087036
12132,24,132,392,5.995944976806641,10.831645389583757,0.001,3.3856987953186035
12133,24,133,2425,14.786166191101074,10.864183879614949,0.001,3.9918766021728516
12134,24,134,2538,5.100797176361084,10.841733627529324,0.001,3.8263211250305176
12135,24,135,2455,5.984548091888428,10.822513485642286,0.001,3.811282157897949
12136,24,136,2117,9.013230323791504,10.808270689208483,0.001,3.765287160873413
12137,24,137,2784,8.339144706726074,10.781887272478642,0.001,3.941892385482788
12138,24,138,2398,11.95798397064209,10.794154695064165,0.001,3.643817901611328
12139,24,139,1925,6.015277862548828,10.776432572565009,0.001,3.2684412002563477
12140,24,140,1626,4.9856486320495605,10.755529456387002,0.001,3.9517948627471924
12141,24,141,2188,26.549030303955078,10.877378444697634,0.001,4.653689384460449
12142,24,142,2593,6.048276424407959,10.839322817679077,0.001,4.022999048233032
12143,24,143,1099,6.736277103424072,10.797426622456543,0.001,3.553203582763672
12144,24,144,407,6.429526329040527,10.764317497455094,0.001,3.9494054317474365
12145,24,145,2205,5.288482666015625,10.72242640510975,0.001,4.0684287548065186
12146,24,146,264,6.925441265106201,10.693897690982102,0.001,4.129703044891357
12147,24,147,468,7.575333118438721,10.663456255039199,0.001,3.797813653945923
12148,24,148,2274,6.337873458862305,10.632302404402843,0.001,3.948333978652954
12149,24,149,1373,10.338842391967773,10.630619929896879,0.001,4.289358377456665
12150,24,150,1686,8.470949172973633,10.60984938302687,0.001,3.4429125785827637
12151,24,151,2401,7.946610450744629,10.590474962142162,0.001,4.003795146942139
12152,24,152,1965,8.93455982208252,10.57465523597442,0.001,3.897315740585327
12153,24,153,455,21.94910430908203,10.604085705780196,0.001,3.765094518661499
12154,24,154,1117,12.139819145202637,10.615091596364227,0.001,3.1208202838897705
12155,24,155,388,9.515580177307129,10.611572260939775,0.001,3.817294120788574
12156,24,156,336,8.284781455993652,10.589866491401938,0.001,4.333571910858154
12157,24,157,2923,11.071194648742676,10.592172337362884,0.001,4.441952228546143
12158,24,158,383,10.590206146240234,10.592154929552466,0.001,4.639695882797241
12159,24,159,390,6.031826972961426,10.570500315735163,0.001,3.5982303619384766
12160,24,160,2588,8.660524368286133,10.553085271694327,0.001,4.085918188095093
12161,24,161,2197,9.976317405700684,10.549237371146482,0.001,4.0557355880737305
12162,24,162,401,17.529319763183594,10.595844796561249,0.001,4.0911500453948975
12163,24,163,350,13.394949913024902,10.614518988855016,0.001,3.8203744888305664
12164,24,164,2443,6.963888645172119,10.590678340186493,0.001,4.229321479797363
12165,24,165,2510,8.350083351135254,10.571349112115271,0.001,3.5360171794891357
12166,24,166,2911,26.7872371673584,10.617875328068399,0.001,3.612260580062866
12167,24,167,519,12.101624488830566,10.63069399340738,0.001,3.9526097774505615
12168,24,168,2449,16.96355438232422,10.671314666735137,0.001,3.92872953414917
12169,24,169,2906,10.511434555053711,10.670299923874618,0.001,4.122950553894043
12170,24,170,2781,14.094943046569824,10.683892303625116,0.001,4.304031133651733
12171,24,171,458,23.89327049255371,10.724781643538925,0.001,3.7231245040893555
12172,24,172,490,11.929071426391602,10.728470532390185,0.001,4.581283092498779
12173,24,173,441,15.817599296569824,10.76029810781093,0.001,4.182618856430054
12174,24,174,1802,13.73792839050293,10.778758288706166,0.001,4.010560035705566
12175,24,175,1735,7.345437049865723,10.768516155570643,0.001,4.004963636398315
12176,24,176,2845,13.490957260131836,10.790833163656147,0.001,4.1838507652282715
12177,24,177,2498,18.70785140991211,10.825423038197155,0.001,3.6250007152557373
12178,24,178,2793,15.240020751953125,10.861807908330414,0.001,4.568850517272949
12179,24,179,56,6.728637218475342,10.83683493063917,0.001,3.8159658908843994
12180,24,180,1862,5.934384346008301,10.82275526962751,0.001,3.9100940227508545
12181,24,181,1493,11.178010940551758,10.825593147953688,0.001,4.369392156600952
12182,24,182,496,21.6629695892334,10.887245337403261,0.001,3.969032049179077
12183,24,183,2668,9.088118553161621,10.876496100782704,0.001,3.7627651691436768
12184,24,184,2874,6.864958763122559,10.85340935552516,0.001,4.151972055435181
12185,24,185,2682,7.880671977996826,10.829991506403825,0.001,3.784071683883667
12186,24,186,2347,5.9365692138671875,10.801690690642207,0.001,3.5171566009521484
12187,24,187,1586,6.325887203216553,10.767122457503215,0.001,3.6674270629882812
12188,24,188,2861,6.809173583984375,10.744349972115682,0.001,3.2317256927490234
12189,24,189,488,6.3789753913879395,10.711660166091624,0.001,4.207470417022705
12190,24,190,363,5.719595432281494,10.698276297550432,0.001,4.3465611934661865
12191,24,191,74,5.460077285766602,10.684393488865329,0.001,4.614254474639893
12192,24,192,522,5.72914981842041,10.647264942289262,0.001,4.236030101776123
12193,24,193,2196,5.950524806976318,10.636009222602949,0.001,3.824244737625122
12194,24,194,1616,5.9927473068237305,10.609626152795082,0.001,4.1253931522369385
12195,24,195,1693,13.594828605651855,10.63149904939231,0.001,3.4663517475128174
12196,24,196,2387,34.02980422973633,10.72346486259549,0.001,4.344038486480713
12197,24,197,706,12.087244987487793,10.72708033101368,0.001,3.765148639678955
12198,24,198,1361,20.791820526123047,10.753248145977587,0.001,3.4166383743286133
12199,24,199,481,7.3347368240356445,10.734682213336729,0.001,4.043440580368042
12200,24,200,1923,7.81706428527832,10.718563336444303,0.001,3.9343345165252686
12201,24,201,2270,6.1362223625183105,10.685423397738859,0.001,3.826174020767212
12202,24,202,1087,15.453310012817383,10.718686338076127,0.001,3.7396445274353027
12203,24,203,408,6.4124345779418945,10.702522313616608,0.001,4.0196802616119385
12204,24,204,2901,12.346181869506836,10.708871879379219,0.001,4.276316165924072
12205,24,205,2619,11.14950942993164,10.710390038938165,0.001,4.603684663772583
12206,24,206,372,7.056126594543457,10.702358113287758,0.001,3.4263617992401123
12207,24,207,1530,6.705602169036865,10.674562503520349,0.001,3.9442484378814697
12208,24,208,469,10.794137001037598,10.675386284126912,0.001,4.033365249633789
12209,24,209,2864,15.950992584228516,10.69505398620626,0.001,4.001487731933594
12210,24,210,448,13.272577285766602,10.708604587884079,0.001,3.841792345046997
12211,24,211,1111,14.258337020874023,10.726695131957674,0.001,3.8011388778686523
12212,24,212,1809,9.214739799499512,10.716649529362156,0.001,3.7594239711761475
12213,24,213,2660,13.473026275634766,10.73481534782688,0.001,4.347460508346558
12214,24,214,2013,11.108146667480469,10.735695260003336,0.001,3.1483635902404785
12215,24,215,2221,12.498505592346191,10.744691628542258,0.001,4.38749361038208
12216,24,216,685,7.796297073364258,10.730202457766936,0.001,4.064783573150635
12217,24,217,405,6.545306205749512,10.715022605480437,0.001,4.550832509994507
12218,24,218,2235,8.742340087890625,10.702100541058371,0.001,4.011161804199219
12219,24,219,2548,6.551726818084717,10.682060286257249,0.001,3.902479410171509
12220,24,220,2909,6.964207649230957,10.663740848375033,0.001,4.035191535949707
12221,24,221,682,7.804533004760742,10.645371115712202,0.001,3.901103973388672
12222,24,222,863,20.186113357543945,10.691763233793617,0.001,4.686168909072876
12223,24,223,2282,9.714583396911621,10.689526910849683,0.001,3.779033899307251
12224,24,224,728,6.473878860473633,10.669252456257933,0.001,3.5615973472595215
12225,24,225,60,5.4521636962890625,10.651496867445465,0.001,4.355582237243652
12226,24,226,1615,11.501452445983887,10.655454677845464,0.001,3.948230266571045
12227,24,227,2204,8.892108917236328,10.644510267225137,0.001,3.7351419925689697
12228,24,228,69,21.18659210205078,10.711102949913558,0.001,3.699019193649292
12229,24,229,492,12.653069496154785,10.723210089975995,0.001,4.000362873077393
12230,24,230,2652,9.770451545715332,10.721134522485055,0.001,3.793210506439209
12231,24,231,1649,13.887951850891113,10.735851423445208,0.001,4.568522214889526
12232,24,232,913,17.635698318481445,10.758531078648213,0.001,4.603663682937622
12233,24,233,514,13.074233055114746,10.766254261806903,0.001,3.724665880203247
12234,24,234,1575,5.552059650421143,10.741795612015345,0.001,4.41733717918396
12235,24,235,1879,13.005854606628418,10.749309289680488,0.001,3.729541301727295
12236,24,236,400,14.504504203796387,10.76025538960659,0.001,3.937394618988037
12237,24,237,915,15.90582275390625,10.770993177131022,0.001,4.265897512435913
12238,24,238,424,22.686429977416992,10.807671314137496,0.001,3.8133492469787598
12239,24,239,721,10.067835807800293,10.805323764008214,0.001,4.240896463394165
12240,24,240,2758,8.816572189331055,10.796420861959566,0.001,3.899693489074707
12241,24,241,719,10.576629638671875,10.795109388458236,0.001,4.3818278312683105
12242,24,242,742,9.773301124572754,10.789028365502277,0.001,4.001444101333618
12243,24,243,64,15.35646915435791,10.798800607512003,0.001,3.6409130096435547
12244,24,244,2479,5.559637546539307,10.77643871978287,0.001,3.6329524517059326
12245,24,245,2613,14.663063049316406,10.793308518852317,0.001,4.115845441818237
12246,24,246,250,21.660457611083984,10.816071780314395,0.001,4.113183259963989
12247,24,247,344,7.389562606811523,10.808909323750436,0.001,4.166737794876099
12248,24,248,699,10.936178207397461,10.809455358748341,0.001,3.8338637351989746
12249,24,249,2066,5.8984599113464355,10.78123616253998,0.001,4.128931283950806
12250,24,250,461,8.200380325317383,10.766540343525136,0.001,3.75089430809021
12251,24,251,710,9.305516242980957,10.760305181392956,0.001,4.063289165496826
12252,24,252,825,16.48744010925293,10.771687175925607,0.001,4.209189414978027
12253,24,253,377,6.063800811767578,10.757328049597486,0.001,4.16905665397644
12254,24,254,518,8.944806098937988,10.753634276518195,0.001,4.731157064437866
12255,24,255,2113,8.022628784179688,10.741894656490988,0.001,3.726276397705078
12256,24,256,1821,8.153286933898926,10.736692276328593,0.001,4.384355783462524
12257,24,257,2533,5.417468070983887,10.720358552136128,0.001,4.702752351760864
12258,24,258,2585,9.02596664428711,10.713374335978159,0.001,4.522259712219238
12259,24,259,361,9.78284740447998,10.70843753391257,0.001,3.998534917831421
12260,24,260,342,8.537670135498047,10.696214945878703,0.001,3.4946672916412354
12261,24,261,2147,10.872319221496582,10.697191863731943,0.001,4.546157121658325
12262,24,262,1083,14.077385902404785,10.715264842758373,0.001,3.889568567276001
12263,24,263,601,16.23699188232422,10.74535191125238,0.001,4.552547216415405
12264,24,264,2706,6.255500793457031,10.737060380494349,0.001,4.566800355911255
12265,24,265,1372,5.789268493652344,10.717040948758994,0.001,4.034872055053711
12266,24,266,273,8.290743827819824,10.70712958191093,0.001,3.912299871444702
12267,24,267,981,6.023065567016602,10.688199139897016,0.001,4.005693674087524
12268,24,268,916,4.69608736038208,10.676514792161155,0.001,4.386420965194702
12269,24,269,2927,39.48012161254883,10.72428630644012,0.001,4.344334840774536
12270,24,270,2610,9.057760238647461,10.72109675073691,0.001,4.093477725982666
12271,24,271,2564,13.860042572021484,10.733418253988065,0.001,3.857069492340088
12272,24,272,851,9.799562454223633,10.728355893968452,0.001,4.05056619644165
12273,24,273,1903,6.027276992797852,10.715267221693814,0.001,4.371031045913696
12274,24,274,2832,10.310263633728027,10.713240294458933,0.001,3.884099245071411
12275,24,275,1648,9.26185131072998,10.709175113618357,0.001,3.7612054347991943
12276,24,276,986,18.68707847595215,10.740933679201271,0.001,4.28372049331665
12277,24,277,65,5.76641845703125,10.731460840646918,0.001,4.162316560745239
12278,24,278,436,11.909194946289062,10.734682508338553,0.001,3.879155158996582
12279,24,279,2422,6.117250442504883,10.72612045701727,0.001,3.9015491008758545
12280,24,280,2349,6.920075416564941,10.706594013499855,0.001,3.6818041801452637
12281,24,281,1706,10.168990135192871,10.704529614422059,0.001,3.5315213203430176
12282,24,282,858,11.96751594543457,10.706626965116167,0.001,4.097842693328857
12283,24,283,1120,8.474316596984863,10.700798722042773,0.001,3.709918975830078
12284,24,284,37,13.375239372253418,10.714345361077184,0.001,3.967885971069336
12285,24,285,1495,9.741250038146973,10.710625585632275,0.001,4.151915073394775
12286,24,286,774,7.4949846267700195,10.698424267262615,0.001,3.5804123878479004
12287,24,287,1262,5.53704833984375,10.689262706452514,0.001,3.6280148029327393
12288,24,288,991,9.87741756439209,10.687834466787352,0.001,3.7629616260528564
12289,24,289,864,10.448814392089844,10.687428266920111,0.001,3.910529375076294
12290,24,290,914,11.077197074890137,10.68888701310356,0.001,4.46004581451416
12291,24,291,2722,14.723384857177734,10.69554178525756,0.001,4.334130048751831
12292,24,292,523,13.586801528930664,10.710057081534638,0.001,3.9959120750427246
12293,24,293,1751,10.890707015991211,10.710538328880403,0.001,4.061115741729736
12294,24,294,2051,12.864933967590332,10.718574531727262,0.001,3.6561968326568604
12295,24,295,873,6.385100841522217,10.711854628251679,0.001,3.515511989593506
12296,24,296,2460,11.00954532623291,10.712377767333333,0.001,4.422778844833374
12297,24,297,68,6.553412437438965,10.701213230559421,0.001,3.971492290496826
12298,24,298,2202,4.8730244636535645,10.672521923057428,0.001,3.9300413131713867
12299,24,299,694,8.379705429077148,10.661380647998504,0.001,4.388407468795776
12300,24,300,1807,26.24578857421875,10.735862011939268,0.001,4.455458641052246
12301,24,301,1174,10.458908081054688,10.734856743650635,0.001,4.478267192840576
12302,24,302,1088,7.599989414215088,10.72378950704786,0.001,4.264223098754883
12303,24,303,956,8.200472831726074,10.711759560477534,0.001,4.090703964233398
12304,24,304,778,8.990002632141113,10.705652516088028,0.001,4.079277992248535
12305,24,305,2034,5.325514316558838,10.680501693817103,0.001,3.740544319152832
12306,24,306,432,15.593624114990234,10.697596964462218,0.001,4.135005474090576
12307,24,307,808,14.334901809692383,10.710344997625262,0.001,4.570410966873169
12308,24,308,961,8.63129711151123,10.700638758298018,0.001,3.5905792713165283
12309,24,309,2511,11.489855766296387,10.70264136849579,0.001,3.7552316188812256
12310,24,310,919,8.430782318115234,10.691892713753123,0.001,4.014434814453125
12311,24,311,1909,7.10066032409668,10.675491623908556,0.001,4.414400815963745
12312,24,312,771,6.378505229949951,10.660696349644969,0.001,3.863096237182617
12313,24,313,770,7.72246789932251,10.650405451189094,0.001,4.27666163444519
12314,24,314,382,8.584770202636719,10.647110809138345,0.001,3.4685733318328857
12315,24,315,1846,7.790252685546875,10.637382211155481,0.001,3.9964101314544678
12316,24,316,1274,10.271337509155273,10.636153874402977,0.001,4.333672285079956
12317,24,317,904,25.109874725341797,10.66739645931959,0.001,4.367421627044678
12318,24,318,607,6.1689982414245605,10.660373606857387,0.001,3.8923275470733643
12319,24,319,2590,10.43710708618164,10.659847543962623,0.001,3.9838056564331055
12320,24,320,376,11.25721263885498,10.66082852645077,0.001,4.41444206237793
12321,24,321,832,6.731396675109863,10.643207290118804,0.001,3.717982053756714
12322,24,322,272,8.38863754272461,10.637740804459833,0.001,4.212213516235352
12323,24,323,759,8.788546562194824,10.631587039434418,0.001,4.314335107803345
12324,24,324,2298,6.893478870391846,10.625758668798953,0.001,4.423580646514893
12325,24,325,2871,7.5638747215271,10.61218845567625,0.001,4.236187934875488
12326,24,326,1182,8.269081115722656,10.604317784382758,0.001,4.195356369018555
12327,24,327,2789,12.408567428588867,10.610286452008639,0.001,3.6983370780944824
12328,24,328,2341,5.40102481842041,10.587156647370293,0.001,3.9694440364837646
12329,24,329,459,6.014471530914307,10.580025976077764,0.001,4.234684467315674
12330,24,330,2583,5.6185407638549805,10.563583039811492,0.001,3.6863489151000977
12331,24,331,920,6.052853584289551,10.543620958778812,0.001,4.074003219604492
12332,24,332,2569,7.63381290435791,10.536849730360082,0.001,4.608263254165649
12333,24,333,2794,3.8645401000976562,10.52635895446725,0.001,4.726991891860962
12334,24,334,1864,9.153725624084473,10.52421289114489,0.001,4.204251050949097
12335,24,335,819,6.172097682952881,10.510017623727226,0.001,4.032727003097534
12336,24,336,814,4.700949192047119,10.500805921814077,0.001,4.025573968887329
12337,24,337,2184,19.472492218017578,10.521719887163417,0.001,4.4140095710754395
12338,24,338,2694,5.970354080200195,10.51477237039885,0.001,4.288945913314819
12339,24,339,446,4.954867362976074,10.497018525273262,0.001,3.9460501670837402
12340,24,340,788,8.930943489074707,10.49030795767633,0.001,4.085310697555542
12341,24,341,1081,13.480491638183594,10.49987549193221,0.001,4.05860447883606
12342,24,342,1443,10.669894218444824,10.500592433641224,0.001,3.396261215209961
12343,24,343,811,7.00779390335083,10.4956970158626,0.001,4.241955995559692
12344,24,344,507,40.17739486694336,10.526950426440418,0.001,4.526611566543579
12345,24,345,2709,20.160083770751953,10.541303560106849,0.001,4.163725137710571
12346,24,346,368,6.378681182861328,10.527717915671095,0.001,4.313748598098755
12347,24,347,693,8.520349502563477,10.519263097171681,0.001,3.855787992477417
12348,24,348,1764,11.77004337310791,10.524585347813172,0.001,4.457598924636841
12349,24,349,2580,13.853650093078613,10.538119697879829,0.001,3.8054096698760986
12350,24,350,73,22.91117286682129,10.556700875025776,0.001,4.149106979370117
12351,24,351,374,5.4060444831848145,10.53552605683446,0.001,4.2337141036987305
12352,24,352,453,6.570823669433594,10.526839613266324,0.001,4.1555938720703125
12353,24,353,789,6.012965202331543,10.512962056789462,0.001,4.394676208496094
12354,24,354,787,9.031625747680664,10.510758992944355,0.001,4.399267911911011
12355,24,355,2340,9.213865280151367,10.506864153531362,0.001,3.987759590148926
12356,24,356,367,8.034760475158691,10.501521544408442,0.001,3.921377658843994
12357,24,357,2343,6.154480934143066,10.492147157993154,0.001,4.071420431137085
12358,24,358,1541,5.123350620269775,10.48504129020911,0.001,3.871593475341797
12359,24,359,2692,13.154606819152832,10.49585431175858,0.001,3.604886770248413
12360,24,360,803,11.878747940063477,10.497801251871477,0.001,4.2812395095825195
12361,24,361,98,7.015927314758301,10.483692612956556,0.001,3.852914333343506
12362,24,362,1921,8.522074699401855,10.47778713875944,0.001,3.985238552093506
12363,24,363,67,15.926694869995117,10.494182930451878,0.001,3.77487850189209
12364,24,364,727,12.86487865447998,10.497524126398224,0.001,4.302749156951904
12365,24,365,2494,11.11257266998291,10.499350272708224,0.001,3.398526430130005
12366,24,366,1113,11.613540649414062,10.503776379669475,0.001,4.020125389099121
12367,24,367,954,8.629965782165527,10.501123240614785,0.001,3.8740932941436768
12368,24,368,1551,7.716085910797119,10.492720452840993,0.001,4.4328086376190186
12369,24,369,2595,5.904266834259033,10.486294063161717,0.001,3.5594301223754883
12370,24,370,1196,7.283589839935303,10.482152988854399,0.001,3.7946763038635254
12371,24,371,2071,20.71531867980957,10.503582642212871,0.001,3.6207516193389893
12372,24,372,680,7.182517051696777,10.498964426832831,0.001,3.77386474609375
12373,24,373,1441,14.654515266418457,10.50492609245956,0.001,4.356265544891357
12374,24,374,2543,12.327991485595703,10.510314816429926,0.001,3.573190689086914
12375,24,375,1914,5.85200834274292,10.503813461679496,0.001,4.695038795471191
12376,24,376,2522,9.979157447814941,10.502293711341425,0.001,4.140087127685547
12377,24,377,1900,17.615345001220703,10.51243324130386,0.001,3.737461805343628
12378,24,378,861,5.520449161529541,10.50203120211574,0.001,4.088346719741821
12379,24,379,2669,7.281095504760742,10.497508136159093,0.001,4.115246534347534
12380,24,380,717,10.89364242553711,10.49903848579917,0.001,4.597661972045898
12381,24,381,447,6.220869064331055,10.493069249307293,0.001,3.8763880729675293
12382,24,382,2834,10.606518745422363,10.493507144994817,0.001,4.679427146911621
12383,24,383,743,12.598183631896973,10.496374305065848,0.001,4.11182975769043
12384,24,384,2432,8.113280296325684,10.493074977185,0.001,4.503627061843872
12385,24,385,378,12.434396743774414,10.50049418757715,0.001,3.9396393299102783
12386,24,386,1360,6.747627258300781,10.495528916523906,0.001,3.8030810356140137
12387,24,387,801,6.372156143188477,10.487366834505929,0.001,4.166120529174805
12388,24,388,521,7.470582962036133,10.48329029744588,0.001,3.9412875175476074
12389,24,389,2251,7.402540683746338,10.476882670986,0.001,3.9307100772857666
12390,24,390,951,6.774499416351318,10.466406825074813,0.001,3.965683937072754
12391,24,391,77,10.68964958190918,10.46704637346572,0.001,4.40437388420105
12392,24,392,707,7.147237777709961,10.462862573528955,0.001,4.170531272888184
12393,24,393,1263,6.877140522003174,10.45277296550651,0.001,3.618162155151367
12394,24,394,972,8.55554485321045,10.44754146157477,0.001,4.183071613311768
12395,24,395,2523,12.717507362365723,10.456028041416978,0.001,4.496755123138428
12396,24,396,2513,7.310195446014404,10.451862481138104,0.001,4.16775918006897
12397,24,397,2584,12.60987377166748,10.459851406097505,0.001,3.922895908355713
12398,24,398,254,8.274992942810059,10.45180641381232,0.001,3.723339319229126
12399,24,399,870,9.766731262207031,10.450448607682622,0.001,3.946565628051758
12400,24,400,1355,8.045089721679688,10.443771670093977,0.001,4.081028938293457
12401,24,401,2535,6.963708400726318,10.439203782471274,0.001,3.9136343002319336
12402,24,402,834,6.408751964569092,10.424457446630988,0.001,3.9273486137390137
12403,24,403,1393,15.623363494873047,10.438789547735803,0.001,3.8202669620513916
12404,24,404,2617,6.798005104064941,10.425617502273626,0.001,3.7987990379333496
12405,24,405,2601,13.42588996887207,10.436315045768598,0.001,4.509444713592529
12406,24,406,1503,14.721512794494629,10.443978229465538,0.001,4.087575435638428
12407,24,407,611,7.893610954284668,10.439123151075496,0.001,4.066099643707275
12408,24,408,989,9.453680038452148,10.43646476943399,0.001,3.7504711151123047
12409,24,409,2929,11.459760665893555,10.439226285978984,0.001,3.7652668952941895
12410,24,410,2436,14.803504943847656,10.444868054572122,0.001,4.006927490234375
12411,24,411,1092,14.046814918518066,10.457778016679189,0.001,4.3626322746276855
12412,24,412,340,10.15736198425293,10.456972067375258,0.001,4.109855890274048
12413,24,413,1772,14.646561622619629,10.472099652017821,0.001,3.6950197219848633
12414,24,414,2080,17.57867431640625,10.49743640550457,0.001,3.8153650760650635
12415,24,415,325,14.137262344360352,10.507049166906594,0.001,3.7407143115997314
12416,24,416,962,9.253551483154297,10.504661020014746,0.001,4.195029258728027
12417,24,417,705,5.861820697784424,10.488088423790789,0.001,4.469758749008179
12418,24,418,977,6.843172073364258,10.481443831083638,0.001,4.501726865768433
12419,24,419,2614,6.705203056335449,10.468350744152334,0.001,3.621795177459717
12420,24,420,990,12.845966339111328,10.474712611392077,0.001,4.263864517211914
12421,24,421,94,7.631335258483887,10.465402653521966,0.001,4.066844701766968
12422,24,422,686,6.626691818237305,10.45520880835998,0.001,4.414045572280884
12423,24,423,2654,7.650321960449219,10.445482916309867,0.001,4.244688034057617
12424,24,424,852,9.35307788848877,10.44269001852855,0.001,3.7564597129821777
12425,24,425,2377,10.112977027893066,10.44184376767379,0.001,3.3161978721618652
12426,24,426,1768,8.644728660583496,10.439654550312921,0.001,3.7637455463409424
12427,24,427,403,6.011800289154053,10.43161008226602,0.001,3.786579132080078
12428,24,428,2720,7.484953880310059,10.428280093261355,0.001,3.7719507217407227
12429,24,429,616,6.421541213989258,10.414747755081725,0.001,4.130429267883301
12430,24,430,337,7.751017093658447,10.41035374164916,0.001,4.717474460601807
12431,24,431,966,13.085376739501953,10.4151257335139,0.001,3.7558460235595703
12432,24,432,471,6.380963325500488,10.40159876498991,0.001,3.942112922668457
12433,24,433,434,7.9116621017456055,10.398874638042235,0.001,4.126989126205444
12434,24,434,1617,14.176641464233398,10.411174856189598,0.001,4.353045463562012
12435,24,435,2241,10.535080909729004,10.411596525617433,0.001,4.25800085067749
12436,24,436,2672,10.405486106872559,10.411575938158146,0.001,4.417945146560669
12437,24,437,827,11.719151496887207,10.413524628146508,0.001,3.704723834991455
12438,24,438,689,21.938865661621094,10.43406885064183,0.001,3.8141093254089355
12439,24,439,2482,15.648065567016602,10.45157790024941,0.001,4.509949207305908
12440,24,440,773,10.4784517288208,10.451644789856898,0.001,4.089599370956421
12441,24,441,695,8.891237258911133,10.447737105042572,0.001,4.077725887298584
12442,24,442,1442,8.648406028747559,10.444591893523553,0.001,4.3907389640808105
12443,24,443,1093,10.98900318145752,10.446351982142936,0.001,4.219586133956909
12444,24,444,1443,12.704059600830078,10.453721998766373,0.001,4.128425598144531
12445,24,445,1576,4.7364420890808105,10.447132589550312,0.001,3.9554591178894043
12446,24,446,1264,14.372244834899902,10.451812525070247,0.001,3.932342290878296
12447,24,447,1682,18.472612380981445,10.47141891008913,0.001,4.3130247592926025
12448,24,448,1616,8.220972061157227,10.465791860242984,0.001,3.8534586429595947
12449,24,449,1797,6.1528143882751465,10.460672124722777,0.001,4.216498374938965
12450,24,450,1714,11.542158126831055,10.463240941903665,0.001,4.049164295196533
12451,24,451,1717,10.323049545288086,10.463080443455128,0.001,4.226666450500488
12452,24,452,1679,14.568623542785645,10.47034929995561,0.001,3.7290592193603516
12453,24,453,1128,7.179202079772949,10.462366663741673,0.001,4.072069883346558
12454,24,454,1151,8.373332977294922,10.458890447877357,0.001,4.62788724899292
12455,24,455,1099,5.605862140655518,10.443248506280211,0.001,4.320505619049072
12456,24,456,1263,4.77154541015625,10.429626163639302,0.001,4.073114633560181
12457,24,457,2064,5.504188537597656,10.417673195312185,0.001,3.6185169219970703
12458,24,458,1923,6.146579742431641,10.407222269313685,0.001,3.628211498260498
12459,24,459,1693,7.742526531219482,10.398774431538738,0.001,4.0465779304504395
12460,24,460,1807,27.231948852539062,10.451459321815648,0.001,4.240275621414185
12461,24,461,1153,7.0815749168396,10.440720573266816,0.001,4.525648593902588
12462,24,462,1846,7.073994159698486,10.432826276554026,0.001,3.3767433166503906
12463,24,463,1914,5.322366714477539,10.427080768136983,0.001,3.735997438430786
12464,24,464,1838,11.802066802978516,10.430265708434836,0.001,3.3788938522338867
12465,24,465,1845,11.113626480102539,10.430988284567363,0.001,3.354905366897583
12466,24,466,1182,5.662646293640137,10.419693370411222,0.001,3.8063435554504395
12467,24,467,1196,7.274292945861816,10.416469389309926,0.001,3.8591911792755127
12468,24,468,1092,14.176055908203125,10.428217169030775,0.001,4.113300323486328
12469,24,469,1470,6.562370300292969,10.419428469192198,0.001,4.022113800048828
12470,24,470,1900,18.222352981567383,10.428308352444075,0.001,3.9187991619110107
12471,24,471,1480,7.396708965301514,10.424998057772175,0.001,3.703821897506714
12472,24,472,1756,7.041885852813721,10.417266904728454,0.001,3.868997812271118
12473,24,473,1324,7.072216987609863,10.407022990625018,0.001,4.067972183227539
12474,24,474,1809,5.81681489944458,10.393153334998493,0.001,4.626387596130371
12475,24,475,1626,6.9695353507995605,10.389516251046413,0.001,4.122563362121582
12476,24,476,2008,10.130836486816406,10.389262344100494,0.001,4.142772912979126
12477,24,477,1482,4.0659565925598145,10.382416433300785,0.001,3.8048598766326904
12478,24,478,1363,21.277788162231445,10.407385873845756,0.001,4.26166558265686
12479,24,479,1326,8.479893684387207,10.405311040069629,0.001,4.848652601242065
12480,24,480,1814,7.9954423904418945,10.399872831230338,0.001,4.41485071182251
12481,24,481,1370,16.875526428222656,10.414766166614932,0.001,4.132269382476807
12482,24,482,1751,13.320286750793457,10.419509063113772,0.001,3.9316272735595703
12483,24,483,1365,8.7134428024292,10.417653372437979,0.001,3.681987762451172
12484,24,484,1777,8.445075035095215,10.41323545198066,0.001,3.811595916748047
12485,24,485,1399,14.018816947937012,10.424290985970886,0.001,4.100317478179932
12486,24,486,1127,8.766206741333008,10.421556880486412,0.001,3.856739044189453
12487,24,487,1839,9.607812881469727,10.420698852600816,0.001,4.114197254180908
12488,24,488,1549,13.414735794067383,10.425662087317638,0.001,3.954306125640869
12489,24,489,2157,6.522541522979736,10.413958478204528,0.001,4.147700786590576
12490,24,490,1690,5.912546634674072,10.40910379197292,0.001,4.104937791824341
12491,24,491,2181,7.905604839324951,10.406419256207673,0.001,4.447287321090698
12492,24,492,1113,9.815714836120605,10.404658196969434,0.001,4.107433319091797
12493,24,493,1764,7.832989692687988,10.396862452909513,0.001,4.354361534118652
12494,24,494,1397,9.035937309265137,10.392779738301144,0.001,4.523757696151733
12495,24,495,1173,8.276453018188477,10.390527908091865,0.001,3.7914652824401855
12496,24,496,2055,9.299447059631348,10.387304282666264,0.001,3.7202413082122803
12497,24,497,1902,10.952531814575195,10.388555650010094,0.001,4.139101505279541
12498,24,498,1126,10.046818733215332,10.387548451962687,0.001,4.222203969955444
12499,24,499,1373,12.532711029052734,10.391256057439708,0.001,3.588773727416992
