global_step,epoch,step_in_epoch,sample_idx,loss,running_mean_loss,lr,seconds
0,0,0,1845,118.51995849609375,118.51995849609375,0.001,13.790663957595825
1,0,1,1527,103.0466537475586,107.86223350392089,0.001,10.732296228408813
2,0,2,1737,106.5725326538086,107.2517374409208,0.001,9.5555100440979
3,0,3,1817,104.40790557861328,106.84253515847487,0.001,9.51047134399414
4,0,4,1397,95.08692169189453,103.3569597054698,0.001,9.283942222595215
5,0,5,1706,113.8175277709961,105.23595549921198,0.001,8.322715759277344
6,0,6,1443,107.2752685546875,105.62942140008158,0.001,9.070218801498413
7,0,7,1313,95.84791564941406,104.09627633020473,0.001,7.946003437042236
8,0,8,1317,115.74247741699219,104.73817808600766,0.001,8.429318904876709
9,0,9,1439,112.33287811279297,105.74368199262302,0.001,11.073613166809082
10,0,10,1675,101.82305908203125,105.48353369704029,0.001,9.894198894500732
11,0,11,1326,127.36322784423828,106.40706830749703,0.001,8.229414939880371
12,0,12,178,119.05347442626953,107.42790026810243,0.001,9.229730129241943
13,0,13,1334,131.08853149414062,108.3096727200695,0.001,10.503560781478882
14,0,14,1819,96.00606536865234,107.8567048773409,0.001,10.249340057373047
15,0,15,1127,112.5883560180664,108.10723847243476,0.001,9.836295366287231
16,0,16,1914,93.51487731933594,107.619739926976,0.001,9.668766021728516
17,0,17,1440,101.47431182861328,107.22470727483893,0.001,9.128388404846191
18,0,18,2060,107.98957061767578,107.27210262481299,0.001,9.327993392944336
19,0,19,2013,122.39634704589844,107.69632879432272,0.001,8.88711953163147
20,0,20,1373,98.0117416381836,107.26109598285794,0.001,8.249833583831787
21,0,21,1844,114.13542175292969,107.42364531172083,0.001,9.26959776878357
22,0,22,1470,113.48184204101562,107.73620509566996,0.001,10.539389848709106
23,0,23,1543,129.2714385986328,108.27383319182763,0.001,7.9827797412872314
24,0,24,1346,116.68260955810547,108.7974495510329,0.001,9.723342895507812
25,0,25,1363,98.48868560791016,108.32227799007075,0.001,9.235273361206055
26,0,26,1516,111.50398254394531,108.46187322796172,0.001,11.5490243434906
27,0,27,1838,119.37060546875,108.91567875756172,0.001,9.214172601699829
28,0,28,1965,104.7882308959961,108.69342517648096,0.001,9.20446515083313
29,0,29,1756,103.13278198242188,108.48267333075215,0.001,10.42577338218689
30,0,30,1602,100.70077514648438,108.38939772026363,0.001,8.646000385284424
31,0,31,1265,115.90406036376953,108.52366094762412,0.001,8.141849517822266
32,0,32,1090,111.69713592529297,108.6051082229397,0.001,10.406009435653687
33,0,33,1879,124.68346405029297,109.0197016256025,0.001,8.80680799484253
34,0,34,1122,109.51914978027344,109.03224245442559,0.001,9.986276388168335
35,0,35,2075,112.3849868774414,109.11177542038268,0.001,10.7102530002594
36,0,36,1627,114.14833068847656,109.2776920674488,0.001,7.580634355545044
37,0,37,1699,121.614013671875,109.55208671849981,0.001,9.20189118385315
38,0,38,1502,112.0107192993164,109.65390554385542,0.001,10.12784481048584
39,0,39,1649,97.65769958496094,109.29663227399705,0.001,8.248517751693726
40,0,40,2181,132.185546875,109.6169846402867,0.001,8.793238639831543
41,0,41,1355,107.41638946533203,109.55405407037031,0.001,7.843840837478638
42,0,42,190,111.18901062011719,109.61520793191455,0.001,9.369722366333008
43,0,43,1393,112.4808349609375,109.69204022357421,0.001,9.803321838378906
44,0,44,1862,105.42070007324219,109.63844726275993,0.001,9.207750797271729
45,0,45,1909,111.53187561035156,109.70173004413455,0.001,10.734550952911377
46,0,46,1506,108.7606201171875,109.69103418675192,0.001,8.266950607299805
47,0,47,1568,115.59677124023438,109.83494534711853,0.001,8.447399616241455
48,0,48,1333,103.99288940429688,109.6947144485298,0.001,9.091755151748657
49,0,49,1823,106.37655639648438,109.58977089147493,0.001,8.745911598205566
50,0,50,2140,123.87483215332031,109.7391902843855,0.001,9.750216245651245
51,0,51,1693,99.34947204589844,109.43172612721791,0.001,8.922942399978638
52,0,52,1503,105.91187286376953,109.38086063479582,0.001,9.496398687362671
53,0,53,2099,113.56884002685547,109.44579740063294,0.001,8.611483812332153
54,0,54,1399,112.06204986572266,109.52013312000187,0.001,8.336419820785522
55,0,55,1791,110.23197174072266,109.53049531216293,0.001,9.312930822372437
56,0,56,1902,99.42859649658203,109.32539540975179,0.001,10.557480812072754
57,0,57,1580,104.63278198242188,109.258561813246,0.001,8.030006885528564
58,0,58,1372,116.08882141113281,109.39173788930259,0.001,8.459355354309082
59,0,59,1577,116.92192840576172,109.53575318173834,0.001,8.164500713348389
60,0,60,1123,103.40819549560547,109.45301888223402,0.001,7.909259080886841
61,0,61,1324,105.11608123779297,109.34698276473112,0.001,9.335844278335571
62,0,62,2051,113.09559631347656,109.41545848486037,0.001,10.440308570861816
63,0,63,2055,119.17513275146484,109.646208414708,0.001,10.101007223129272
64,0,64,1370,100.78742218017578,109.49085305627061,0.001,7.846357583999634
65,0,65,1259,111.3887939453125,109.5136928013194,0.001,10.8451509475708
66,0,66,1692,115.0600814819336,109.63768885259066,0.001,8.790844202041626
67,0,67,2235,115.45338439941406,109.76478409336549,0.001,7.77152419090271
68,0,68,1576,123.7920913696289,109.87210919187284,0.001,8.208017349243164
69,0,69,1690,102.67134857177734,109.81610862999764,0.001,7.600831985473633
70,0,70,1714,110.27059936523438,109.82317711021611,0.001,10.241535663604736
71,0,71,1098,122.37896728515625,109.96600534959958,0.001,9.443183422088623
72,0,72,1128,107.80390167236328,109.9324071782603,0.001,8.288498878479004
73,0,73,2172,95.20378112792969,109.70356895509023,0.001,10.394209623336792
74,0,74,1441,113.55128479003906,109.73199297075367,0.001,9.609074592590332
75,0,75,1155,119.5829849243164,109.80386115549267,0.001,9.03352427482605
76,0,76,1921,112.04835510253906,109.83710142216066,0.001,8.012128829956055
77,0,77,2007,111.0046157836914,109.85407390484131,0.001,9.875946998596191
78,0,78,1821,115.80534362792969,109.89509219856272,0.001,8.7933828830719
79,0,79,1828,116.22818756103516,110.01794081627348,0.001,8.667481422424316
80,0,80,1087,107.57914733886719,109.97330664055025,0.001,10.706782817840576
81,0,81,1092,99.3241195678711,109.77814664235055,0.001,7.520347833633423
82,0,82,1495,120.62744140625,109.92566967742084,0.001,7.566977024078369
83,0,83,2196,122.06977844238281,109.99576376651007,0.001,9.736374855041504
84,0,84,1484,119.46289825439453,110.12266566928197,0.001,9.594024419784546
85,0,85,1548,108.33790588378906,110.10018584304466,0.001,7.151150703430176
86,0,86,1343,114.02725219726562,110.12298133566814,0.001,10.152360439300537
87,0,87,2219,120.03570556640625,110.18040359853337,0.001,7.644124984741211
88,0,88,2401,111.45481872558594,110.19692827573328,0.001,9.371154546737671
89,0,89,1626,115.20623779296875,110.22625532890444,0.001,9.067830801010132
90,0,90,1945,113.6368408203125,110.28315871119962,0.001,9.967492818832397
91,0,91,2425,105.44258117675781,110.22314645138816,0.001,7.4637017250061035
92,0,92,2251,120.55716705322266,110.31557046082769,0.001,7.712710618972778
93,0,93,2188,103.32872772216797,110.23179067597479,0.001,9.891772270202637
94,0,94,2377,108.57124328613281,110.21203279937173,0.001,11.04313349723816
95,0,95,1097,116.01057434082031,110.24392703678454,0.001,9.720467329025269
96,0,96,1457,110.67407989501953,110.25057002599382,0.001,9.229244709014893
97,0,97,1762,113.73497009277344,110.29075215634576,0.001,8.964550971984863
98,0,98,2298,111.604736328125,110.29776942829118,0.001,8.70120882987976
99,0,99,1523,133.0326385498047,110.42185934446508,0.001,9.526030778884888
100,0,100,2449,105.76002502441406,110.3691032921055,0.001,9.309432983398438
101,0,101,1181,120.58348846435547,110.48065908607984,0.001,9.55385446548462
102,0,102,2163,110.78173828125,110.484075372773,0.001,8.7670419216156
103,0,103,1540,107.07164001464844,110.46606915258847,0.001,8.339365005493164
104,0,104,2050,106.8979263305664,110.43876629024875,0.001,9.442415475845337
105,0,105,1434,113.798583984375,110.47379793917288,0.001,8.12014889717102
106,0,106,1342,121.53672790527344,110.58985108160367,0.001,8.657757997512817
107,0,107,1648,116.22530364990234,110.63244027337335,0.001,8.09003472328186
108,0,108,1153,107.78060150146484,110.59235512217465,0.001,8.396594524383545
109,0,109,2071,112.80990600585938,110.60867330338449,0.001,8.810465335845947
110,0,110,2398,103.66789245605469,110.51478863254408,0.001,8.084717035293579
111,0,111,1395,125.23931121826172,110.58739810465507,0.001,9.608355522155762
112,0,112,1302,103.49137878417969,110.49832648230762,0.001,7.3304972648620605
113,0,113,1088,102.70936584472656,110.42234655389314,0.001,8.05432653427124
114,0,114,1453,109.71715545654297,110.41924431125683,0.001,8.577976703643799
115,0,115,2494,110.04144287109375,110.41556324338113,0.001,8.845398426055908
116,0,116,2008,137.94129943847656,110.53023940745433,0.001,8.1985604763031
117,0,117,1360,128.02606201171875,110.60903035620255,0.001,8.709137916564941
118,0,118,2095,109.47941589355469,110.5948248773698,0.001,8.683682203292847
119,0,119,2328,111.42003631591797,110.60052319525605,0.001,8.346385717391968
120,0,120,1262,114.61817932128906,110.61844217118835,0.001,10.06381344795227
121,0,121,1764,112.10107421875,110.63735129301452,0.001,8.12442946434021
122,0,122,1463,104.86564636230469,110.61497263872853,0.001,7.642226934432983
123,0,123,1586,104.16549682617188,110.53496703004544,0.001,8.162454605102539
124,0,124,1596,110.46022033691406,110.53448858384417,0.001,11.134792566299438
125,0,125,2498,127.12646484375,110.64228130921275,0.001,9.93523359298706
126,0,126,1173,114.82571411132812,110.66046277686657,0.001,8.639726161956787
127,0,127,2392,113.65907287597656,110.68000433174842,0.001,8.948923110961914
128,0,128,2340,122.83550262451172,110.7862384401499,0.001,10.030112981796265
129,0,129,2202,108.77005767822266,110.76233708987763,0.001,9.056979179382324
130,0,130,1182,106.16736602783203,110.72178170558674,0.001,9.195034980773926
131,0,131,2347,121.61656951904297,110.8161567292194,0.001,10.56571626663208
132,0,132,1556,109.61759948730469,110.80580074898819,0.001,8.111778736114502
133,0,133,2482,115.22895050048828,110.85641941520012,0.001,10.182841300964355
134,0,134,1151,111.05625915527344,110.85758171277759,0.001,10.073405981063843
135,0,135,2192,102.58914184570312,110.82975782182899,0.001,8.051557540893555
136,0,136,2080,111.24263763427734,110.83437376089375,0.001,8.072065353393555
137,0,137,2349,119.46915435791016,110.92870301313054,0.001,8.553667783737183
138,0,138,2543,103.19841003417969,110.86512070759333,0.001,9.175980567932129
139,0,139,1751,118.04656982421875,110.90689225501984,0.001,9.706500053405762
140,0,140,37,108.8880386352539,110.88536902491492,0.001,9.426490783691406
141,0,141,1099,110.14896392822266,110.87753948404199,0.001,9.775872707366943
142,0,142,1126,115.12989044189453,110.9222937981857,0.001,8.915519714355469
143,0,143,177,109.97492218017578,110.91499928841135,0.001,7.994561672210693
144,0,144,1306,97.05738067626953,110.77262997487276,0.001,8.157082319259644
145,0,145,2464,98.5793685913086,110.72695958144764,0.001,12.07612156867981
146,0,146,1915,122.61363220214844,110.79128533473235,0.001,9.391518354415894
147,0,147,1161,117.62422180175781,110.8146589371359,0.001,9.178831338882446
148,0,148,1642,120.19898986816406,110.88473049147552,0.001,9.641703605651855
149,0,149,2529,111.6914291381836,110.89093444675629,0.001,9.842121601104736
150,0,150,254,106.22764587402344,110.84488688998472,0.001,8.95279860496521
151,0,151,1488,106.34000396728516,110.80325278081384,0.001,10.385174036026001
152,0,152,1109,101.31627655029297,110.7140775830258,0.001,9.944480419158936
153,0,153,1250,102.4566879272461,110.68579419786793,0.001,9.269310474395752
154,0,154,2522,99.34784698486328,110.60463244334183,0.001,10.189037561416626
155,0,155,1896,106.23323059082031,110.5734843076276,0.001,10.812587261199951
156,0,156,2297,120.42577362060547,110.64519266326013,0.001,7.089023113250732
157,0,157,2443,98.55105590820312,110.56031591534337,0.001,9.622702360153198
158,0,158,1797,133.29470825195312,110.63822979121565,0.001,9.092257976531982
159,0,159,38,110.06991577148438,110.63536082746349,0.001,10.275990009307861
160,0,160,2448,102.70240020751953,110.56229667609715,0.001,9.89487886428833
161,0,161,1093,104.4747314453125,110.5074362490712,0.001,8.850807428359985
162,0,162,2523,107.16670989990234,110.47699359725998,0.001,9.017452478408813
163,0,163,2546,92.48328399658203,110.35602622378781,0.001,9.947549819946289
164,0,164,1480,120.20721435546875,110.38723308300284,0.001,9.388870477676392
165,0,165,2335,124.36712646484375,110.43321248733943,0.001,10.358998537063599
166,0,166,1809,118.2153549194336,110.50117955651554,0.001,8.318392992019653
167,0,167,2613,122.61026000976562,110.58047123208502,0.001,8.320671796798706
168,0,168,1339,141.36883544921875,110.67890702418985,0.001,9.917258977890015
169,0,169,2241,103.54427337646484,110.61579003197092,0.001,10.5044584274292
170,0,170,1812,105.12582397460938,110.56769790065019,0.001,7.941027879714966
171,0,171,1925,138.4455108642578,110.65278200077927,0.001,9.6668381690979
172,0,172,2479,116.74678039550781,110.6906899505325,0.001,7.889928102493286
173,0,173,2614,113.98900604248047,110.71852223085769,0.001,10.32593560218811
174,0,174,2565,118.1524429321289,110.74141759655525,0.001,10.1970374584198
175,0,175,1585,105.29946899414062,110.69620996730825,0.001,8.227920532226562
176,0,176,2293,111.92707824707031,110.70410680049437,0.001,9.717145681381226
177,0,177,1089,111.87055969238281,110.71376018420183,0.001,8.538014650344849
178,0,178,2197,109.34721374511719,110.70537324063743,0.001,10.193073987960815
179,0,179,1481,116.24234008789062,110.73979868974651,0.001,9.45330262184143
180,0,180,1394,102.36505126953125,110.68870333139006,0.001,9.162819623947144
181,0,181,2221,108.53449249267578,110.67538991388926,0.001,10.149426460266113
182,0,182,2563,115.06423950195312,110.69437290409725,0.001,9.696032285690308
183,0,183,2596,119.31298828125,110.73134628617308,0.001,9.759825229644775
184,0,184,2225,115.16310119628906,110.7665163098101,0.001,9.346818923950195
185,0,185,1554,110.70545959472656,110.76634110698544,0.001,9.626336336135864
186,0,186,2399,106.51988983154297,110.75559266185208,0.001,9.184292078018188
187,0,187,2040,122.25128173828125,110.8469300271263,0.001,9.480542421340942
188,0,188,2781,104.12586975097656,110.82227389936226,0.001,10.496992826461792
189,0,189,2450,120.68714904785156,110.87870266651925,0.001,9.597772598266602
190,0,190,1361,102.74443817138672,110.85620177263665,0.001,9.933951377868652
191,0,191,1575,110.12544250488281,110.85187995701723,0.001,7.511534214019775
192,0,192,2548,102.78839874267578,110.80629719200746,0.001,9.763134241104126
193,0,193,1482,120.84593963623047,110.83335328888809,0.001,10.716070175170898
194,0,194,2378,114.99566650390625,110.85733282809163,0.001,8.453054904937744
195,0,195,1569,105.7109146118164,110.82799112120556,0.001,10.486339569091797
196,0,196,2772,111.66044616699219,110.8326648129628,0.001,8.242176294326782
197,0,197,2709,114.20771789550781,110.84158226827189,0.001,7.008059978485107
198,0,198,2834,115.83285522460938,110.8788383420717,0.001,9.804429769515991
199,0,199,2274,99.17166900634766,110.81512398212767,0.001,8.049399375915527
200,0,200,2157,111.70459747314453,110.82165266176344,0.001,9.54749870300293
201,0,201,2204,98.83383178710938,110.73561103239712,0.001,8.225773811340332
202,0,202,2422,97.5733642578125,110.70140548447979,0.001,9.173805475234985
203,0,203,2784,120.67324829101562,110.77367503828783,0.001,9.794865131378174
204,0,204,2511,128.2759246826172,110.84190649035247,0.001,7.921034812927246
205,0,205,2537,110.91704559326172,110.84231834053377,0.001,9.461308002471924
206,0,206,2278,104.4902572631836,110.8079264607741,0.001,6.81527042388916
207,0,207,2144,110.22461700439453,110.80646388991117,0.001,9.369925022125244
208,0,208,2534,125.35165405273438,110.8436806650926,0.001,8.99863600730896
209,0,209,1768,115.6254653930664,110.85565915805778,0.001,8.76707148551941
210,0,210,2722,108.29633331298828,110.84971543808132,0.001,8.45166563987732
211,0,211,2794,103.27464294433594,110.83048665285756,0.001,10.444445610046387
212,0,212,2906,109.31182861328125,110.82255709477148,0.001,9.452867984771729
213,0,213,1807,98.08623504638672,110.73535216198029,0.001,8.657400608062744
214,0,214,342,104.99884796142578,110.69520794045829,0.001,9.67331576347351
215,0,215,2435,102.34590911865234,110.67409567930963,0.001,9.83459758758545
216,0,216,344,115.71923828125,110.68648141572102,0.001,9.34018087387085
217,0,217,1888,113.62338256835938,110.70616255283701,0.001,8.347361326217651
218,0,218,2294,119.4620590209961,110.7267169725806,0.001,9.456218957901001
219,0,219,2513,100.84148406982422,110.70292230557922,0.001,8.70879340171814
220,0,220,1832,111.94258880615234,110.71127602054878,0.001,9.992292404174805
221,0,221,2720,123.35999298095703,110.73933445411981,0.001,9.479976177215576
222,0,222,2191,109.09160614013672,110.73329720464346,0.001,8.346040487289429
223,0,223,1846,108.29669189453125,110.72123522239394,0.001,10.090919494628906
224,0,224,1111,109.39507293701172,110.71466602933585,0.001,7.497954368591309
225,0,225,2585,112.04923248291016,110.72113797170229,0.001,9.883533477783203
226,0,226,1900,136.3885040283203,110.78294200278454,0.001,10.825706481933594
227,0,227,1923,115.83040618896484,110.80826827333888,0.001,8.892205238342285
228,0,228,2436,100.057861328125,110.78299902051548,0.001,8.927575588226318
229,0,229,2694,129.28903198242188,110.82574168125774,0.001,8.564886569976807
230,0,230,1570,100.82927703857422,110.80228588826864,0.001,8.29182243347168
231,0,231,1264,116.15123748779297,110.81490871866275,0.001,10.766085147857666
232,0,232,2535,139.08912658691406,110.88017664282485,0.001,8.60654902458191
233,0,233,2203,125.27889251708984,110.97295287236174,0.001,10.324269533157349
234,0,234,1766,107.87030792236328,110.96788191789234,0.001,11.087522745132446
235,0,235,1493,113.53548431396484,110.98428991018862,0.001,8.40418553352356
236,0,236,1113,119.02688598632812,111.0351999763101,0.001,11.028241395950317
237,0,237,2152,102.7907485961914,110.99659600034951,0.001,8.922996044158936
238,0,238,1442,110.72758483886719,110.99570183825249,0.001,7.929917573928833
239,0,239,2533,107.3230972290039,110.9831511014006,0.001,9.382565021514893
240,0,240,407,120.79380798339844,111.02901425349657,0.001,12.30160927772522
241,0,241,2580,114.37138366699219,111.04926050377595,0.001,8.562862873077393
242,0,242,1368,128.5608367919922,111.10837719241178,0.001,8.570716381072998
243,0,243,1735,112.48741149902344,111.11143953953408,0.001,8.350615978240967
244,0,244,1686,125.29456329345703,111.19811420489518,0.001,8.316648006439209
245,0,245,392,108.30095672607422,111.18064528473677,0.001,10.727879047393799
246,0,246,2793,108.24211883544922,111.16257083700239,0.001,10.01037049293518
247,0,247,2406,109.99747467041016,111.1554993135658,0.001,9.13564157485962
248,0,248,1117,120.5011215209961,111.19821882641267,0.001,10.65271258354187
249,0,249,448,114.75079345703125,111.21445897519537,0.001,8.440879583358765
250,0,250,441,112.55291748046875,111.2204025176266,0.001,8.10760760307312
251,0,251,1918,103.77546691894531,111.17640248729006,0.001,8.186134815216064
252,0,252,1769,110.09980773925781,111.17002986123256,0.001,8.255581140518188
253,0,253,2000,103.63166046142578,111.15446997218906,0.001,10.705633878707886
254,0,254,459,106.89313507080078,111.14565593413236,0.001,10.551481008529663
255,0,255,1878,113.92088317871094,111.1542008670828,0.001,9.368861198425293
256,0,256,2706,112.00110626220703,111.15586962894423,0.001,8.332067728042603
257,0,257,1532,109.14107513427734,111.14430801134932,0.001,9.534424304962158
258,0,258,1132,110.93923950195312,111.14341030670847,0.001,9.045646667480469
259,0,259,2758,112.5249252319336,111.14931463399827,0.001,9.536318302154541
260,0,260,350,116.94635009765625,111.17426694876846,0.001,7.725352764129639
261,0,261,2149,106.07579803466797,111.15224669966419,0.001,9.29942512512207
262,0,262,374,99.59390258789062,111.08739754836256,0.001,7.772489309310913
263,0,263,2588,117.11324310302734,111.12160161011833,0.001,9.916336297988892
264,0,264,2654,103.67356872558594,111.07987488797625,0.001,7.493321180343628
265,0,265,2502,114.97267150878906,111.10168370296834,0.001,8.538339138031006
266,0,266,2901,117.37954711914062,111.12071314822158,0.001,8.8860764503479
267,0,267,1617,108.77058410644531,111.10822763602448,0.001,9.456688165664673
268,0,268,1081,103.67774963378906,111.07764112016862,0.001,8.748404741287231
269,0,269,523,116.82713317871094,111.10925746359679,0.001,7.609572410583496
270,0,270,2610,128.90843200683594,111.1439067859797,0.001,9.577264308929443
271,0,271,405,105.69865417480469,111.12772620841413,0.001,9.627581119537354
272,0,272,376,125.76984405517578,111.15645419596079,0.001,8.122193098068237
273,0,273,1717,124.60044860839844,111.18208195566267,0.001,9.245471239089966
274,0,274,256,110.24205780029297,111.17940172268308,0.001,8.520997285842896
275,0,275,611,104.3828125,111.16017717213916,0.001,8.019159078598022
276,0,276,2564,96.02374267578125,111.10049722559633,0.001,7.369287490844727
277,0,277,434,122.63337707519531,111.12041562098139,0.001,9.849265813827515
278,0,278,1806,103.46391296386719,111.07966219160156,0.001,8.646323680877686
279,0,279,689,108.88068389892578,111.0734424610711,0.001,7.12115216255188
280,0,280,699,100.71025085449219,111.03307382208587,0.001,9.791532039642334
281,0,281,2166,112.48823547363281,111.0371541519237,0.001,7.394921064376831
282,0,282,2216,121.97129821777344,111.05554791779302,0.001,9.127074718475342
283,0,283,695,100.627685546875,111.01427591125665,0.001,8.284826755523682
284,0,284,2184,119.21878814697266,111.03741906477352,0.001,9.026435852050781
285,0,285,471,103.33122253417969,110.99781780146624,0.001,8.374555110931396
286,0,286,2462,110.34028625488281,110.99437691335345,0.001,7.864817142486572
287,0,287,469,110.4206314086914,110.9914398202219,0.001,9.393507480621338
288,0,288,686,106.94641876220703,110.97557940501933,0.001,9.424692630767822
289,0,289,721,105.6147689819336,110.96116693112457,0.001,9.677547454833984
290,0,290,56,120.40360260009766,110.99716645762011,0.001,8.525157928466797
291,0,291,728,109.1353988647461,110.99007375403401,0.001,9.279346466064453
292,0,292,2432,111.1403579711914,110.99034804869689,0.001,9.95840835571289
293,0,293,455,103.74288940429688,110.98033173898067,0.001,8.113990306854248
294,0,294,2249,105.07585906982422,110.9576231370205,0.001,9.859997987747192
295,0,295,367,135.91090393066406,111.02381735242514,0.001,7.884707927703857
296,0,296,2174,100.92538452148438,110.97481529392452,0.001,9.983343124389648
297,0,297,2763,119.80081939697266,110.99040666417197,0.001,10.596407890319824
298,0,298,490,113.30545806884766,110.99460211272746,0.001,7.9970927238464355
299,0,299,2692,121.88899230957031,111.04845021784176,0.001,8.366411924362183
300,0,300,60,123.09159851074219,111.08020004087386,0.001,9.467636823654175
301,0,301,743,124.01771545410156,111.10281424956582,0.001,9.091920852661133
302,0,302,601,105.43172454833984,111.07503139327389,0.001,9.461436033248901
303,0,303,2929,111.83965301513672,111.0778348224319,0.001,7.948500871658325
304,0,304,2673,102.98728942871094,111.04785280737808,0.001,10.217769384384155
305,0,305,388,113.38929748535156,111.05174594070724,0.001,9.141793251037598
306,0,306,1779,125.60619354248047,111.1219329687898,0.001,9.71393895149231
307,0,307,378,117.38855743408203,111.15210217816625,0.001,8.920478582382202
308,0,308,2452,110.92501831054688,111.15128587731262,0.001,11.0380380153656
309,0,309,1530,103.85296630859375,111.11649403551942,0.001,10.102176666259766
310,0,310,1777,113.55573272705078,111.1250661156611,0.001,8.463489294052124
311,0,311,2427,96.82632446289062,111.07531784661778,0.001,8.373559951782227
312,0,312,707,104.57594299316406,111.06503339428431,0.001,9.034871339797974
313,0,313,1615,115.84752655029297,111.08158883536306,0.001,9.66419529914856
314,0,314,336,104.51700592041016,111.05057735243949,0.001,9.388771533966064
315,0,315,2669,109.16490173339844,111.04738069981117,0.001,9.288308382034302
316,0,316,2113,113.9877700805664,111.0578115854345,0.001,10.161919593811035
317,0,317,2601,114.0984878540039,111.0716953848338,0.001,8.237620830535889
318,0,318,266,118.09612274169922,111.10423250362838,0.001,9.272644281387329
319,0,319,2538,112.95851135253906,111.10729685863826,0.001,9.940403699874878
320,0,320,2341,110.99978637695312,111.10679909955063,0.001,8.949426889419556
321,0,321,383,106.936767578125,111.08831679723278,0.001,9.014645099639893
322,0,322,2569,109.51187896728516,111.0844733513348,0.001,8.930890321731567
323,0,323,2229,101.91997528076172,111.06513870916933,0.001,8.411446809768677
324,0,324,2590,126.97332000732422,111.10267638199433,0.001,7.640586614608765
325,0,325,2101,111.93682861328125,111.1064820976999,0.001,9.63161039352417
326,0,326,706,117.8239974975586,111.11749189909855,0.001,9.279618740081787
327,0,327,1864,109.54199981689453,111.1149347213435,0.001,7.880489349365234
328,0,328,2584,104.33213806152344,111.08459111395607,0.001,10.40098762512207
329,0,329,468,101.5224609375,111.04228036814747,0.001,8.606431722640991
330,0,330,1383,111.5418930053711,111.04349188196836,0.001,8.095692873001099
331,0,331,2552,115.16424560546875,111.05708796043547,0.001,9.843711853027344
332,0,332,2547,100.28396606445312,111.02120205052593,0.001,9.853674173355103
333,0,333,481,112.66990661621094,111.02665601665277,0.001,9.540651082992554
334,0,334,1149,90.69935607910156,110.95896285551967,0.001,7.833929538726807
335,0,335,2911,100.28929901123047,110.9434642328358,0.001,9.255263805389404
336,0,336,2861,90.02572631835938,110.87432758041408,0.001,8.777230024337769
337,0,337,2583,107.12347412109375,110.86196097376202,0.001,9.156497716903687
338,0,338,2930,111.58872985839844,110.8630664375638,0.001,10.73327350616455
339,0,339,68,122.41331481933594,110.89049174819756,0.001,9.274360179901123
340,0,340,521,120.01614379882812,110.90456683099926,0.001,8.901343822479248
341,0,341,616,106.48214721679688,110.88563941471384,0.001,9.036966323852539
342,0,342,977,116.23342895507812,110.8976223565097,0.001,9.644338369369507
343,0,343,2832,103.9866943359375,110.86936799240245,0.001,9.852201461791992
344,0,344,694,108.69952392578125,110.86010368513473,0.001,9.706458806991577
345,0,345,770,96.25227355957031,110.81273899697645,0.001,9.670943975448608
346,0,346,1557,99.71946716308594,110.7653857067734,0.001,9.075939178466797
347,0,347,1772,106.89859008789062,110.74879323166401,0.001,9.342828750610352
348,0,348,774,108.6416244506836,110.74212985528818,0.001,10.306485414505005
349,0,349,972,109.35466003417969,110.7378424752824,0.001,9.599369049072266
350,0,350,827,111.90393829345703,110.74002027340893,0.001,9.486267566680908
351,0,351,514,128.65150451660156,110.78070104312741,0.001,9.268122434616089
352,0,352,401,114.47361755371094,110.79225843359187,0.001,10.411592721939087
353,0,353,2066,105.67765045166016,110.77114495499065,0.001,9.167043209075928
354,0,354,814,102.64439392089844,110.7587854725074,0.001,8.361732959747314
355,0,355,864,123.47407531738281,110.77657613559384,0.001,8.643435955047607
356,0,356,682,130.12327575683594,110.85576491276197,0.001,7.587944030761719
357,0,357,916,111.46272277832031,110.85667267125443,0.001,9.217020750045776
358,0,358,801,118.5167465209961,110.87303021939853,0.001,10.591981649398804
359,0,359,788,104.99992370605469,110.84893989471705,0.001,7.364226579666138
360,0,360,904,110.60248565673828,110.84846311218868,0.001,9.098870515823364
361,0,361,1344,96.81967163085938,110.80602434418985,0.001,7.584862232208252
362,0,362,2874,109.58546447753906,110.80238448405339,0.001,9.495795249938965
363,0,363,1951,115.48719787597656,110.81662214535619,0.001,8.391245603561401
364,0,364,337,118.03158569335938,110.83073801120536,0.001,9.718505382537842
365,0,365,915,110.5748062133789,110.83038269977145,0.001,9.573461771011353
366,0,366,832,97.83517456054688,110.77848484261403,0.001,8.993273496627808
367,0,367,28,115.59754943847656,110.78535334665507,0.001,8.493879318237305
368,0,368,496,99.39952850341797,110.7526665948911,0.001,8.781596183776855
369,0,369,522,105.863525390625,110.73312749055026,0.001,8.513366937637329
370,0,370,919,102.7139663696289,110.70080915766863,0.001,9.092886686325073
371,0,371,1794,96.60657501220703,110.65971472831012,0.001,9.453636169433594
372,0,372,771,107.03699493408203,110.64906642455378,0.001,8.611448526382446
373,0,373,1620,112.29261016845703,110.65061286001185,0.001,8.581938743591309
374,0,374,2660,119.82195281982422,110.68587942072413,0.001,10.040369987487793
375,0,375,32,103.20892333984375,110.65612316731641,0.001,8.036059379577637
376,0,376,913,116.0569076538086,110.66736356604174,0.001,8.676397800445557
377,0,377,1460,106.19841766357422,110.65800556936988,0.001,8.024286031723022
378,0,378,1700,111.46892547607422,110.65978561864424,0.001,8.390141725540161
379,0,379,2927,89.03704071044922,110.63381708639292,0.001,10.495154857635498
380,0,380,1473,104.7170181274414,110.62312224454163,0.001,8.503504753112793
381,0,381,920,109.1070556640625,110.61719538538645,0.001,9.860949754714966
382,0,382,1120,92.99761962890625,110.5825951665965,0.001,7.968935012817383
383,0,383,1274,112.97425842285156,110.58934441016083,0.001,7.350598573684692
384,0,384,1793,106.19529724121094,110.57275982159766,0.001,8.848620891571045
385,0,385,2923,128.5326690673828,110.60837229952628,0.001,10.859891414642334
386,0,386,2064,106.27511596679688,110.59586270371368,0.001,7.763569116592407
387,0,387,1679,123.45557403564453,110.62256461778551,0.001,8.686591863632202
388,0,388,819,110.8453369140625,110.62320033005173,0.001,10.28873610496521
389,0,389,742,102.66808319091797,110.59305324758155,0.001,10.279587030410767
390,0,390,2243,121.00515747070312,110.6322645512983,0.001,9.648478031158447
391,0,391,368,96.24246978759766,110.5904666637207,0.001,10.304062366485596
392,0,392,2619,107.73223876953125,110.58522320669586,0.001,9.951082944869995
393,0,393,325,92.15483856201172,110.53383538319088,0.001,10.820732116699219
394,0,394,65,115.1650390625,110.54014034471048,0.001,10.514373064041138
395,0,395,981,116.55294799804688,110.55692926262354,0.001,8.450871706008911
396,0,396,2073,115.17454528808594,110.56280292425421,0.001,9.510422706604004
397,0,397,424,114.68490600585938,110.57057964532298,0.001,9.421369791030884
398,0,398,372,120.66012573242188,110.58228101166083,0.001,9.674513816833496
399,0,399,2387,109.39691162109375,110.57993265734902,0.001,8.253732442855835
400,0,400,273,113.88765716552734,110.5891460196771,0.001,8.540361404418945
401,0,401,2505,107.20066833496094,110.58459877392895,0.001,10.238578081130981
402,0,402,2325,111.58476257324219,110.58735557895847,0.001,11.146158933639526
403,0,403,488,117.91513061523438,110.61385634310008,0.001,9.048929214477539
404,0,404,507,107.30596923828125,110.61085190660785,0.001,9.822199821472168
405,0,405,250,94.99906158447266,110.59047370027358,0.001,7.10979437828064
406,0,406,1858,114.29788208007812,110.60047035662942,0.001,10.832463502883911
407,0,407,2282,98.63233184814453,110.58499235945953,0.001,9.67753791809082
408,0,408,2458,113.17689514160156,110.592006271694,0.001,8.143099784851074
409,0,409,377,131.275634765625,110.63205389685828,0.001,9.939109563827515
410,0,410,264,95.84959411621094,110.59184708340375,0.001,10.286519050598145
411,0,411,1105,96.47022247314453,110.57296590096047,0.001,9.235134840011597
412,0,412,2845,105.94847106933594,110.55640584088401,0.001,9.956670761108398
413,0,413,1311,103.29329681396484,110.53052232885736,0.001,9.51589035987854
414,0,414,1196,108.06049346923828,110.52763466868576,0.001,10.25036883354187
415,0,415,2510,111.13306427001953,110.52976949556235,0.001,8.818178415298462
416,0,416,492,88.91792297363281,110.45304823631642,0.001,8.891386032104492
417,0,417,361,100.0309829711914,110.4180160194213,0.001,7.63298773765564
418,0,418,2343,112.53558349609375,110.42196441667257,0.001,10.317600011825562
419,0,419,2775,109.20964813232422,110.41881048430825,0.001,10.346421003341675
420,0,420,1174,108.54605102539062,110.41387010948397,0.001,9.660216569900513
421,0,421,759,117.7946548461914,110.43303084565265,0.001,9.754957914352417
422,0,422,607,115.5853042602539,110.43920948078116,0.001,7.876457214355469
423,0,423,274,103.22384643554688,110.42065925805115,0.001,9.414494752883911
424,0,424,966,103.93700408935547,110.40882106063405,0.001,10.69993805885315
425,0,425,1519,109.65959167480469,110.40683545356909,0.001,10.440114974975586
426,0,426,2067,111.51118469238281,110.40893230654902,0.001,8.712487697601318
427,0,427,858,107.61663055419922,110.40580733703636,0.001,8.207294702529907
428,0,428,340,105.58473205566406,110.39330398695179,0.001,8.68366265296936
429,0,429,403,99.56375885009766,110.37352659031097,0.001,10.685489416122437
430,0,430,2205,109.16070556640625,110.37034980163773,0.001,8.838127136230469
431,0,431,69,103.7162094116211,110.34737983542009,0.001,10.607970952987671
432,0,432,2476,115.21697998046875,110.35334784556836,0.001,7.847482204437256
433,0,433,710,103.25341033935547,110.33529003351975,0.001,10.729037284851074
434,0,434,2617,110.32284545898438,110.33524801860737,0.001,8.807390451431274
435,0,435,453,113.65030670166016,110.34121882439487,0.001,9.632712841033936
436,0,436,2595,143.08648681640625,110.38052900937477,0.001,10.581890106201172
437,0,437,1263,107.671142578125,110.37367238419952,0.001,10.109497785568237
438,0,438,1814,112.29523468017578,110.37846078728113,0.001,7.96030855178833
439,0,439,1616,121.12875366210938,110.40618685488818,0.001,10.261717796325684
440,0,440,1802,120.45284271240234,110.43134921061127,0.001,8.582186937332153
441,0,441,2070,110.16320037841797,110.43045492718156,0.001,8.712753772735596
442,0,442,2499,113.87926483154297,110.43663270249509,0.001,8.796276807785034
443,0,443,432,106.05451965332031,110.42590221070095,0.001,7.195205450057983
444,0,444,773,119.39408874511719,110.44823173548234,0.001,9.094842433929443
445,0,445,400,111.02582550048828,110.44915062463552,0.001,9.617866039276123
446,0,446,789,107.79795837402344,110.44259833660544,0.001,8.40401554107666
447,0,447,2327,111.89291381835938,110.44511537389208,0.001,9.304662466049194
448,0,448,2272,107.91215515136719,110.43886760365186,0.001,8.408667087554932
449,0,449,870,103.02127838134766,110.42578334768511,0.001,7.3952343463897705
450,0,450,2179,95.53209686279297,110.39925158739818,0.001,9.15872311592102
451,0,451,719,95.96692657470703,110.35200109025992,0.001,8.539129257202148
452,0,452,1549,111.04051208496094,110.35323974259883,0.001,6.178600788116455
453,0,453,1676,103.75597381591797,110.33161546105768,0.001,8.920287370681763
454,0,454,446,99.07074737548828,110.30441832718877,0.001,9.37445068359375
455,0,455,2233,110.39484405517578,110.30457458867919,0.001,8.175976276397705
456,0,456,808,103.59623718261719,110.28844863577297,0.001,8.333841800689697
457,0,457,2034,104.2007064819336,110.26912704516748,0.001,8.615859508514404
458,0,458,272,113.67906188964844,110.2750386371954,0.001,10.061802864074707
459,0,459,2909,118.50531005859375,110.29502104819252,0.001,9.675496578216553
460,0,460,2413,111.1338882446289,110.29706234605229,0.001,8.709436655044556
461,0,461,461,108.1380844116211,110.29023487381927,0.001,8.49312138557434
462,0,462,2871,95.31005859375,110.24285238662571,0.001,9.446569204330444
463,0,463,961,101.18336486816406,110.21426349042535,0.001,10.505046129226685
464,0,464,787,105.60116577148438,110.20897314956875,0.001,9.547666549682617
465,0,465,1938,101.03308868408203,110.19897202001454,0.001,10.028781652450562
466,0,466,2652,114.91416931152344,110.20419915187138,0.001,8.62693738937378
467,0,467,2147,99.31255340576172,110.1696713772639,0.001,8.805580615997314
468,0,468,861,118.65764617919922,110.1839853709966,0.001,8.267229318618774
469,0,469,2668,116.91705322265625,110.20000837910273,0.001,9.914258003234863
470,0,470,2270,102.67219543457031,110.17620801742875,0.001,10.642462015151978
471,0,471,2864,109.92550659179688,110.17578435651836,0.001,8.83879280090332
472,0,472,1636,96.89108276367188,110.13433067624239,0.001,10.531043529510498
473,0,473,2098,107.91561889648438,110.13093638526303,0.001,7.8405985832214355
474,0,474,825,106.34922790527344,110.12685016623725,0.001,8.90713381767273
475,0,475,64,118.90298461914062,110.13669825584594,0.001,11.231916189193726
476,0,476,1551,108.60218811035156,110.13307967648207,0.001,9.090308904647827
477,0,477,1514,108.4340591430664,110.13121926858555,0.001,10.085862398147583
478,0,478,2750,117.87997436523438,110.13968978475017,0.001,11.559823989868164
479,0,479,2782,105.1004409790039,110.12402341350112,0.001,9.234373569488525
480,0,480,2593,99.691162109375,110.0994950316706,0.001,9.378362894058228
481,0,481,175,117.41055297851562,110.11174949045511,0.001,9.661913871765137
482,0,482,2223,101.23653411865234,110.08444962274191,0.001,9.254862546920776
483,0,483,29,108.19837188720703,110.08016553298573,0.001,8.196306228637695
484,0,484,956,103.23326873779297,110.05943393770852,0.001,11.380403757095337
485,0,485,727,124.66559600830078,110.07504490001783,0.001,9.499343872070312
486,0,486,1839,115.0400161743164,110.08031427876408,0.001,10.005742073059082
487,0,487,962,98.38933563232422,110.06119223314629,0.001,10.404325485229492
488,0,488,685,105.28723907470703,110.05052458612084,0.001,8.987219333648682
489,0,489,519,110.59669494628906,110.05217687881668,0.001,10.142435312271118
490,0,490,1682,102.56241607666016,110.03534032382579,0.001,7.2025628089904785
491,0,491,447,124.0157699584961,110.05050985306734,0.001,9.343029737472534
492,0,492,863,98.6783218383789,110.02478893683943,0.001,10.1385498046875
493,0,493,852,103.03912353515625,110.00929513218327,0.001,10.812798738479614
494,0,494,693,108.36851501464844,110.00438479805294,0.001,9.992180347442627
495,0,495,67,100.43247985839844,109.9830273938841,0.001,8.809572458267212
496,0,496,2460,104.45842742919922,109.9771761255763,0.001,8.95474624633789
497,0,497,914,98.42666625976562,109.95160285068391,0.001,9.429173707962036
498,0,498,990,91.55960083007812,109.90987074082128,0.001,8.321276664733887
499,0,499,1848,97.72127532958984,109.87381403467231,0.001,8.901567935943604
500,1,0,436,112.89763641357422,112.89763641357422,0.001,10.110473155975342
501,1,1,991,112.43608093261719,112.71352166746588,0.001,9.884968996047974
502,1,2,2117,106.71056365966797,109.98049938478533,0.001,9.327831029891968
503,1,3,1083,115.2999038696289,111.98885477334986,0.001,10.955771684646606
504,1,4,2767,96.15628051757812,108.38779409149807,0.001,7.471779108047485
505,1,5,2608,91.21045684814453,104.3742820070989,0.001,9.747089862823486
506,1,6,2603,97.89189910888672,103.19021316509772,0.001,9.464253902435303
507,1,7,1571,105.3350601196289,103.52771312205762,0.001,8.772548913955688
508,1,8,382,112.29887390136719,103.983293604251,0.001,10.579652786254883
509,1,9,717,109.69855499267578,104.72698155742651,0.001,8.76007628440857
510,1,10,986,103.14627075195312,104.584228155896,0.001,8.713162422180176
511,1,11,1541,113.77067565917969,104.92478370284051,0.001,9.99235463142395
512,1,12,390,113.44975280761719,105.40379224038192,0.001,8.703202962875366
513,1,13,811,103.79241943359375,105.34837029839022,0.001,9.843666076660156
514,1,14,873,104.64759826660156,105.32621097379861,0.001,10.307974100112915
515,1,15,851,99.7591552734375,104.80636959023833,0.001,8.7807776927948
516,1,16,834,99.93881225585938,104.39993745683402,0.001,10.610599994659424
517,1,17,408,104.13227081298828,104.3885687691569,0.001,8.63562560081482
518,1,18,989,116.56822204589844,105.07713636458278,0.001,10.844118356704712
519,1,19,2682,98.55506134033203,104.61308038018986,0.001,8.795601844787598
520,1,20,74,109.87684631347656,104.74006629056815,0.001,8.376816511154175
521,1,21,458,108.05265045166016,104.82130952809986,0.001,7.82734489440918
522,1,22,73,117.90497589111328,105.12998009230613,0.001,9.561350345611572
523,1,23,1118,103.67393493652344,105.06232803459544,0.001,9.553169250488281
524,1,24,77,106.56851196289062,105.13025816179088,0.001,8.401848793029785
525,1,25,2455,108.85746765136719,105.20935014034951,0.001,7.798304796218872
526,1,26,363,99.52369689941406,105.09425978696737,0.001,9.749099016189575
527,1,27,778,105.36055755615234,105.10508371102422,0.001,9.126266956329346
528,1,28,2789,103.69664764404297,105.04983453777437,0.001,9.53519606590271
529,1,29,954,112.65070343017578,105.1895346908576,0.001,10.26146149635315
530,1,30,94,102.41722869873047,105.06114863970697,0.001,8.72885513305664
531,1,31,518,109.9847183227539,105.1464530877575,0.001,10.19438099861145
532,1,32,1903,103.98230743408203,105.11755772711287,0.001,9.487678050994873
533,1,33,803,111.2874526977539,105.21695151750765,0.001,7.310527563095093
534,1,34,1310,99.36790466308594,104.95661445846042,0.001,9.27208924293518
535,1,35,951,102.1487808227539,104.86662414980009,0.001,10.017614364624023
536,1,36,1365,119.5903549194336,105.08918279554847,0.001,8.832550764083862
537,1,37,98,93.53477478027344,104.61914907795843,0.001,8.92470932006836
538,1,38,705,94.71536254882812,104.22790569370102,0.001,9.726244688034058
539,1,39,680,124.1800308227539,104.49850326663551,0.001,10.832884788513184
540,1,40,2672,106.37559509277344,104.56825093805253,0.001,9.390420913696289
541,1,41,1399,104.65689086914062,104.57145394738882,0.001,9.273443937301636
542,1,42,1676,101.17742156982422,104.4539359059424,0.001,9.408351421356201
543,1,43,177,103.5022964477539,104.43034805011703,0.001,9.482321500778198
544,1,44,1111,102.30352783203125,104.37835260959658,0.001,9.377102136611938
545,1,45,1764,105.53182220458984,104.41555169461574,0.001,11.552953481674194
546,1,46,1909,104.49271392822266,104.41788462735549,0.001,10.06722092628479
547,1,47,1394,95.21178436279297,104.21077800676674,0.001,7.388023376464844
548,1,48,1092,94.59092712402344,103.93013500918784,0.001,9.595983505249023
549,1,49,1706,109.9864501953125,104.05908502737914,0.001,8.843082666397095
550,1,50,1839,111.73173522949219,104.1348620505513,0.001,8.781535863876343
551,1,51,1153,101.77415466308594,104.06956366746216,0.001,6.689552545547485
552,1,52,1888,104.85676574707031,104.09026363993797,0.001,9.171547889709473
553,1,53,1807,93.33438110351562,103.81393530769859,0.001,7.987759113311768
554,1,54,1532,103.77303314208984,103.812903824757,0.001,7.859222888946533
555,1,55,1648,110.10350036621094,103.89706238016699,0.001,10.012500762939453
556,1,56,1642,111.42459106445312,104.03385541638772,0.001,8.652227401733398
557,1,57,1109,93.95690155029297,103.80033092914046,0.001,10.613915205001831
558,1,58,1488,99.0042953491211,103.69446895035381,0.001,8.334021091461182
559,1,59,1355,98.5156021118164,103.60440452831244,0.001,9.09178876876831
560,1,60,1686,116.90845489501953,103.90385745397268,0.001,9.289554357528687
561,1,61,1333,100.2869873046875,103.84356593121939,0.001,8.74116849899292
562,1,62,2071,106.95965576171875,103.87987882914,0.001,8.21921682357788
563,1,63,1692,106.20452117919922,103.9295811385843,0.001,9.885198831558228
564,1,64,1484,109.88900756835938,104.0248401252679,0.001,9.260030031204224
565,1,65,1344,90.99075317382812,103.82351237089169,0.001,9.814090490341187
566,1,66,1823,97.49876403808594,103.69188821059657,0.001,10.168993473052979
567,1,67,1503,97.98020935058594,103.6350698448669,0.001,9.063776016235352
568,1,68,1343,104.47589111328125,103.64069093412651,0.001,8.296143054962158
569,1,69,2113,107.59416961669922,103.69991987340191,0.001,7.751600503921509
570,1,70,1846,100.31311798095703,103.65100145213155,0.001,10.256416320800781
571,1,71,1395,118.7127456665039,103.75646017835916,0.001,7.727181911468506
572,1,72,1306,88.98204803466797,103.47767117992245,0.001,8.29005241394043
573,1,73,1263,104.5032730102539,103.49200595997084,0.001,9.010514497756958
574,1,74,1113,111.46895599365234,103.63804422194723,0.001,10.397307634353638
575,1,75,1794,90.80182647705078,103.46698466631864,0.001,11.111226081848145
576,1,76,1879,113.98316955566406,103.56954910911558,0.001,8.444196939468384
577,1,77,1568,106.77619934082031,103.6117353229237,0.001,7.5949530601501465
578,1,78,1576,115.04724884033203,103.68229093146131,0.001,9.564716815948486
579,1,79,1809,110.07588958740234,103.79056892919645,0.001,9.378506898880005
580,1,80,1363,92.09733581542969,103.6414801235896,0.001,10.457650661468506
581,1,81,178,108.6522445678711,103.70320369604805,0.001,9.303980350494385
582,1,82,1083,112.62033081054688,103.84718284414974,0.001,10.726370573043823
583,1,83,1797,119.97578430175781,103.94396889857516,0.001,8.20056962966919
584,1,84,1793,101.49519348144531,103.90483065992915,0.001,9.591049909591675
585,1,85,2174,92.32606506347656,103.72534337077339,0.001,8.834512710571289
586,1,86,2196,113.51326751708984,103.77529253661683,0.001,9.83082389831543
587,1,87,1365,117.78751373291016,103.85444429881684,0.001,8.671849250793457
588,1,88,2202,101.48968505859375,103.81747908521994,0.001,8.586451530456543
589,1,89,1088,95.12394714355469,103.71948634046593,0.001,9.831278324127197
590,1,90,1717,118.6110610961914,103.79972614410462,0.001,8.457518577575684
591,1,91,1265,105.75006103515625,103.81033906448796,0.001,10.824599981307983
592,1,92,1735,103.12926483154297,103.80663158311015,0.001,9.834146738052368
593,1,93,1548,101.94820404052734,103.78662224532026,0.001,8.806570529937744
594,1,94,2188,96.83052062988281,103.71016241863612,0.001,8.70864486694336
595,1,95,1373,89.81517028808594,103.59023403383075,0.001,9.219009160995483
596,1,96,2070,105.68718719482422,103.62044171773283,0.001,7.640268564224243
597,1,97,1174,102.45945739746094,103.60796797966582,0.001,9.831957340240479
598,1,98,1495,111.40721130371094,103.69101006362857,0.001,8.091861248016357
599,1,99,2051,103.66183471679688,103.69070227078038,0.001,9.149534702301025
600,1,100,1812,96.59921264648438,103.59180321999008,0.001,7.264714002609253
601,1,101,1099,101.81539154052734,103.56758427366611,0.001,8.673386812210083
602,1,102,1951,108.69977569580078,103.6194808239725,0.001,9.131109952926636
603,1,103,1620,105.02249908447266,103.623976730179,0.001,7.617385149002075
604,1,104,1902,93.05240631103516,103.51848324130543,0.001,9.717574119567871
605,1,105,1575,103.9631118774414,103.52297085483035,0.001,8.059958696365356
606,1,106,1762,105.3292236328125,103.54056584042169,0.001,10.381076097488403
607,1,107,1440,95.14691162109375,103.46111683030848,0.001,8.174883127212524
608,1,108,1126,105.27706146240234,103.484310120936,0.001,8.553276062011719
609,1,109,1814,104.80372619628906,103.49661496737724,0.001,9.85511064529419
610,1,110,1675,94.8885726928711,103.43947005501664,0.001,10.656610250473022
611,1,111,1317,105.34000396728516,103.44792159251679,0.001,8.861784934997559
612,1,112,1149,83.3781967163086,103.26014009725,0.001,9.473121881484985
613,1,113,1779,116.13520050048828,103.4169070838102,0.001,9.4138822555542
614,1,114,1441,98.62218475341797,103.39562230669532,0.001,8.491697788238525
615,1,115,1181,111.69505310058594,103.4688463618152,0.001,7.540866374969482
616,1,116,1626,102.40906524658203,103.46445541160179,0.001,9.623734474182129
617,1,117,2191,101.164306640625,103.44944444951625,0.001,9.772820711135864
618,1,118,2278,97.34453582763672,103.39453678144353,0.001,11.068488121032715
619,1,119,1151,102.96134948730469,103.39191289414356,0.001,11.48752236366272
620,1,120,1828,104.02632141113281,103.39943328415113,0.001,8.517539978027344
621,1,121,2335,114.09484100341797,103.44468837740509,0.001,8.664618968963623
622,1,122,2294,107.10686492919922,103.45924927724111,0.001,10.614547967910767
623,1,123,1690,90.41929626464844,103.40545809110132,0.001,10.03483271598816
624,1,124,1766,100.15985870361328,103.39601255990257,0.001,7.736296892166138
625,1,125,1900,125.68437194824219,103.48884423358288,0.001,9.57691478729248
626,1,126,1848,93.87255096435547,103.38027829313754,0.001,9.567224025726318
627,1,127,1571,102.10810852050781,103.36617276029271,0.001,6.379343271255493
628,1,128,2203,115.71471405029297,103.50237659747103,0.001,9.325997352600098
629,1,129,1844,108.7977294921875,103.5208099455851,0.001,8.360237836837769
630,1,130,1577,105.48995971679688,103.53679243829406,0.001,11.130660057067871
631,1,131,2328,99.03571319580078,103.51040392857273,0.001,7.430126667022705
632,1,132,1502,100.99012756347656,103.48306848105968,0.001,9.659513711929321
633,1,133,1132,98.87277221679688,103.44583237820376,0.001,9.630863904953003
634,1,134,1832,105.23860168457031,103.46466930859097,0.001,8.524675130844116
635,1,135,1679,109.7563247680664,103.50056469232962,0.001,9.581324577331543
636,1,136,1682,96.97103881835938,103.44998693755865,0.001,8.627595901489258
637,1,137,2073,106.16709899902344,103.4595987602784,0.001,8.171541452407837
638,1,138,2272,101.21736145019531,103.44240053447218,0.001,6.709885358810425
639,1,139,1122,97.3154067993164,103.40844989401789,0.001,10.107187032699585
640,1,140,2095,100.04293060302734,103.3751712343001,0.001,10.447800397872925
641,1,141,1819,88.57139587402344,103.32163608744045,0.001,7.073528289794922
642,1,142,2274,92.88097381591797,103.24502064774109,0.001,10.530962705612183
643,1,143,2297,107.54364776611328,103.27761656007803,0.001,9.3082594871521
644,1,144,1182,95.07291412353516,103.21667318305767,0.001,8.290684938430786
645,1,145,2034,98.83876037597656,103.17472306583507,0.001,10.007401943206787
646,1,146,1453,99.49858093261719,103.1628673587928,0.001,9.696343183517456
647,1,147,1519,103.36503601074219,103.16435402177854,0.001,7.50472617149353
648,1,148,1864,100.71233367919922,103.15588650573335,0.001,9.340851306915283
649,1,149,2152,94.1868896484375,103.09244867697744,0.001,7.888562917709351
650,1,150,2378,105.13655090332031,103.10710639430842,0.001,8.426640748977661
651,1,151,2172,87.56498718261719,102.99584496447729,0.001,8.126672267913818
652,1,152,2282,92.56505584716797,102.96107519074819,0.001,10.916783809661865
653,1,153,1480,108.89634704589844,102.98053992286691,0.001,9.9414541721344
654,1,154,2080,97.92230224609375,102.93350665970326,0.001,8.41084361076355
655,1,155,1806,93.25688171386719,102.84474474363307,0.001,11.119761228561401
656,1,156,2066,99.59966278076172,102.81546857926071,0.001,11.173836946487427
657,1,157,1196,98.6145248413086,102.8030212560743,0.001,8.329336404800415
658,1,158,1945,100.13536071777344,102.7790858592682,0.001,10.421313285827637
659,1,159,2064,98.35913848876953,102.74923459616102,0.001,8.43091106414795
660,1,160,2325,104.28900909423828,102.75947349711865,0.001,7.350567102432251
661,1,161,2251,109.61231994628906,102.79253829407071,0.001,7.551559925079346
662,1,162,37,96.80560302734375,102.74058000622006,0.001,9.075724363327026
663,1,163,254,93.57088470458984,102.66165156340845,0.001,11.53055715560913
664,1,164,1616,112.89669036865234,102.729121538913,0.001,9.701876640319824
665,1,165,2455,105.44446563720703,102.73761252735054,0.001,11.952013731002808
666,1,166,2340,110.23838806152344,102.78444392586047,0.001,9.207144498825073
667,1,167,2157,98.91127014160156,102.75175443957802,0.001,8.840679407119751
668,1,168,1313,86.05059051513672,102.61781097201428,0.001,9.615297794342041
669,1,169,1361,91.72883605957031,102.58536921778695,0.001,9.279558420181274
670,1,170,2101,103.90129089355469,102.59635771115205,0.001,9.597892761230469
671,1,171,1580,95.84204864501953,102.56659755313473,0.001,10.24521803855896
672,1,172,264,91.24381256103516,102.4965941709524,0.001,8.23351240158081
673,1,173,1302,94.53803253173828,102.43606475758993,0.001,8.7933988571167
674,1,174,1311,93.35816955566406,102.36305757667074,0.001,9.974275827407837
675,1,175,1482,105.62434387207031,102.37230611272606,0.001,8.944585800170898
676,1,176,2505,97.59000396728516,102.35831040701734,0.001,9.5376615524292
677,1,177,1570,89.82056427001953,102.32212240929574,0.001,10.221151113510132
678,1,178,1372,100.94956970214844,102.31398131604796,0.001,5.924663543701172
679,1,179,2538,101.54582214355469,102.31180267240092,0.001,9.508968353271484
680,1,180,2205,102.91888427734375,102.31544976994415,0.001,10.05711054801941
681,1,181,1105,86.54298400878906,102.2694293196933,0.001,7.949152231216431
682,1,182,2513,96.72300720214844,102.25400031636323,0.001,9.8792884349823
683,1,183,2040,107.91940307617188,102.29857713925428,0.001,8.162903308868408
684,1,184,2494,93.4677505493164,102.24782805253365,0.001,10.249874353408813
685,1,185,1530,94.04336547851562,102.18499154522256,0.001,8.666407346725464
686,1,186,2219,107.39144134521484,102.19834088234309,0.001,7.865095138549805
687,1,187,1615,104.41871643066406,102.21073769320569,0.001,9.499654769897461
688,1,188,1262,101.5919418334961,102.20908657297251,0.001,7.574320316314697
689,1,189,1586,95.10277557373047,102.15519660758085,0.001,8.822345733642578
690,1,190,1914,83.849853515625,102.10616287225764,0.001,7.4970622062683105
691,1,191,1443,93.8720932006836,102.04517100006171,0.001,8.075679540634155
692,1,192,2235,102.53170776367188,102.04875513258045,0.001,10.416139841079712
693,1,193,1737,96.52619171142578,102.00931364663582,0.001,9.067537784576416
694,1,194,1556,94.61985778808594,101.96866569864675,0.001,8.454871416091919
695,1,195,2117,100.93818664550781,101.96318716870242,0.001,7.599963188171387
696,1,196,2398,92.31227111816406,101.894239359551,0.001,7.808060169219971
697,1,197,2565,100.8207778930664,101.89143544037752,0.001,8.596514463424683
698,1,198,1161,102.61831665039062,101.89318867385181,0.001,8.916650533676147
699,1,199,1439,99.75119018554688,101.87812721292195,0.001,8.303967952728271
700,1,200,1434,102.74993133544922,101.88260126677525,0.001,7.8756091594696045
701,1,201,1585,94.2132339477539,101.82927868234066,0.001,8.484854698181152
702,1,202,1506,93.18730926513672,101.80871378497672,0.001,8.896191596984863
703,1,203,1516,97.55895233154297,101.78659844668253,0.001,9.960005760192871
704,1,204,2534,113.46485900878906,101.81603093766367,0.001,9.216269493103027
705,1,205,1155,107.82635498046875,101.83121033423426,0.001,8.250418186187744
706,1,206,1118,96.82695770263672,101.80536134576172,0.001,9.649835586547852
707,1,207,2563,97.21598052978516,101.78837393310062,0.001,9.533376693725586
708,1,208,2498,114.22200012207031,101.83399542952425,0.001,9.188316106796265
709,1,209,2482,101.14459991455078,101.82925248249263,0.001,10.696338176727295
710,1,210,1081,95.99723815917969,101.79954085410786,0.001,8.661196947097778
711,1,211,2343,100.91595458984375,101.7963826982755,0.001,10.45328426361084
712,1,212,1554,96.65618896484375,101.78384282776734,0.001,9.096237897872925
713,1,213,175,108.67897033691406,101.80917089433065,0.001,7.924727439880371
714,1,214,2399,95.3385238647461,101.79529237837025,0.001,9.73843240737915
715,1,215,2546,84.4014892578125,101.70900643955099,0.001,7.659445524215698
716,1,216,2243,108.72686767578125,101.75558692986016,0.001,9.811218500137329
717,1,217,1543,114.37452697753906,101.78581879249248,0.001,10.12205171585083
718,1,218,2140,108.4732666015625,101.80089044413047,0.001,10.306371927261353
719,1,219,1123,94.69384765625,101.7759469701283,0.001,9.6367769241333
720,1,220,1368,110.68110656738281,101.80782158470909,0.001,9.240073442459106
721,1,221,1551,101.55305480957031,101.80655640939864,0.001,9.893323183059692
722,1,222,2452,101.5188217163086,101.80515788589535,0.001,9.59849762916565
723,1,223,2709,106.61322021484375,101.81612595343498,0.001,8.468476057052612
724,1,224,1334,113.73262023925781,101.8431193049278,0.001,9.288117408752441
725,1,225,2673,93.5110092163086,101.80237527125104,0.001,8.977358102798462
726,1,226,1397,82.56005859375,101.67817906865707,0.001,9.844438552856445
727,1,227,2543,90.14889526367188,101.62292353188467,0.001,7.521198749542236
728,1,228,2443,89.49320220947266,101.56588201876272,0.001,9.9387845993042
729,1,229,2233,100.96903991699219,101.56387709373836,0.001,10.641847372055054
730,1,230,2241,97.21607208251953,101.53632123690748,0.001,9.878939628601074
731,1,231,2460,95.34339904785156,101.52252772587337,0.001,9.540821552276611
732,1,232,2099,94.07111358642578,101.4975706692068,0.001,9.947541952133179
733,1,233,2595,126.30157470703125,101.55215582461912,0.001,10.104472875595093
734,1,234,2075,92.2676773071289,101.52189045830187,0.001,10.240232229232788
735,1,235,2537,97.40010070800781,101.50242142842501,0.001,6.136990308761597
736,1,236,1791,94.83208465576172,101.48080755336619,0.001,10.286786317825317
737,1,237,2293,92.59320831298828,101.43910303374162,0.001,8.589604139328003
738,1,238,1097,102.86668395996094,101.44212643444858,0.001,9.5265474319458
739,1,239,2462,97.35307312011719,101.41700641659996,0.001,8.681880712509155
740,1,240,2585,96.4081802368164,101.39477443521848,0.001,9.02521800994873
741,1,241,1693,90.28961181640625,101.32839100653204,0.001,8.6674644947052
742,1,242,1569,93.95587158203125,101.29516207507679,0.001,8.845611095428467
743,1,243,250,85.51874542236328,101.26149500485668,0.001,8.96080756187439
744,1,244,2067,100.68162536621094,101.25960631016744,0.001,8.681405305862427
745,1,245,2552,102.19802856445312,101.26372729152037,0.001,8.554001331329346
746,1,246,2181,114.54440307617188,101.2918089915798,0.001,8.99797248840332
747,1,247,1463,89.12689971923828,101.26952305991962,0.001,8.141256332397461
748,1,248,1636,85.435546875,101.1765683211353,0.001,8.178478240966797
749,1,249,2144,93.65560913085938,101.16103190503007,0.001,7.982919454574585
750,1,250,266,107.64753723144531,101.19877230087701,0.001,10.039919137954712
751,1,251,29,97.80662536621094,101.18415179217882,0.001,9.91332483291626
752,1,252,1326,109.79548645019531,101.20164192210152,0.001,7.367914915084839
753,1,253,2775,98.3514633178711,101.18952017094959,0.001,8.455456495285034
754,1,254,2547,91.93434143066406,101.14967341877585,0.001,8.3470778465271
755,1,255,2533,89.59016418457031,101.11368553679883,0.001,8.297254085540771
756,1,256,274,92.8073501586914,101.078866231705,0.001,8.966835737228394
757,1,257,2548,90.22468566894531,101.0335565546984,0.001,7.538955450057983
758,1,258,344,98.54280090332031,101.02851996173135,0.001,7.474030017852783
759,1,259,372,103.06697845458984,101.03212243874677,0.001,8.952390432357788
760,1,260,1393,97.36492919921875,101.01659629890557,0.001,8.707921266555786
761,1,261,28,102.05632781982422,101.01866614654213,0.001,8.481166124343872
762,1,262,2758,103.47565460205078,101.02889844691047,0.001,9.860315799713135
763,1,263,2349,101.02791595458984,101.02889302829925,0.001,9.247437477111816
764,1,264,1259,90.82219696044922,100.99928089870177,0.001,9.809595108032227
765,1,265,2298,90.2911605834961,100.97869195261075,0.001,10.003622770309448
766,1,266,2179,89.15354919433594,100.94335377650411,0.001,6.8628997802734375
767,1,267,1817,81.45639038085938,100.90638193115635,0.001,10.152996301651001
768,1,268,400,102.0898208618164,100.90949400117267,0.001,10.107829332351685
769,1,269,2341,94.55599212646484,100.87461709973097,0.001,8.445945978164673
770,1,270,367,118.57445526123047,100.92548379380644,0.001,10.076780319213867
771,1,271,2013,108.4914321899414,100.93989453519019,0.001,10.502398490905762
772,1,272,1756,92.0328140258789,100.90440759698167,0.001,9.584679365158081
773,1,273,1699,101.21221923828125,100.90527342078768,0.001,9.92295789718628
774,1,274,405,94.3818588256836,100.8860761884657,0.001,8.76755428314209
775,1,275,2652,100.70182037353516,100.88572971355006,0.001,8.395581483840942
776,1,276,2906,92.85433959960938,100.85368026044863,0.001,10.714375019073486
777,1,277,190,92.88374328613281,100.8103389565549,0.001,8.992751836776733
778,1,278,1768,100.84601593017578,100.81040607901667,0.001,9.749374628067017
779,1,279,2529,96.36577606201172,100.79240413050974,0.001,9.012562990188599
780,1,280,2249,94.56143951416016,100.76735079553156,0.001,8.789233446121216
781,1,281,1360,109.75904846191406,100.78371574928249,0.001,9.53495478630066
782,1,282,2613,107.53954315185547,100.80986760628313,0.001,9.472481966018677
783,1,283,2845,93.87496948242188,100.77385500327692,0.001,7.521321058273315
784,1,284,2270,91.78187561035156,100.72682984509504,0.001,8.331997632980347
785,1,285,461,99.07862091064453,100.7184228804985,0.001,6.167571067810059
786,1,286,1921,93.68212127685547,100.69141440110536,0.001,9.506824016571045
787,1,287,2654,93.22845458984375,100.65319466188207,0.001,8.688016891479492
788,1,288,2401,92.71241760253906,100.62251474962207,0.001,8.034284830093384
789,1,289,432,92.23294067382812,100.59127046793166,0.001,8.276455163955688
790,1,290,2610,105.18798828125,100.59958357032244,0.001,10.367954730987549
791,1,291,2601,99.12709045410156,100.59230816936387,0.001,10.509019613265991
792,1,292,1324,93.16148376464844,100.55544872061958,0.001,8.871987104415894
793,1,293,2694,115.13362121582031,100.58126271691387,0.001,7.585848808288574
794,1,294,1460,95.68637084960938,100.5681482738883,0.001,8.148627996444702
795,1,295,2458,95.76427459716797,100.55033099870748,0.001,8.59188723564148
796,1,296,2603,86.66569519042969,100.4834815520649,0.001,10.329047441482544
797,1,297,2608,84.91898345947266,100.40552596083374,0.001,8.415922403335571
798,1,298,2923,110.8993148803711,100.43224434044913,0.001,8.949726581573486
799,1,299,496,87.59229278564453,100.38722407072947,0.001,8.123109102249146
800,1,300,2672,97.24816131591797,100.37187769072061,0.001,10.852351665496826
801,1,301,2413,98.79412078857422,100.36606995932392,0.001,9.197928190231323
802,1,302,1838,95.75105285644531,100.3496597957833,0.001,8.655462503433228
803,1,303,447,112.55900573730469,100.37091677375162,0.001,9.558182954788208
804,1,304,1346,104.82232666015625,100.39149558061241,0.001,10.387194156646729
805,1,305,2911,84.1838607788086,100.36583933519667,0.001,7.99285626411438
806,1,306,2166,95.44664764404297,100.35332343377314,0.001,9.912140369415283
807,1,307,2619,94.16024780273438,100.33885661715446,0.001,10.17198896408081
808,1,308,1903,93.99073028564453,100.3229599278469,0.001,8.538108825683594
809,1,309,273,99.73487091064453,100.32085324951636,0.001,10.149138689041138
810,1,310,2584,88.73583984375,100.26644205771134,0.001,10.491523027420044
811,1,311,1090,95.51117706298828,100.25463377888578,0.001,8.033150911331177
812,1,312,408,90.0445556640625,100.229242952573,0.001,8.61053729057312
813,1,313,458,95.7885513305664,100.22161207596947,0.001,8.246967315673828
814,1,314,2225,97.59996795654297,100.2094227343681,0.001,10.059799432754517
815,1,315,1918,86.6681900024414,100.14647938084288,0.001,6.858457565307617
816,1,316,434,102.18586730957031,100.14953306690235,0.001,9.193967580795288
817,1,317,2347,99.23943328857422,100.14638893290633,0.001,5.556143045425415
818,1,318,2197,99.26860809326172,100.14338120516675,0.001,9.400306224822998
819,1,319,2669,98.80260467529297,100.14115363352636,0.001,7.925678253173828
820,1,320,56,101.392578125,100.14544740644592,0.001,9.429550886154175
821,1,321,2432,90.5842056274414,100.12967949375353,0.001,9.246243238449097
822,1,322,350,95.49944305419922,100.11376308632107,0.001,9.141731262207031
823,1,323,2794,88.43614959716797,100.09458047222428,0.001,11.177232265472412
824,1,324,2588,98.2304458618164,100.0860501875027,0.001,9.378512382507324
825,1,325,710,92.08441162109375,100.05913960887136,0.001,9.704025506973267
826,1,326,1128,84.92704772949219,100.00809272655982,0.001,8.686916828155518
827,1,327,337,98.6632080078125,100.00517106147228,0.001,10.373877763748169
828,1,328,717,98.0584945678711,99.99648706090713,0.001,7.053565740585327
829,1,329,2706,89.83953857421875,99.98112881006861,0.001,9.38940691947937
830,1,330,2929,95.42574310302734,99.96594150877404,0.001,7.202265024185181
831,1,331,518,95.74482727050781,99.95922580411658,0.001,8.728869676589966
832,1,332,1602,95.39414978027344,99.95445099192754,0.001,10.055570363998413
833,1,333,2435,88.55498504638672,99.93589880195313,0.001,7.423385858535767
834,1,334,377,108.5815658569336,99.95633980757829,0.001,7.106633186340332
835,1,335,2510,93.8299560546875,99.92965429673795,0.001,9.518487930297852
836,1,336,1089,97.13540649414062,99.91744920218675,0.001,7.721385717391968
837,1,337,770,85.78770446777344,99.87058268804776,0.001,7.929360628128052
838,1,338,2192,92.07915496826172,99.86042221597428,0.001,8.281589031219482
839,1,339,436,99.90072631835938,99.86051437762181,0.001,7.485248804092407
840,1,340,403,86.34059143066406,99.82943699891241,0.001,10.4401535987854
841,1,341,1093,88.67212677001953,99.7821806731269,0.001,8.831026554107666
842,1,342,325,80.46622467041016,99.72007551617355,0.001,10.429778575897217
843,1,343,2789,94.02764129638672,99.70183680618047,0.001,9.93229341506958
844,1,344,382,93.66064453125,99.69286067271118,0.001,8.599548578262329
845,1,345,771,89.93492889404297,99.66182021231766,0.001,8.333885192871094
846,1,346,94,89.61138153076172,99.6215628018556,0.001,7.435806751251221
847,1,347,492,78.74174499511719,99.53302895583127,0.001,8.115229368209839
848,1,348,1098,93.82203674316406,99.51997961513504,0.001,9.553419589996338
849,1,349,272,100.59684753417969,99.52242512121724,0.001,9.991530418395996
850,1,350,2422,80.09943389892578,99.49321190579447,0.001,10.325953722000122
851,1,351,392,94.03181457519531,99.4705441070889,0.001,8.731397867202759
852,1,352,694,90.08907318115234,99.43145676134358,0.001,8.376952409744263
853,1,353,2617,93.89715576171875,99.40860912931085,0.001,10.749815702438354
854,1,354,2050,81.3924560546875,99.36933621351149,0.001,9.975001096725464
855,1,355,1370,79.93865966796875,99.30868936141052,0.001,7.787101745605469
856,1,356,803,105.24772644042969,99.31721085842446,0.001,9.753490209579468
857,1,357,1339,116.1800765991211,99.34241724014323,0.001,9.59105920791626
858,1,358,424,96.61131286621094,99.33669549353333,0.001,8.910109996795654
859,1,359,1541,93.30110168457031,99.32863835063968,0.001,9.058465242385864
860,1,360,2387,101.11359405517578,99.3325637057057,0.001,9.172823190689087
861,1,361,2772,91.35203552246094,99.30819531607918,0.001,9.102612733840942
862,1,362,361,88.77933502197266,99.26741727275727,0.001,9.328903436660767
863,1,363,401,94.2193603515625,99.25204100914712,0.001,7.58395791053772
864,1,364,1549,97.13672637939453,99.24732199708856,0.001,9.39582633972168
865,1,365,2184,103.80760192871094,99.2572804469682,0.001,7.810121536254883
866,1,366,913,93.6786880493164,99.24528447602408,0.001,8.3738374710083
867,1,367,2436,86.66740417480469,99.22706033212592,0.001,8.049992561340332
868,1,368,863,87.8051528930664,99.19245058431105,0.001,8.91205382347107
869,1,369,789,90.35389709472656,99.16602261496769,0.001,8.002575159072876
870,1,370,873,93.1064224243164,99.15841634168909,0.001,10.350127220153809
871,1,371,915,97.07050323486328,99.15554801541612,0.001,9.051540613174438
872,1,372,742,88.29061126708984,99.11217784648375,0.001,8.413918256759644
873,1,373,2927,81.02980041503906,99.08995995108137,0.001,8.971218585968018
874,1,374,336,87.46630096435547,99.04369680399601,0.001,10.551345586776733
875,1,375,68,105.19570922851562,99.05695449904204,0.001,11.543437957763672
876,1,376,2901,98.29525756835938,99.05531154886343,0.001,10.130247831344604
877,1,377,1596,95.42959594726562,99.04785886539588,0.001,10.333244562149048
878,1,378,811,81.94478607177734,99.02565539947652,0.001,11.088896989822388
879,1,379,1274,93.459228515625,99.00964894490285,0.001,8.004672527313232
880,1,380,522,84.72761535644531,98.95380824502465,0.001,10.191022872924805
881,1,381,2163,91.96330261230469,98.93290736593569,0.001,8.864989519119263
882,1,382,1925,121.12568664550781,98.96334477160195,0.001,9.478502988815308
883,1,383,2569,99.56649780273438,98.96459208454345,0.001,8.184906721115112
884,1,384,378,102.5508041381836,98.97842940977483,0.001,10.896538734436035
885,1,385,832,81.02962493896484,98.90985746308152,0.001,10.850720167160034
886,1,386,519,93.49127197265625,98.88902743394893,0.001,8.703538417816162
887,1,387,1923,95.93763732910156,98.88039279284311,0.001,8.635747909545898
888,1,388,2448,86.12483978271484,98.83219378994916,0.001,10.755192518234253
889,1,389,611,88.8813247680664,98.81231272315766,0.001,8.549153566360474
890,1,390,1527,89.59698486328125,98.78632761899482,0.001,9.892123222351074
891,1,391,1493,92.4647445678711,98.76244573505465,0.001,11.085812091827393
892,1,392,721,91.65260314941406,98.74835675220736,0.001,8.868853092193604
893,1,393,2377,85.0676498413086,98.71002374104891,0.001,8.094923734664917
894,1,394,680,111.67689514160156,98.72719520030671,0.001,9.399181365966797
895,1,395,1858,93.77989196777344,98.71348639814991,0.001,9.15867304801941
896,1,396,801,97.38896179199219,98.71091892311813,0.001,9.525197505950928
897,1,397,759,99.7578353881836,98.71380790799145,0.001,10.097937107086182
898,1,398,490,94.6247329711914,98.70827529440669,0.001,8.260185956954956
899,1,399,2502,96.7363052368164,98.70091001894562,0.001,8.335882425308228
900,1,400,2522,78.45620727539062,98.64543377384042,0.001,7.685791730880737
901,1,401,2392,92.93079376220703,98.63402837030287,0.001,8.35142207145691
902,1,402,453,102.24992370605469,98.64108358320594,0.001,8.566738367080688
903,1,403,682,107.08164978027344,98.67176733148861,0.001,10.309412002563477
904,1,404,2149,84.89852142333984,98.63349860873315,0.001,7.660392999649048
905,1,405,695,86.86266326904297,98.60108096098399,0.001,8.75201940536499
906,1,406,834,90.82130432128906,98.5729038945857,0.001,8.388749122619629
907,1,407,67,89.9800796508789,98.54957062606802,0.001,9.743064880371094
908,1,408,446,88.95403289794922,98.52380914939314,0.001,9.740846157073975
909,1,409,986,86.2090072631836,98.49002171271502,0.001,8.039819478988647
910,1,410,514,108.17054748535156,98.50890410471857,0.001,8.338836431503296
911,1,411,1442,86.3420639038086,98.48583771564759,0.001,9.820713996887207
912,1,412,788,88.1506118774414,98.4488221412657,0.001,8.210879564285278
913,1,413,705,82.69194030761719,98.3918652576814,0.001,8.392792463302612
914,1,414,904,90.49456024169922,98.37857023025317,0.001,4.219712018966675
915,1,415,390,100.76554870605469,98.38298872349803,0.001,5.279867887496948
916,1,416,1777,91.32392883300781,98.36453699160951,0.001,7.508774280548096
917,1,417,448,100.43954467773438,98.37015299951295,0.001,7.66195011138916
918,1,418,685,90.6224365234375,98.34999143707792,0.001,9.71349549293518
919,1,419,507,100.44377899169922,98.3518229851507,0.001,9.205077886581421
920,1,420,2590,109.30548858642578,98.37178011613184,0.001,9.283055305480957
921,1,421,916,94.06797790527344,98.36630036822777,0.001,9.757315397262573
922,1,422,966,87.95950317382812,98.34719281615757,0.001,10.220451593399048
923,1,423,1264,93.81507110595703,98.34143034148904,0.001,9.619977474212646
924,1,424,861,102.13712310791016,98.34852718609262,0.001,9.8084716796875
925,1,425,981,99.39512634277344,98.35126279654673,0.001,8.79863452911377
926,1,426,1617,91.57449340820312,98.32858458288345,0.001,9.181875467300415
927,1,427,2450,94.29360961914062,98.31831894200683,0.001,9.742197036743164
928,1,428,2007,88.48387908935547,98.29302924875527,0.001,9.287582874298096
929,1,429,972,93.61067962646484,98.28117728986784,0.001,7.102261543273926
930,1,430,2580,95.6194839477539,98.2722568274553,0.001,10.844507455825806
931,1,431,2834,89.0579833984375,98.2406582259463,0.001,9.766802310943604
932,1,432,707,88.71109008789062,98.22978191454335,0.001,9.870377540588379
933,1,433,991,101.99333190917969,98.23426284579031,0.001,9.971460342407227
934,1,434,459,103.00607299804688,98.24001897021978,0.001,9.232582092285156
935,1,435,2692,99.04235076904297,98.2427377270324,0.001,10.468403577804565
936,1,436,2660,98.45292663574219,98.24343406997687,0.001,8.654288291931152
937,1,437,2782,88.2716064453125,98.20948360971651,0.001,6.713356971740723
938,1,438,77,92.57147979736328,98.19509309485004,0.001,9.859630107879639
939,1,439,2535,106.22227478027344,98.20471033656702,0.001,7.598967790603638
940,1,440,1523,98.30680847167969,98.20483287023703,0.001,10.470988035202026
941,1,441,388,98.47477722167969,98.20514228102228,0.001,7.310496091842651
942,1,442,852,94.0113525390625,98.19474282646087,0.001,9.804547309875488
943,1,443,2720,99.40140533447266,98.196072910297,0.001,8.945003271102905
944,1,444,719,81.41944885253906,98.14020755588425,0.001,8.947570562362671
945,1,445,1310,85.48319244384766,98.09802511702728,0.001,10.322320461273193
946,1,446,2593,83.86318969726562,98.0619754368937,0.001,8.263317108154297
947,1,447,1649,79.28035736083984,98.01539779275183,0.001,7.7967329025268555
948,1,448,956,89.43659973144531,97.98729712271931,0.001,10.836806535720825
949,1,449,1470,95.35467529296875,97.98098964954207,0.001,10.826853275299072
950,1,450,1896,85.9513168334961,97.95167789844207,0.001,8.66057825088501
951,1,451,2499,97.82186889648438,97.95145027762449,0.001,7.674077033996582
952,1,452,1700,93.13165283203125,97.94257030820613,0.001,9.612974405288696
953,1,453,774,89.23408508300781,97.92130698158489,0.001,10.214604139328003
954,1,454,2861,75.32878875732422,97.86597159038946,0.001,10.760635614395142
955,1,455,368,83.08387756347656,97.82889573112165,0.001,8.939689636230469
956,1,456,1481,89.13117218017578,97.80756882200187,0.001,7.692168474197388
957,1,457,706,87.54077911376953,97.79555418698119,0.001,9.05396842956543
958,1,458,2668,99.371826171875,97.79939997447173,0.001,9.629966735839844
959,1,459,1087,87.93991088867188,97.76835375969476,0.001,10.140530109405518
960,1,460,2060,87.74639129638672,97.74417887502848,0.001,10.499022483825684
961,1,461,342,83.77696228027344,97.69894552274238,0.001,10.799112796783447
962,1,462,919,87.07646942138672,97.66464824462989,0.001,9.596470832824707
963,1,463,990,78.29379272460938,97.61751408190402,0.001,11.103386640548706
964,1,464,60,94.62345886230469,97.61245255262656,0.001,7.742349147796631
965,1,465,2564,79.1556167602539,97.5695035807574,0.001,9.557114839553833
966,1,466,2763,100.88935089111328,97.57321615436015,0.001,9.982879400253296
967,1,467,1915,90.97381591796875,97.56220364203688,0.001,10.924765348434448
968,1,468,1845,88.93234252929688,97.55306213491819,0.001,9.345934629440308
969,1,469,2864,90.15836334228516,97.54049407611575,0.001,10.452443599700928
970,1,470,814,79.67610168457031,97.5199356773783,0.001,9.27644419670105
971,1,471,2427,80.56336975097656,97.48097579727032,0.001,9.980461359024048
972,1,472,2204,89.113525390625,97.45526967171914,0.001,9.043497800827026
973,1,473,468,85.56282043457031,97.4186454353812,0.001,8.854945182800293
974,1,474,2406,91.56626892089844,97.40032935633556,0.001,7.914539337158203
975,1,475,64,103.45684051513672,97.40711691372778,0.001,8.255505800247192
976,1,476,38,84.59233856201172,97.3857307417321,0.001,10.748063325881958
977,1,477,73,93.99794006347656,97.381946790156,0.001,6.957902193069458
978,1,478,1769,87.25267028808594,97.3504541803157,0.001,8.966038227081299
979,1,479,481,94.72674560546875,97.34441397286601,0.001,8.952995300292969
980,1,480,2909,93.2381362915039,97.33489301997619,0.001,10.474710702896118
981,1,481,1250,83.87284851074219,97.32035105797316,0.001,8.709475994110107
982,1,482,808,89.75735473632812,97.30317371437177,0.001,9.38550066947937
983,1,483,2784,95.47908782958984,97.2975961775124,0.001,10.032208919525146
984,1,484,1938,87.24910736083984,97.28706657007753,0.001,9.232630252838135
985,1,485,954,83.79752349853516,97.27244892016837,0.001,9.905092477798462
986,1,486,65,96.59093475341797,97.27169304877691,0.001,10.190290451049805
987,1,487,1120,78.82443237304688,97.24317995081604,0.001,10.525472640991211
988,1,488,363,90.43254089355469,97.23585313824462,0.001,8.410027742385864
989,1,489,74,97.9373550415039,97.2366003430662,0.001,9.939266443252563
990,1,490,2832,82.60515594482422,97.1945972479363,0.001,8.043384313583374
991,1,491,2511,98.43899536132812,97.19662864759809,0.001,9.02175498008728
992,1,492,2722,78.98599243164062,97.17856443921343,0.001,8.030556201934814
993,1,493,2781,82.47686004638672,97.15784736249539,0.001,10.582460641860962
994,1,494,1173,98.77437591552734,97.15958899966684,0.001,10.114691019058228
995,1,495,2098,93.05066680908203,97.15353027239384,0.001,7.5809032917022705
996,1,496,1821,100.79156494140625,97.15740574285262,0.001,10.16748332977295
997,1,497,256,86.48267364501953,97.14052576769112,0.001,9.95614767074585
998,1,498,699,81.63751220703125,97.10641190691852,0.001,8.422849893569946
999,1,499,616,89.8950424194336,97.08518476563933,0.001,8.290177345275879
1000,2,0,864,100.66268157958984,100.66268157958984,0.001,9.563293695449829
1001,2,1,1342,93.88787841796875,96.0198556404976,0.001,9.525992631912231
1002,2,2,1383,96.19373321533203,96.078309633124,0.001,9.830120325088501
1003,2,3,2147,87.6231689453125,92.83623957753761,0.001,8.214783191680908
1004,2,4,962,80.31378173828125,90.69864277309841,0.001,8.84613847732544
1005,2,5,778,95.13284301757812,91.54255129129918,0.001,8.209720134735107
1006,2,6,2327,102.25228881835938,92.81239272752947,0.001,9.683588743209839
1007,2,7,2750,93.9590072631836,92.89719348783748,0.001,8.603470087051392
1008,2,8,2479,90.84680938720703,92.62756587700369,0.001,6.705035448074341
1009,2,9,2793,85.20184326171875,91.47134278517503,0.001,9.160186290740967
1010,2,10,689,91.0711669921875,91.44109631994701,0.001,7.644373416900635
1011,2,11,2055,89.5032958984375,91.20074469227002,0.001,10.890703201293945
1012,2,12,2229,84.91493225097656,90.85932400816276,0.001,10.07457685470581
1013,2,13,693,90.31491088867188,90.80195633523586,0.001,8.589353084564209
1014,2,14,2930,92.31430053710938,90.8553897207204,0.001,11.364601373672485
1015,2,15,2425,88.05042266845703,90.65675424099194,0.001,6.459723472595215
1016,2,16,961,81.81305694580078,89.89992360480177,0.001,8.11795973777771
1017,2,17,2008,118.24575805664062,90.65761323631584,0.001,7.480229139328003
1018,2,18,2682,83.03777313232422,90.06163846577775,0.001,8.786262273788452
1019,2,19,2583,91.24952697753906,90.12706539966021,0.001,9.528763771057129
1020,2,20,951,90.32695007324219,90.13739857777684,0.001,9.20389199256897
1021,2,21,607,99.73202514648438,90.35978519619337,0.001,8.08690595626831
1022,2,22,32,82.3963394165039,89.84756355810279,0.001,7.53192138671875
1023,2,23,1514,91.4761962890625,89.88322735608651,0.001,8.939352750778198
1024,2,24,441,85.03620910644531,89.66888956057448,0.001,11.172293186187744
1025,2,25,407,90.78905487060547,89.71640240261681,0.001,9.450480222702026
1026,2,26,773,100.395751953125,90.15094530076652,0.001,8.7683424949646
1027,2,27,727,90.72997283935547,90.16179827631653,0.001,7.344624042510986
1028,2,28,1751,89.18761444091797,90.13472676685532,0.001,9.74036192893982
1029,2,29,1802,98.41012573242188,90.44270961369266,0.001,9.045950651168823
1030,2,30,1127,89.77304077148438,90.42494842632176,0.001,8.249105453491211
1031,2,31,98,87.06279754638672,90.26869498457735,0.001,8.122274160385132
1032,2,32,914,84.666748046875,90.08153177374005,0.001,8.58948302268982
1033,2,33,469,91.59613800048828,90.14613872488908,0.001,8.337641716003418
1034,2,34,601,88.38323974609375,90.07382817977474,0.001,7.80301308631897
1035,2,35,374,77.89160919189453,89.59614537014909,0.001,9.462518692016602
1036,2,36,2871,76.42800903320312,89.09918522480812,0.001,9.335401058197021
1037,2,37,819,87.6505355834961,89.05891046240572,0.001,7.955082654953003
1038,2,38,523,93.98035430908203,89.23556358417497,0.001,9.168936491012573
1039,2,39,2216,94.24421691894531,89.29197730327242,0.001,8.502414464950562
1040,2,40,2221,89.7160415649414,89.30307960794663,0.001,8.104897022247314
1041,2,41,2767,83.99152374267578,89.16825422832372,0.001,10.06193208694458
1042,2,42,69,90.12905883789062,89.19955064733026,0.001,9.368601560592651
1043,2,43,455,75.7458267211914,89.08164622463984,0.001,9.028685092926025
1044,2,44,488,94.00037384033203,89.23273909018403,0.001,9.394939661026001
1045,2,45,340,85.75666046142578,89.15349965706372,0.001,8.891215562820435
1046,2,46,989,96.2198715209961,89.31026314559644,0.001,9.267261266708374
1047,2,47,1557,84.96278381347656,89.18436163211285,0.001,10.38109540939331
1048,2,48,1627,98.3362045288086,89.37936073799227,0.001,8.43983268737793
1049,2,49,383,90.22712707519531,89.40188400264,0.001,8.059468030929565
1050,2,50,2596,98.6591796875,89.53580481341089,0.001,8.549407243728638
1051,2,51,521,88.85737609863281,89.52934941692841,0.001,8.52565860748291
1052,2,52,1878,89.5120620727539,89.52910793915434,0.001,7.767995357513428
1053,2,53,1714,78.80631256103516,89.32601346434693,0.001,8.365492820739746
1054,2,54,2449,80.59284973144531,89.15948527294857,0.001,7.816465854644775
1055,2,55,825,84.302734375,89.11691363263648,0.001,9.265811920166016
1056,2,56,1117,94.48847198486328,89.2182774174195,0.001,6.819384336471558
1057,2,57,2000,84.25642395019531,89.17538900559249,0.001,9.411702632904053
1058,2,58,686,78.26976776123047,88.97447374187401,0.001,11.02676510810852
1059,2,59,1965,86.57536315917969,88.91769473248084,0.001,8.261789560317993
1060,2,60,2614,82.5781021118164,88.77344566908681,0.001,9.740153074264526
1061,2,61,728,82.8267822265625,88.67257008423005,0.001,9.080626249313354
1062,2,62,2523,92.04225158691406,88.74699289854762,0.001,9.394606828689575
1063,2,63,920,89.20133972167969,88.75692516481821,0.001,9.055078506469727
1064,2,64,2874,88.5384292602539,88.75351574853187,0.001,7.703013896942139
1065,2,65,743,90.10130310058594,88.76359289667735,0.001,10.886123418807983
1066,2,66,1457,86.67810821533203,88.72096081456492,0.001,9.758981227874756
1067,2,67,1473,87.17760467529297,88.70623148677274,0.001,6.890929937362671
1068,2,68,1540,93.69149780273438,88.74263915262996,0.001,9.901838779449463
1069,2,69,2464,63.79059982299805,88.55922707898263,0.001,9.405165910720825
1070,2,70,870,87.5982666015625,88.54894745437021,0.001,7.4432220458984375
1071,2,71,787,88.42036437988281,88.5480260287977,0.001,6.96404242515564
1072,2,72,471,87.76307678222656,88.5329423801949,0.001,7.9170989990234375
1073,2,73,827,94.10845947265625,88.58075299450815,0.001,7.5592360496521
1074,2,74,2476,94.68666076660156,88.62259234813668,0.001,7.759986639022827
1075,2,75,376,104.26217651367188,88.73020217077716,0.001,7.523077487945557
1076,2,76,977,89.52146911621094,88.73793103458988,0.001,9.83889627456665
1077,2,77,851,85.25543212890625,88.67221767515319,0.001,9.059643030166626
1078,2,78,2223,85.3746109008789,88.61211442327274,0.001,8.176121234893799
1079,2,79,1862,78.06266784667969,88.5442769206267,0.001,10.224183559417725
1080,2,80,858,94.53203582763672,88.57892710991632,0.001,9.720024585723877
1081,2,81,1772,86.61051940917969,88.54381548106454,0.001,7.710097789764404
1082,2,82,1365,98.14293670654297,88.60381853679206,0.001,10.332818508148193
1083,2,83,1682,80.5782699584961,88.5003788403719,0.001,9.906440734863281
1084,2,84,1580,93.11332702636719,88.54247822134889,0.001,9.848646879196167
1085,2,85,1915,86.15083312988281,88.5210332750827,0.001,10.293473243713379
1086,2,86,1569,89.26956939697266,88.53047154065258,0.001,9.871829271316528
1087,2,87,1493,86.9744873046875,88.50484491223058,0.001,10.651236534118652
1088,2,88,1263,96.02363586425781,88.59623906358016,0.001,9.4900484085083
1089,2,89,1434,92.15819549560547,88.63761001548077,0.001,9.401924848556519
1090,2,90,1596,92.39805603027344,88.6689144046913,0.001,8.604249000549316
1091,2,91,1514,90.96939849853516,88.6818105708962,0.001,9.127110004425049
1092,2,92,1717,104.4810562133789,88.76952288519234,0.001,7.916991949081421
1093,2,93,1693,87.73240661621094,88.75351490162072,0.001,9.11581802368164
1094,2,94,1440,90.06482696533203,88.76825228728798,0.001,9.504375696182251
1095,2,95,1636,74.4381332397461,88.55154672472037,0.001,10.051520347595215
1096,2,96,1264,90.57013702392578,88.56256857964212,0.001,10.087928056716919
1097,2,97,1766,89.37055206298828,88.56564427723595,0.001,8.398296356201172
1098,2,98,1397,78.34064483642578,88.41337421241322,0.001,9.691296815872192
1099,2,99,1128,75.64897918701172,88.27383627730887,0.001,11.372314214706421
1100,2,100,1675,87.81611633300781,88.27033266878816,0.001,9.109478235244751
1101,2,101,1649,77.7835922241211,88.1576367912444,0.001,9.853566646575928
1102,2,102,1502,83.83918762207031,88.09592173679397,0.001,9.222123622894287
1103,2,103,1838,81.20867919921875,88.02514263787884,0.001,9.00117540359497
1104,2,104,1549,92.62266540527344,88.06020519420517,0.001,9.048623085021973
1105,2,105,1903,87.26189422607422,88.05442502300455,0.001,9.458903789520264
1106,2,106,2060,84.45893859863281,88.01755626797207,0.001,11.33173942565918
1107,2,107,1769,84.71941375732422,87.97287966585671,0.001,9.627303838729858
1108,2,108,1123,89.37337493896484,87.98284232449812,0.001,8.937229633331299
1109,2,109,1259,80.66878509521484,87.93210481324121,0.001,9.493761777877808
1110,2,110,1793,91.469482421875,87.97767923777869,0.001,9.019983530044556
1111,2,111,1368,92.81303405761719,88.01194583134321,0.001,8.991548776626587
1112,2,112,1777,85.19866180419922,87.98525021472489,0.001,8.660987377166748
1113,2,113,1554,88.25328826904297,87.98648988687229,0.001,9.586549997329712
1114,2,114,1768,93.37230682373047,88.01081344000292,0.001,8.54334831237793
1115,2,115,1111,87.40941619873047,88.00514698977693,0.001,9.699133157730103
1116,2,116,1817,69.37377166748047,87.92440843662679,0.001,8.527322769165039
1117,2,117,1342,90.13721466064453,87.94466075525847,0.001,7.67108154296875
1118,2,118,1262,89.80216979980469,87.95275100594542,0.001,8.846313714981079
1119,2,119,1394,78.43055725097656,87.86516514725113,0.001,9.16721487045288
1120,2,120,1848,83.39559173583984,87.8108161465139,0.001,8.81220030784607
1121,2,121,1530,82.12129211425781,87.74277382641358,0.001,9.004711627960205
1122,2,122,1174,87.1566390991211,87.73754271588493,0.001,9.053725242614746
1123,2,123,1806,80.49519348144531,87.65246239237703,0.001,9.597988367080688
1124,2,124,2007,85.51908874511719,87.63397021306749,0.001,10.253337860107422
1125,2,125,1370,74.18656158447266,87.51696234071974,0.001,9.865970849990845
1126,2,126,1196,87.05853271484375,87.51523864365231,0.001,9.646806001663208
1127,2,127,2188,88.13228607177734,87.52046281400838,0.001,8.351843357086182
1128,2,128,177,90.4640884399414,87.54503069413505,0.001,11.459901094436646
1129,2,129,2008,116.12122344970703,87.64767564452768,0.001,8.776930332183838
1130,2,130,1311,78.71150207519531,87.54855840071804,0.001,8.47844934463501
1131,2,131,1548,91.10137176513672,87.57680572988941,0.001,9.487018585205078
1132,2,132,1519,89.0731430053711,87.58931249905847,0.001,8.115432739257812
1133,2,133,1556,80.28462219238281,87.52960321361962,0.001,11.058171510696411
1134,2,134,1093,84.0014877319336,87.49242567948649,0.001,10.392491817474365
1135,2,135,1344,79.78646087646484,87.43141817052833,0.001,8.602082252502441
1136,2,136,2181,100.86570739746094,87.4825003661252,0.001,10.933852910995483
1137,2,137,1118,85.90626525878906,87.47010413529476,0.001,8.47762155532837
1138,2,138,1361,81.52584075927734,87.44785485687584,0.001,8.875144004821777
1139,2,139,1844,103.95480346679688,87.50264494133582,0.001,8.909461975097656
1140,2,140,1495,92.93806457519531,87.54512427573846,0.001,9.142532587051392
1141,2,141,1737,87.04595184326172,87.54013880604857,0.001,9.632189989089966
1142,2,142,1506,81.70069885253906,87.5198903314549,0.001,9.374761819839478
1143,2,143,1442,82.67842864990234,87.49382808632458,0.001,10.147141218185425
1144,2,144,2152,86.33671569824219,87.48514809817945,0.001,10.825485944747925
1145,2,145,1127,88.8627700805664,87.49271418700404,0.001,9.522036075592041
1146,2,146,1372,81.96401977539062,87.45156816062048,0.001,9.436079025268555
1147,2,147,1383,93.8626480102539,87.48615510028097,0.001,8.352187633514404
1148,2,148,1756,89.3449478149414,87.49965331270037,0.001,6.327641725540161
1149,2,149,1098,81.09600830078125,87.46572283968682,0.001,9.830344915390015
1150,2,150,1326,95.57543182373047,87.49357002155847,0.001,9.31076431274414
1151,2,151,2034,89.4534683227539,87.51223118778088,0.001,9.945729970932007
1152,2,152,1617,88.48310852050781,87.5212089174098,0.001,10.04531741142273
1153,2,153,1302,86.45052337646484,87.51170037263323,0.001,10.84959363937378
1154,2,154,2223,84.86699676513672,87.48666603318142,0.001,9.785334825515747
1155,2,155,2225,90.21435546875,87.5120225243247,0.001,9.14110779762268
1156,2,156,2179,88.89328002929688,87.51897295539307,0.001,7.008105516433716
1157,2,157,1313,82.04712677001953,87.47082820843198,0.001,10.861678838729858
1158,2,158,1809,90.50350189208984,87.4979204608878,0.001,9.542428255081177
1159,2,159,1453,92.30889892578125,87.5124441211736,0.001,10.008691787719727
1160,2,160,2221,89.466796875,87.52591046380294,0.001,9.08096718788147
1161,2,161,1692,88.39175415039062,87.53362056761453,0.001,10.512202024459839
1162,2,162,2117,92.01057434082031,87.56270622431202,0.001,8.65129017829895
1163,2,163,1845,82.80603790283203,87.54852991164645,0.001,9.629590272903442
1164,2,164,1523,89.38784790039062,87.55433734046827,0.001,10.605598211288452
1165,2,165,2075,76.71078491210938,87.50419549642788,0.001,8.627191543579102
1166,2,166,1938,84.35599517822266,87.49470042043382,0.001,10.492384433746338
1167,2,167,1921,82.80104064941406,87.46413716575866,0.001,9.74192500114441
1168,2,168,2274,86.94640350341797,87.46084445597162,0.001,9.55565857887268
1169,2,169,1627,97.60105895996094,87.52668361486813,0.001,10.208924293518066
1170,2,170,1914,82.18354797363281,87.51036207633659,0.001,7.4930620193481445
1171,2,171,2293,76.14965057373047,87.43619166186606,0.001,10.350054025650024
1172,2,172,1439,88.49551391601562,87.4450077545761,0.001,9.312755346298218
1173,2,173,2413,90.8443374633789,87.46666135890594,0.001,9.223824501037598
1174,2,174,2144,90.72480773925781,87.47628427556707,0.001,8.429624080657959
1175,2,175,1250,82.45828247070312,87.46153344949755,0.001,11.225696563720703
1176,2,176,1900,99.62440490722656,87.49851043920651,0.001,8.074384689331055
1177,2,177,2149,81.12979888916016,87.45851182934986,0.001,10.478921175003052
1178,2,178,1355,79.05834197998047,87.40658549397962,0.001,9.921561479568481
1179,2,179,1339,101.21343994140625,87.44753792822644,0.001,8.430310487747192
1180,2,180,2203,98.31462097167969,87.53590469524192,0.001,9.333291053771973
1181,2,181,2443,86.98626708984375,87.53260750956962,0.001,9.37517762184143
1182,2,182,1819,84.5585708618164,87.52400067498283,0.001,9.143720149993896
1183,2,183,2294,93.93090057373047,87.54174906459741,0.001,10.801758289337158
1184,2,184,1909,88.28465270996094,87.54757042002977,0.001,10.15095329284668
1185,2,185,2448,82.18499755859375,87.50550716951368,0.001,10.068623542785645
1186,2,186,1099,90.1497802734375,87.52626332154732,0.001,9.71932315826416
1187,2,187,2229,83.94886779785156,87.51333681174818,0.001,7.813678979873657
1188,2,188,1317,84.06300354003906,87.50376921963402,0.001,10.434428930282593
1189,2,189,2328,80.95276641845703,87.47624761283139,0.001,10.423719644546509
1190,2,190,2166,85.47644805908203,87.46802605141161,0.001,7.178152561187744
1191,2,191,2458,81.64659881591797,87.43465025241804,0.001,9.073428630828857
1192,2,192,1306,74.808349609375,87.3388292687276,0.001,6.536163091659546
1193,2,193,2452,98.9481201171875,87.40471078637282,0.001,8.728378295898438
1194,2,194,1324,89.14166259765625,87.41764906137769,0.001,10.801238536834717
1195,2,195,1626,76.10856628417969,87.38838253411811,0.001,9.634431838989258
1196,2,196,1132,77.45250701904297,87.33201127792475,0.001,8.205232620239258
1197,2,197,1925,114.06576538085938,87.40224344030992,0.001,7.998763561248779
1198,2,198,1642,86.7113265991211,87.39846846992089,0.001,8.288721323013306
1199,2,199,2343,87.54936218261719,87.39905602568118,0.001,8.13162088394165
1200,2,200,1393,88.7020263671875,87.40625195491997,0.001,9.84944772720337
1201,2,201,1794,78.30252075195312,87.35738235989352,0.001,9.708802223205566
1202,2,202,1762,94.80224609375,87.39771734806162,0.001,7.232004880905151
1203,2,203,1862,78.05968475341797,87.37360214735817,0.001,8.162187576293945
1204,2,204,1802,95.25153350830078,87.4158736852119,0.001,9.127717018127441
1205,2,205,175,92.75226593017578,87.43676159082695,0.001,7.652609348297119
1206,2,206,1779,95.23297119140625,87.49201578036948,0.001,8.937819957733154
1207,2,207,1117,92.46430969238281,87.51885678307363,0.001,8.994681119918823
1208,2,208,1081,91.37696838378906,87.53923267376706,0.001,8.370360851287842
1209,2,209,1923,88.009033203125,87.5417514183447,0.001,9.297187089920044
1210,2,210,2051,85.19647979736328,87.52944174207119,0.001,8.724674940109253
1211,2,211,1951,93.27357482910156,87.5593012537754,0.001,7.088618993759155
1212,2,212,2398,82.09564208984375,87.5221016916298,0.001,9.202908039093018
1213,2,213,2464,62.33891296386719,87.45911652742022,0.001,9.541444778442383
1214,2,214,2499,93.54331970214844,87.48142787031017,0.001,11.235636949539185
1215,2,215,1918,79.7452163696289,87.42882075770041,0.001,10.374110698699951
1216,2,216,2040,88.34016418457031,87.4350386895303,0.001,8.335139513015747
1217,2,217,254,77.2784423828125,87.36739871328598,0.001,9.997928142547607
1218,2,218,264,88.72040557861328,87.37419909792042,0.001,10.691649675369263
1219,2,219,2251,97.17874908447266,87.40985968149532,0.001,8.52127742767334
1220,2,220,1182,77.26815032958984,87.35922702066395,0.001,8.879186868667603
1221,2,221,1346,98.45960998535156,87.42944556591146,0.001,9.613128185272217
1222,2,222,1690,74.77458953857422,87.39962905330613,0.001,8.142476320266724
1223,2,223,1807,86.17666625976562,87.39178085218116,0.001,8.39141058921814
1224,2,224,2202,89.00199127197266,87.40225380088432,0.001,9.00894021987915
1225,2,225,28,97.01371002197266,87.42427151011127,0.001,9.523191690444946
1226,2,226,2243,89.27704620361328,87.43616024293048,0.001,9.268447875976562
1227,2,227,2543,85.6847152709961,87.42773509416458,0.001,8.363797664642334
1228,2,228,1557,84.42696380615234,87.40861911444713,0.001,9.460378646850586
1229,2,229,1616,94.79668426513672,87.44433652102872,0.001,8.9080069065094
1230,2,230,1823,82.10118865966797,87.41012000447381,0.001,7.754781246185303
1231,2,231,1181,97.94062042236328,87.45819187173514,0.001,7.317310094833374
1232,2,232,2588,88.53787231445312,87.46495706569566,0.001,8.032707452774048
1233,2,233,1274,86.15576934814453,87.45902300910748,0.001,8.715280532836914
1234,2,234,1532,94.16802215576172,87.4998841551785,0.001,8.49282717704773
1235,2,235,2401,80.08407592773438,87.46548507946643,0.001,8.649954557418823
1236,2,236,2297,87.74695587158203,87.466794655228,0.001,7.938968181610107
1237,2,237,256,81.33795166015625,87.44715963723387,0.001,8.507473230361938
1238,2,238,1265,93.6391372680664,87.46055937393797,0.001,7.550225257873535
1239,2,239,1441,78.2272720336914,87.44023776858928,0.001,8.430574178695679
1240,2,240,2564,79.85342407226562,87.40669435313634,0.001,9.827767372131348
1241,2,241,273,90.36918640136719,87.42008126468204,0.001,7.86514139175415
1242,2,242,1360,99.41529083251953,87.44487526685495,0.001,8.092385053634644
1243,2,243,1812,83.66368103027344,87.42221569800535,0.001,9.06336522102356
1244,2,244,2064,85.54352569580078,87.4138113892207,0.001,7.508587598800659
1245,2,245,1575,97.82218933105469,87.46071337394456,0.001,7.748281478881836
1246,2,246,1126,83.17675018310547,87.43563439220274,0.001,10.405932426452637
1247,2,247,2552,91.22833251953125,87.4520025913724,0.001,8.743823289871216
1248,2,248,1460,89.55994415283203,87.45857168080681,0.001,8.666136741638184
1249,2,249,2595,99.3138427734375,87.4828596541359,0.001,9.417863845825195
1250,2,250,1333,102.11323547363281,87.54616065630685,0.001,8.233598470687866
1251,2,251,1457,85.02940368652344,87.53189586653997,0.001,9.070195436477661
1252,2,252,178,82.76984405517578,87.51202827600086,0.001,9.103761196136475
1253,2,253,2241,98.94784545898438,87.5776562516071,0.001,9.533772706985474
1254,2,254,1714,75.41973876953125,87.52747496517009,0.001,8.82495403289795
1255,2,255,1161,84.48596954345703,87.52171565210647,0.001,8.530743837356567
1256,2,256,1083,93.63429260253906,87.5551101133661,0.001,8.771531581878662
1257,2,257,2511,90.58274841308594,87.56428099939664,0.001,7.824889659881592
1258,2,258,2282,82.76856231689453,87.5547576467292,0.001,8.146058320999146
1259,2,259,2498,97.57740783691406,87.58453512118442,0.001,9.762933015823364
1260,2,260,1090,86.85033416748047,87.58238573022639,0.001,10.705238103866577
1261,2,261,2340,89.4040756225586,87.5897594764319,0.001,9.490068197250366
1262,2,262,2272,85.42115020751953,87.58083051788346,0.001,8.509979009628296
1263,2,263,2722,74.27156829833984,87.55674359616476,0.001,7.818056583404541
1264,2,264,1699,87.6090316772461,87.55689297939179,0.001,8.411210536956787
1265,2,265,1399,83.21092987060547,87.53289569515192,0.001,9.196068048477173
1266,2,266,1503,82.68930053710938,87.51991928453981,0.001,8.590798139572144
1267,2,267,2709,99.80408477783203,87.54338177342419,0.001,9.743943929672241
1268,2,268,1814,79.00694274902344,87.50934168423989,0.001,9.162754535675049
1269,2,269,2425,87.52637481689453,87.5094105952078,0.001,8.63955307006836
1270,2,270,2070,90.00826263427734,87.52273343128121,0.001,10.070013761520386
1271,2,271,2669,97.60220336914062,87.5421872408807,0.001,9.25831127166748
1272,2,272,2427,79.57955932617188,87.51112801350605,0.001,8.51686716079712
1273,2,273,1577,87.9019775390625,87.51267165678365,0.001,9.953612089157104
1274,2,274,1488,80.66036224365234,87.47875748268802,0.001,8.21337366104126
1275,2,275,1092,86.48601531982422,87.47354882569101,0.001,7.539406061172485
1276,2,276,2197,95.03189086914062,87.50293218928167,0.001,8.236255407333374
1277,2,277,2548,85.48274230957031,87.49518564954965,0.001,9.49754285812378
1278,2,278,1615,89.41385650634766,87.50247959248252,0.001,9.413254499435425
1279,2,279,2750,86.93170166015625,87.5014349342277,0.001,8.865200519561768
1280,2,280,1570,84.32488250732422,87.49551874269112,0.001,8.823725700378418
1281,2,281,2482,86.9388198852539,87.49263544517103,0.001,7.457785129547119
1282,2,282,2593,78.42053985595703,87.4571207189491,0.001,7.890862941741943
1283,2,283,1153,88.18499755859375,87.46085193872374,0.001,7.547487020492554
1284,2,284,2249,88.65145111083984,87.46546463364288,0.001,10.029973030090332
1285,2,285,2871,74.73214721679688,87.40164343025661,0.001,8.602148056030273
1286,2,286,1896,81.22325134277344,87.37853913636677,0.001,8.734824895858765
1287,2,287,2781,77.76248168945312,87.3559332372289,0.001,8.493599653244019
1288,2,288,2546,83.77604675292969,87.34264215341273,0.001,8.487120151519775
1289,2,289,1543,100.91114044189453,87.36714792101225,0.001,7.732514142990112
1290,2,290,1878,87.35066223144531,87.36710457696326,0.001,8.194897413253784
1291,2,291,2584,82.56793975830078,87.34345329082034,0.001,8.86894178390503
1292,2,292,2325,92.74775695800781,87.3634686937446,0.001,10.10147476196289
1293,2,293,2435,85.31758880615234,87.3597669975716,0.001,8.261804342269897
1294,2,294,2522,77.32611846923828,87.32325099617795,0.001,8.081679105758667
1295,2,295,1310,82.16141510009766,87.29795211354319,0.001,8.628733396530151
1296,2,296,2219,90.23201751708984,87.30274070169052,0.001,8.488474130630493
1297,2,297,2432,76.92807006835938,87.28454050618365,0.001,6.361689567565918
1298,2,298,1586,88.23461151123047,87.28916915017854,0.001,9.045160293579102
1299,2,299,2772,81.46666717529297,87.26820272268085,0.001,6.100491046905518
1300,2,300,1173,96.41741180419922,87.28400701054751,0.001,8.567086219787598
1301,2,301,2692,89.52950286865234,87.29474209758114,0.001,9.161372184753418
1302,2,302,2874,87.77082061767578,87.29641079417404,0.001,9.324249505996704
1303,2,303,361,85.16046905517578,87.28675883738543,0.001,9.171372890472412
1304,2,304,342,81.43303680419922,87.25866223142862,0.001,8.976924180984497
1305,2,305,2191,93.50608825683594,87.27478457345825,0.001,9.051112174987793
1306,2,306,2538,93.3994140625,87.28509871797507,0.001,8.629970788955688
1307,2,307,2436,86.49946594238281,87.28377019124945,0.001,8.444786310195923
1308,2,308,1516,83.61534881591797,87.2709789558182,0.001,8.081085920333862
1309,2,309,38,82.86799621582031,87.25988190285132,0.001,6.751887321472168
1310,2,310,2113,88.14546203613281,87.26301320599802,0.001,8.4239501953125
1311,2,311,2775,87.83238220214844,87.2649664737877,0.001,9.935366868972778
1312,2,312,2235,88.2292251586914,87.26939936097182,0.001,8.330034494400024
1313,2,313,2535,91.89434814453125,87.27700426990332,0.001,8.753750562667847
1314,2,314,2652,89.62244415283203,87.28078921530822,0.001,10.050293207168579
1315,2,315,2460,81.77129364013672,87.2717645571052,0.001,8.180018663406372
1316,2,316,2861,78.00228881835938,87.2397352599108,0.001,8.97129511833191
1317,2,317,2095,85.74139404296875,87.23303928333443,0.001,7.4742655754089355
1318,2,318,2055,82.49141693115234,87.21152682433818,0.001,7.962463140487671
1319,2,319,1149,71.56500244140625,87.15798369757673,0.001,10.139135599136353
1320,2,320,2505,86.0923843383789,87.1562283554518,0.001,8.752002000808716
1321,2,321,1965,85.25811767578125,87.14763133369694,0.001,10.325734853744507
1322,2,322,2523,91.66043090820312,87.16784421636837,0.001,7.170230865478516
1323,2,323,2782,80.0459976196289,87.13581013188713,0.001,8.912528991699219
1324,2,324,1620,85.80284118652344,87.13439438189302,0.001,9.131100416183472
1325,2,325,1797,77.06002807617188,87.11808478890497,0.001,9.520407676696777
1326,2,326,32,79.29719543457031,87.08289082298846,0.001,8.24753189086914
1327,2,327,2479,85.85078430175781,87.07895482331536,0.001,10.436751365661621
1328,2,328,2050,74.3033218383789,87.04942736541514,0.001,8.523306131362915
1329,2,329,461,92.81676483154297,87.07444414618222,0.001,8.825298547744751
1330,2,330,2834,82.6207504272461,87.05496222943489,0.001,8.859619140625
1331,2,331,374,75.2813949584961,87.00417478276614,0.001,9.23928451538086
1332,2,332,2901,92.34623718261719,87.01684552279033,0.001,9.874380826950073
1333,2,333,2929,86.51510620117188,87.01522071077741,0.001,8.929907321929932
1334,2,334,2147,86.9068832397461,87.0147523545795,0.001,8.145279884338379
1335,2,335,2565,81.4839096069336,87.00613752034288,0.001,9.126644134521484
1336,2,336,2610,85.34851837158203,87.00359671845943,0.001,7.800097703933716
1337,2,337,1791,81.15824127197266,86.9904173860229,0.001,6.940787315368652
1338,2,338,490,87.69717407226562,86.99151614550908,0.001,8.970876455307007
1339,2,339,2906,84.11858367919922,86.98238413202084,0.001,10.538183450698853
1340,2,340,2399,90.69461059570312,86.98742961274023,0.001,8.50990104675293
1341,2,341,383,89.70592498779297,86.99856741676162,0.001,8.21254563331604
1342,2,342,378,96.27986907958984,87.03767675984275,0.001,9.301983833312988
1343,2,343,1879,83.66761779785156,87.02996133246114,0.001,9.644455671310425
1344,2,344,1585,86.84910583496094,87.02921379801003,0.001,7.812435865402222
1345,2,345,2864,85.47999572753906,87.0257126698526,0.001,8.24173641204834
1346,2,346,1120,80.17280578613281,87.01114891528358,0.001,8.497408151626587
1347,2,347,2547,86.0528564453125,87.0081548578948,0.001,8.829845428466797
1348,2,348,1551,93.93317413330078,87.03001092697983,0.001,9.793171167373657
1349,2,349,2387,97.00164794921875,87.05211802364234,0.001,7.772861957550049
1350,2,350,2672,85.741943359375,87.04669602770109,0.001,7.107541799545288
1351,2,351,1473,85.22500610351562,87.04320468562364,0.001,8.417605638504028
1352,2,352,2502,90.84893798828125,87.05891778681085,0.001,7.4485015869140625
1353,2,353,2462,87.54761505126953,87.06093468912891,0.001,8.959585666656494
1354,2,354,2758,99.85469818115234,87.09971427761559,0.001,8.018418073654175
1355,2,355,2378,89.68778991699219,87.10765778037984,0.001,9.642964839935303
1356,2,356,424,88.9869613647461,87.11152491844472,0.001,9.084403038024902
1357,2,357,1122,76.70856475830078,87.08870842639627,0.001,7.947761058807373
1358,2,358,2073,83.41057586669922,87.0836331442696,0.001,9.249071598052979
1359,2,359,340,82.6028823852539,87.07011572202894,0.001,8.165446996688843
1360,2,360,2510,81.07423400878906,87.04635613815692,0.001,8.659333944320679
1361,2,361,469,90.5036849975586,87.06007111316437,0.001,9.18949007987976
1362,2,362,2563,76.4194107055664,87.03736082227331,0.001,7.9119038581848145
1363,2,363,1363,85.77767181396484,87.03362764461681,0.001,10.266146183013916
1364,2,364,2298,75.11906433105469,87.01721524559848,0.001,9.852694272994995
1365,2,365,2494,75.21625518798828,86.98259744150668,0.001,8.229191780090332
1366,2,366,694,82.45048522949219,86.9648200541401,0.001,7.035317659378052
1367,2,367,1443,78.35462951660156,86.93132570822804,0.001,8.718513250350952
1368,2,368,492,79.38160705566406,86.90184963184682,0.001,7.775860548019409
1369,2,369,519,81.69143676757812,86.88153110518252,0.001,9.516662836074829
1370,2,370,2066,93.6064453125,86.90739343804822,0.001,8.836279392242432
1371,2,371,1541,80.79207611083984,86.89971556783985,0.001,7.8540198802948
1372,2,372,1686,90.64374542236328,86.91409212917044,0.001,7.792397975921631
1373,2,373,2789,87.1783218383789,86.91484962893304,0.001,7.686915159225464
1374,2,374,514,99.4078598022461,86.94082926264645,0.001,7.845159530639648
1375,2,375,1832,97.15849304199219,86.97984314100968,0.001,7.916423082351685
1376,2,376,2347,84.60403442382812,86.97307827534641,0.001,8.452412605285645
1377,2,377,682,93.84606170654297,86.99893549227102,0.001,8.021665334701538
1378,2,378,367,97.85394287109375,87.02064538675225,0.001,7.950899362564087
1379,2,379,1482,90.65169525146484,87.0254812685963,0.001,7.769457101821899
1380,2,380,1902,89.17855072021484,87.03157165477158,0.001,7.892107963562012
1381,2,381,1864,93.9236068725586,87.040902068974,0.001,9.081690549850464
1382,2,382,707,86.34481811523438,87.0400276542012,0.001,9.206749200820923
1383,2,383,1527,86.08477020263672,87.03736105668695,0.001,8.991168737411499
1384,2,384,1089,88.7535171508789,87.0437556072136,0.001,9.573209047317505
1385,2,385,2140,96.30406951904297,87.0555507224481,0.001,7.823984146118164
1386,2,386,2174,74.94657897949219,87.01183751787269,0.001,9.090765476226807
1387,2,387,73,83.78353881835938,87.00750785320709,0.001,8.92258620262146
1388,2,388,616,89.12665557861328,87.01526229755011,0.001,8.15826964378357
1389,2,389,770,88.86558532714844,87.02044883631201,0.001,9.059909105300903
1390,2,390,1113,88.3379135131836,87.02528110634684,0.001,10.18724012374878
1391,2,391,60,87.95481872558594,87.0271000814523,0.001,9.661357641220093
1392,2,392,1151,91.79751586914062,87.03609986709105,0.001,7.046856164932251
1393,2,393,1821,99.22628784179688,87.05194911660719,0.001,8.265619993209839
1394,2,394,488,88.30755615234375,87.05647227249217,0.001,8.062037467956543
1395,2,395,2794,86.41816711425781,87.05563382374304,0.001,10.712207078933716
1396,2,396,2071,94.80712127685547,87.07058021617883,0.001,9.709119319915771
1397,2,397,336,82.07142639160156,87.05239257883422,0.001,9.708914279937744
1398,2,398,2654,87.66944122314453,87.05462332896366,0.001,10.4416663646698
1399,2,399,432,79.2081298828125,87.0338926363127,0.001,8.513157367706299
1400,2,400,2706,79.12541961669922,87.02426854599923,0.001,9.823322296142578
1401,2,401,601,86.44438171386719,87.02219766102934,0.001,8.459554195404053
1402,2,402,852,92.04032135009766,87.03547343746592,0.001,7.524325370788574
1403,2,403,2098,89.4215316772461,87.03965305729389,0.001,7.365359306335449
1404,2,404,458,83.66606903076172,87.03525184224836,0.001,9.169966220855713
1405,2,405,2422,78.11133575439453,87.02392931338643,0.001,9.627618312835693
1406,2,406,1481,81.06238555908203,87.0079014142071,0.001,9.930200338363647
1407,2,407,789,81.22352600097656,86.99263877014033,0.001,8.425294876098633
1408,2,408,522,76.41818237304688,86.95531342212075,0.001,7.497431516647339
1409,2,409,448,96.9310302734375,86.98216771228687,0.001,9.196093559265137
1410,2,410,2163,81.12849426269531,86.96640510010388,0.001,9.056715488433838
1411,2,411,481,90.22135925292969,86.97491879010867,0.001,10.072806358337402
1412,2,412,1105,78.8412094116211,86.96438722411935,0.001,9.020454406738281
1413,2,413,1858,82.37569427490234,86.95255497369278,0.001,9.3792884349823
1414,2,414,350,82.47911071777344,86.9408423385797,0.001,8.740389108657837
1415,2,415,916,90.09397888183594,86.9448096087894,0.001,10.028733253479004
1416,2,416,814,74.45477294921875,86.92896091471088,0.001,9.690560340881348
1417,2,417,518,82.29682922363281,86.92322105756725,0.001,9.164429903030396
1418,2,418,2233,93.74101257324219,86.93575689174267,0.001,8.891858577728271
1419,2,419,819,84.66840362548828,86.92988193024333,0.001,9.194653272628784
1420,2,420,2278,87.95577239990234,86.93256116844265,0.001,9.042106628417969
1421,2,421,1888,79.19135284423828,86.90651909554576,0.001,8.536285877227783
1422,2,422,1480,87.58453369140625,86.90733307004676,0.001,9.558404684066772
1423,2,423,2617,83.80156707763672,86.89683330174421,0.001,8.576987266540527
1424,2,424,382,78.36588287353516,86.88677183755075,0.001,6.953250169754028
1425,2,425,920,86.65724182128906,86.8859839754075,0.001,8.237303256988525
1426,2,426,1772,85.9033432006836,86.88261567900099,0.001,9.599443435668945
1427,2,427,2533,67.5246810913086,86.84702832961173,0.001,9.334064722061157
1428,2,428,2449,79.4450912475586,86.82835789483238,0.001,8.211870431900024
1429,2,429,1839,79.19429779052734,86.8193902140129,0.001,7.339009761810303
1430,2,430,693,86.24307250976562,86.81745361729737,0.001,9.390526056289673
1431,2,431,368,82.44816589355469,86.80615393517868,0.001,9.139279842376709
1432,2,432,1706,103.82942199707031,86.84848022392107,0.001,9.731892824172974
1433,2,433,1097,96.23880004882812,86.85932063683443,0.001,8.08205771446228
1434,2,434,2763,95.43009185791016,86.8694117883624,0.001,9.172033309936523
1435,2,435,2596,94.4703598022461,86.88289628572733,0.001,8.213090419769287
1436,2,436,2392,86.13724517822266,86.88155879124638,0.001,7.65392279624939
1437,2,437,2205,92.98418426513672,86.89692111848339,0.001,8.231935977935791
1438,2,438,710,84.50563049316406,86.89104806392474,0.001,8.429772138595581
1439,2,439,2583,90.66108703613281,86.90040358452993,0.001,8.107547998428345
1440,2,440,961,79.13514709472656,86.87510454622692,0.001,9.645735502243042
1441,2,441,2537,83.88855743408203,86.86762775318846,0.001,9.004971981048584
1442,2,442,825,80.5139389038086,86.86041445424625,0.001,9.337585926055908
1443,2,443,376,102.84858703613281,86.87929650882857,0.001,9.45404577255249
1444,2,444,962,75.41938781738281,86.85916352949137,0.001,8.82248592376709
1445,2,445,2341,80.5798110961914,86.83865903118446,0.001,7.991554260253906
1446,2,446,2845,84.77210235595703,86.83199139843424,0.001,9.09726095199585
1447,2,447,2923,92.80358123779297,86.84199780944402,0.001,8.448772192001343
1448,2,448,699,77.58768463134766,86.82001398038793,0.001,9.589111328125
1449,2,449,408,74.6890869140625,86.79934525455245,0.001,7.991034984588623
1450,2,450,2682,80.68611907958984,86.77949913954203,0.001,7.861958980560303
1451,2,451,727,81.8200912475586,86.77391485633525,0.001,9.734034538269043
1452,2,452,447,96.21692657470703,86.78481953000751,0.001,8.952858686447144
1453,2,453,919,86.01820373535156,86.78233936810895,0.001,8.954938173294067
1454,2,454,851,85.6124496459961,86.77853962185222,0.001,9.205463647842407
1455,2,455,372,80.2753677368164,86.7720742323568,0.001,7.295231342315674
1456,2,456,2603,75.00161743164062,86.73579902230307,0.001,9.245336055755615
1457,2,457,407,85.34680938720703,86.73251402805388,0.001,9.134357690811157
1458,2,458,2099,77.19945526123047,86.71636349879222,0.001,8.759144306182861
1459,2,459,706,79.91749572753906,86.70860384848264,0.001,7.966490268707275
1460,2,460,1648,96.72724151611328,86.72541071614033,0.001,8.69421124458313
1461,2,461,453,99.17770385742188,86.74613472226699,0.001,7.874574184417725
1462,2,462,913,83.77903747558594,86.7411815899665,0.001,8.294193983078003
1463,2,463,266,99.1497802734375,86.7799451953552,0.001,9.42569351196289
1464,2,464,67,85.64769744873047,86.7773006216734,0.001,8.370859861373901
1465,2,465,1463,82.70278930664062,86.77336078592803,0.001,9.35401701927185
1466,2,466,2067,88.07645416259766,86.77557857803029,0.001,8.944630146026611
1467,2,467,858,92.93844604492188,86.78176159429144,0.001,8.597827672958374
1468,2,468,390,94.87162780761719,86.79483363932287,0.001,9.067595720291138
1469,2,469,956,83.2226791381836,86.78385102744868,0.001,7.540257453918457
1470,2,470,2101,93.52120971679688,86.80475675817848,0.001,8.391110181808472
1471,2,471,951,90.08839416503906,86.8122939393151,0.001,8.278494834899902
1472,2,472,441,81.27152252197266,86.79959074106628,0.001,9.665348291397095
1473,2,473,2911,78.79542541503906,86.79149311996764,0.001,7.997438669204712
1474,2,474,2601,89.6300048828125,86.80000071845502,0.001,8.66721487045288
1475,2,475,705,81.54595184326172,86.78377358917442,0.001,9.982213973999023
1476,2,476,1945,79.43108367919922,86.76146493192374,0.001,7.746831655502319
1477,2,477,1846,85.63494110107422,86.75893182633294,0.001,8.066874980926514
1478,2,478,2204,93.82058715820312,86.7799026007167,0.001,9.70694875717163
1479,2,479,29,81.40303802490234,86.76784800456156,0.001,8.575388431549072
1480,2,480,1334,87.62110137939453,86.76874817807156,0.001,8.86514949798584
1481,2,481,2569,101.27568054199219,86.79200094990064,0.001,7.411748170852661
1482,2,482,56,88.30695343017578,86.79540258748762,0.001,6.3589372634887695
1483,2,483,863,82.39928436279297,86.78548520038181,0.001,8.320725679397583
1484,2,484,1764,88.11538696289062,86.78952165945499,0.001,8.873886346817017
1485,2,485,2793,80.81765747070312,86.77149167035643,0.001,8.32140851020813
1486,2,486,65,92.241943359375,86.77742125751875,0.001,8.351374626159668
1487,2,487,2909,85.10636901855469,86.77367944693424,0.001,7.910306692123413
1488,2,488,2930,87.29949951171875,86.77422215739806,0.001,6.443396329879761
1489,2,489,1602,97.76902770996094,86.7818909787944,0.001,9.742542505264282
1490,2,490,2196,95.78311157226562,86.79043760453172,0.001,8.432269811630249
1491,2,491,2590,100.70611572265625,86.8117329865747,0.001,9.816086769104004
1492,2,492,250,86.86136627197266,86.8117853127788,0.001,9.211363077163696
1493,2,493,986,77.39848327636719,86.79070274035195,0.001,9.433861255645752
1494,2,494,2080,78.90670013427734,86.76746725091222,0.001,9.445963144302368
1495,2,495,1155,94.19668579101562,86.77536442235068,0.001,8.63945198059082
1496,2,496,2613,98.11503601074219,86.79987746290236,0.001,8.403598308563232
1497,2,497,2157,79.95621490478516,86.77996078204691,0.001,7.533681869506836
1498,2,498,2767,83.93964385986328,86.7736882169569,0.001,8.251725673675537
1499,2,499,966,81.7593002319336,86.76605518912079,0.001,8.178289413452148
1500,3,0,2377,75.68022918701172,75.68022918701172,0.001,7.589756965637207
1501,3,1,801,86.17528533935547,79.98713807226231,0.001,7.127043724060059
1502,3,2,337,79.00975036621094,79.71674460434777,0.001,8.028950691223145
1503,3,3,832,76.3916015625,78.51255567288815,0.001,9.075133323669434
1504,3,4,759,86.78840637207031,80.27350176225508,0.001,7.6987762451171875
1505,3,5,2184,94.80499267578125,82.22356623802597,0.001,9.602506875991821
1506,3,6,2614,79.17049407958984,81.62038497489057,0.001,8.773237228393555
1507,3,7,989,90.64202117919922,82.79055946986203,0.001,7.998209714889526
1508,3,8,808,87.06224060058594,83.27833973846117,0.001,7.288717985153198
1509,3,9,392,90.1957778930664,84.19164689048489,0.001,8.588070392608643
1510,3,10,990,76.57462310791016,83.4847855413592,0.001,8.702584028244019
1511,3,11,68,94.33638763427734,84.15713406272458,0.001,7.830226898193359
1512,3,12,2660,89.83673095703125,84.72514228949571,0.001,8.511288166046143
1513,3,13,1568,81.94415283203125,84.5286773445021,0.001,9.164401292800903
1514,3,14,507,99.62833404541016,84.87693043971245,0.001,8.171794891357422
1515,3,15,904,78.46327209472656,84.60711750898335,0.001,8.446975708007812
1516,3,16,1735,79.75628662109375,84.45671633523254,0.001,8.014233350753784
1517,3,17,2013,101.29830932617188,84.95062886190811,0.001,9.655579328536987
1518,3,18,468,85.5501937866211,84.9964179375654,0.001,8.561491966247559
1519,3,19,870,86.86426544189453,85.07065468423423,0.001,9.041425228118896
1520,3,20,2668,93.67205810546875,85.52814391164051,0.001,9.355486869812012
1521,3,21,1470,93.05027770996094,85.89466231216738,0.001,8.755103349685669
1522,3,22,2192,92.05918884277344,86.01540963912164,0.001,8.052785873413086
1523,3,23,954,73.98197937011719,85.74113608501746,0.001,7.919024705886841
1524,3,24,325,83.21684265136719,85.62605857069936,0.001,10.117714643478394
1525,3,25,344,84.38475799560547,85.59952451670355,0.001,9.190206289291382
1526,3,26,2406,88.52295684814453,85.7656654227736,0.001,8.323979139328003
1527,3,27,827,94.24232482910156,85.97311191827417,0.001,8.699481010437012
1528,3,28,977,86.10505676269531,85.97677336632506,0.001,8.978273153305054
1529,3,29,2000,87.08161163330078,85.9972064025907,0.001,8.64540958404541
1530,3,30,685,86.85785675048828,86.02932469790285,0.001,8.512486934661865
1531,3,31,1751,85.4994125366211,86.01534996245682,0.001,8.601084470748901
1532,3,32,436,87.60490417480469,86.05541619794015,0.001,8.099047183990479
1533,3,33,2673,84.93830871582031,86.0161182457862,0.001,7.755741596221924
1534,3,34,2335,96.14507293701172,86.1846676886636,0.001,9.67829966545105
1535,3,35,787,88.49901580810547,86.22212299332078,0.001,9.267832040786743
1536,3,36,717,89.88446807861328,86.37872316509565,0.001,8.893851041793823
1537,3,37,788,81.56150817871094,86.18055314397486,0.001,8.304789304733276
1538,3,38,1395,107.3802490234375,86.49156428356494,0.001,8.036669492721558
1539,3,39,2720,91.241943359375,86.55414963749507,0.001,9.882917404174805
1540,3,40,915,96.61396789550781,86.69044133018264,0.001,9.350623846054077
1541,3,41,523,89.57894134521484,86.80075072952097,0.001,7.72648024559021
1542,3,42,403,83.39715576171875,86.73377517817977,0.001,10.19283938407898
1543,3,43,1700,87.97663879394531,86.7592990974533,0.001,8.707259893417358
1544,3,44,2270,84.76469421386719,86.6886192818373,0.001,10.45501971244812
1545,3,45,2450,85.37540435791016,86.65559636900275,0.001,9.33662748336792
1546,3,46,1540,97.64600372314453,86.78907555312705,0.001,7.950019598007202
1547,3,47,2694,101.11060333251953,86.95845459328045,0.001,9.596551656723022
1548,3,48,1676,84.55949401855469,86.8804639873461,0.001,8.25601601600647
1549,3,49,363,90.4352035522461,86.92077243230017,0.001,7.563874244689941
1550,3,50,972,88.49996185302734,86.95700125915177,0.001,6.905433177947998
1551,3,51,446,88.57381439208984,86.99365445360125,0.001,7.885342836380005
1552,3,52,695,85.86495208740234,86.96822806341342,0.001,9.112846374511719
1553,3,53,69,89.08174133300781,87.02986282114831,0.001,10.20664668083191
1554,3,54,834,90.58059692382812,87.12948169485452,0.001,8.741405487060547
1555,3,55,2349,82.37337493896484,87.0002159992439,0.001,9.551451206207275
1556,3,56,728,82.047119140625,86.90041093925424,0.001,7.5250725746154785
1557,3,57,2216,90.22954559326172,86.92872557259331,0.001,8.179237365722656
1558,3,58,873,89.20606231689453,86.94757019423359,0.001,9.827469110488892
1559,3,59,64,97.87885284423828,87.0507811011801,0.001,8.837228059768677
1560,3,60,274,88.05835723876953,87.06981010183375,0.001,9.22484540939331
1561,3,61,2529,89.49683380126953,87.11656186804065,0.001,8.667555809020996
1562,3,62,1571,92.380859375,87.24506928687002,0.001,8.24745512008667
1563,3,63,190,76.31523132324219,86.97762801048565,0.001,9.100746870040894
1564,3,64,1343,86.82183837890625,86.97639445562466,0.001,8.420706033706665
1565,3,65,2927,86.56647491455078,86.97340853145467,0.001,9.074855327606201
1566,3,66,689,89.92436218261719,87.01002381577285,0.001,7.8216564655303955
1567,3,67,496,80.71376037597656,86.90670465817134,0.001,8.814550161361694
1568,3,68,2608,87.29579162597656,86.91556350195943,0.001,9.32991075515747
1569,3,69,1109,84.20262145996094,86.85831366440122,0.001,8.919849157333374
1570,3,70,611,88.6435546875,86.87863601573488,0.001,9.589746713638306
1571,3,71,719,80.89064025878906,86.75179776793824,0.001,7.965785503387451
1572,3,72,459,109.22006225585938,86.91900336527821,0.001,8.510912895202637
1573,3,73,455,67.89820098876953,86.81026793769371,0.001,8.619034051895142
1574,3,74,98,89.17085266113281,86.85877206505617,0.001,9.664506196975708
1575,3,75,2784,87.91667938232422,86.88006306939862,0.001,8.045507431030273
1576,3,76,388,97.6470718383789,86.95340170468671,0.001,8.879055261611938
1577,3,77,2455,101.52799987792969,87.05852987474955,0.001,9.60237193107605
1578,3,78,991,98.87481689453125,87.1395374821778,0.001,7.979912519454956
1579,3,79,1088,86.81892395019531,87.13498323523724,0.001,9.281438112258911
1580,3,80,2327,101.5377426147461,87.28000903607713,0.001,7.857969284057617
1581,3,81,774,86.8702392578125,87.27420070678252,0.001,8.416226387023926
1582,3,82,2476,93.894287109375,87.31871208369606,0.001,8.294274806976318
1583,3,83,680,104.44257354736328,87.43148679324973,0.001,8.143844366073608
1584,3,84,686,74.15645599365234,87.2446510984872,0.001,8.536987543106079
1585,3,85,2513,101.60800170898438,87.33774861655705,0.001,8.96169638633728
1586,3,86,400,89.74847412109375,87.35867842857512,0.001,8.441298007965088
1587,3,87,1087,85.27597045898438,87.32232442287831,0.001,9.250587940216064
1588,3,88,743,84.74655151367188,87.30618406294549,0.001,10.251570463180542
1589,3,89,811,73.55421447753906,87.22627394891785,0.001,9.417694807052612
1590,3,90,2832,78.43482208251953,87.08170320936782,0.001,8.410902976989746
1591,3,91,1373,75.48434448242188,86.96487593219017,0.001,9.996427059173584
1592,3,92,721,90.75471496582031,86.9987070601787,0.001,10.436749458312988
1593,3,93,1484,88.66801452636719,87.01985558847105,0.001,9.8220796585083
1594,3,94,864,95.20426177978516,87.06587974643789,0.001,8.738999128341675
1595,3,95,803,102.70843505859375,87.15582928625209,0.001,8.502792358398438
1596,3,96,1679,73.31092071533203,87.03175683462054,0.001,10.111955165863037
1597,3,97,778,92.88619995117188,87.10228320854849,0.001,7.877928256988525
1598,3,98,401,82.66426086425781,87.04897171166807,0.001,9.070314407348633
1599,3,99,773,96.87560272216797,87.16548390237796,0.001,8.160135746002197
1600,3,100,405,90.80935668945312,87.19678117461675,0.001,10.646824359893799
1601,3,101,2534,101.2375259399414,87.2759314439309,0.001,8.726144313812256
1602,3,102,521,83.79109954833984,87.2567341958703,0.001,9.068556308746338
1603,3,103,77,86.20834350585938,87.24453789935657,0.001,10.443406820297241
1604,3,104,2172,84.50525665283203,87.2129086016241,0.001,8.73755693435669
1605,3,105,771,85.434814453125,87.19306382573821,0.001,8.138237476348877
1606,3,106,74,97.48240661621094,87.24705296963691,0.001,9.091075897216797
1607,3,107,2619,87.03096008300781,87.24548590628228,0.001,7.813908576965332
1608,3,108,1576,96.30302429199219,87.29231153711018,0.001,8.999027729034424
1609,3,109,471,87.26087951660156,87.29186032920184,0.001,9.66860818862915
1610,3,110,37,81.0226821899414,87.2027328284232,0.001,9.201473474502563
1611,3,111,914,83.56085205078125,87.16424665555698,0.001,8.941264390945435
1612,3,112,607,95.99057006835938,87.20688803443184,0.001,8.07356858253479
1613,3,113,434,88.72190856933594,87.21375211599717,0.001,9.92158579826355
1614,3,114,94,78.20480346679688,87.09636539254863,0.001,8.29383897781372
1615,3,115,272,89.0844497680664,87.11107248210136,0.001,8.025458812713623
1616,3,116,2585,81.75294494628906,87.05752153297794,0.001,10.1256582736969
1617,3,117,861,92.79420471191406,87.09902068817695,0.001,6.8185505867004395
1618,3,118,377,87.85702514648438,87.10446048962757,0.001,5.830829858779907
1619,3,119,742,82.6509780883789,87.04534270349238,0.001,9.39541244506836
1620,3,120,1828,78.31135559082031,86.9289696348845,0.001,8.987213134765625
1621,3,121,2580,89.11959838867188,86.95654487455147,0.001,8.591228485107422
1622,3,122,981,91.57343292236328,87.00079584336537,0.001,8.932129383087158
1623,3,123,1097,96.12399291992188,87.04101497413869,0.001,7.558578968048096
1624,3,124,1909,87.45177459716797,87.04608923481527,0.001,7.988330125808716
1625,3,125,1923,86.39247131347656,87.03986556439271,0.001,9.35510540008545
1626,3,126,1399,81.74696350097656,86.97397977516972,0.001,9.59180212020874
1627,3,127,1569,89.7821273803711,86.99973643745557,0.001,8.676806211471558
1628,3,128,1777,81.80213928222656,86.95347052583656,0.001,8.26983904838562
1629,3,129,1081,93.09214782714844,87.00851292951212,0.001,9.141773462295532
1630,3,130,1807,86.59382629394531,87.00368495528433,0.001,10.112107038497925
1631,3,131,1554,87.28660583496094,87.00488769875135,0.001,9.77550745010376
1632,3,132,1089,88.48812103271484,87.02208526520327,0.001,8.591208219528198
1633,3,133,1762,96.1166000366211,87.10039690864754,0.001,8.531336784362793
1634,3,134,1676,84.54889678955078,87.0711488793213,0.001,8.937665939331055
1635,3,135,1896,80.88404846191406,87.01915963136146,0.001,7.5854973793029785
1636,3,136,1848,84.2215805053711,86.98783391576673,0.001,8.33756399154663
1637,3,137,1342,84.20719909667969,86.96518256852364,0.001,9.397226572036743
1638,3,138,1196,87.24840545654297,86.96620550576128,0.001,8.219611167907715
1639,3,139,1794,78.9107894897461,86.9012571962282,0.001,7.338951110839844
1640,3,140,2051,83.61463928222656,86.8743557504205,0.001,6.385903358459473
1641,3,141,1361,80.67896270751953,86.85046463717246,0.001,9.074684619903564
1642,3,142,1123,90.03526306152344,86.86874169277525,0.001,9.40677285194397
1643,3,143,2000,87.01763916015625,86.8693040923944,0.001,8.56005859375
1644,3,144,1182,76.14797973632812,86.78322147486135,0.001,7.534268856048584
1645,3,145,1938,83.4774169921875,86.77117332485828,0.001,8.779716968536377
1646,3,146,1832,97.33935546875,86.8819220813556,0.001,7.963307857513428
1647,3,147,1393,88.96875,86.89827117806813,0.001,8.668665170669556
1648,3,148,1737,87.1524429321289,86.9008130706476,0.001,7.293755531311035
1649,3,149,1797,72.74288177490234,86.84793445244219,0.001,9.141389846801758
1650,3,150,1440,92.44542694091797,86.88969682840853,0.001,8.302305459976196
1651,3,151,1636,72.40729522705078,86.74356279245679,0.001,7.356166124343872
1652,3,152,1519,87.2065200805664,86.7470952956586,0.001,9.861285209655762
1653,3,153,1265,93.54235076904297,86.77132827384175,0.001,10.532087564468384
1654,3,154,1264,88.36418914794922,86.77707743286201,0.001,7.312511444091797
1655,3,155,1250,82.98884582519531,86.76386739985114,0.001,10.527754068374634
1656,3,156,1153,88.00018310546875,86.77606069638725,0.001,10.168688297271729
1657,3,157,2117,91.48428344726562,86.80953864289425,0.001,10.500898361206055
1658,3,158,1551,93.66558074951172,86.85993687914166,0.001,7.63502049446106
1659,3,159,1397,81.3881607055664,86.80707639823814,0.001,9.377640962600708
1660,3,160,1099,89.37952423095703,86.83147301795839,0.001,9.809001445770264
1661,3,161,1858,81.59938049316406,86.79501609885872,0.001,7.098512649536133
1662,3,162,1087,85.3394775390625,86.78171141584727,0.001,8.422675132751465
1663,3,163,1540,97.46016693115234,86.81735284954345,0.001,9.02308988571167
1664,3,164,1915,79.91136169433594,86.78356732288754,0.001,7.936136484146118
1665,3,165,1914,84.92552185058594,86.77746643079571,0.001,8.916964054107666
1666,3,166,1839,78.57765197753906,86.75114819576477,0.001,8.091820478439331
1667,3,167,1151,92.2463150024414,86.77702818464222,0.001,8.265568971633911
1668,3,168,1263,96.36685943603516,86.84213985195562,0.001,7.529569149017334
1669,3,169,1395,107.32256317138672,86.90930884762035,0.001,7.623011112213135
1670,3,170,1690,77.33880615234375,86.87827515313006,0.001,6.694962024688721
1671,3,171,1443,78.1011734008789,86.80037411512207,0.001,7.558634519577026
1672,3,172,2034,88.54082489013672,86.81554496786787,0.001,6.480535507202148
1673,3,173,1093,84.0321273803711,86.79157876094438,0.001,7.542679309844971
1674,3,174,1306,76.04561614990234,86.69840691852184,0.001,7.563690423965454
1675,3,175,1809,87.33708953857422,86.7038112376588,0.001,9.882588863372803
1676,3,176,1155,94.14976501464844,86.72706962747327,0.001,7.348064184188843
1677,3,177,1149,72.07460021972656,86.6323256482394,0.001,9.424623966217041
1678,3,178,1453,94.50804901123047,86.65463437138644,0.001,8.410386562347412
1679,3,179,1370,73.55597686767578,86.57092590900677,0.001,8.777181148529053
1680,3,180,1642,83.6543960571289,86.55279353422577,0.001,7.8034491539001465
1681,3,181,1693,89.59619903564453,86.57808658203628,0.001,7.953978538513184
1682,3,182,2172,84.51046752929688,86.56502126842875,0.001,9.151339530944824
1683,3,183,178,80.99235534667969,86.53142257335512,0.001,9.116673469543457
1684,3,184,1682,77.40079498291016,86.47550464707489,0.001,9.225093364715576
1685,3,185,1274,85.47348022460938,86.46951056130763,0.001,8.804577112197876
1686,3,186,1132,75.3563461303711,86.40107091882876,0.001,9.771141052246094
1687,3,187,2147,87.1332778930664,86.40698224871113,0.001,10.322566986083984
1688,3,188,1791,81.33924102783203,86.38562036165919,0.001,9.420349836349487
1689,3,189,1918,79.83472442626953,86.33358074232483,0.001,9.54911184310913
1690,3,190,1888,78.79863739013672,86.2752661804465,0.001,10.391374588012695
1691,3,191,1161,82.72404479980469,86.26590369411315,0.001,9.2394700050354
1692,3,192,1764,88.11658477783203,86.28057881779867,0.001,8.56547212600708
1693,3,193,1543,100.00642395019531,86.31918653274262,0.001,7.262878894805908
1694,3,194,1903,85.8338851928711,86.31721010010078,0.001,9.49462080001831
1695,3,195,1113,87.81527709960938,86.32868867475987,0.001,8.190642356872559
1696,3,196,1463,82.66618347167969,86.31997428860082,0.001,7.791319847106934
1697,3,197,1735,79.81520080566406,86.30208845178234,0.001,7.683117151260376
1698,3,198,1118,84.3525619506836,86.29104126597787,0.001,7.288906097412109
1699,3,199,1925,111.1353530883789,86.35748736850515,0.001,7.8827760219573975
1700,3,200,1838,75.0683364868164,86.29489440166611,0.001,8.09850788116455
1701,3,201,1679,73.24217987060547,86.24142693526177,0.001,8.34689974784851
1702,3,202,2243,86.50926971435547,86.24342270667003,0.001,9.543017864227295
1703,3,203,1549,94.16581726074219,86.27575961250994,0.001,10.193400859832764
1704,3,204,1311,75.77449798583984,86.19875809574565,0.001,9.013253688812256
1705,3,205,1355,77.32269287109375,86.14984349029055,0.001,8.86356806755066
1706,3,206,2080,78.8778305053711,86.0967268966236,0.001,8.410130023956299
1707,3,207,2249,88.8749771118164,86.11206412422457,0.001,8.58482813835144
1708,3,208,1302,86.29327392578125,86.1132796750408,0.001,7.748305559158325
1709,3,209,2349,82.53972625732422,86.08798709928448,0.001,7.950006484985352
1710,3,210,1439,87.76273345947266,86.09967104196923,0.001,9.213379144668579
1711,3,211,1769,82.09651947021484,86.07129391101311,0.001,8.616116762161255
1712,3,212,1493,83.56342315673828,86.05377229303627,0.001,9.173459768295288
1713,3,213,2341,80.2545394897461,86.01333595575291,0.001,10.45501971244812
1714,3,214,1360,98.52925109863281,86.04330888816092,0.001,6.761566400527954
1715,3,215,1105,78.90190887451172,86.02503574935463,0.001,8.172305583953857
1716,3,216,1902,89.93115234375,86.04514097542791,0.001,8.464958429336548
1717,3,217,1717,101.6474609375,86.08277565424969,0.001,8.526514053344727
1718,3,218,1823,82.28264617919922,86.05639606436895,0.001,8.923062324523926
1719,3,219,1648,96.8453369140625,86.095387875047,0.001,10.203301429748535
1720,3,220,2377,75.60779571533203,86.04266762678857,0.001,8.222244501113892
1721,3,221,2398,81.91363525390625,86.01532411280759,0.001,8.621561288833618
1722,3,222,1516,82.83767700195312,85.9995789945825,0.001,10.052114009857178
1723,3,223,2435,85.92609405517578,85.99939957583285,0.001,9.250722169876099
1724,3,224,1616,93.45303344726562,86.03714702971013,0.001,7.942039489746094
1725,3,225,2067,87.87969207763672,86.04379356918493,0.001,9.115538120269775
1726,3,226,1602,97.91845703125,86.06220691182745,0.001,8.577790975570679
1727,3,227,2235,87.66357421875,86.07261514320363,0.001,10.295692682266235
1728,3,228,1343,86.80298614501953,86.07420369386199,0.001,8.945036888122559
1729,3,229,2070,89.3616714477539,86.09542241018382,0.001,8.62139105796814
1730,3,230,1333,104.49507141113281,86.18445129039252,0.001,8.643057107925415
1731,3,231,2113,87.39271545410156,86.19033396057016,0.001,8.526442527770996
1732,3,232,2297,85.27909851074219,86.18588262854381,0.001,7.694234848022461
1733,3,233,1111,87.71204376220703,86.1931220936953,0.001,9.186620712280273
1734,3,234,2274,88.00884246826172,86.20156067390052,0.001,8.17100191116333
1735,3,235,1383,91.8145980834961,86.22077770731566,0.001,6.77774977684021
1736,3,236,2191,93.70963287353516,86.24649594930197,0.001,8.818381786346436
1737,3,237,2452,100.8606185913086,86.31489483462566,0.001,6.134025573730469
1738,3,238,2144,91.91130828857422,86.32721829727816,0.001,7.82188606262207
1739,3,239,2251,96.46708679199219,86.36172319579248,0.001,9.414465188980103
1740,3,240,2225,90.3103256225586,86.38603461907613,0.001,8.577761173248291
1741,3,241,1700,87.95033264160156,86.39146965525623,0.001,6.177664279937744
1742,3,242,1945,79.3297119140625,86.3482802440759,0.001,8.33839750289917
1743,3,243,1568,81.93962860107422,86.32830947259697,0.001,8.943502426147461
1744,3,244,1620,85.00663757324219,86.32639229659485,0.001,8.135950326919556
1745,3,245,2202,88.53445434570312,86.33981257116746,0.001,9.030620098114014
1746,3,246,1586,88.15181732177734,86.35076818458377,0.001,8.18760871887207
1747,3,247,29,81.27790832519531,86.32818752272087,0.001,6.984944581985474
1748,3,248,1768,93.61983489990234,86.34361750115006,0.001,9.141369819641113
1749,3,249,2157,79.8813705444336,86.3053287009563,0.001,8.748494386672974
1750,3,250,264,91.07083129882812,86.3265479158093,0.001,9.617024183273315
1751,3,251,2513,101.72218322753906,86.35874119719747,0.001,9.203102588653564
1752,3,252,2494,75.1897201538086,86.31004213770773,0.001,8.463147163391113
1753,3,253,2066,94.2026138305664,86.3557791272812,0.001,9.17001223564148
1754,3,254,1442,83.30447387695312,86.34640311088053,0.001,8.016351699829102
1755,3,255,2152,86.94344329833984,86.34896786057433,0.001,7.811131715774536
1756,3,256,1772,85.95187377929688,86.3466487141308,0.001,8.678557872772217
1757,3,257,1109,84.12939453125,86.33441042207683,0.001,7.758745193481445
1758,3,258,2529,89.43635559082031,86.3479634119078,0.001,8.959589719772339
1759,3,259,1460,89.13291931152344,86.35646757902936,0.001,9.777280569076538
1760,3,260,2523,91.69981384277344,86.38667498614554,0.001,8.622553586959839
1761,3,261,2197,94.9081802368164,86.42236623090699,0.001,9.250580072402954
1762,3,262,1814,77.10160827636719,86.38379474548286,0.001,9.742547512054443
1763,3,263,1862,79.46527862548828,86.36997732298067,0.001,10.408395528793335
1764,3,264,1846,85.61080169677734,86.36683723813282,0.001,9.26484990119934
1765,3,265,1394,77.87896728515625,86.33157064818525,0.001,9.906638622283936
1766,3,266,2343,86.13898468017578,86.3310079480218,0.001,7.552855968475342
1767,3,267,1812,83.19503021240234,86.31358118200032,0.001,7.72239351272583
1768,3,268,1793,92.200927734375,86.3453265394987,0.001,8.639408826828003
1769,3,269,2535,89.20984649658203,86.35090108123389,0.001,8.748713970184326
1770,3,270,2455,101.49076843261719,86.38097831201246,0.001,8.373825550079346
1771,3,271,1714,73.84241485595703,86.3312716176061,0.001,9.195310115814209
1772,3,272,274,87.77507781982422,86.33702308599518,0.001,6.935601472854614
1773,3,273,1344,80.73966979980469,86.31465108659482,0.001,7.257713794708252
1774,3,274,2149,80.94559478759766,86.29276745020115,0.001,8.171393632888794
1775,3,275,2460,81.19318389892578,86.28304505693997,0.001,8.403083801269531
1776,3,276,254,75.889892578125,86.22805660698056,0.001,9.183136701583862
1777,3,277,1706,103.90792846679688,86.29800360052862,0.001,8.158942461013794
1778,3,278,1434,89.68046569824219,86.31092366947577,0.001,8.425192594528198
1779,3,279,256,79.21539306640625,86.29116289975732,0.001,9.569887638092041
1780,3,280,2552,90.3072280883789,86.3067929722522,0.001,7.5442163944244385
1781,3,281,1365,93.53336334228516,86.32033066138062,0.001,8.800397872924805
1782,3,282,2548,85.81009674072266,86.31836902799691,0.001,9.682533264160156
1783,3,283,1368,87.41129302978516,86.3214737096161,0.001,7.66455340385437
1784,3,284,2590,100.77900695800781,86.36037864024746,0.001,9.68068528175354
1785,3,285,2610,83.67910766601562,86.35541482341722,0.001,8.724505186080933
1786,3,286,2546,85.07121276855469,86.35049259340278,0.001,9.496615648269653
1787,3,287,2050,74.46449279785156,86.31837880791706,0.001,9.519211053848267
1788,3,288,2534,101.25183868408203,86.34608226112076,0.001,9.048999309539795
1789,3,289,175,90.52787780761719,86.35778036147019,0.001,7.752972841262817
1790,3,290,2229,84.4847183227539,86.35335326468628,0.001,8.81269359588623
1791,3,291,2543,86.26791381835938,86.35302547129923,0.001,8.705458879470825
1792,3,292,2522,78.47016143798828,86.32337242573027,0.001,8.864115715026855
1793,3,293,2427,80.21119689941406,86.30073000528856,0.001,9.34360671043396
1794,3,294,1821,99.30783081054688,86.32405238475286,0.001,9.022748947143555
1795,3,295,2401,78.42729949951172,86.2939263491168,0.001,9.116970300674438
1796,3,296,1495,91.00675201416016,86.31167532222074,0.001,8.694095611572266
1797,3,297,1686,89.81812286376953,86.32907864104824,0.001,8.001521110534668
1798,3,298,2425,88.00155639648438,86.33531924263168,0.001,8.200133800506592
1799,3,299,2205,92.94000244140625,86.36018474152965,0.001,9.626991748809814
1800,3,300,2476,93.8918685913086,86.37349076630296,0.001,8.060977697372437
1801,3,301,2601,89.59225463867188,86.38900126536258,0.001,10.449047327041626
1802,3,302,2580,89.1411361694336,86.40213243911592,0.001,7.9936370849609375
1803,3,303,2654,87.71305084228516,86.40852458247696,0.001,7.197301864624023
1804,3,304,2278,88.1080551147461,86.41478624628404,0.001,9.190884351730347
1805,3,305,2464,61.720787048339844,86.37127305320867,0.001,7.789509296417236
1806,3,306,1339,95.26004791259766,86.38681882878079,0.001,7.877779960632324
1807,3,307,2422,78.34356689453125,86.37297859208651,0.001,8.93145489692688
1808,3,308,1675,87.58756256103516,86.3760677327814,0.001,8.579537868499756
1809,3,309,1819,87.6347885131836,86.37823956292951,0.001,8.676833868026733
1810,3,310,2775,87.41987609863281,86.38192031259085,0.001,8.868849515914917
1811,3,311,1502,80.49092864990234,86.35352126440974,0.001,8.44020390510559
1812,3,312,2450,85.5035629272461,86.35055873891936,0.001,9.425948143005371
1813,3,313,2565,80.2696762084961,86.34011790079845,0.001,7.457556247711182
1814,3,314,32,78.92476654052734,86.30459494468144,0.001,8.603092193603516
1815,3,315,2073,82.33248901367188,86.29819732433846,0.001,8.618819952011108
1816,3,316,2864,85.30773162841797,86.29568515574894,0.001,7.409044981002808
1817,3,317,2462,87.6146011352539,86.3019191319254,0.001,8.659911394119263
1818,3,318,2588,87.62987518310547,86.308154751644,0.001,9.88590693473816
1819,3,319,2510,80.41941833496094,86.2811767099415,0.001,8.708146095275879
1820,3,320,2064,85.40895080566406,86.27813034027398,0.001,8.999687910079956
1821,3,321,2233,93.89073944091797,86.29677838157193,0.001,9.725889682769775
1822,3,322,2458,78.28681182861328,86.26937321878019,0.001,8.786875009536743
1823,3,323,2184,94.81556701660156,86.29047093865921,0.001,9.363239288330078
1824,3,324,1088,86.82856750488281,86.29226900018999,0.001,9.198331356048584
1825,3,325,1259,78.05441284179688,86.27265145969837,0.001,9.903587102890015
1826,3,326,2923,92.24868774414062,86.28671326809969,0.001,8.229911088943481
1827,3,327,1363,86.24423217773438,86.28656977585297,0.001,7.648888111114502
1828,3,328,1845,79.20838928222656,86.27582556111358,0.001,7.266709804534912
1829,3,329,2095,85.36907196044922,86.27183464237402,0.001,9.966702699661255
1830,3,330,2479,85.046630859375,86.26786129245336,0.001,8.059163808822632
1831,3,331,272,88.98980712890625,86.27440737697688,0.001,9.031674861907959
1832,3,332,336,81.98026275634766,86.25520300886632,0.001,9.252277135848999
1833,3,333,177,89.205322265625,86.26486212112607,0.001,10.330544471740723
1834,3,334,2874,87.61539459228516,86.26924217114237,0.001,8.345062017440796
1835,3,335,2282,84.13581848144531,86.26589330626148,0.001,9.43326711654663
1836,3,336,2325,92.30101013183594,86.28582052122863,0.001,9.111731052398682
1837,3,337,2008,113.38941192626953,86.32378672667542,0.001,8.032322645187378
1838,3,338,2694,101.17630004882812,86.34684646492497,0.001,8.796839952468872
1839,3,339,2294,94.68401336669922,86.35944296577999,0.001,8.113328456878662
1840,3,340,2706,79.18367004394531,86.34881396877326,0.001,11.030515193939209
1841,3,341,2482,85.69541931152344,86.34594758743694,0.001,7.750772714614868
1842,3,342,1090,86.50679779052734,86.34631609468808,0.001,10.062986373901367
1843,3,343,2166,84.46922302246094,86.34198819886566,0.001,8.384422540664673
1844,3,344,1900,93.02555847167969,86.35255743482985,0.001,8.507741212844849
1845,3,345,1083,91.82050323486328,86.37549443207145,0.001,7.611647129058838
1846,3,346,1317,80.8480224609375,86.36703199517655,0.001,8.442026376724243
1847,3,347,2669,98.39768981933594,86.38570284526763,0.001,7.800750255584717
1848,3,348,1626,74.55049133300781,86.36820047106286,0.001,7.577341794967651
1849,3,349,2272,85.05281829833984,86.36399456300968,0.001,10.019467115402222
1850,3,350,2270,84.73065948486328,86.35697680252825,0.001,7.717650890350342
1851,3,351,1576,96.19639587402344,86.37165078880416,0.001,9.51805830001831
1852,3,352,1570,86.3651123046875,86.3716407858286,0.001,8.262662172317505
1853,3,353,1756,91.04383087158203,86.3861975294121,0.001,7.854540824890137
1854,3,354,2163,80.52729034423828,86.36721262015433,0.001,10.28873896598816
1855,3,355,2392,86.07620239257812,86.36654992136715,0.001,8.414149761199951
1856,3,356,1596,92.01549530029297,86.37893965491605,0.001,7.538423299789429
1857,3,357,424,88.85014343261719,86.38420536956251,0.001,8.584577083587646
1858,3,358,250,87.28817749023438,86.38555738981661,0.001,9.418163299560547
1859,3,359,432,78.610595703125,86.36174135925923,0.001,8.440343141555786
1860,3,360,2241,100.86815643310547,86.4226451847965,0.001,9.957964420318604
1861,3,361,2763,95.00570678710938,86.43524419068046,0.001,7.511136531829834
1862,3,362,2013,101.31575012207031,86.45684943986224,0.001,7.789567708969116
1863,3,363,2203,95.50592041015625,86.49419963421548,0.001,7.527430772781372
1864,3,364,1779,92.15316772460938,86.51734019914146,0.001,8.854256391525269
1865,3,365,1523,86.64869689941406,86.51753267900396,0.001,10.077412605285645
1866,3,366,37,80.93618774414062,86.49489732060646,0.001,9.472908735275269
1867,3,367,1530,80.7530288696289,86.47160293476797,0.001,9.483169794082642
1868,3,368,400,89.54497528076172,86.47758126928134,0.001,8.844105958938599
1869,3,369,340,82.15033721923828,86.46443545971465,0.001,8.041376113891602
1870,3,370,2399,92.1666488647461,86.47179972336829,0.001,9.293237924575806
1871,3,371,1126,80.87196350097656,86.44922532323899,0.001,9.405790328979492
1872,3,372,1120,81.1384048461914,86.438359771378,0.001,10.092732191085815
1873,3,373,2832,78.35629272460938,86.40761171920107,0.001,8.491287231445312
1874,3,374,390,94.71721649169922,86.4249079362473,0.001,9.933038234710693
1875,3,375,1484,88.66082763671875,86.4316390925354,0.001,10.921570777893066
1876,3,376,2758,100.19117736816406,86.47235693804338,0.001,9.271352767944336
1877,3,377,2406,88.50607299804688,86.48046190314611,0.001,8.49193549156189
1878,3,378,1806,79.69398498535156,86.45372341254294,0.001,9.720114469528198
1879,3,379,2569,101.4648208618164,86.48518719614093,0.001,9.185145378112793
1880,3,380,2668,93.65205383300781,86.50645607443954,0.001,7.915306568145752
1881,3,381,492,80.47820281982422,86.48292225113674,0.001,7.933055400848389
1882,3,382,2585,81.7003402709961,86.4692528520438,0.001,8.708543539047241
1883,3,383,266,99.0461654663086,86.51801179220585,0.001,9.042620182037354
1884,3,384,73,82.2784194946289,86.51208447052254,0.001,8.080512762069702
1885,3,385,1556,80.91931915283203,86.49584632853464,0.001,9.469584226608276
1886,3,386,1457,84.35083770751953,86.48769073650406,0.001,9.255064010620117
1887,3,387,2502,90.44921875,86.50298973799718,0.001,8.559364795684814
1888,3,388,1879,82.05847930908203,86.49374728842417,0.001,7.2236058712005615
1889,3,389,382,77.82306671142578,86.48227759434144,0.001,10.114394903182983
1890,3,390,374,74.87645721435547,86.43846077695883,0.001,8.308255434036255
1891,3,391,2720,91.19925689697266,86.44442444679689,0.001,8.959784269332886
1892,3,392,74,97.57664489746094,86.4592774093928,0.001,6.757808685302734
1893,3,393,361,85.48200988769531,86.4557672818589,0.001,7.676832914352417
1894,3,394,1506,78.9925308227539,86.44623485528128,0.001,8.32015585899353
1895,3,395,1844,103.7308349609375,86.4668960242988,0.001,7.178224086761475
1896,3,396,2449,79.389892578125,86.44695514858172,0.001,7.181882858276367
1897,3,397,1503,82.49221801757812,86.4396382701351,0.001,7.316805601119995
1898,3,398,682,92.37655639648438,86.46164589304873,0.001,8.631752014160156
1899,3,399,2781,76.6894760131836,86.44455621628181,0.001,6.293228626251221
1900,3,400,611,88.7968521118164,86.44916364193412,0.001,7.374440670013428
1901,3,401,67,85.70751953125,86.44709897090999,0.001,7.116194486618042
1902,3,402,2040,84.49449920654297,86.43979269577568,0.001,8.143991708755493
1903,3,403,1699,86.62879943847656,86.44015671768858,0.001,9.101409912109375
1904,3,404,2055,80.03978729248047,86.41663210086517,0.001,8.073364734649658
1905,3,405,1313,85.0201416015625,86.41173455263201,0.001,8.98308277130127
1906,3,406,407,84.97447967529297,86.40779864970305,0.001,7.965388774871826
1907,3,407,1127,89.1842041015625,86.41333028705768,0.001,8.939379930496216
1908,3,408,2547,86.39704895019531,86.41328577508729,0.001,9.219579935073853
1909,3,409,1122,75.87169647216797,86.39247779008616,0.001,7.170528411865234
1910,3,410,2619,86.98168182373047,86.39352399500275,0.001,8.965539693832397
1911,3,411,1751,85.4503402709961,86.39169413007407,0.001,7.845678806304932
1912,3,412,378,95.89618682861328,86.4259334289253,0.001,9.801713466644287
1913,3,413,695,85.89120483398438,86.42448095511509,0.001,7.522170782089233
1914,3,414,1617,88.27465057373047,86.43087357088152,0.001,8.473047494888306
1915,3,415,401,82.3915786743164,86.42005038054019,0.001,8.872362852096558
1916,3,416,337,78.36739349365234,86.40614899226333,0.001,8.726187229156494
1917,3,417,2188,88.33450317382812,86.41124608750111,0.001,8.78565502166748
1918,3,418,2564,82.3001480102539,86.4005085032019,0.001,8.760406255722046
1919,3,419,616,89.52339172363281,86.4114319935181,0.001,10.246790409088135
1920,3,420,1557,84.90685272216797,86.4061057667393,0.001,8.648264646530151
1921,3,421,1766,87.81121063232422,86.40736420233246,0.001,8.663408517837524
1922,3,422,325,83.31646728515625,86.39926268752436,0.001,9.006838083267212
1923,3,423,2221,90.52806854248047,86.41030053788872,0.001,8.631463289260864
1924,3,424,2672,85.0052719116211,86.40537478088507,0.001,7.835751533508301
1925,3,425,778,92.87442779541016,86.42210253821568,0.001,8.960695743560791
1926,3,426,2298,74.85807800292969,86.40811902058438,0.001,9.294926643371582
1927,3,427,2793,80.64604187011719,86.38784871959703,0.001,7.873642683029175
1928,3,428,2498,95.78140258789062,86.40518963316445,0.001,9.807929277420044
1929,3,429,1174,85.95308685302734,86.40401822115977,0.001,8.454418897628784
1930,3,430,1921,80.14691925048828,86.38792407731681,0.001,8.416485786437988
1931,3,431,38,83.54357147216797,86.38265898445209,0.001,8.149074077606201
1932,3,432,789,80.92835235595703,86.36871493370084,0.001,9.63365912437439
1933,3,433,1580,97.04943084716797,86.38820832749192,0.001,7.248843431472778
1934,3,434,2563,75.44580078125,86.36817242000994,0.001,8.804901361465454
1935,3,435,2378,88.88314819335938,86.37465505418871,0.001,9.169347286224365
1936,3,436,1480,86.81889343261719,86.37518539610224,0.001,7.356241703033447
1937,3,437,2789,86.86113739013672,86.37641507529361,0.001,8.898908853530884
1938,3,438,507,99.66575622558594,86.38760558029091,0.001,9.604477167129517
1939,3,439,2593,78.07662200927734,86.36612454252459,0.001,8.222651243209839
1940,3,440,2196,95.83745574951172,86.37639651990048,0.001,8.171187400817871
1941,3,441,350,82.14936065673828,86.36566237698432,0.001,9.770575761795044
1942,3,442,372,79.95203399658203,86.35890741562663,0.001,9.271035194396973
1943,3,443,1262,88.19345092773438,86.36107307430856,0.001,7.920756816864014
1944,3,444,2499,92.71088409423828,86.3724903073876,0.001,8.116184949874878
1945,3,445,1373,75.46397399902344,86.35100702500363,0.001,7.709688663482666
1946,3,446,496,80.6936264038086,86.33746370443971,0.001,9.328001499176025
1947,3,447,518,81.61994934082031,86.33182706222792,0.001,8.612419843673706
1948,3,448,376,102.9779281616211,86.35190101014487,0.001,8.676249742507935
1949,3,449,2652,89.07191467285156,86.35507138766201,0.001,8.592801809310913
1950,3,450,832,76.5199966430664,86.32268250281624,0.001,10.144231796264648
1951,3,451,2179,92.9620361328125,86.33459900750515,0.001,7.635325908660889
1952,3,452,2347,83.64725494384766,86.32796429993516,0.001,6.928055286407471
1953,3,453,686,73.92332458496094,86.29669865123921,0.001,8.93858003616333
1954,3,454,2927,86.77225494384766,86.29718239087576,0.001,9.320512533187866
1955,3,455,2682,80.661865234375,86.27847041718594,0.001,10.667577028274536
1956,3,456,2584,83.01657104492188,86.26785733069104,0.001,8.212392807006836
1957,3,457,1372,78.64612579345703,86.24933225989962,0.001,9.482456922531128
1958,3,458,447,95.51813507080078,86.26022983720478,0.001,8.94609522819519
1959,3,459,94,78.0330810546875,86.23509131307634,0.001,8.176814556121826
1960,3,460,1326,91.32711029052734,86.24089424468266,0.001,7.181806802749634
1961,3,461,1488,80.74137115478516,86.22420112304611,0.001,8.750977277755737
1962,3,462,448,96.96546173095703,86.25074977256354,0.001,9.363930940628052
1963,3,463,2692,87.68863677978516,86.25536108862558,0.001,7.989979267120361
1964,3,464,920,86.41983795166016,86.25589456890825,0.001,8.970052719116211
1965,3,465,693,85.82245635986328,86.25450566297862,0.001,8.337900400161743
1966,3,466,954,73.8587875366211,86.240417891,0.001,7.627736568450928
1967,3,467,367,96.24516296386719,86.25725164401152,0.001,9.589091300964355
1968,3,468,461,92.3241958618164,86.27631909323905,0.001,8.939075946807861
1969,3,469,65,92.0838851928711,86.28304170453328,0.001,8.632739782333374
1970,3,470,2293,74.18549346923828,86.25369418154598,0.001,8.43734622001648
1971,3,471,801,85.81502532958984,86.2529746990064,0.001,8.361185789108276
1972,3,472,458,83.40768432617188,86.24968326335005,0.001,7.436771392822266
1973,3,473,1470,93.07275390625,86.26535207284623,0.001,8.578582525253296
1974,3,474,728,82.12303924560547,86.25557911937634,0.001,8.253746032714844
1975,3,475,441,81.09004974365234,86.24347815306136,0.001,8.50703239440918
1976,3,476,743,84.29210662841797,86.24131436806098,0.001,9.019304513931274
1977,3,477,689,89.9468994140625,86.24748809645877,0.001,9.080172777175903
1978,3,478,56,87.91024017333984,86.25136995311948,0.001,8.27076768875122
1979,3,479,977,85.98039245605469,86.25093225662052,0.001,10.392689228057861
1980,3,480,471,87.4520492553711,86.2546167291071,0.001,7.847792387008667
1981,3,481,1577,86.84915924072266,86.255988526281,0.001,8.488695621490479
1982,3,482,514,98.22762298583984,86.27605577676938,0.001,9.07508134841919
1983,3,483,2511,86.74595642089844,86.27684091163961,0.001,8.417887210845947
1984,3,484,1346,97.62506103515625,86.31045554980162,0.001,10.0111083984375
1985,3,485,368,82.98008728027344,86.30254520018852,0.001,9.001821517944336
1986,3,486,363,90.54246520996094,86.3071580817219,0.001,10.56118631362915
1987,3,487,2603,74.88077545166016,86.27315713862865,0.001,8.93594765663147
1988,3,488,2709,100.06046295166016,86.28798214187994,0.001,9.090817928314209
1989,3,489,2387,96.76739501953125,86.30510043459938,0.001,8.194661617279053
1990,3,490,858,92.72930908203125,86.31142174410387,0.001,7.352012872695923
1991,3,491,808,87.17464447021484,86.31336941244716,0.001,8.890151739120483
1992,3,492,2660,89.52581024169922,86.32289039226337,0.001,9.858581066131592
1993,3,493,870,86.91690063476562,86.32385314632211,0.001,8.656017303466797
1994,3,494,685,86.90109252929688,86.32513978558588,0.001,9.16679835319519
1995,3,495,2340,87.21456909179688,86.32710111747153,0.001,9.604065418243408
1996,3,496,966,81.42396545410156,86.31937445270428,0.001,8.838291883468628
1997,3,497,1482,91.16536712646484,86.32449968700095,0.001,10.130042791366577
1998,3,498,1098,75.04265594482422,86.30622425675773,0.001,8.759398698806763
1999,3,499,601,86.14817810058594,86.30575284976392,0.001,9.070194005966187
2000,4,0,1173,95.55965423583984,95.55965423583984,0.001,8.268954753875732
2001,4,1,1965,85.0596694946289,87.81766334369028,0.001,7.969651222229004
2002,4,2,2075,75.85458374023438,84.49142748533079,0.001,9.26077127456665
2003,4,3,770,90.31200408935547,86.15949717593547,0.001,9.459630012512207
2004,4,4,864,94.69668579101562,87.12372961270408,0.001,8.839738607406616
2005,4,5,2448,82.23930358886719,85.90595666083505,0.001,8.434802293777466
2006,4,6,916,89.8262939453125,86.23340592593574,0.001,6.437550067901611
2007,4,7,1571,92.5129165649414,87.40396216420964,0.001,9.828773260116577
2008,4,8,2505,86.28047180175781,87.3321641725601,0.001,8.846301317214966
2009,4,9,1324,89.12789916992188,87.59776496821698,0.001,9.419275999069214
2010,4,10,69,89.15604400634766,87.80156854756756,0.001,9.128360748291016
2011,4,11,863,82.39224243164062,87.31912308787842,0.001,9.32007622718811
2012,4,12,956,82.81550598144531,86.84499521981496,0.001,7.299745559692383
2013,4,13,2673,84.99903869628906,86.70752715642784,0.001,8.504035472869873
2014,4,14,519,80.36876678466797,86.14053472340561,0.001,8.967681646347046
2015,4,15,64,97.66915130615234,86.50046571061344,0.001,7.016507863998413
2016,4,16,2772,79.38693237304688,86.06955821882448,0.001,8.466952562332153
2017,4,17,2767,84.09427642822266,85.95489314875456,0.001,7.922474384307861
2018,4,18,706,79.79383850097656,85.78879238754857,0.001,8.536307096481323
2019,4,19,490,88.25833129882812,85.85387764836901,0.001,9.628528833389282
2020,4,20,788,81.46306610107422,85.55696334881941,0.001,9.790635585784912
2021,4,21,1817,68.57689666748047,85.17052045193377,0.001,9.00230622291565
2022,4,22,1864,95.07560729980469,85.40006436702859,0.001,8.594414472579956
2023,4,23,2871,74.86495971679688,84.76625851180007,0.001,8.54194951057434
2024,4,24,2583,91.06074523925781,85.04141983324354,0.001,8.787554264068604
2025,4,25,981,91.1915512084961,85.29771099241974,0.001,7.801662921905518
2026,4,26,2784,87.49876403808594,85.41380039016742,0.001,8.137945890426636
2027,4,27,2223,85.21863555908203,85.40399935824509,0.001,9.035427808761597
2028,4,28,919,86.48612213134766,85.4561946793159,0.001,7.934596300125122
2029,4,29,986,77.16529083251953,85.16654535382821,0.001,10.507006168365479
2030,4,30,2413,90.2324447631836,85.33705334347485,0.001,7.852489948272705
2031,4,31,834,90.72025299072266,85.56493841804395,0.001,8.629467487335205
2032,4,32,459,109.77961730957031,85.92337799559226,0.001,9.659721612930298
2033,4,33,989,90.26802825927734,86.05506531864985,0.001,9.483094215393066
2034,4,34,825,80.10108184814453,85.97228399174197,0.001,9.439692735671997
2035,4,35,1802,92.56366729736328,86.1632113946423,0.001,9.96886658668518
2036,4,36,434,88.30526733398438,86.18974600675301,0.001,11.319490432739258
2037,4,37,2140,95.6650161743164,86.31220252788087,0.001,8.072319507598877
2038,4,38,469,90.78270721435547,86.47453138540739,0.001,9.201215982437134
2039,4,39,2608,87.63694763183594,86.51616012286102,0.001,8.747491836547852
2040,4,40,1615,87.19200897216797,86.53315627156434,0.001,9.383514881134033
2041,4,41,2595,93.185302734375,86.61292285202117,0.001,9.75057864189148
2042,4,42,2098,88.92398071289062,86.65079109842472,0.001,7.734163045883179
2043,4,43,607,95.65809631347656,86.75254051675151,0.001,9.598264217376709
2044,4,44,408,73.99359130859375,86.53366365136657,0.001,8.09566354751587
2045,4,45,819,84.5057601928711,86.48541661242382,0.001,7.5593438148498535
2046,4,46,1334,86.52037048339844,86.48579975680241,0.001,8.656062364578247
2047,4,47,2099,76.69210052490234,86.32393760071534,0.001,8.067291975021362
2048,4,48,1951,92.49974060058594,86.46320758310023,0.001,8.66174864768982
2049,4,49,803,102.57915496826172,86.62966648297557,0.001,7.3607497215271
2050,4,50,388,97.93904113769531,86.74349331609939,0.001,6.678290367126465
2051,4,51,2750,83.73790740966797,86.71251072601609,0.001,7.404983282089233
2052,4,52,455,67.28094482421875,86.55888758265569,0.001,9.05621886253357
2053,4,53,342,82.00672912597656,86.42916576826775,0.001,9.305847883224487
2054,4,54,1649,77.5390396118164,86.24552688232721,0.001,9.831092596054077
2055,4,55,2007,84.47212219238281,86.20991987824013,0.001,8.045194864273071
2056,4,56,2101,93.51957702636719,86.40317419754417,0.001,7.155314683914185
2057,4,57,827,94.36382293701172,86.49508279537787,0.001,9.384045124053955
2058,4,58,28,96.23963928222656,86.5839928867512,0.001,9.210362672805786
2059,4,59,2443,90.12338256835938,86.65033684801853,0.001,8.557299613952637
2060,4,60,680,104.22541046142578,86.8054718101709,0.001,8.061694622039795
2061,4,61,707,87.04808044433594,86.80748115281301,0.001,7.863746643066406
2062,4,62,1473,84.51737976074219,86.78131500224752,0.001,7.115131378173828
2063,4,63,904,77.91258239746094,86.6796176982101,0.001,7.070135831832886
2064,4,64,914,83.59919738769531,86.62490766070624,0.001,7.918389320373535
2065,4,65,851,85.99549865722656,86.60996234550821,0.001,7.78182578086853
2066,4,66,1527,86.32189178466797,86.60506482827483,0.001,7.767520904541016
2067,4,67,2930,86.81304168701172,86.60670795628134,0.001,8.139531373977661
2068,4,68,377,86.83152770996094,86.60940135342864,0.001,9.077483892440796
2069,4,69,1548,91.7348861694336,86.69067619693801,0.001,8.58251428604126
2070,4,70,190,75.9175033569336,86.45325210324354,0.001,7.571391344070435
2071,4,71,1514,92.44712829589844,86.4986119483769,0.001,7.85562539100647
2072,4,72,1532,95.05696868896484,86.67647556597768,0.001,8.213819026947021
2073,4,73,1092,87.11441802978516,86.68546167789196,0.001,8.350452423095703
2074,4,74,1181,96.73648834228516,86.83401072940566,0.001,10.5986647605896
2075,4,75,2533,66.90953826904297,86.61699701873374,0.001,10.091714143753052
2076,4,76,77,86.01502990722656,86.60800895920445,0.001,9.623876810073853
2077,4,77,2060,80.64694213867188,86.52090826875539,0.001,8.106121301651001
2078,4,78,710,84.48228454589844,86.49186295996638,0.001,8.751192569732666
2079,4,79,962,75.37303924560547,86.37831219825719,0.001,9.790391683578491
2080,4,80,1481,80.4717788696289,86.29469972727082,0.001,8.077420711517334
2081,4,81,2613,98.09848022460938,86.45538559667133,0.001,8.859991788864136
2082,4,82,2906,83.82843017578125,86.41978029428927,0.001,8.248057842254639
2083,4,83,1627,98.28150939941406,86.58024257822866,0.001,8.621077060699463
2084,4,84,2537,83.63329315185547,86.54037216282221,0.001,6.796451091766357
2085,4,85,1541,80.25177764892578,86.50450622496729,0.001,7.692622423171997
2086,4,86,699,77.59616088867188,86.39059396932197,0.001,8.46036958694458
2087,4,87,2845,84.77951049804688,86.36320046893367,0.001,9.114656209945679
2088,4,88,774,87.10615539550781,86.37257818927353,0.001,9.795958995819092
2089,4,89,719,81.12660217285156,86.28574586256772,0.001,8.807463645935059
2090,4,90,468,85.82244873046875,86.27828284389548,0.001,8.13740086555481
2091,4,91,990,76.78054809570312,86.16115935065113,0.001,6.565796852111816
2092,4,92,915,96.86019134521484,86.22002034310303,0.001,7.719116926193237
2093,4,93,2596,93.97830963134766,86.28580365917101,0.001,7.445528268814087
2094,4,94,2327,101.6500244140625,86.41272849247405,0.001,10.166188716888428
2095,4,95,60,87.08598327636719,86.41833183139012,0.001,9.679262399673462
2096,4,96,1878,86.52088165283203,86.41917038897931,0.001,8.984098434448242
2097,4,97,405,91.1737060546875,86.45909461116783,0.001,7.767329216003418
2098,4,98,961,79.3287124633789,86.35198006558689,0.001,9.31792163848877
2099,4,99,2432,74.9574966430664,86.29021989244319,0.001,9.10667610168457
2100,4,100,773,96.66850280761719,86.40576059206558,0.001,8.278012037277222
2101,4,101,521,83.42748260498047,86.39012982447844,0.001,7.267561197280884
2102,4,102,2617,83.21466827392578,86.34421238135627,0.001,9.93038535118103
2103,4,103,1310,82.45057678222656,86.28806732637761,0.001,7.9862964153289795
2104,4,104,2071,94.89720916748047,86.35322086119436,0.001,8.927109479904175
2105,4,105,873,89.34284973144531,86.36653166968566,0.001,9.592440605163574
2106,4,106,2436,87.79862976074219,86.37380105296666,0.001,8.099984407424927
2107,4,107,717,89.85872650146484,86.42222786794527,0.001,8.980247497558594
2108,4,108,344,84.27214813232422,86.41157500121186,0.001,8.701516389846802
2109,4,109,1117,90.28977966308594,86.45212600043583,0.001,10.030143976211548
2110,4,110,1692,88.05374145507812,86.47368648710135,0.001,8.286139011383057
2111,4,111,68,93.9638442993164,86.52854573349644,0.001,9.332393407821655
2112,4,112,2901,91.75269317626953,86.56664569116774,0.001,7.988087177276611
2113,4,113,2174,74.74078369140625,86.41557704204271,0.001,8.484288692474365
2114,4,114,2861,80.20088958740234,86.35453425167802,0.001,9.640520572662354
2115,4,115,2538,94.52001190185547,86.39238103940103,0.001,7.891129970550537
2116,4,116,273,88.87229919433594,86.41644473070095,0.001,8.359513998031616
2117,4,117,727,80.53510284423828,86.3900107445987,0.001,8.25283145904541
2118,4,118,488,87.23811340332031,86.40059633408086,0.001,9.600124835968018
2119,4,119,814,74.76114654541016,86.34700241455192,0.001,8.615501165390015
2120,4,120,2219,90.52953338623047,86.36452826912414,0.001,8.814584732055664
2121,4,121,392,90.2060775756836,86.41150437000012,0.001,8.982029676437378
2122,4,122,2834,81.98729705810547,86.35735413644387,0.001,8.885568141937256
2123,4,123,2192,92.09595489501953,86.37823498776844,0.001,7.851941108703613
2124,4,124,1441,79.2007827758789,86.34652868833183,0.001,8.576539039611816
2125,4,125,742,82.66055297851562,86.30228628567212,0.001,10.3448805809021
2126,4,126,787,88.59014892578125,86.31214309644884,0.001,9.29496145248413
2127,4,127,383,90.51746368408203,86.36005860068482,0.001,9.346447944641113
2128,4,128,811,73.69737243652344,86.31096169092798,0.001,9.234379529953003
2129,4,129,2794,86.98686981201172,86.31381232153589,0.001,7.134457588195801
2130,4,130,705,81.91804504394531,86.26232631949856,0.001,9.582348823547363
2131,4,131,2782,78.5943603515625,86.17402413915181,0.001,8.521655559539795
2132,4,132,2181,97.86153411865234,86.22156527241347,0.001,8.069407939910889
2133,4,133,98,89.63946533203125,86.26010595406996,0.001,9.965469598770142
2134,4,134,721,91.24761199951172,86.28942332750117,0.001,10.160915851593018
2135,4,135,446,88.72014617919922,86.30943773337907,0.001,8.832744121551514
2136,4,136,481,90.02725219726562,86.34002019498915,0.001,8.255750894546509
2137,4,137,2335,96.07218170166016,86.3789861592765,0.001,6.9823548793792725
2138,4,138,861,92.34213256835938,86.41373612936601,0.001,8.482355117797852
2139,4,139,2614,79.01020812988281,86.33478306828445,0.001,6.995161294937134
2140,4,140,2911,78.95757293701172,86.3086463301601,0.001,7.830547094345093
2141,4,141,2929,85.85487365722656,86.30502663036133,0.001,8.168416023254395
2142,4,142,759,86.32599639892578,86.30519074376677,0.001,9.014745473861694
2143,4,143,913,84.04045104980469,86.29252112856385,0.001,7.61280632019043
2144,4,144,2216,90.16188049316406,86.30547053683563,0.001,7.864920377731323
2145,4,145,771,85.513916015625,86.29935263442333,0.001,9.92234182357788
2146,4,146,1828,77.93319702148438,86.21163320102248,0.001,8.577349662780762
2147,4,147,972,88.4282455444336,86.22824602854104,0.001,8.106773138046265
2148,4,148,2328,79.06975555419922,86.18892708751204,0.001,8.642646074295044
2149,4,149,852,92.61732482910156,86.23688960640487,0.001,9.245948314666748
2150,4,150,436,87.4041976928711,86.24303418185625,0.001,7.808807611465454
2151,4,151,951,90.2220230102539,86.27256928175895,0.001,8.420571327209473
2152,4,152,403,83.5848388671875,86.25849439945999,0.001,9.588547468185425
2153,4,153,2204,94.42650604248047,86.33714935115917,0.001,8.608096361160278
2154,4,154,694,82.81929779052734,86.30313072041213,0.001,7.667337894439697
2155,4,155,522,76.05146026611328,86.20447484779683,0.001,8.238664627075195
2156,4,156,991,98.83476257324219,86.24664908746585,0.001,8.786751508712769
2157,4,157,1575,99.03654479980469,86.33979869427017,0.001,7.93777871131897
2158,4,158,2722,72.91524505615234,86.29790950887781,0.001,7.455909013748169
2159,4,159,1585,86.92636108398438,86.3037269069204,0.001,8.387269735336304
2160,4,160,1128,74.15886688232422,86.2188702748645,0.001,10.39376950263977
2161,4,161,453,99.11080932617188,86.28226596209491,0.001,8.107242822647095
2162,4,162,523,89.5194320678711,86.31223575067523,0.001,9.094853401184082
2163,4,163,2909,84.81097412109375,86.30188571712728,0.001,9.063777685165405
2164,4,164,1686,89.43496704101562,86.33011850317259,0.001,7.869804620742798
2165,4,165,1161,82.3541259765625,86.31808697655107,0.001,10.095983982086182
2166,4,166,1344,81.03275299072266,86.28295871727043,0.001,8.271436929702759
2167,4,167,1814,76.71493530273438,86.22012180174812,0.001,7.6084606647491455
2168,4,168,1556,81.00105285644531,86.18542813424756,0.001,8.058510065078735
2169,4,169,1368,86.83576965332031,86.1885506151266,0.001,9.580759763717651
2170,4,170,1250,83.08551788330078,86.17896356058468,0.001,9.23683762550354
2171,4,171,1965,85.05400848388672,86.16912035947509,0.001,9.006393432617188
2172,4,172,1819,88.38314056396484,86.17601608246609,0.001,8.691508054733276
2173,4,173,175,90.288818359375,86.19538462556477,0.001,7.846149921417236
2174,4,174,1576,96.1296157836914,86.22535502116342,0.001,7.445329189300537
2175,4,175,1532,94.9384536743164,86.29906078528806,0.001,8.563610792160034
2176,4,176,1182,76.091552734375,86.233774915698,0.001,8.60310411453247
2177,4,177,1923,86.3038330078125,86.2342262721824,0.001,9.864490270614624
2178,4,178,1764,88.09092712402344,86.24999159310781,0.001,7.872788190841675
2179,4,179,1440,92.64960479736328,86.28888173287098,0.001,9.713494539260864
2180,4,180,1768,93.8561782836914,86.31106194293646,0.001,8.39067268371582
2181,4,181,1264,88.27074432373047,86.31693387555208,0.001,7.3152055740356445
2182,4,182,1087,85.44529724121094,86.30994363164875,0.001,8.721261739730835
2183,4,183,1751,85.42503356933594,86.30608098038786,0.001,8.622379779815674
2184,4,184,1571,92.42375946044922,86.35525885860628,0.001,9.028393268585205
2185,4,185,1519,87.15203094482422,86.36013810810832,0.001,9.010362148284912
2186,4,186,1196,87.25848388671875,86.36249069191985,0.001,8.58114743232727
2187,4,187,1844,103.73645782470703,86.40648239331597,0.001,9.148391723632812
2188,4,188,1370,73.67042541503906,86.33024287303878,0.001,7.768270254135132
2189,4,189,1120,81.25045013427734,86.30978654310503,0.001,8.237715005874634
2190,4,190,1516,82.76355743408203,86.28905296039922,0.001,9.078998327255249
2191,4,191,2098,88.99259185791016,86.2994587421464,0.001,8.960022211074829
2192,4,192,1735,79.59228515625,86.28061117261304,0.001,6.786967515945435
2193,4,193,1311,75.6270523071289,86.19841031538222,0.001,8.225509643554688
2194,4,194,1925,110.76612854003906,86.26541837685225,0.001,10.663646697998047
2195,4,195,1127,89.1911849975586,86.27770740212674,0.001,8.58849024772644
2196,4,196,1117,90.4379653930664,86.30197673211498,0.001,8.447347164154053
2197,4,197,1557,84.88288879394531,86.29115659718197,0.001,7.7374773025512695
2198,4,198,1173,95.63463592529297,86.3165245127674,0.001,7.028216361999512
2199,4,199,2117,91.4987564086914,86.34503962284847,0.001,8.818325757980347
2200,4,200,1642,83.31722259521484,86.32830538380261,0.001,8.545522212982178
2201,4,201,1543,99.77046203613281,86.3646380315124,0.001,8.848570108413696
2202,4,202,1342,84.00843048095703,86.35177660863981,0.001,7.519545316696167
2203,4,203,2149,81.12622833251953,86.3224531687827,0.001,9.376959085464478
2204,4,204,1549,94.58338928222656,86.3558863790263,0.001,8.835453987121582
2205,4,205,1111,87.83578491210938,86.36396734705549,0.001,7.772866487503052
2206,4,206,2184,94.61239624023438,86.39640908831734,0.001,8.0903480052948
2207,4,207,1310,82.3506851196289,86.36703578931561,0.001,9.092863321304321
2208,4,208,1756,91.13544464111328,86.39230233929234,0.001,8.41401219367981
2209,4,209,1343,86.90679931640625,86.39353405737273,0.001,9.879653930664062
2210,4,210,1333,104.77884674072266,86.49203694337501,0.001,9.507729053497314
2211,4,211,2188,88.33220672607422,86.50174296129966,0.001,8.817300081253052
2212,4,212,178,80.71331024169922,86.47185651593195,0.001,7.67445182800293
2213,4,213,2204,94.28133392333984,86.52573219638955,0.001,8.649789571762085
2214,4,214,1823,82.36714172363281,86.49615135475936,0.001,9.071783304214478
2215,4,215,1128,74.12837982177734,86.43190156260201,0.001,10.21911907196045
2216,4,216,2140,95.76753997802734,86.45392845348888,0.001,9.107897758483887
2217,4,217,2147,87.24063110351562,86.45935584962321,0.001,8.852752208709717
2218,4,218,1821,99.40355682373047,86.49087230037478,0.001,8.142502546310425
2219,4,219,2144,92.01160430908203,86.50418712245055,0.001,8.512031316757202
2220,4,220,1397,81.51874542236328,86.47001730786441,0.001,8.462635517120361
2221,4,221,1570,86.37225341796875,86.46977873082953,0.001,9.943006992340088
2222,4,222,1514,91.98561096191406,86.48295796421662,0.001,9.98109245300293
2223,4,223,1551,93.63841247558594,86.51954883611626,0.001,7.912081480026245
2224,4,224,1493,83.48090362548828,86.49925286124106,0.001,9.402026891708374
2225,4,225,1090,86.50495910644531,86.4992728782287,0.001,8.315236806869507
2226,4,226,2166,84.4635238647461,86.49209481068011,0.001,8.324239492416382
2227,4,227,2202,88.52075958251953,86.50551927073373,0.001,7.685379266738892
2228,4,228,1443,78.02593994140625,86.45046632431965,0.001,7.4382405281066895
2229,4,229,1902,89.96975708007812,86.467646041901,0.001,6.885877847671509
2230,4,230,1812,83.16951751708984,86.44610700689582,0.001,8.475112915039062
2231,4,231,2075,75.8182144165039,86.41009679661353,0.001,8.854081392288208
2232,4,232,2080,78.83900451660156,86.36139018490994,0.001,9.10747241973877
2233,4,233,2000,86.85520935058594,86.36250169089192,0.001,8.381410837173462
2234,4,234,1503,82.44769287109375,86.35021148335532,0.001,8.884277582168579
2235,4,235,1832,97.3001937866211,86.41947090299931,0.001,8.511333227157593
2236,4,236,2179,92.60818481445312,86.44062761662178,0.001,9.632508754730225
2237,4,237,1762,96.0426025390625,86.48564208918125,0.001,8.9694664478302
2238,4,238,1586,88.1110610961914,86.49584149127612,0.001,9.368961572647095
2239,4,239,1793,92.25942993164062,86.53104751632144,0.001,9.20676589012146
2240,4,240,1620,84.98833465576172,86.52877047146072,0.001,8.850289583206177
2241,4,241,2064,85.39567565917969,86.52348329188808,0.001,8.841850280761719
2242,4,242,1766,87.75450897216797,86.52540925213484,0.001,9.625855922698975
2243,4,243,1839,78.66021728515625,86.5085397316322,0.001,9.561683177947998
2244,4,244,2325,92.3359375,86.5352680468555,0.001,8.041759729385376
2245,4,245,1569,89.70706176757812,86.54980576062452,0.001,6.781107664108276
2246,4,246,1548,91.4002685546875,86.57094012645341,0.001,9.845483541488647
2247,4,247,2294,94.6213150024414,86.58772529633654,0.001,9.249351978302002
2248,4,248,2225,90.25418853759766,86.6096704647686,0.001,7.586676597595215
2249,4,249,1626,74.57404327392578,86.5847928125999,0.001,8.96981406211853
2250,4,250,1109,84.06888580322266,86.57034357216311,0.001,9.126688480377197
2251,4,251,1324,89.05724334716797,86.58493044278343,0.001,9.323995113372803
2252,4,252,1945,79.39961242675781,86.54263514699788,0.001,8.820266485214233
2253,4,253,1682,77.31517791748047,86.50221790680986,0.001,9.048458099365234
2254,4,254,2073,82.36495208740234,86.49392920645249,0.001,7.785276651382446
2255,4,255,1488,80.65204620361328,86.46201559036163,0.001,10.207806825637817
2256,4,256,2387,96.81299591064453,86.49419864089938,0.001,7.989104270935059
2257,4,257,1838,75.09606170654297,86.44573932772697,0.001,8.036559581756592
2258,4,258,2099,77.08240509033203,86.41676163376678,0.001,8.075440168380737
2259,4,259,1395,107.26909637451172,86.46019559615206,0.001,9.684449434280396
2260,4,260,2235,87.71607971191406,86.46733423322974,0.001,8.518265008926392
2261,4,261,1580,96.5501480102539,86.49799830845117,0.001,8.790833473205566
2262,4,262,2007,84.50042724609375,86.48955900493537,0.001,8.704618453979492
2263,4,263,2392,86.09546661376953,86.48835242899962,0.001,7.996000051498413
2264,4,264,1097,96.18365478515625,86.50732882441078,0.001,7.223098993301392
2265,4,265,2347,83.94696044921875,86.49656916676011,0.001,8.136792421340942
2266,4,266,2443,89.2859878540039,86.50817083116857,0.001,8.279346704483032
2267,4,267,1317,80.9878921508789,86.49719396925684,0.001,9.606114625930786
2268,4,268,1363,86.16572570800781,86.49581608903839,0.001,8.482796430587769
2269,4,269,2221,90.33180236816406,86.51203646757662,0.001,9.756985425949097
2270,4,270,2297,85.46913146972656,86.50763436042106,0.001,8.515524625778198
2271,4,271,1441,78.7725830078125,86.49210327260771,0.001,8.773028135299683
2272,4,272,1737,87.04084777832031,86.49502184240063,0.001,8.014978885650635
2273,4,273,2060,81.15756225585938,86.47310192810409,0.001,9.888447523117065
2274,4,274,1155,94.17709350585938,86.48831605385088,0.001,8.887386798858643
2275,4,275,1888,78.76219940185547,86.44720973733389,0.001,8.82728910446167
2276,4,276,1878,86.75458526611328,86.44808647670449,0.001,9.134294986724854
2277,4,277,1807,86.51634979248047,86.44844771096679,0.001,9.263188123703003
2278,4,278,1903,85.75941467285156,86.44650597562257,0.001,9.703958749771118
2279,4,279,2425,87.99423217773438,86.45271329757267,0.001,9.358821868896484
2280,4,280,2460,81.15430450439453,86.44266852958827,0.001,8.663334131240845
2281,4,281,1627,97.9274673461914,86.48864906024454,0.001,9.530962705612183
2282,4,282,1383,91.82899475097656,86.50398496192615,0.001,7.269055128097534
2283,4,283,2174,74.69597625732422,86.44369114449009,0.001,9.347402811050415
2284,4,284,1088,86.8045425415039,86.44507734747164,0.001,7.45288610458374
2285,4,285,2452,100.73721313476562,86.50091940022858,0.001,7.155559778213501
2286,4,286,1306,75.96063995361328,86.44644143574081,0.001,8.092674255371094
2287,4,287,1575,98.7338638305664,86.49514212804566,0.001,9.539350032806396
2288,4,288,250,86.71092987060547,86.49554045326876,0.001,8.089077711105347
2289,4,289,1365,93.50433349609375,86.5084542320385,0.001,7.474193334579468
2290,4,290,1769,82.11277770996094,86.48573297011737,0.001,8.111688137054443
2291,4,291,2101,93.46512603759766,86.52157954614061,0.001,9.393547534942627
2292,4,292,1577,87.01060485839844,86.52343110837293,0.001,8.214603185653687
2293,4,293,2435,85.79939270019531,86.52208215721441,0.001,8.876177072525024
2294,4,294,2191,93.63963317871094,86.54176019150732,0.001,9.430791854858398
2295,4,295,2293,74.14437866210938,86.49388700021727,0.001,8.268795728683472
2296,4,296,2494,75.12452697753906,86.4515066413859,0.001,9.163123369216919
2297,4,297,1265,93.55435943603516,86.46423782060788,0.001,8.627797603607178
2298,4,298,256,79.20612335205078,86.44507072513252,0.001,8.120934009552002
2299,4,299,2298,74.86798095703125,86.42498985935141,0.001,7.737740993499756
2300,4,300,1596,91.81694030761719,86.43900460836831,0.001,7.816763401031494
2301,4,301,1174,85.90338897705078,86.43701067346583,0.001,8.009462356567383
2302,4,302,1393,88.79837036132812,86.44579297532249,0.001,8.69713282585144
2303,4,303,1862,79.29452514648438,86.43321045799638,0.001,10.42954397201538
2304,4,304,1099,89.3829345703125,86.4476940351436,0.001,9.89511513710022
2305,4,305,2163,80.72506713867188,86.42620513891488,0.001,9.914038181304932
2306,4,306,32,78.9418716430664,86.38921211592083,0.001,9.36638617515564
2307,4,307,2050,74.4390869140625,86.35878519382695,0.001,9.115422248840332
2308,4,308,1153,87.93494415283203,86.36644182237906,0.001,8.385724782943726
2309,4,309,2546,84.98185729980469,86.3614960526317,0.001,9.62003231048584
2310,4,310,1794,78.6511001586914,86.33429858935921,0.001,8.600245475769043
2311,4,311,1636,72.2967300415039,86.26727752680527,0.001,9.53908395767212
2312,4,312,2113,87.45240783691406,86.27155125903013,0.001,8.216196060180664
2313,4,313,1690,76.93953704833984,86.25563732495765,0.001,8.94457483291626
2314,4,314,2399,91.6865463256836,86.26385778008206,0.001,7.654272079467773
2315,4,315,1938,83.3045425415039,86.25904351698975,0.001,7.8073413372039795
2316,4,316,2008,113.57432556152344,86.30017879772093,0.001,8.007596731185913
2317,4,317,2482,85.91604614257812,86.29835951190258,0.001,8.688103199005127
2318,4,318,2229,84.40142059326172,86.29424532217907,0.001,8.846853494644165
2319,4,319,1495,91.03793334960938,86.31092311588517,0.001,9.937007188796997
2320,4,320,2464,61.710472106933594,86.26911873514409,0.001,8.291053533554077
2321,4,321,2223,84.91049194335938,86.26277719529038,0.001,6.542723655700684
2322,4,322,1339,95.5539321899414,86.27837588087166,0.001,9.314413070678711
2323,4,323,2534,101.3390884399414,86.30354584403496,0.001,6.997702360153198
2324,4,324,2596,94.35919189453125,86.32341830907303,0.001,9.786779642105103
2325,4,325,2055,80.84295654296875,86.29826604620601,0.001,9.114506244659424
2326,4,326,2278,88.02523040771484,86.30427853528164,0.001,8.628341674804688
2327,4,327,2157,79.98582458496094,86.2755248561786,0.001,7.774853706359863
2328,4,328,1259,78.1490478515625,86.25617065842835,0.001,9.606539011001587
2329,4,329,1679,73.41651153564453,86.22437691074747,0.001,9.40924072265625
2330,4,330,1463,82.46646881103516,86.21909040584065,0.001,8.804304599761963
2331,4,331,2462,87.5888900756836,86.22534068383857,0.001,9.918265342712402
2332,4,332,1399,81.88439178466797,86.2055949009897,0.001,9.901695489883423
2333,4,333,2349,82.78873443603516,86.19043740375777,0.001,9.125164270401001
2334,4,334,1900,93.6823959350586,86.20265492250931,0.001,9.309332132339478
2335,4,335,2603,74.89738464355469,86.15376760763851,0.001,9.90737271308899
2336,4,336,2547,86.22573852539062,86.15400694155268,0.001,8.97826600074768
2337,4,337,1460,89.055419921875,86.16088998164874,0.001,8.914547204971313
2338,4,338,2529,89.39375305175781,86.17179308745833,0.001,9.576663732528687
2339,4,339,274,87.72700500488281,86.17682013590648,0.001,9.523872375488281
2340,4,340,1779,92.48800659179688,86.20427661178256,0.001,9.289315462112427
2341,4,341,2569,101.15892028808594,86.23903958374203,0.001,9.684558868408203
2342,4,342,1373,75.4771957397461,86.21151548638849,0.001,9.187136173248291
2343,4,343,2241,100.51554107666016,86.2741144812331,0.001,8.18128490447998
2344,4,344,38,83.291748046875,86.26717313703207,0.001,8.874813795089722
2345,4,345,2502,90.49907684326172,86.28551686977205,0.001,8.058510303497314
2346,4,346,1809,87.47528076171875,86.29050763837996,0.001,8.320829629898071
2347,4,347,2610,83.67876434326172,86.28651755797705,0.001,9.110120296478271
2348,4,348,1918,79.77116394042969,86.25875984528234,0.001,7.9117560386657715
2349,4,349,1648,96.78006744384766,86.28260148589729,0.001,7.504591941833496
2350,4,350,1951,92.63050079345703,86.30275903886216,0.001,8.487608671188354
2351,4,351,2590,100.78172302246094,86.33447269290478,0.001,9.476528406143188
2352,4,352,1098,75.92122650146484,86.31076230148612,0.001,7.757718563079834
2353,4,353,2251,96.5096206665039,86.33423583024579,0.001,9.506592750549316
2354,4,354,2476,93.8974609375,86.34560431076238,0.001,9.56598424911499
2355,4,355,1706,103.92161560058594,86.40047582364068,0.001,11.294466972351074
2356,4,356,2580,89.13803100585938,86.41161574014318,0.001,8.004751205444336
2357,4,357,2522,78.4504623413086,86.38707710033815,0.001,9.580802202224731
2358,4,358,1714,73.76577758789062,86.34889326188825,0.001,8.359690189361572
2359,4,359,1846,85.60607147216797,86.346615666635,0.001,8.336007356643677
2360,4,360,2499,92.72132110595703,86.36069901492799,0.001,9.859959840774536
2361,4,361,2601,89.5790786743164,86.37366121211156,0.001,10.068168878555298
2362,4,362,2585,81.7783432006836,86.35985050570706,0.001,9.011551141738892
2363,4,363,37,81.01587677001953,86.33821944435539,0.001,8.661419868469238
2364,4,364,2498,95.93721771240234,86.35905668029858,0.001,8.707193374633789
2365,4,365,1541,80.29270935058594,86.35105982656712,0.001,9.360657453536987
2366,4,366,2871,74.72393798828125,86.30435843918748,0.001,8.712561130523682
2367,4,367,1602,97.8048095703125,86.31531520917521,0.001,9.479359865188599
2368,4,368,2548,85.84150695800781,86.31390874323435,0.001,8.720129251480103
2369,4,369,1355,77.30245208740234,86.28666475876149,0.001,8.894167423248291
2370,4,370,1113,87.76900482177734,86.29258235818754,0.001,7.493213653564453
2371,4,371,1081,92.87947082519531,86.31229149646558,0.001,9.150563955307007
2372,4,372,2216,90.25006103515625,86.31730800982345,0.001,8.894181966781616
2373,4,373,1313,84.60813903808594,86.31082047556392,0.001,8.49494194984436
2374,4,374,1791,81.28306579589844,86.30032871540452,0.001,10.07223105430603
2375,4,375,2406,88.53713989257812,86.30922313577626,0.001,8.207892656326294
2376,4,376,1262,88.26011657714844,86.31192317980334,0.001,8.358245611190796
2377,4,377,1540,97.2935562133789,86.3274434103897,0.001,9.14918065071106
2378,4,378,1334,87.52122497558594,86.32908708149716,0.001,8.10788893699646
2379,4,379,2034,88.5481948852539,86.33762815663492,0.001,7.705015659332275
2380,4,380,1717,101.7078628540039,86.35879333060032,0.001,7.308121681213379
2381,4,381,1126,81.09583282470703,86.33827536668295,0.001,8.20829701423645
2382,4,382,1692,88.01078033447266,86.34472990043972,0.001,6.9570605754852295
2383,4,383,1502,80.4693374633789,86.32174587442218,0.001,8.01288652420044
2384,4,384,1346,97.6757583618164,86.36381478420604,0.001,9.111876964569092
2385,4,385,1879,82.25338745117188,86.35522768290676,0.001,8.251403093338013
2386,4,386,1453,94.50243377685547,86.36560450913042,0.001,8.53248643875122
2387,4,387,2563,75.62677001953125,86.34355381414376,0.001,9.298787117004395
2388,4,388,2203,95.6390380859375,86.37903400569289,0.001,8.400670528411865
2389,4,389,350,82.18212890625,86.36700229794266,0.001,7.999567270278931
2390,4,390,2013,101.28172302246094,86.38686141909413,0.001,8.362542629241943
2391,4,391,28,96.42446899414062,86.40036770924122,0.001,8.49837064743042
2392,4,392,1617,88.15101623535156,86.40674396761818,0.001,11.582309007644653
2393,4,393,342,81.67536163330078,86.38868383602288,0.001,7.558108568191528
2394,4,394,1693,89.63665008544922,86.40080122321535,0.001,8.281443119049072
2395,4,395,2282,84.03324127197266,86.39764780912886,0.001,8.606263875961304
2396,4,396,2533,67.09693145751953,86.358351677494,0.001,8.78339672088623
2397,4,397,1585,86.84203338623047,86.3601276955332,0.001,7.206865310668945
2398,4,398,2911,78.82735443115234,86.3508782410856,0.001,8.174449682235718
2399,4,399,2192,92.010986328125,86.35716585380034,0.001,10.062152624130249
2400,4,400,2432,75.44039154052734,86.34256683441807,0.001,9.119784593582153
2401,4,401,2427,80.2236099243164,86.32597105158155,0.001,8.802948951721191
2402,4,402,2340,87.58575439453125,86.32937470841676,0.001,7.886795520782471
2403,4,403,2668,93.6994400024414,86.34991154147666,0.001,9.404135704040527
2404,4,404,2673,84.85426330566406,86.34573945831215,0.001,8.162092685699463
2405,4,405,408,74.38465118408203,86.3225444196796,0.001,6.373630046844482
2406,4,406,2660,89.94612884521484,86.33547868740564,0.001,8.862728834152222
2407,4,407,1527,86.12459564208984,86.33490760238915,0.001,9.027992486953735
2408,4,408,2927,86.4314956665039,86.33501611758682,0.001,8.583942890167236
2409,4,409,1360,98.51592254638672,86.35032892229886,0.001,8.802520275115967
2410,4,410,1482,90.96144104003906,86.35621604905039,0.001,6.5365071296691895
2411,4,411,1797,72.92684173583984,86.33851378253566,0.001,7.373206615447998
2412,4,412,2584,82.86895751953125,86.32605641894709,0.001,9.927829504013062
2413,4,413,2832,78.39553833007812,86.29894868073292,0.001,8.525404453277588
2414,4,414,1915,79.98120880126953,86.28695159562821,0.001,8.918968439102173
2415,4,415,392,90.14220428466797,86.30058802861322,0.001,8.381143569946289
2416,4,416,2341,80.22987365722656,86.2788305891741,0.001,9.069242238998413
2417,4,417,2510,80.3766098022461,86.25808423821675,0.001,8.569812774658203
2418,4,418,2450,85.43260955810547,86.25593619054884,0.001,8.814396381378174
2419,4,419,377,87.74210357666016,86.2587466473979,0.001,10.30711555480957
2420,4,420,2401,78.3386001586914,86.2375482082278,0.001,10.158512353897095
2421,4,421,1473,84.7286148071289,86.23507325330802,0.001,8.355283260345459
2422,4,422,490,87.99727630615234,86.23732692840149,0.001,8.08096170425415
2423,4,423,1092,86.87448120117188,86.23955911099029,0.001,9.43277096748352
2424,4,424,1568,81.8563461303711,86.22817284551029,0.001,8.430111169815063
2425,4,425,1470,93.0271224975586,86.24545288947128,0.001,8.820303440093994
2426,4,426,2172,84.64774322509766,86.24122538604682,0.001,9.041984558105469
2427,4,427,2040,84.616455078125,86.23553605286087,0.001,9.052741527557373
2428,4,428,1181,96.7876205444336,86.26219158011003,0.001,7.838518381118774
2429,4,429,2720,91.20602416992188,86.267817342034,0.001,8.552752017974854
2430,4,430,1105,78.89225769042969,86.25838871641824,0.001,8.404037952423096
2431,4,431,272,88.87446594238281,86.26323131181003,0.001,9.585177659988403
2432,4,432,1777,81.74913787841797,86.25180206354848,0.001,9.769830703735352
2433,4,433,2767,83.9738998413086,86.24588344982848,0.001,9.005695104598999
2434,4,434,2608,87.3451156616211,86.24969874309315,0.001,10.07137417793274
2435,4,435,1828,78.10092163085938,86.22144400664517,0.001,8.86020302772522
2436,4,436,2874,87.60118103027344,86.22487600106385,0.001,8.841950178146362
2437,4,437,436,87.5562515258789,86.22724401824395,0.001,9.15073013305664
2438,4,438,2654,87.7674331665039,86.23245139776398,0.001,8.208518505096436
2439,4,439,2593,78.06378936767578,86.21143926086964,0.001,8.961311101913452
2440,4,440,2758,100.2034912109375,86.2464381068364,0.001,9.089991331100464
2441,4,441,461,92.34220123291016,86.26661143871733,0.001,9.177037477493286
2442,4,442,468,85.58446502685547,86.26436328272288,0.001,8.017004489898682
2443,4,443,2782,78.73009490966797,86.23911357367236,0.001,9.284231424331665
2444,4,444,2617,83.32489776611328,86.22954053193237,0.001,8.546594858169556
2445,4,445,1772,85.99390411376953,86.22875200511422,0.001,9.727460145950317
2446,4,446,340,82.12229919433594,86.21860397251179,0.001,8.435237407684326
2447,4,447,1896,80.86225128173828,86.2055244463682,0.001,7.617841958999634
2448,4,448,2793,80.63429260253906,86.18701130640572,0.001,8.495363712310791
2449,4,449,177,89.16822052001953,86.1941984969669,0.001,9.461405515670776
2450,4,450,400,89.47876739501953,86.19932978620314,0.001,8.745630025863647
2451,4,451,446,88.55443572998047,86.20502019550291,0.001,10.492348194122314
2452,4,452,2066,94.39209747314453,86.23137181195585,0.001,9.42348051071167
2453,4,453,710,84.39059448242188,86.22693792165842,0.001,10.007361888885498
2454,4,454,2929,85.88626098632812,86.22611426211112,0.001,9.03035044670105
2455,4,455,264,91.33963012695312,86.23851608358211,0.001,10.208173751831055
2456,4,456,2219,90.4113540649414,86.24300732597838,0.001,8.417251586914062
2457,4,457,728,82.08287048339844,86.23298633310212,0.001,8.094865322113037
2458,4,458,60,87.28519439697266,86.23478299005966,0.001,9.714380264282227
2459,4,459,1361,80.63793182373047,86.22840541100109,0.001,7.6668031215667725
2460,4,460,727,80.9192886352539,86.22244401388981,0.001,8.846206903457642
2461,4,461,2583,90.90666198730469,86.23370557804202,0.001,8.383128881454468
2462,4,462,2864,85.2924575805664,86.23208735006469,0.001,9.6105318069458
2463,4,463,68,94.15396881103516,86.2458095276378,0.001,7.221081495285034
2464,4,464,774,86.96440124511719,86.24751614092,0.001,8.43264889717102
2465,4,465,2196,95.84337615966797,86.2572713723514,0.001,9.956535816192627
2466,4,466,2834,82.06527709960938,86.24401562624965,0.001,10.10399079322815
2467,4,467,2722,72.92960357666016,86.23019488029793,0.001,8.417754411697388
2468,4,468,69,89.08368682861328,86.23922327583233,0.001,10.089919805526733
2469,4,469,1480,86.79572296142578,86.23983643387598,0.001,7.59485650062561
2470,4,470,695,85.87367248535156,86.2389706015312,0.001,8.012495756149292
2471,4,471,1149,72.23583984375,86.2059095124714,0.001,9.914835214614868
2472,4,472,2906,83.8416976928711,86.20041146360737,0.001,10.466710090637207
2473,4,473,2682,80.6399917602539,86.18292603732519,0.001,9.033427715301514
2474,4,474,1089,88.45299530029297,86.18993526244594,0.001,8.485098838806152
2475,4,475,29,81.1541519165039,86.17835978052999,0.001,8.824970722198486
2476,4,476,705,81.74503326416016,86.16451126210787,0.001,10.283560991287231
2477,4,477,1649,77.48015594482422,86.14447880330265,0.001,9.322516679763794
2478,4,478,2923,91.85012817382812,86.15355858757532,0.001,7.244778871536255
2479,4,479,363,90.38822937011719,86.15816384015832,0.001,7.538336515426636
2480,4,480,74,97.58897399902344,86.17047189347049,0.001,7.660605192184448
2481,4,481,827,94.24467468261719,86.18145467669798,0.001,8.248201608657837
2482,4,482,1093,84.09895324707031,86.17523448870493,0.001,7.779928922653198
2483,4,483,1676,84.57496643066406,86.1703432696401,0.001,10.114254713058472
2484,4,484,1263,96.44835662841797,86.19364415054827,0.001,8.21243691444397
2485,4,485,861,92.51937866210938,86.20389614797656,0.001,8.564815759658813
2486,4,486,336,81.9854507446289,86.19109949252727,0.001,8.334101915359497
2487,4,487,2669,98.43669891357422,86.20443779937148,0.001,8.40077805519104
2488,4,488,2398,81.94285583496094,86.19176886727185,0.001,8.627621412277222
2489,4,489,2595,93.77468872070312,86.19982384801067,0.001,9.999078750610352
2490,4,490,2378,88.89447021484375,86.20593545013224,0.001,6.869401454925537
2491,4,491,2692,87.718994140625,86.21044201593055,0.001,9.217477560043335
2492,4,492,488,87.43960571289062,86.21406011224019,0.001,9.373412132263184
2493,4,493,325,83.24845123291016,86.20748430722573,0.001,9.362400531768799
2494,4,494,448,96.95176696777344,86.23188643010545,0.001,8.645105838775635
2495,4,495,771,85.4505844116211,86.23016657606047,0.001,8.374443292617798
2496,4,496,1274,85.40187072753906,86.2283722604198,0.001,9.615788459777832
2497,4,497,56,87.990478515625,86.23225804741661,0.001,7.968378782272339
2498,4,498,2272,85.03617858886719,86.22962919480788,0.001,9.432257652282715
2499,4,499,2784,87.7003173828125,86.23394982994176,0.001,8.861432075500488
2500,5,0,2511,87.00950622558594,87.00950622558594,0.001,10.12777853012085
2501,5,1,607,95.79864501953125,90.41631020149478,0.001,10.253689527511597
2502,5,2,789,80.91436767578125,86.06724114749285,0.001,8.381081819534302
2503,5,3,64,97.75895690917969,88.18821235218874,0.001,8.277066230773926
2504,5,4,372,79.92386627197266,87.06571798024535,0.001,9.103442192077637
2505,5,5,2588,87.54374694824219,87.21136884409157,0.001,7.999021530151367
2506,5,6,686,73.8784408569336,84.71114606270626,0.001,8.395026445388794
2507,5,7,870,86.85916900634766,84.9605022825413,0.001,7.598088979721069
2508,5,8,1530,80.73347473144531,84.20936294890835,0.001,9.850524663925171
2509,5,9,2233,94.00244140625,85.05786553015517,0.001,8.725000381469727
2510,5,10,1372,78.58162689208984,84.35748744489584,0.001,8.868214130401611
2511,5,11,689,89.94427490234375,84.75866674972201,0.001,8.348888397216797
2512,5,12,1083,91.61729431152344,85.55386747166192,0.001,9.23155426979065
2513,5,13,2513,102.02196502685547,86.22114765960306,0.001,8.927070140838623
2514,5,14,434,88.33926391601562,86.29650550089993,0.001,9.080442190170288
2515,5,15,383,90.42636108398438,86.69424495315187,0.001,8.323124170303345
2516,5,16,1434,89.59466552734375,86.88900267967001,0.001,9.634488105773926
2517,5,17,682,92.14481353759766,87.33221093304309,0.001,7.954390287399292
2518,5,18,407,84.87670135498047,87.18518401428977,0.001,9.280537366867065
2519,5,19,1302,86.44237518310547,87.13355354507202,0.001,6.895272970199585
2520,5,20,2709,100.05459594726562,87.46345666572807,0.001,7.826609373092651
2521,5,21,1442,83.62997436523438,87.32208294964641,0.001,10.699150562286377
2522,5,22,2335,96.06871795654297,87.53990244051147,0.001,8.838282108306885
2523,5,23,1864,95.01496887207031,87.71849331536258,0.001,9.1961829662323
2524,5,24,2619,86.97315216064453,87.69500055521588,0.001,7.93754243850708
2525,5,25,966,81.44210815429688,87.49091880227151,0.001,8.200185537338257
2526,5,26,2505,86.21914672851562,87.4626956801695,0.001,8.366888046264648
2527,5,27,743,84.23043823242188,87.3944527817124,0.001,9.00780177116394
2528,5,28,378,95.8622817993164,87.87029655101183,0.001,9.099919557571411
2529,5,29,496,80.68770599365234,87.59189527618763,0.001,8.957094669342041
2530,5,30,801,85.72129821777344,87.54082067307141,0.001,9.056179285049438
2531,5,31,2455,101.66848754882812,87.8065524572746,0.001,8.598007440567017
2532,5,32,273,88.89553833007812,87.8474169813851,0.001,7.621127128601074
2533,5,33,481,90.02749633789062,87.92555125593218,0.001,9.418842315673828
2534,5,34,424,88.88390350341797,87.94834196790462,0.001,8.499789953231812
2535,5,35,1848,84.38839721679688,87.78902576013421,0.001,10.312795162200928
2536,5,36,361,85.58192443847656,87.69917429620146,0.001,9.368541955947876
2537,5,37,852,92.67233276367188,87.85220385177904,0.001,10.153647661209106
2538,5,38,1554,87.27984619140625,87.84374329115268,0.001,7.225306272506714
2539,5,39,455,67.35090637207031,87.61711356644196,0.001,8.702119588851929
2540,5,40,2672,84.93515014648438,87.51238971632442,0.001,10.046942949295044
2541,5,41,2794,86.96590423583984,87.50482785791154,0.001,9.43258285522461
2542,5,42,2652,89.0330581665039,87.5250779606692,0.001,7.907275915145874
2543,5,43,986,77.15867614746094,87.23486300293162,0.001,8.455847263336182
2544,5,44,2205,92.89002227783203,87.38891283733322,0.001,9.332536220550537
2545,5,45,403,83.66902923583984,87.31975774363758,0.001,7.401417255401611
2546,5,46,863,82.38859558105469,87.1925956280186,0.001,7.028019189834595
2547,5,47,1118,84.19832611083984,87.11811556845147,0.001,8.382097959518433
2548,5,48,1439,87.78743743896484,87.1394105516122,0.001,9.49640154838562
2549,5,49,2051,83.52149200439453,87.05349207647538,0.001,10.009631633758545
2550,5,50,1700,87.933837890625,87.06887656145423,0.001,8.100422143936157
2551,5,51,2327,101.6116714477539,87.30154053252933,0.001,10.575796127319336
2552,5,52,67,85.77947998046875,87.26755479691482,0.001,9.165558099746704
2553,5,53,864,94.76313781738281,87.34218024202198,0.001,8.92956805229187
2554,5,54,94,77.9397964477539,87.08827972892617,0.001,7.701020956039429
2555,5,55,834,90.69475555419922,87.18859572772813,0.001,8.231831789016724
2556,5,56,873,89.27191162109375,87.2066724564951,0.001,7.921375513076782
2557,5,57,405,91.08232116699219,87.26445207862693,0.001,8.671022653579712
2558,5,58,1123,90.1395492553711,87.30563601645207,0.001,8.740789413452148
2559,5,59,2750,83.86383819580078,87.27325613370232,0.001,8.689999103546143
2560,5,60,388,97.8656005859375,87.36868266029903,0.001,7.847217798233032
2561,5,61,2377,75.44837951660156,87.1387845661219,0.001,8.691368818283081
2562,5,62,1394,78.11018371582031,86.96729394208403,0.001,11.024874448776245
2563,5,63,521,83.46542358398438,86.93605336169654,0.001,9.246882677078247
2564,5,64,2564,82.43670654296875,86.85433187694115,0.001,7.979839086532593
2565,5,65,699,77.55750274658203,86.68820857177923,0.001,8.496444940567017
2566,5,66,2197,94.9200439453125,86.8340476103612,0.001,8.850911378860474
2567,5,67,1484,88.65753173828125,86.8662989465143,0.001,8.627850770950317
2568,5,68,832,76.60196685791016,86.63331736039903,0.001,8.943925142288208
2569,5,69,2328,79.06683349609375,86.54079974765918,0.001,8.632569551467896
2570,5,70,954,73.77786254882812,86.43898639422596,0.001,7.080112934112549
2571,5,71,616,89.55187225341797,86.50645109767197,0.001,8.823255062103271
2572,5,72,851,85.87591552734375,86.49264150208658,0.001,8.925538778305054
2573,5,73,2543,86.47551727294922,86.49236927671353,0.001,7.9345622062683105
2574,5,74,2249,88.99056243896484,86.531973932118,0.001,9.209287405014038
2575,5,75,2422,78.59563446044922,86.47359537341066,0.001,8.8141508102417
2576,5,76,2449,79.38448333740234,86.36577732215515,0.001,10.654875993728638
2577,5,77,367,96.17964935302734,86.46984244190311,0.001,9.311431884765625
2578,5,78,432,78.54885864257812,86.35470805468502,0.001,9.903465747833252
2579,5,79,2775,87.3533935546875,86.36909657616786,0.001,8.860358953475952
2580,5,80,693,85.79002380371094,86.35798771602738,0.001,8.969768047332764
2581,5,81,858,92.7711181640625,86.39737803033572,0.001,8.964028120040894
2582,5,82,1921,80.09471130371094,86.3090649992792,0.001,9.338679790496826
2583,5,83,2070,89.31150817871094,86.3641034792381,0.001,7.361236572265625
2584,5,84,447,95.40592193603516,86.42375478465263,0.001,8.048559665679932
2585,5,85,2413,90.22975158691406,86.47583849150969,0.001,10.882950067520142
2586,5,86,770,90.10517883300781,86.52487415189486,0.001,9.059016942977905
2587,5,87,2614,79.02143859863281,86.39499376908192,0.001,8.064903020858765
2588,5,88,2270,84.75193786621094,86.36650975369535,0.001,9.26178789138794
2589,5,89,759,86.34739685058594,86.36626955283404,0.001,9.405422449111938
2590,5,90,972,88.42965698242188,86.39166526822342,0.001,7.575358152389526
2591,5,91,266,99.01737213134766,86.5996609417461,0.001,8.829548835754395
2592,5,92,2930,86.96839904785156,86.6017663865233,0.001,7.630470275878906
2593,5,93,694,82.81803131103516,86.54096348166014,0.001,9.084036588668823
2594,5,94,382,77.71160888671875,86.49193040595077,0.001,8.608549356460571
2595,5,95,825,80.1095199584961,86.45657626804393,0.001,8.345872163772583
2596,5,96,2243,86.05198669433594,86.45022630561924,0.001,8.18790578842163
2597,5,97,2706,79.2467041015625,86.41214437684356,0.001,8.345918655395508
2598,5,98,518,81.55424499511719,86.38514029193638,0.001,8.447717189788818
2599,5,99,803,102.60921478271484,86.47206964935516,0.001,8.367894411087036
2600,5,100,492,80.76195526123047,86.3852534610705,0.001,7.575785160064697
2601,5,101,1806,79.72694396972656,86.28551653774424,0.001,9.894092082977295
2602,5,102,368,82.9344253540039,86.24713121910608,0.001,9.049167394638062
2603,5,103,2535,88.07974243164062,86.2567459119733,0.001,7.138517141342163
2604,5,104,811,73.66838073730469,86.19580145304454,0.001,8.194340467453003
2605,5,105,401,82.2989273071289,86.15346285676588,0.001,8.635704278945923
2606,5,106,522,76.0369873046875,86.00866735722964,0.001,9.180893659591675
2607,5,107,977,85.94293212890625,86.00818363609314,0.001,7.704768657684326
2608,5,108,916,89.80329895019531,86.02760886875497,0.001,9.4109046459198
2609,5,109,1699,86.56719970703125,86.03154929790195,0.001,9.846673965454102
2610,5,110,458,83.3925552368164,86.01807045737469,0.001,7.8032097816467285
2611,5,111,2095,85.3770523071289,86.00944124648566,0.001,8.38927674293518
2612,5,112,981,91.21820068359375,86.06262646165774,0.001,8.608006715774536
2613,5,113,2694,100.833740234375,86.13343424451935,0.001,8.159822702407837
2614,5,114,2789,86.84468841552734,86.14054772273776,0.001,6.588293075561523
2615,5,115,441,81.0605239868164,86.09014624462668,0.001,7.538699626922607
2616,5,116,989,90.2296371459961,86.13079023460868,0.001,9.89947247505188
2617,5,117,2613,98.08625793457031,86.24584327443934,0.001,9.166773557662964
2618,5,118,990,76.73159790039062,86.15188206201135,0.001,8.200754880905151
2619,5,119,1675,87.64260864257812,86.16197466548559,0.001,8.818042755126953
2620,5,120,390,94.59679412841797,86.21787284062358,0.001,9.471956253051758
2621,5,121,1506,78.73987579345703,86.1858401667549,0.001,9.290577411651611
2622,5,122,2523,91.78053283691406,86.25578497098627,0.001,8.3665771484375
2623,5,123,2763,94.76813507080078,86.2932945528096,0.001,8.692027807235718
2624,5,124,2343,85.99446105957031,86.29134305333312,0.001,10.83755350112915
2625,5,125,913,84.15747833251953,86.27737875167809,0.001,8.408268928527832
2626,5,126,707,86.94284057617188,86.28009772115585,0.001,9.478331089019775
2627,5,127,2538,94.55241394042969,86.31610853722276,0.001,7.75630259513855
2628,5,128,2781,76.58123016357422,86.26086211247679,0.001,9.037652492523193
2629,5,129,920,86.37931060791016,86.26229628647208,0.001,7.988156318664551
2630,5,130,2901,91.74179077148438,86.29793514218264,0.001,9.004573345184326
2631,5,131,814,74.77777862548828,86.24798156050059,0.001,9.883171558380127
2632,5,132,1909,87.50682830810547,86.26246981452091,0.001,10.094826936721802
2633,5,133,819,84.51321411132812,86.24720650608424,0.001,8.869823455810547
2634,5,134,2552,89.99109649658203,86.27912782262051,0.001,7.57476544380188
2635,5,135,77,86.0251235961914,86.27693242927562,0.001,7.7986671924591064
2636,5,136,519,80.31818389892578,86.20957695930679,0.001,9.204766273498535
2637,5,137,254,75.63109588623047,86.09243472337965,0.001,10.056440591812134
2638,5,138,374,74.83897399902344,85.96928542434428,0.001,8.278329610824585
2639,5,139,190,75.9495620727539,85.85759526676557,0.001,9.84431505203247
2640,5,140,788,81.45325469970703,85.81004241926234,0.001,9.72576355934143
2641,5,141,98,89.78422546386719,85.85257149929076,0.001,10.369425296783447
2642,5,142,2772,79.31236267089844,85.80091387005605,0.001,9.02992033958435
2643,5,143,1914,85.5751724243164,85.80006575657227,0.001,8.435916900634766
2644,5,144,1132,74.94558715820312,85.71374358976088,0.001,8.81423306465149
2645,5,145,507,99.86064147949219,85.75041827626328,0.001,11.159919500350952
2646,5,146,1817,68.63489532470703,85.6890649857212,0.001,8.22165036201477
2647,5,147,453,99.08064270019531,85.76247052522932,0.001,7.226942300796509
2648,5,148,2861,80.26737976074219,85.71997666775276,0.001,8.351631879806519
2649,5,149,919,86.5416488647461,85.72843933714145,0.001,9.617687940597534
2650,5,150,1616,93.27857208251953,85.78669972334784,0.001,9.704254865646362
2651,5,151,956,82.7863540649414,85.7569288051542,0.001,9.336406946182251
2652,5,152,742,82.66360473632812,85.72629032971103,0.001,8.722094535827637
2653,5,153,2909,84.6688003540039,85.71845878770563,0.001,8.175001859664917
2654,5,154,2181,97.82144165039062,85.76075859470728,0.001,7.283312559127808
2655,5,155,2152,87.22308349609375,85.77127422680128,0.001,9.580907106399536
2656,5,156,719,81.08684539794922,85.72629882039108,0.001,10.459685325622559
2657,5,157,915,96.82315826416016,85.76282063581463,0.001,7.419126749038696
2658,5,158,2845,84.75492858886719,85.75329083255619,0.001,8.196723937988281
2659,5,159,471,87.52531433105469,85.76974739167684,0.001,9.058488607406616
2660,5,160,2274,88.34956359863281,85.78743455891255,0.001,7.49576997756958
2661,5,161,2067,87.59962463378906,85.7966456822384,0.001,10.07040786743164
2662,5,162,991,98.82917022705078,85.83870754620443,0.001,9.493383646011353
2663,5,163,2479,84.8690185546875,85.83225524657014,0.001,9.16818118095398
2664,5,164,2458,77.77760314941406,85.77738057516395,0.001,7.465221643447876
2665,5,165,514,98.15731048583984,85.83836880902973,0.001,10.229450941085815
2666,5,166,344,84.28953552246094,85.83335420309724,0.001,8.853391885757446
2667,5,167,914,83.57829284667969,85.81822260690674,0.001,9.931739091873169
2668,5,168,65,92.08546447753906,85.83872270583481,0.001,8.513673543930054
2669,5,169,778,92.90007781982422,85.88542720613,0.001,9.634134292602539
2670,5,170,611,89.05929565429688,85.9002191087694,0.001,9.88858437538147
2671,5,171,459,109.83064270019531,85.97503123394489,0.001,8.984827518463135
2672,5,172,717,89.85285949707031,86.0089245493335,0.001,7.929636478424072
2673,5,173,951,90.25392150878906,86.03650690909036,0.001,6.968543767929077
2674,5,174,808,87.16923522949219,86.04377875937121,0.001,7.48668909072876
2675,5,175,2537,83.6312484741211,86.02791636516743,0.001,9.138791799545288
2676,5,176,2565,79.69944763183594,86.00826889001362,0.001,8.476766586303711
2677,5,177,1845,78.9104995727539,85.9878919976523,0.001,7.801656484603882
2678,5,178,376,103.06822967529297,86.04051362974145,0.001,7.45810866355896
2679,5,179,469,90.78588104248047,86.08036337628222,0.001,8.344472408294678
2680,5,180,1523,86.66264343261719,86.08211434197214,0.001,7.773940324783325
2681,5,181,706,79.7756576538086,86.0629425880397,0.001,6.75843620300293
2682,5,182,1457,84.32283020019531,86.04862828306287,0.001,8.103743314743042
2683,5,183,2448,82.2103042602539,86.01719335911544,0.001,8.437038898468018
2684,5,184,685,86.90302276611328,86.02255930751205,0.001,7.829021692276001
2685,5,185,962,75.31510925292969,85.9753978930911,0.001,8.119326114654541
2686,5,186,904,78.08234405517578,85.9450198669304,0.001,7.135302782058716
2687,5,187,961,79.26793670654297,85.89147979487764,0.001,9.11232304573059
2688,5,188,73,81.85625457763672,85.87975542583239,0.001,8.535017251968384
2689,5,189,787,88.56268310546875,85.88753707345474,0.001,6.7340803146362305
2690,5,190,1326,91.13304138183594,85.90227882918978,0.001,7.9240946769714355
2691,5,191,337,78.0658950805664,85.87206656094489,0.001,8.413938760757446
2692,5,192,1615,87.20143127441406,85.87978786263,0.001,8.083346128463745
2693,5,193,773,96.69529724121094,85.94357186411705,0.001,8.396204948425293
2694,5,194,601,86.13359069824219,85.945053350902,0.001,9.552900791168213
2695,5,195,523,89.4378890991211,85.97233860986411,0.001,7.531122922897339
2696,5,196,1122,75.76766967773438,85.92952722901627,0.001,9.902178525924683
2697,5,197,2071,94.89118194580078,85.96610629324027,0.001,9.193529844284058
2698,5,198,1802,92.51493072509766,86.00344126738415,0.001,9.241801738739014
2699,5,199,1858,81.1441879272461,85.9760798502858,0.001,9.671532392501831
2700,5,200,721,91.33007049560547,85.99740552823292,0.001,8.745465993881226
2701,5,201,2436,87.79338073730469,86.00228070437498,0.001,8.091615438461304
2702,5,202,680,104.2657470703125,86.05083395160838,0.001,9.264544010162354
2703,5,203,1151,92.63214874267578,86.07627021092964,0.001,9.409356832504272
2704,5,204,1481,80.4594955444336,86.04449170293138,0.001,9.972618579864502
2705,5,205,1473,84.5458984375,86.03929962873246,0.001,9.274803876876831
2706,5,206,1814,76.5059585571289,85.98727111627315,0.001,8.858392477035522
2707,5,207,1700,87.94474792480469,85.99540368769496,0.001,9.577044248580933
2708,5,208,1676,84.66712951660156,85.98563881568573,0.001,10.064580917358398
2709,5,209,1262,88.1429443359375,85.99116376960605,0.001,8.749571084976196
2710,5,210,1918,80.19267272949219,85.94916351310144,0.001,10.29544472694397
2711,5,211,1568,81.62044525146484,85.92599348726364,0.001,8.105549573898315
2712,5,212,1692,88.05964660644531,85.9411700807397,0.001,8.700857400894165
2713,5,213,1480,86.53631591796875,85.94265980305197,0.001,7.591792106628418
2714,5,214,1923,86.22229766845703,85.94417769806323,0.001,9.648404359817505
2715,5,215,1751,85.35637664794922,85.94195193492303,0.001,9.440768718719482
2716,5,216,1334,86.35617065429688,85.94297487491627,0.001,10.08412766456604
2717,5,217,1434,89.57916259765625,85.96140285177422,0.001,8.186434268951416
2718,5,218,1182,76.05120849609375,85.90921877215322,0.001,10.025652408599854
2719,5,219,1395,107.56257629394531,85.96380286244721,0.001,10.046961307525635
2720,5,220,1151,92.69424438476562,85.98783534849392,0.001,9.322259902954102
2721,5,221,1122,75.73902893066406,85.94938039770993,0.001,9.417063236236572
2722,5,222,1439,87.81024169921875,85.96195679462446,0.001,8.577900648117065
2723,5,223,1155,93.71455383300781,85.98120003187674,0.001,8.431691408157349
2724,5,224,1845,78.84005737304688,85.96480897435866,0.001,9.283057689666748
2725,5,225,1087,85.59441375732422,85.96234628626853,0.001,9.266743183135986
2726,5,226,1113,87.46688079833984,85.97245608459839,0.001,9.326329469680786
2727,5,227,2034,88.43653869628906,85.98867037318797,0.001,8.043841123580933
2728,5,228,1523,86.69901275634766,85.99036477877218,0.001,8.292838096618652
2729,5,229,1460,89.2640380859375,86.00205890678582,0.001,9.019839763641357
2730,5,230,1777,81.5694808959961,85.98041043613985,0.001,7.420977830886841
2731,5,231,1394,78.23094940185547,85.94219450624814,0.001,7.7468976974487305
2732,5,232,1772,86.0921401977539,85.94318920214648,0.001,9.040258169174194
2733,5,233,1543,99.55590057373047,85.97534807879292,0.001,8.75559949874878
2734,5,234,1339,94.0008544921875,85.99427386761371,0.001,9.18663477897644
2735,5,235,1585,87.02467346191406,86.00084830742645,0.001,10.030712842941284
2736,5,236,1779,91.69046783447266,86.03727000517739,0.001,8.105415344238281
2737,5,237,2060,80.61956787109375,86.01117265771185,0.001,10.4319007396698
2738,5,238,2007,84.46897888183594,86.00386113440351,0.001,8.044790029525757
2739,5,239,1945,79.02591705322266,85.95974113567783,0.001,9.75615382194519
2740,5,240,1921,79.86931610107422,85.9310719199377,0.001,9.093630313873291
2741,5,241,2008,113.07682800292969,85.98547637661137,0.001,8.397538661956787
2742,5,242,1675,87.67555236816406,85.9910756948031,0.001,9.283634662628174
2743,5,243,1965,85.07144165039062,85.98531335786754,0.001,8.09727692604065
2744,5,244,1440,93.1286392211914,86.01774307866054,0.001,9.29678463935852
2745,5,245,2075,75.86856842041016,85.9847851735872,0.001,8.92822527885437
2746,5,246,1132,74.87216186523438,85.93284982267845,0.001,8.793514966964722
2747,5,247,1196,87.3602294921875,85.93571377227617,0.001,7.756838083267212
2748,5,248,2163,80.2292251586914,85.90893864277949,0.001,9.428486824035645
2749,5,249,1551,93.55204010009766,85.9442947873983,0.001,8.382096767425537
2750,5,250,1081,93.7365493774414,85.97965514623601,0.001,9.007891654968262
2751,5,251,1383,91.64653778076172,85.9982163336486,0.001,9.202713251113892
2752,5,252,1832,97.55906677246094,86.06748478195907,0.001,7.878485918045044
2753,5,253,1649,77.55902862548828,86.02937095253509,0.001,7.225494384765625
2754,5,254,2051,83.46531677246094,86.01789523467488,0.001,7.495285511016846
2755,5,255,1265,93.54789733886719,86.03386594236922,0.001,9.24896502494812
2756,5,256,1556,81.26081085205078,86.01267884234164,0.001,8.237975597381592
2757,5,257,1806,79.8294906616211,85.976386707206,0.001,7.4036946296691895
2758,5,258,1484,88.6754379272461,85.98830719387348,0.001,8.262893199920654
2759,5,259,1838,74.34434509277344,85.93847403144872,0.001,9.662898540496826
2760,5,260,1259,77.79440307617188,85.9137423640805,0.001,8.14353895187378
2761,5,261,1821,99.5900650024414,85.94187498248114,0.001,9.53853702545166
2762,5,262,2188,88.4776382446289,85.9527267401926,0.001,8.877917766571045
2763,5,263,2140,95.54542541503906,85.97155229620407,0.001,8.388805150985718
2764,5,264,1093,84.32613372802734,85.96233216648764,0.001,8.835663080215454
2765,5,265,1586,88.29041290283203,85.97564876285028,0.001,9.737320184707642
2766,5,266,2147,87.44598388671875,85.98400086698271,0.001,8.756914377212524
2767,5,267,1311,75.53849792480469,85.92552598964203,0.001,8.84368109703064
2768,5,268,2157,79.68402862548828,85.89069301507713,0.001,8.984522342681885
2769,5,269,1514,92.4857177734375,85.90371153995363,0.001,8.293102741241455
2770,5,270,1083,91.38031005859375,85.93330114614993,0.001,7.749470472335815
2771,5,271,2196,95.97040557861328,85.9511596254822,0.001,9.78843092918396
2772,5,272,1706,104.21261596679688,86.02629656947246,0.001,8.484236478805542
2773,5,273,2216,90.1046371459961,86.03347750674614,0.001,7.576294660568237
2774,5,274,1766,87.89256286621094,86.03607759624924,0.001,7.4056291580200195
2775,5,275,1793,92.58909606933594,86.07139384773585,0.001,6.971895694732666
2776,5,276,2282,84.77497863769531,86.06887668597861,0.001,9.079291582107544
2777,5,277,1393,89.22911071777344,86.08181654579299,0.001,8.172617673873901
2778,5,278,1355,77.0813980102539,86.0451442399699,0.001,8.133544683456421
2779,5,279,2050,74.79598236083984,86.01326121331594,0.001,9.582703590393066
2780,5,280,1344,81.24420928955078,85.99423002448492,0.001,7.889129161834717
2781,5,281,1809,86.81097412109375,85.99851033043603,0.001,6.633451223373413
2782,5,282,2099,76.63972473144531,85.97168924428597,0.001,9.075639009475708
2783,5,283,1844,103.76026916503906,86.00171872901018,0.001,9.799599409103394
2784,5,284,2098,88.87731170654297,86.0092254546829,0.001,10.715564012527466
2785,5,285,1506,78.70367431640625,85.99612139241273,0.001,8.910365104675293
2786,5,286,2243,85.8689193725586,85.99545032474012,0.001,8.070139408111572
2787,5,287,1549,94.94908142089844,86.02135633603022,0.001,8.403881788253784
2788,5,288,1914,85.57582092285156,86.02052314578202,0.001,9.456991910934448
2789,5,289,2270,84.80725860595703,86.01412954484356,0.001,8.520890235900879
2790,5,290,1627,98.25502014160156,86.06219303098581,0.001,6.8936333656311035
2791,5,291,2000,87.49816131591797,86.06481931498224,0.001,9.22951054573059
2792,5,292,2406,88.46725463867188,86.07732311412428,0.001,10.176499128341675
2793,5,293,1768,94.05753326416016,86.09190182349066,0.001,7.246042728424072
2794,5,294,1540,98.1385498046875,86.114166561467,0.001,8.574250221252441
2795,5,295,1791,81.6597671508789,86.10212557872599,0.001,10.221535444259644
2796,5,296,1902,90.3569564819336,86.11843684172842,0.001,9.146873235702515
2797,5,297,1794,79.1344985961914,86.09226159343581,0.001,9.350978374481201
2798,5,298,178,80.59276580810547,86.07187210048582,0.001,9.313088655471802
2799,5,299,2325,92.2232894897461,86.0952092972436,0.001,8.213544607162476
2800,5,300,1714,73.62374877929688,86.04935525153853,0.001,7.148324012756348
2801,5,301,1092,87.01393127441406,86.05418878643627,0.001,7.417196750640869
2802,5,302,2249,89.01763916015625,86.06548319627412,0.001,8.147198915481567
2803,5,303,1326,91.15998077392578,86.07439992629263,0.001,8.775390148162842
2804,5,304,2202,88.47886657714844,86.08638196651145,0.001,6.842933416366577
2805,5,305,1324,89.1121597290039,86.10115879435898,0.001,10.10833477973938
2806,5,306,1642,83.2353515625,86.09076127042182,0.001,10.23586916923523
2807,5,307,1577,86.8552474975586,86.09355140611933,0.001,9.033740520477295
2808,5,308,1128,74.17256927490234,86.04994741113977,0.001,7.979429244995117
2809,5,309,1495,90.94745635986328,86.06786044829917,0.001,8.206527709960938
2810,5,310,1797,71.86749267578125,86.04277214632349,0.001,8.98254680633545
2811,5,311,1617,88.30621337890625,86.05331235218199,0.001,9.030235052108765
2812,5,312,1570,86.58264923095703,86.05423250946312,0.001,7.866711616516113
2813,5,313,1117,90.3796157836914,86.07007944262047,0.001,8.523654222488403
2814,5,314,1557,84.92301940917969,86.06457103475879,0.001,8.444291830062866
2815,5,315,2184,94.57421112060547,86.0864775007777,0.001,10.0992910861969
2816,5,316,2073,81.86634826660156,86.07959940896637,0.001,10.237502574920654
2817,5,317,1333,104.88240814208984,86.14654430127361,0.001,8.510697841644287
2818,5,318,1088,87.04754638671875,86.14966719213524,0.001,7.581248998641968
2819,5,319,1846,85.58116912841797,86.147679029591,0.001,9.058964967727661
2820,5,320,1098,75.1848373413086,86.1198479727825,0.001,8.348894834518433
2821,5,321,1120,81.31291961669922,86.10837090304335,0.001,7.434693336486816
2822,5,322,2464,61.71072769165039,86.06677868283299,0.001,9.940284490585327
2823,5,323,2458,77.88833618164062,86.03831355790925,0.001,9.449041604995728
2824,5,324,1118,84.20919036865234,86.03197290404101,0.001,9.476896524429321
2825,5,325,1764,88.090576171875,86.04166255128047,0.001,8.911637306213379
2826,5,326,1302,86.41850280761719,86.04328394215032,0.001,7.632505893707275
2827,5,327,1346,97.63478088378906,86.0944590823353,0.001,7.6963887214660645
2828,5,328,1493,83.3822250366211,86.08206869858697,0.001,8.858588457107544
2829,5,329,1819,88.43145751953125,86.08591713326277,0.001,7.2672717571258545
2830,5,330,1626,74.48595428466797,86.0677176354144,0.001,7.308906555175781
2831,5,331,175,90.28180694580078,86.07816205459821,0.001,8.888262033462524
2832,5,332,2460,81.00519561767578,86.0699760617171,0.001,9.759981155395508
2833,5,333,1099,89.366455078125,86.08486144756827,0.001,7.820247173309326
2834,5,334,2066,94.4648666381836,86.12222626125816,0.001,9.018981218338013
2835,5,335,1554,87.27394104003906,86.12409207932188,0.001,9.123379230499268
2836,5,336,1762,96.27061462402344,86.15795693392111,0.001,8.711709976196289
2837,5,337,1858,81.295654296875,86.14191790063241,0.001,8.498677968978882
2838,5,338,2080,78.75914764404297,86.1090261410081,0.001,9.698814153671265
2839,5,339,2219,90.45997619628906,86.11547533875951,0.001,8.748130559921265
2840,5,340,2197,94.91763305664062,86.14437349007027,0.001,7.693094968795776
2841,5,341,1313,85.15754699707031,86.14022653960814,0.001,10.299335479736328
2842,5,342,1372,78.58413696289062,86.11556270674309,0.001,7.109846591949463
2843,5,343,2513,101.99493408203125,86.14019036965281,0.001,9.414041757583618
2844,5,344,1363,86.45584869384766,86.14121834974414,0.001,9.533740282058716
2845,5,345,2203,95.40804290771484,86.18147772016232,0.001,8.417166948318481
2846,5,346,1181,96.7691879272461,86.21497198445965,0.001,8.299812316894531
2847,5,347,2174,74.69959259033203,86.16681399241887,0.001,8.677315950393677
2848,5,348,2511,86.89936065673828,86.168518877774,0.001,7.521068334579468
2849,5,349,1817,68.34564208984375,86.14214275040182,0.001,9.375991106033325
2850,5,350,2179,93.04998016357422,86.1581771281644,0.001,9.343615531921387
2851,5,351,1453,94.93544006347656,86.1706396508087,0.001,9.003201961517334
2852,5,352,1250,83.066650390625,86.1659704027645,0.001,9.465696096420288
2853,5,353,1441,79.03190612792969,86.15488054486964,0.001,7.5863258838653564
2854,5,354,2241,100.96502685546875,86.21843573681802,0.001,8.768437147140503
2855,5,355,1105,78.90386199951172,86.20693753382402,0.001,10.404849529266357
2856,5,356,1864,94.85145568847656,86.22008526434128,0.001,9.376228332519531
2857,5,357,2546,85.44989013671875,86.21767237701673,0.001,9.85783052444458
2858,5,358,1769,82.01497650146484,86.19987315962766,0.001,8.41059947013855
2859,5,359,1878,86.65792083740234,86.20088730627558,0.001,8.292144536972046
2860,5,360,1161,82.43586730957031,86.19559901460923,0.001,9.043385028839111
2861,5,361,2278,88.21963500976562,86.2020185541445,0.001,8.83296799659729
2862,5,362,2013,101.32472229003906,86.22410925458763,0.001,8.209834814071655
2863,5,363,1360,98.48047637939453,86.24176338558173,0.001,9.586219072341919
2864,5,364,2590,100.53717041015625,86.2725278764513,0.001,8.054915189743042
2865,5,365,2476,93.93984985351562,86.28390369552316,0.001,9.560800313949585
2866,5,366,1686,89.59959411621094,86.29754016746509,0.001,6.51477575302124
2867,5,367,2377,75.56452941894531,86.26460006128119,0.001,9.483000993728638
2868,5,368,1443,78.02633666992188,86.23108686461904,0.001,9.03717851638794
2869,5,369,1951,92.5668716430664,86.2505014270958,0.001,9.094286680221558
2870,5,370,2223,85.08014678955078,86.24571472498289,0.001,9.163567543029785
2871,5,371,1615,87.49797821044922,86.24943894760085,0.001,9.653986692428589
2872,5,372,2071,94.84757232666016,86.26791393047691,0.001,10.052946329116821
2873,5,373,29,81.193603515625,86.25267806158301,0.001,8.130903482437134
2874,5,374,1370,73.5923843383789,86.2142692435856,0.001,9.032838344573975
2875,5,375,2152,87.02047729492188,86.21666729036247,0.001,9.052695989608765
2876,5,376,2101,93.46949768066406,86.24585098893053,0.001,8.795723676681519
2877,5,377,2392,86.07549285888672,86.24548336792243,0.001,9.7562575340271
2878,5,378,1699,86.66045379638672,86.2463442100801,0.001,7.788313865661621
2879,5,379,2499,92.70535278320312,86.26008981442735,0.001,8.699357509613037
2880,5,380,266,99.04178619384766,86.31063273154655,0.001,6.827930450439453
2881,5,381,2205,92.91400146484375,86.33045840340154,0.001,8.421794176101685
2882,5,382,2533,67.03146362304688,86.28909389456145,0.001,9.1194326877594
2883,5,383,1682,77.3140869140625,86.26279925343009,0.001,9.384295463562012
2884,5,384,1111,87.74951171875,86.26713982106835,0.001,8.512813806533813
2885,5,385,1342,84.14997100830078,86.26107120991848,0.001,8.250444173812866
2886,5,386,2225,90.3441162109375,86.2768763187147,0.001,8.625769853591919
2887,5,387,1571,92.3550033569336,86.30028411220817,0.001,9.648051500320435
2888,5,388,2673,84.88892364501953,86.29614386688351,0.001,7.256045818328857
2889,5,389,2432,75.28219604492188,86.28084518972663,0.001,7.802868843078613
2890,5,390,2378,88.91149139404297,86.28849740879564,0.001,9.373135328292847
2891,5,391,2535,88.57701110839844,86.2916259393791,0.001,8.660368919372559
2892,5,392,2233,93.9577407836914,86.3072556488121,0.001,8.185888290405273
2893,5,393,250,87.28144836425781,86.30858756492638,0.001,8.269883871078491
2894,5,394,2422,78.50035095214844,86.2979453874944,0.001,8.435338735580444
2895,5,395,1457,84.3294448852539,86.29054180925372,0.001,8.43766188621521
2896,5,396,1090,86.51239013671875,86.29098605999,0.001,7.770042896270752
2897,5,397,1482,91.04743957519531,86.29733623376482,0.001,8.341692686080933
2898,5,398,2580,89.06362915039062,86.30753637413117,0.001,6.929514169692993
2899,5,399,1823,82.32540130615234,86.29223622350841,0.001,8.272027492523193
2900,5,400,1126,80.87992858886719,86.27191770339404,0.001,8.306494235992432
2901,5,401,1502,80.33851623535156,86.24947711268882,0.001,9.129403114318848
2902,5,402,1862,79.76953887939453,86.24085075747955,0.001,8.943108797073364
2903,5,403,274,88.07669830322266,86.24588081299963,0.001,8.986480236053467
2904,5,404,2906,83.85093688964844,86.23925165366416,0.001,6.931427955627441
2905,5,405,2327,101.55384826660156,86.26901307401108,0.001,5.711358547210693
2906,5,406,2547,86.34040069580078,86.26921100947301,0.001,8.042119026184082
2907,5,407,1900,92.90523529052734,86.27815301212144,0.001,8.225513219833374
2908,5,408,2583,90.85179901123047,86.29083830651999,0.001,9.012257099151611
2909,5,409,2565,80.00372314453125,86.28246873611383,0.001,8.592702627182007
2910,5,410,2619,86.99200439453125,86.28374200094581,0.001,8.425511121749878
2911,5,411,2427,80.34331512451172,86.26782415930332,0.001,6.741546392440796
2912,5,412,2229,84.61073303222656,86.26502774678924,0.001,6.685376167297363
2913,5,413,2298,74.85289764404297,86.25056526779704,0.001,8.970494985580444
2914,5,414,2343,86.07746124267578,86.2502327613291,0.001,8.81371784210205
2915,5,415,1888,78.59873962402344,86.22298272725902,0.001,7.997382879257202
2916,5,416,1530,80.75093841552734,86.2032715732562,0.001,9.239686489105225
2917,5,417,272,88.8786849975586,86.20846072038664,0.001,8.37198281288147
2918,5,418,1174,85.92977905273438,86.20770833521381,0.001,9.965420246124268
2919,5,419,2387,96.78486633300781,86.22804150518077,0.001,10.469815015792847
2920,5,420,2221,90.47057342529297,86.23962624942605,0.001,8.293117046356201
2921,5,421,1602,98.00405883789062,86.2495401489577,0.001,10.534406185150146
2922,5,422,2763,94.93112182617188,86.26051320046328,0.001,9.582165002822876
2923,5,423,2660,89.80119323730469,86.27283647966668,0.001,9.251454830169678
2924,5,424,2510,80.33042907714844,86.25198005687604,0.001,8.168487310409546
2925,5,425,1828,78.12745666503906,86.22269799933285,0.001,8.978137731552124
2926,5,426,2603,74.85792541503906,86.1837508863531,0.001,7.703477621078491
2927,5,427,2929,85.91447448730469,86.18304232196796,0.001,8.318773031234741
2928,5,428,2117,91.46129608154297,86.19655195785529,0.001,8.754400730133057
2929,5,429,1909,87.44312286376953,86.2008317759831,0.001,8.070316791534424
2930,5,430,2294,94.71305847167969,86.21107016685343,0.001,9.743014812469482
2931,5,431,1519,87.15863800048828,86.21358316012869,0.001,7.690061092376709
2932,5,432,1802,92.74799346923828,86.23047959048915,0.001,9.624970197677612
2933,5,433,1620,84.90852355957031,86.22938737733186,0.001,8.354729175567627
2934,5,434,2772,79.63330841064453,86.21237523932713,0.001,9.076423645019531
2935,5,435,2793,80.64440155029297,86.19290744439674,0.001,7.8068811893463135
2936,5,436,1481,80.49805450439453,86.17807206270957,0.001,9.181944370269775
2937,5,437,2834,82.0739517211914,86.1639909850344,0.001,8.532498121261597
2938,5,438,2672,84.989013671875,86.15996511929524,0.001,7.557093858718872
2939,5,439,376,102.97520446777344,86.18070284128663,0.001,6.340995788574219
2940,5,440,337,78.44050598144531,86.1679649420361,0.001,9.545320987701416
2941,5,441,372,79.9431381225586,86.16134320907327,0.001,9.457722425460815
2942,5,442,2274,88.1478042602539,86.16629062596292,0.001,10.616896629333496
2943,5,443,1737,87.1783218383789,86.1696110147617,0.001,9.10933518409729
2944,5,444,2584,83.03568267822266,86.15910971352106,0.001,9.625430822372437
2945,5,445,1807,86.64271545410156,86.16070890071947,0.001,6.953456878662109
2946,5,446,1488,80.7525634765625,86.1437283477605,0.001,9.934295177459717
2947,5,447,2413,90.22926330566406,86.15407628525102,0.001,9.713469982147217
2948,5,448,1097,96.08447265625,86.16555173827763,0.001,9.331502437591553
2949,5,449,1896,80.85860443115234,86.15243177599415,0.001,9.249024868011475
2950,5,450,1365,93.26148986816406,86.16087343742385,0.001,8.242961645126343
2951,5,451,2455,101.61823272705078,86.17955969398808,0.001,8.18607234954834
2952,5,452,2435,86.03572082519531,86.17938462599712,0.001,9.45911431312561
2953,5,453,2781,76.62677764892578,86.16458006451687,0.001,10.62068772315979
2954,5,454,2149,81.12715911865234,86.15195074470978,0.001,9.445561170578003
2955,5,455,2172,84.78634643554688,86.14852904144449,0.001,9.871397256851196
2956,5,456,2450,85.3087387084961,86.14650308990572,0.001,8.967243432998657
2957,5,457,2398,81.9601058959961,86.13295187680114,0.001,8.558709144592285
2958,5,458,1717,101.51856994628906,86.15067226658265,0.001,9.672903776168823
2959,5,459,1264,88.29264068603516,86.15321381145472,0.001,8.430452346801758
2960,5,460,2668,93.62613677978516,86.171646609791,0.001,8.350954294204712
2961,5,461,2608,87.45103454589844,86.1758733603933,0.001,9.788228034973145
2962,5,462,2452,101.05204772949219,86.21193439725943,0.001,7.75302529335022
2963,5,463,273,88.96055603027344,86.21864224913934,0.001,7.963996648788452
2964,5,464,424,88.87410736083984,86.22299845449699,0.001,8.655630826950073
2965,5,465,2425,88.19625091552734,86.22777197840662,0.001,8.64750623703003
2966,5,466,2564,82.24298095703125,86.21836088777042,0.001,10.649720668792725
2967,5,467,69,89.08641052246094,86.22760170583652,0.001,9.243118047714233
2968,5,468,2552,90.12525939941406,86.23682582968904,0.001,7.7827935218811035
2969,5,469,2192,92.04608917236328,86.24236550332387,0.001,8.891119718551636
2970,5,470,1693,89.83934783935547,86.25374136457403,0.001,8.371216058731079
2971,5,471,2449,79.38057708740234,86.23740777979302,0.001,7.596849679946899
2972,5,472,2682,80.62854766845703,86.21946038779265,0.001,7.757459402084351
2973,5,473,2775,87.35786437988281,86.22211252189348,0.001,8.556230783462524
2974,5,474,2297,85.15653991699219,86.21954776708863,0.001,8.803396701812744
2975,5,475,1938,83.43838500976562,86.21654134752346,0.001,8.305678129196167
2976,5,476,2505,86.125732421875,86.21643745812422,0.001,8.126983165740967
2977,5,477,2272,85.0387954711914,86.21367908658972,0.001,7.516052722930908
2978,5,478,2930,87.07330322265625,86.21461645130442,0.001,9.227933645248413
2979,5,479,2064,85.44792175292969,86.21280433147638,0.001,7.880889654159546
2980,5,480,2113,87.33412170410156,86.21545346482694,0.001,9.197057962417603
2981,5,481,2927,86.68214416503906,86.21590213646172,0.001,9.487685441970825
2982,5,482,2095,85.35215759277344,86.21327913801723,0.001,7.441196918487549
2983,5,483,65,92.03941345214844,86.21986395997982,0.001,8.675208568572998
2984,5,484,469,90.70111846923828,86.23363227221097,0.001,9.5907883644104
2985,5,485,2443,89.5843734741211,86.24130179263776,0.001,7.881447792053223
2986,5,486,2610,83.21684265136719,86.23797555205242,0.001,8.826238870620728
2987,5,487,693,85.87179565429688,86.23684883022653,0.001,10.240947008132935
2988,5,488,28,96.38104248046875,86.24788082671812,0.001,9.116992950439453
2989,5,489,1109,84.27254486083984,86.24206442599711,0.001,8.38944149017334
2990,5,490,1596,91.97167205810547,86.25119693976872,0.001,9.383330345153809
2991,5,491,2874,87.5966567993164,86.25420201909051,0.001,6.284684419631958
2992,5,492,492,80.41827392578125,86.23648801433356,0.001,8.661927223205566
2993,5,493,1690,77.51039123535156,86.22697957776711,0.001,8.645582437515259
2994,5,494,616,89.40603637695312,86.23648132944155,0.001,8.396175622940063
2995,5,495,2055,80.24614715576172,86.21845365233989,0.001,6.89911961555481
2996,5,496,2563,75.52254486083984,86.20119154645901,0.001,9.00942587852478
2997,5,497,453,99.15091705322266,86.22181394059638,0.001,10.011151790618896
2998,5,498,1306,76.11650848388672,86.19169140169257,0.001,9.439492464065552
2999,5,499,350,82.15648651123047,86.18260035002257,0.001,8.93534517288208
3000,6,0,459,109.31322479248047,109.31322479248047,0.001,9.351791381835938
3001,6,1,1679,73.05774688720703,87.31570834914152,0.001,6.599209547042847
3002,6,2,2166,84.45075988769531,86.25102307942292,0.001,10.500157356262207
3003,6,3,2861,79.62825012207031,83.96680601524518,0.001,9.63957691192627
3004,6,4,2543,86.33087921142578,84.57295276904405,0.001,8.307365655899048
3005,6,5,710,84.36162567138672,84.53022700457555,0.001,10.77010989189148
3006,6,6,73,82.44746398925781,84.34428907884352,0.001,6.83754825592041
3007,6,7,436,87.70015716552734,84.73018859134912,0.001,9.87003755569458
3008,6,8,2328,79.15010070800781,84.13914911355755,0.001,9.36354374885559
3009,6,9,689,89.88632202148438,84.68188920492545,0.001,8.608759641647339
3010,6,10,68,94.31568908691406,85.53069647265629,0.001,8.57235598564148
3011,6,11,2569,101.33477783203125,86.78421677192978,0.001,7.92732572555542
3012,6,12,468,85.46980285644531,86.61572134478631,0.001,8.199769973754883
3013,6,13,264,91.08422088623047,87.01346545385147,0.001,8.019376277923584
3014,6,14,2399,92.00609588623047,87.19504372104558,0.001,10.131751775741577
3015,6,15,1756,90.90103912353516,87.48166564134347,0.001,8.950500965118408
3016,6,16,368,82.60872650146484,87.11541384230615,0.001,10.217162370681763
3017,6,17,488,87.59625244140625,87.1575333017999,0.001,7.46307897567749
3018,6,18,2436,87.3434829711914,87.16327351916867,0.001,9.388637065887451
3019,6,19,390,94.77798461914062,87.48951363260456,0.001,7.67246413230896
3020,6,20,64,97.90892791748047,87.79006196010245,0.001,9.302652597427368
3021,6,21,832,76.30683135986328,86.9467300399,0.001,9.182432889938354
3022,6,22,774,86.86290740966797,86.94232646376909,0.001,8.19172739982605
3023,6,23,2709,99.88203430175781,87.25396398745286,0.001,10.210203409194946
3024,6,24,2617,83.4572982788086,87.01273080734639,0.001,9.095699787139893
3025,6,25,407,85.14212036132812,86.92712530465036,0.001,6.477960109710693
3026,6,26,1735,79.72852325439453,86.77220637930367,0.001,9.705748319625854
3027,6,27,2911,78.81190490722656,86.61806553507256,0.001,7.084325551986694
3028,6,28,342,81.64601135253906,86.33894861124654,0.001,7.553516149520874
3029,6,29,2901,91.91280364990234,86.50278429102919,0.001,8.415213108062744
3030,6,30,256,79.12592315673828,86.29910638141936,0.001,7.70592474937439
3031,6,31,94,78.15221405029297,85.91744069353064,0.001,8.334142208099365
3032,6,32,2692,87.96330261230469,86.01422718184618,0.001,8.156749248504639
3033,6,33,2923,92.30724334716797,86.16535406978574,0.001,9.182326555252075
3034,6,34,2181,98.15489196777344,86.3607215494301,0.001,10.716397047042847
3035,6,35,728,81.9520034790039,86.21489765477796,0.001,8.884088039398193
3036,6,36,2596,94.24101257324219,86.3994300995607,0.001,8.337404727935791
3037,6,37,2588,87.61405944824219,86.45001523366192,0.001,9.546751022338867
3038,6,38,808,86.9697265625,86.46545435500173,0.001,9.448055028915405
3039,6,39,2784,87.90324401855469,86.52090909986082,0.001,9.035444974899292
3040,6,40,864,95.12601470947266,86.63119244583447,0.001,8.298390865325928
3041,6,41,2601,89.54244995117188,86.73576331691113,0.001,8.282538890838623
3042,6,42,981,91.5833740234375,86.86538185784289,0.001,8.782846689224243
3043,6,43,1903,85.77339935302734,86.84528499962887,0.001,8.381078481674194
3044,6,44,2614,79.11681365966797,86.58655370636839,0.001,8.458142518997192
3045,6,45,2293,74.14219665527344,86.27224210944351,0.001,9.489320993423462
3046,6,46,920,86.44480895996094,86.2778100803512,0.001,8.613034009933472
3047,6,47,518,81.68756866455078,86.22597438427144,0.001,8.75911545753479
3048,6,48,1123,89.98454284667969,86.28812484279986,0.001,7.8092615604400635
3049,6,49,819,84.48902130126953,86.24711522005154,0.001,8.761159896850586
3050,6,50,471,87.27862548828125,86.27711001646331,0.001,8.346644163131714
3051,6,51,2722,72.96096801757812,86.14933135372034,0.001,8.85853910446167
3052,6,52,377,87.60777282714844,86.17171524194494,0.001,7.947526216506958
3053,6,53,1616,93.43917083740234,86.32796656044827,0.001,9.777314186096191
3054,6,54,400,89.56542205810547,86.37093723866177,0.001,8.290144205093384
3055,6,55,496,80.6971435546875,86.260480097465,0.001,10.319545269012451
3056,6,56,601,86.15957641601562,86.25781811960658,0.001,8.617802619934082
3057,6,57,962,75.27680969238281,86.1034012409049,0.001,8.651373147964478
3058,6,58,1527,86.16848754882812,86.10463998289468,0.001,9.10033631324768
3059,6,59,1580,96.94825744628906,86.25066464321046,0.001,10.810187101364136
3060,6,60,919,86.27029418945312,86.25115449631626,0.001,7.6778178215026855
3061,6,61,743,84.46590423583984,86.23573193435838,0.001,7.846917629241943
3062,6,62,446,88.4826889038086,86.27571937948728,0.001,7.807556867599487
3063,6,63,759,86.47455596923828,86.27918740836606,0.001,8.095008134841919
3064,6,64,607,95.84026336669922,86.35569579625007,0.001,9.427278280258179
3065,6,65,778,92.86308288574219,86.46661734442517,0.001,8.27480435371399
3066,6,66,378,95.9187240600586,86.67845557708878,0.001,7.812614679336548
3067,6,67,2070,89.3281021118164,86.7363825703703,0.001,8.908795356750488
3068,6,68,803,102.65070343017578,86.85669483317308,0.001,7.3164403438568115
3069,6,69,991,98.84221649169922,86.9470553732813,0.001,6.722996711730957
3070,6,70,789,80.91593933105469,86.85131315888253,0.001,7.935703277587891
3071,6,71,811,73.6041259765625,86.75885828343448,0.001,9.025844812393188
3072,6,72,707,86.64298248291016,86.7580465920628,0.001,5.998797655105591
3073,6,73,361,85.50337219238281,86.73352739363003,0.001,8.30736494064331
3074,6,74,1368,86.94501495361328,86.73587518805418,0.001,6.226566314697266
3075,6,75,507,99.64771270751953,86.80079583459187,0.001,8.86412787437439
3076,6,76,989,90.4388427734375,86.8549760621534,0.001,9.158572912216187
3077,6,77,405,90.95381927490234,86.89919584931606,0.001,7.533406496047974
3078,6,78,858,92.79447937011719,86.93651586783727,0.001,8.623147964477539
3079,6,79,825,80.15568542480469,86.89065360676973,0.001,9.94452714920044
3080,6,80,1848,84.27458190917969,86.8406120634446,0.001,9.12251901626587
3081,6,81,954,73.8460922241211,86.75287561437749,0.001,7.155517101287842
3082,6,82,990,76.59752655029297,86.60743317082093,0.001,8.46590781211853
3083,6,83,827,94.24765014648438,86.67043752038957,0.001,8.201745748519897
3084,6,84,2401,78.22078704833984,86.55318436284179,0.001,8.475678205490112
3085,6,85,1516,82.76560974121094,86.50238648792089,0.001,9.433947086334229
3086,6,86,1127,89.18467712402344,86.52853105682605,0.001,8.331806898117065
3087,6,87,383,90.30819702148438,86.59269823675467,0.001,8.66488265991211
3088,6,88,1149,72.22747039794922,86.40459218766024,0.001,7.4900288581848145
3089,6,89,336,81.98942565917969,86.32902445515295,0.001,8.397642850875854
3090,6,90,1925,110.78118896484375,86.47510382618258,0.001,8.933823347091675
3091,6,91,705,81.73794555664062,86.39516117113696,0.001,8.517163276672363
3092,6,92,2204,94.23186492919922,86.52131355013677,0.001,9.269174337387085
3093,6,93,915,96.60904693603516,86.5777714148222,0.001,8.736065149307251
3094,6,94,1569,89.8207015991211,86.61707503544729,0.001,9.119690418243408
3095,6,95,719,80.94636535644531,86.52735674878853,0.001,8.848054647445679
3096,6,96,2538,94.32478332519531,86.57121395513693,0.001,8.693891763687134
3097,6,97,2522,78.75877380371094,86.48106807027936,0.001,8.84931206703186
3098,6,98,521,83.5715560913086,86.4650938363081,0.001,8.38933253288269
3099,6,99,2335,96.1701431274414,86.51970073058976,0.001,8.558687686920166
3100,6,100,1463,82.73429107666016,86.50170069620405,0.001,9.29418420791626
3101,6,101,190,76.22801971435547,86.34332237414196,0.001,8.606116771697998
3102,6,102,1548,91.48249816894531,86.39847158235507,0.001,8.04400086402893
3103,6,103,851,85.77136993408203,86.38905921460865,0.001,8.960263013839722
3104,6,104,2871,74.75192260742188,86.22176406382663,0.001,10.269137859344482
3105,6,105,2720,91.22832489013672,86.24555600800514,0.001,8.198721408843994
3106,6,106,727,81.14695739746094,86.21985998274332,0.001,9.583328247070312
3107,6,107,2613,98.0745849609375,86.34421368581746,0.001,9.402443885803223
3108,6,108,694,82.70325469970703,86.2934288165356,0.001,8.407028198242188
3109,6,109,770,89.81874084472656,86.33049861173261,0.001,8.451271295547485
3110,6,110,401,82.49796295166016,86.29113884039992,0.001,8.041578769683838
3111,6,111,1361,80.62870025634766,86.26363153855819,0.001,9.029089450836182
3112,6,112,2706,79.19527435302734,86.23113624788026,0.001,9.039326190948486
3113,6,113,680,104.42288208007812,86.31786190246235,0.001,8.737544775009155
3114,6,114,2502,90.45840454101562,86.37348237097464,0.001,6.9349658489227295
3115,6,115,38,83.42501068115234,86.35245860071757,0.001,9.874943256378174
3116,6,116,519,80.68782806396484,86.27828314723759,0.001,9.289926290512085
3117,6,117,388,97.69197845458984,86.32897623199825,0.001,8.474760055541992
3118,6,118,461,92.38704681396484,86.40590849667028,0.001,8.20292067527771
3119,6,119,2144,91.93525695800781,86.43084266963884,0.001,8.431050777435303
3120,6,120,325,83.103271484375,86.39941678181863,0.001,8.573445320129395
3121,6,121,961,79.1407241821289,86.30926964943463,0.001,9.998592853546143
3122,6,122,2782,78.8362808227539,86.21622881635564,0.001,7.787097692489624
3123,6,123,706,79.79232788085938,86.18762580014207,0.001,7.3570146560668945
3124,6,124,1576,96.25662994384766,86.23085057535468,0.001,9.139904022216797
3125,6,125,2067,87.90050506591797,86.24196082657765,0.001,7.856043815612793
3126,6,126,177,89.18516540527344,86.26813545372238,0.001,8.2538583278656
3127,6,127,870,86.76608276367188,86.27132863711618,0.001,9.495659351348877
3128,6,128,2235,87.66227722167969,86.28768966421252,0.001,9.040379762649536
3129,6,129,254,75.77324676513672,86.16557833625639,0.001,8.117491006851196
3130,6,130,956,83.04965209960938,86.12976179483226,0.001,9.59472370147705
3131,6,131,773,96.8232421875,86.22149232155778,0.001,10.21403431892395
3132,6,132,77,86.14115905761719,86.2208005626842,0.001,6.925134658813477
3133,6,133,986,77.26217651367188,86.14400193643897,0.001,8.486288785934448
3134,6,134,2585,81.73490142822266,86.10784194692766,0.001,8.36217737197876
3135,6,135,2845,84.69248962402344,86.09225570468871,0.001,10.300766944885254
3136,6,136,966,81.62947082519531,86.06656984558131,0.001,9.397350788116455
3137,6,137,1839,78.45585632324219,86.03747881946168,0.001,9.047263145446777
3138,6,138,682,92.48809814453125,86.1066872155422,0.001,8.924301147460938
3139,6,139,904,78.3535385131836,86.06719157017432,0.001,10.060882806777954
3140,6,140,340,82.12864685058594,86.03561457288676,0.001,8.747687101364136
3141,6,141,2482,85.64427947998047,86.03144755403709,0.001,8.427227258682251
3142,6,142,801,85.90626525878906,86.03076463654561,0.001,8.742956399917603
3143,6,143,2040,84.50530242919922,86.01472661095683,0.001,9.57731318473816
3144,6,144,2534,101.11308288574219,86.07121110019862,0.001,9.883303880691528
3145,6,145,344,84.37482452392578,86.06495037196974,0.001,9.366085767745972
3146,6,146,455,67.50081634521484,86.01272171230724,0.001,9.810821056365967
3147,6,147,2479,84.94107055664062,86.00479608028012,0.001,8.098360061645508
3148,6,148,367,96.1876449584961,86.05943980772308,0.001,9.745035409927368
3149,6,149,2789,86.84703826904297,86.06536576921935,0.001,9.8051598072052
3150,6,150,2595,93.40125274658203,86.09144822450871,0.001,9.289471626281738
3151,6,151,695,85.93742370605469,86.09028802373108,0.001,8.614950180053711
3152,6,152,1397,81.7393569946289,86.0468968652393,0.001,9.880897045135498
3153,6,153,1541,80.2359619140625,86.02833463280741,0.001,9.32844853401184
3154,6,154,787,88.5619888305664,86.03731850398184,0.001,9.380080223083496
3155,6,155,2529,89.48712921142578,86.06304654819468,0.001,9.430517196655273
3156,6,156,432,78.49989318847656,86.00934919815144,0.001,8.901735544204712
3157,6,157,56,87.8463363647461,86.02254834269978,0.001,10.020424127578735
3158,6,158,717,89.85074615478516,86.05885796682968,0.001,8.21742582321167
3159,6,159,2652,89.02954864501953,86.06871490521713,0.001,9.19852089881897
3160,6,160,514,98.16107940673828,86.13052134528704,0.001,8.33030366897583
3161,6,161,1879,81.73551940917969,86.10810331467108,0.001,9.018176317214966
3162,6,162,2794,86.9903793334961,86.11107904637221,0.001,9.159681797027588
3163,6,163,2462,87.71480560302734,86.12610231862892,0.001,9.388333320617676
3164,6,164,2758,100.32643127441406,86.22342726441656,0.001,9.256456851959229
3165,6,165,2832,78.27507019042969,86.15455624928778,0.001,7.233893632888794
3166,6,166,523,89.4088363647461,86.18416808662933,0.001,8.253976345062256
3167,6,167,447,95.17240905761719,86.21337105562894,0.001,7.816657781600952
3168,6,168,914,83.58462524414062,86.19583347483413,0.001,9.047417879104614
3169,6,169,611,89.11502075195312,86.209494657298,0.001,8.76207423210144
3170,6,170,771,85.57119750976562,86.20529471320724,0.001,10.124579429626465
3171,6,171,685,86.9233169555664,86.20995300123553,0.001,9.89422059059143
3172,6,172,374,74.83854675292969,86.111651747533,0.001,7.7383716106414795
3173,6,173,2340,87.13936614990234,86.11816393832815,0.001,8.424080848693848
3174,6,174,98,89.77532196044922,86.14963577042356,0.001,8.058725833892822
3175,6,175,972,88.41259765625,86.16381113242608,0.001,9.016416311264038
3176,6,176,916,89.80127716064453,86.17502655361882,0.001,9.286826133728027
3177,6,177,861,92.1739501953125,86.20220018412058,0.001,7.720411539077759
3178,6,178,1373,75.46553039550781,86.14902768781081,0.001,9.347423076629639
3179,6,179,834,90.78196716308594,86.18758304538159,0.001,9.861023426055908
3180,6,180,434,88.2065200805664,86.19301044656783,0.001,9.135201930999756
3181,6,181,2349,81.92340850830078,86.15801213912562,0.001,8.239985227584839
3182,6,182,392,90.21419525146484,86.19087363286106,0.001,9.229219198226929
3183,6,183,1442,83.77405548095703,86.1804646579766,0.001,8.23456072807312
3184,6,184,1317,80.54580688476562,86.16415735203257,0.001,9.281392097473145
3185,6,185,2593,78.10566711425781,86.11435796852042,0.001,7.771367311477661
3186,6,186,863,82.39712524414062,86.09184380767952,0.001,9.535876750946045
3187,6,187,1532,95.03834533691406,86.16258716311977,0.001,9.31496548652649
3188,6,188,852,92.76077270507812,86.2013243210769,0.001,9.119842529296875
3189,6,189,522,76.01741790771484,86.12113002262083,0.001,7.042200565338135
3190,6,190,2191,93.86669158935547,86.15427055898702,0.001,8.27269172668457
3191,6,191,37,80.80792999267578,86.11303807007,0.001,8.747077941894531
3192,6,192,481,90.02379608154297,86.13563529123027,0.001,8.995890140533447
3193,6,193,1089,88.42423248291016,86.15311917817161,0.001,8.421656370162964
3194,6,194,742,82.66642761230469,86.12653036465238,0.001,8.763283491134644
3195,6,195,363,90.61408996582031,86.13860606595424,0.001,7.867289304733276
3196,6,196,2537,83.62555694580078,86.1241020403676,0.001,9.233975410461426
3197,6,197,60,87.09355926513672,86.1279845916174,0.001,7.877816677093506
3198,6,198,1470,93.124267578125,86.16609368182445,0.001,9.56678581237793
3199,6,199,873,89.33090209960938,86.17349054648051,0.001,8.106050968170166
3200,6,200,441,81.0444107055664,86.14508090592915,0.001,7.949341535568237
3201,6,201,2347,83.4152603149414,86.13004389576395,0.001,7.820962905883789
3202,6,202,67,85.8169937133789,86.12832463799882,0.001,8.401634454727173
3203,6,203,814,74.77439880371094,86.09792416635725,0.001,8.703599691390991
3204,6,204,1575,99.1819839477539,86.1707994231917,0.001,8.272211790084839
3205,6,205,2548,86.14898681640625,86.17068325845545,0.001,9.03858232498169
3206,6,206,403,83.75948333740234,86.1614874909301,0.001,8.659109830856323
3207,6,207,2654,87.83377075195312,86.17347429788184,0.001,8.615463495254517
3208,6,208,2909,84.6802749633789,86.16545178516091,0.001,9.722230434417725
3209,6,209,2341,79.93841552734375,86.12122493137623,0.001,7.8900206089019775
3210,6,210,2669,98.58709716796875,86.15294979713346,0.001,7.507692098617554
3211,6,211,1503,82.5395736694336,86.14044669219093,0.001,7.431245565414429
3212,6,212,2448,82.22640991210938,86.11337040817966,0.001,8.44618558883667
3213,6,213,913,84.10540008544922,86.10594227742965,0.001,9.11415696144104
3214,6,214,490,88.22930908203125,86.11129383580925,0.001,7.83864426612854
3215,6,215,1274,85.3641128540039,86.10751433535253,0.001,8.404909372329712
3216,6,216,2694,100.83601379394531,86.14336256073854,0.001,9.706804513931274
3217,6,217,382,77.6685562133789,86.1232217610196,0.001,10.200693845748901
3218,6,218,2864,85.29020690917969,86.12014540332467,0.001,9.315555334091187
3219,6,219,1399,81.5778579711914,86.08890725223876,0.001,9.852444887161255
3220,6,220,699,77.56027221679688,86.04645737025821,0.001,7.836976051330566
3221,6,221,408,74.01248168945312,86.00357715385375,0.001,8.698466300964355
3222,6,222,1153,88.002685546875,86.0170243843224,0.001,10.429189205169678
3223,6,223,2767,84.06416320800781,86.00716502641475,0.001,7.871997356414795
3224,6,224,1310,82.40603637695312,85.98328834411667,0.001,9.888683080673218
3225,6,225,448,96.9950180053711,86.03873539401634,0.001,10.443413972854614
3226,6,226,686,73.80903625488281,85.97754720371485,0.001,7.612552642822266
3227,6,227,977,85.9341812133789,85.97740054533737,0.001,8.448665857315063
3228,6,228,1636,72.40248107910156,85.88941131634992,0.001,8.48231816291809
3229,6,229,2251,96.41304016113281,85.92657522163323,0.001,8.726680994033813
3230,6,230,32,78.85289764404297,85.88048380371717,0.001,7.390152215957642
3231,6,231,1648,97.0118637084961,85.91842388774126,0.001,7.547839879989624
3232,6,232,2523,91.76595306396484,85.9555421178578,0.001,8.27198839187622
3233,6,233,721,91.23278045654297,85.97310416554359,0.001,9.442217111587524
3234,6,234,1173,95.57241821289062,85.99483410347034,0.001,9.106642007827759
3235,6,235,2494,75.27169036865234,85.94479503755758,0.001,9.171265125274658
3236,6,236,1343,86.97746276855469,85.94695454146176,0.001,7.065638065338135
3237,6,237,951,90.2334976196289,85.96692887346045,0.001,9.146661520004272
3238,6,238,1915,79.51741790771484,85.94570176677186,0.001,8.821302652359009
3239,6,239,788,81.48990631103516,85.91812423004082,0.001,8.613224983215332
3240,6,240,458,83.40107727050781,85.9124338401636,0.001,8.028189182281494
3241,6,241,2750,83.86743927001953,85.90798376298123,0.001,8.8248450756073
3242,6,242,1812,83.1647720336914,85.89103804207218,0.001,9.918750286102295
3243,6,243,74,97.66252136230469,85.91630575937437,0.001,8.198822021484375
3244,6,244,1263,96.55097198486328,85.9646158152056,0.001,9.15622329711914
3245,6,245,2498,95.70603942871094,85.99610132241004,0.001,8.862448692321777
3246,6,246,1118,84.19910430908203,85.98802145663109,0.001,7.292606592178345
3247,6,247,1756,91.23442077636719,86.01121054359842,0.001,7.530993938446045
3248,6,248,1495,90.94404602050781,86.03338377410826,0.001,8.294423341751099
3249,6,249,1627,98.17728424072266,86.08792202328462,0.001,8.80686616897583
3250,6,250,1117,90.34915924072266,86.10716264981225,0.001,9.613853216171265
3251,6,251,1339,94.37068176269531,86.1248451195888,0.001,8.85405707359314
3252,6,252,1182,76.0728530883789,86.08020079295198,0.001,10.154346942901611
3253,6,253,1844,103.74781036376953,86.11308598910777,0.001,7.804477214813232
3254,6,254,1361,80.65241241455078,86.10168611467836,0.001,9.150004148483276
3255,6,255,1442,83.6297836303711,86.09406138648102,0.001,8.00495195388794
3256,6,256,1482,91.15350341796875,86.10444618296482,0.001,8.248944282531738
3257,6,257,1393,89.09331512451172,86.11751043848139,0.001,9.192028284072876
3258,6,258,1457,84.32150268554688,86.10726408367539,0.001,9.033346176147461
3259,6,259,1132,75.03612518310547,86.05890677388997,0.001,9.3348388671875
3260,6,260,1577,86.8444595336914,86.06225572189437,0.001,8.570849895477295
3261,6,261,1502,80.2257080078125,86.02863690958404,0.001,8.177955389022827
3262,6,262,1333,104.94482421875,86.1090343381968,0.001,7.929808855056763
3263,6,263,1326,91.14620971679688,86.11903628934569,0.001,7.929079055786133
3264,6,264,1250,83.11699676513672,86.1130695115063,0.001,9.037046432495117
3265,6,265,1395,107.48164367675781,86.15666119766607,0.001,8.256048202514648
3266,6,266,1099,89.36788177490234,86.17465588008659,0.001,8.574171781539917
3267,6,267,175,90.26201629638672,86.18711235964389,0.001,7.5460364818573
3268,6,268,1484,88.65763854980469,86.19749343308078,0.001,9.40306282043457
3269,6,269,1768,93.91500091552734,86.2126650733796,0.001,9.382783889770508
3270,6,270,1126,80.69448852539062,86.1821835681826,0.001,9.470435619354248
3271,6,271,1540,97.9520263671875,86.20545970133404,0.001,8.684659957885742
3272,6,272,1155,93.84402465820312,86.22068477133101,0.001,9.243075847625732
3273,6,273,1153,87.99238586425781,86.23042748467532,0.001,8.20665192604065
3274,6,274,1113,87.55903625488281,86.23763061981118,0.001,8.81464171409607
3275,6,275,1527,86.22787475585938,86.23759132574384,0.001,9.535127639770508
3276,6,276,1846,85.58108520507812,86.23496432797033,0.001,7.736795425415039
3277,6,277,1557,84.93293762207031,86.22795289759335,0.001,8.859232425689697
3278,6,278,1938,83.50714111328125,86.22294412788608,0.001,9.023219585418701
3279,6,279,1302,86.42353057861328,86.22394193382799,0.001,10.405228853225708
3280,6,280,1360,98.44718933105469,86.24644004095067,0.001,9.300567150115967
3281,6,281,1519,87.1503677368164,86.25009015278816,0.001,7.152501821517944
3282,6,282,1274,85.379638671875,86.24672120285035,0.001,6.2993597984313965
3283,6,283,2034,88.47867584228516,86.25823679461938,0.001,6.312653541564941
3284,6,284,1616,93.35358428955078,86.28663265757919,0.001,8.201479196548462
3285,6,285,177,89.16609954833984,86.29769866374579,0.001,8.830111265182495
3286,6,286,1313,85.15640258789062,86.29204587008256,0.001,9.221932172775269
3287,6,287,2095,85.36564636230469,86.28737086368197,0.001,10.35689091682434
3288,6,288,1514,92.14065551757812,86.29802325520987,0.001,8.753034353256226
3289,6,289,1839,78.22998046875,86.28354837043798,0.001,9.24986982345581
3290,6,290,1807,86.65772247314453,86.28543190839342,0.001,9.048384666442871
3291,6,291,1105,78.91481018066406,86.27149073884085,0.001,10.010263442993164
3292,6,292,1888,78.50540924072266,86.23277293576479,0.001,9.680400848388672
3293,6,293,1263,96.49790954589844,86.27156891595209,0.001,8.629390716552734
3294,6,294,2055,79.92446899414062,86.23968972986714,0.001,8.408586502075195
3295,6,295,1706,104.0762939453125,86.30634394404291,0.001,7.541142225265503
3296,6,296,1481,80.47856140136719,86.28428360874436,0.001,8.723784685134888
3297,6,297,2060,80.84344482421875,86.26391211883364,0.001,8.538453340530396
3298,6,298,1181,96.76997375488281,86.30197487941204,0.001,9.688156127929688
3299,6,299,1440,92.61071014404297,86.32479389465585,0.001,9.189385414123535
3300,6,300,1370,73.67303466796875,86.27787513036631,0.001,8.010717868804932
3301,6,301,1717,101.50135803222656,86.30421106599121,0.001,9.607433319091797
3302,6,302,1570,86.51983642578125,86.30459204240115,0.001,8.786093950271606
3303,6,303,1083,91.66604614257812,86.33005547336454,0.001,7.856541872024536
3304,6,304,1151,92.43911743164062,86.34536786905187,0.001,7.128314971923828
3305,6,305,1543,99.75565338134766,86.36894404755787,0.001,8.693865776062012
3306,6,306,1580,97.10801696777344,86.39671244129241,0.001,7.481133460998535
3307,6,307,2064,85.47819519042969,86.39335469361562,0.001,9.11912727355957
3308,6,308,1556,80.97602081298828,86.37375874946127,0.001,6.604810953140259
3309,6,309,1548,91.55184936523438,86.39161561142856,0.001,8.595602989196777
3310,6,310,1814,76.74396514892578,86.35760557930683,0.001,9.437607765197754
3311,6,311,1766,87.8040542602539,86.35936039372464,0.001,9.446805000305176
3312,6,312,2196,95.85028839111328,86.37388001275917,0.001,7.879719257354736
3313,6,313,1346,97.6446304321289,86.4253266266843,0.001,9.516207456588745
3314,6,314,1862,79.88116455078125,86.4142707462086,0.001,8.609571933746338
3315,6,315,1306,76.26466369628906,86.36667808538641,0.001,8.809228897094727
3316,6,316,1127,89.1778793334961,86.3738884950317,0.001,10.257155418395996
3317,6,317,1453,94.83360290527344,86.3870679457521,0.001,10.5800302028656
3318,6,318,1921,80.16058349609375,86.36530793278094,0.001,8.628037452697754
3319,6,319,2066,94.33731079101562,86.40214105661951,0.001,8.718089818954468
3320,6,320,1751,85.46408081054688,86.3998069418627,0.001,7.845956325531006
3321,6,321,1914,85.03479766845703,86.39755298100135,0.001,7.41825795173645
3322,6,322,1575,98.89900970458984,86.4417933055313,0.001,7.785978078842163
3323,6,323,2205,92.91465759277344,86.46447612695242,0.001,8.807384252548218
3324,6,324,1161,82.47000122070312,86.4583164601157,0.001,9.37310004234314
3325,6,325,2050,74.55997467041016,86.42968708845257,0.001,8.013530254364014
3326,6,326,1111,87.72300720214844,86.43409710093505,0.001,8.667765617370605
3327,6,327,2174,74.68558502197266,86.38223268839185,0.001,9.400582075119019
3328,6,328,1779,92.22449493408203,86.40857067207602,0.001,8.93934965133667
3329,6,329,2098,89.07318115234375,86.4144868916941,0.001,6.943592548370361
3330,6,330,1173,95.71039581298828,86.42952106088639,0.001,7.280219793319702
3331,6,331,1965,85.06197357177734,86.4233405815562,0.001,8.539844036102295
3332,6,332,1909,87.4287338256836,86.42776106281889,0.001,9.070162057876587
3333,6,333,1399,81.7236328125,86.40655021271753,0.001,8.693764686584473
3334,6,334,1832,97.31991577148438,86.45487372908417,0.001,10.514957189559937
3335,6,335,1523,86.59860229492188,86.4551008994515,0.001,6.936609983444214
3336,6,336,1093,84.03755187988281,86.44466836523642,0.001,9.9974946975708
3337,6,337,1951,92.57945251464844,86.46486481032684,0.001,7.833594560623169
3338,6,338,1090,86.50004577636719,86.46494607372439,0.001,7.52738094329834
3339,6,339,2272,85.04788970947266,86.46031985097545,0.001,8.433252811431885
3340,6,340,1649,77.45526123046875,86.43091087270625,0.001,9.605127334594727
3341,6,341,1848,84.18445587158203,86.42115976017354,0.001,8.784603118896484
3342,6,342,1324,89.07592010498047,86.43249519531032,0.001,8.969716787338257
3343,6,343,1838,74.9050064086914,86.39602533878093,0.001,8.075356483459473
3344,6,344,1551,93.6552505493164,86.4197033185715,0.001,7.2363646030426025
3345,6,345,2067,87.89359283447266,86.42315366568145,0.001,9.14138126373291
3346,6,346,1828,78.20746612548828,86.38747176785542,0.001,8.108437299728394
3347,6,347,1532,94.84130096435547,86.42302997605795,0.001,8.471008062362671
3348,6,348,1097,96.13790130615234,86.43728675198516,0.001,8.97455382347107
3349,6,349,1317,80.82339477539062,86.42884246786791,0.001,8.818297386169434
3350,6,350,1817,68.12042999267578,86.40219927273206,0.001,9.055030584335327
3351,6,351,2204,94.05311584472656,86.43381668533144,0.001,8.829744338989258
3352,6,352,2000,86.89767456054688,86.43450257314768,0.001,8.928167581558228
3353,6,353,190,76.25910186767578,86.39102376477308,0.001,8.359750509262085
3354,6,354,1764,88.10845947265625,86.39829533938776,0.001,7.621548175811768
3355,6,355,1772,85.96055603027344,86.39645619415171,0.001,8.779881000518799
3356,6,356,2223,85.05915069580078,86.39090929497121,0.001,8.314486026763916
3357,6,357,1087,85.33211517333984,86.38664261122585,0.001,8.565040111541748
3358,6,358,1797,72.66515350341797,86.36614415998255,0.001,10.181380271911621
3359,6,359,2482,85.70319366455078,86.36341400213077,0.001,8.318962097167969
3360,6,360,1806,79.66300964355469,86.33613226719532,0.001,8.935291767120361
3361,6,361,2455,101.54861450195312,86.35866481810686,0.001,10.220227479934692
3362,6,362,2378,88.95257568359375,86.3666218828571,0.001,8.864887237548828
3363,6,363,1692,88.02247619628906,86.37327145154349,0.001,8.764511346817017
3364,6,364,1676,84.5407485961914,86.36586367154885,0.001,6.6459126472473145
3365,6,365,1620,84.93722534179688,86.36449589622416,0.001,9.31887435913086
3366,6,366,2335,96.19161987304688,86.37890490331364,0.001,8.435861349105835
3367,6,367,1081,93.0385971069336,86.39887100112645,0.001,8.348855257034302
3368,6,368,2449,79.3779525756836,86.37790233586482,0.001,8.030627250671387
3369,6,369,2147,87.19075775146484,86.38114430403435,0.001,7.073119640350342
3370,6,370,1864,94.72242736816406,86.39302858978911,0.001,8.283132076263428
3371,6,371,2235,87.65489196777344,86.39798344712702,0.001,7.850741624832153
3372,6,372,2341,80.1841812133789,86.37340495938336,0.001,9.28530216217041
3373,6,373,1383,91.77751922607422,86.38492319708394,0.001,9.529520511627197
3374,6,374,1493,83.50312805175781,86.3736496420649,0.001,8.6768798828125
3375,6,375,1923,86.39989471435547,86.37372793815676,0.001,7.980732679367065
3376,6,376,2398,81.92131805419922,86.35663108530834,0.001,9.602602005004883
3377,6,377,2249,88.86693572998047,86.36405091501032,0.001,8.207858800888062
3378,6,378,2413,90.22544860839844,86.3753622866513,0.001,7.5209643840789795
3379,6,379,2073,82.13265228271484,86.36976459756713,0.001,9.552834272384644
3380,6,380,1735,79.66068267822266,86.36047181429818,0.001,8.81003475189209
3381,6,381,1686,89.62799072265625,86.37295546219345,0.001,8.60097360610962
3382,6,382,2498,95.84008026123047,86.3922901997661,0.001,8.942148923873901
3383,6,383,2392,86.0775375366211,86.39163966586878,0.001,8.048603534698486
3384,6,384,2071,94.84659576416016,86.40874243535816,0.001,9.178760528564453
3385,6,385,2435,85.94345092773438,86.40809191968985,0.001,8.16218638420105
3386,6,386,1693,89.76051330566406,86.42073722432401,0.001,8.75776720046997
3387,6,387,1439,87.75331115722656,86.42569659098426,0.001,5.180585622787476
3388,6,388,2040,84.59064483642578,86.41871568010741,0.001,7.523008108139038
3389,6,389,2523,91.72334289550781,86.43859967963871,0.001,7.354050874710083
3390,6,390,1879,82.02584838867188,86.42961989588542,0.001,10.714046001434326
3391,6,391,1812,83.16082000732422,86.41731580369229,0.001,8.677211284637451
3392,6,392,2216,90.20376586914062,86.42182242336315,0.001,8.810465335845947
3393,6,393,2191,93.72103118896484,86.43664616632056,0.001,10.170429944992065
3394,6,394,2529,89.4291000366211,86.44513855815117,0.001,9.183525323867798
3395,6,395,2172,84.69340515136719,86.44021233320689,0.001,8.465775489807129
3396,6,396,1586,88.13624572753906,86.44649171123012,0.001,9.274592876434326
3397,6,397,1355,77.2137680053711,86.42099242675792,0.001,8.221511602401733
3398,6,398,2511,87.12369537353516,86.42238607138808,0.001,9.975695371627808
3399,6,399,2499,92.70442962646484,86.4346958241293,0.001,9.728065967559814
3400,6,400,1596,91.99270629882812,86.44529059910171,0.001,9.172422409057617
3401,6,401,2387,96.7818374633789,86.46545928685008,0.001,10.112613677978516
3402,6,402,1473,84.6831283569336,86.46243974561325,0.001,10.395545244216919
3403,6,403,1945,79.24118041992188,86.43630036046491,0.001,8.92522406578064
3404,6,404,2325,92.27762603759766,86.45213985648297,0.001,9.387044429779053
3405,6,405,2546,85.42228698730469,86.44938421577807,0.001,9.505923748016357
3406,6,406,1571,92.3698501586914,86.47053473305449,0.001,8.457606077194214
3407,6,407,2450,85.34993743896484,86.46758671511057,0.001,10.017431497573853
3408,6,408,1262,88.20471954345703,86.46976887481001,0.001,9.241302490234375
3409,6,409,1642,83.38451385498047,86.46164706562008,0.001,9.72939419746399
3410,6,410,2422,78.51272583007812,86.45154094275722,0.001,9.255674839019775
3411,6,411,264,91.27484130859375,86.464452968235,0.001,8.213614702224731
3412,6,412,1568,81.78682708740234,86.45213014699112,0.001,9.600345611572266
3413,6,413,2203,95.48408508300781,86.48404982086947,0.001,8.06083607673645
3414,6,414,2672,84.99498748779297,86.478788429852,0.001,8.479385614395142
3415,6,415,2610,83.1236572265625,86.47457569712736,0.001,6.2316200733184814
3416,6,416,1777,81.72166442871094,86.46228458546298,0.001,9.042256355285645
3417,6,417,274,88.13379669189453,86.46658868838543,0.001,10.257851600646973
3418,6,418,2505,86.13914489746094,86.46617206435812,0.001,8.166610956192017
3419,6,419,2460,81.04374694824219,86.45943943573216,0.001,8.73549747467041
3420,6,420,2157,79.77881622314453,86.43626630744261,0.001,9.133835554122925
3421,6,421,1636,72.35360717773438,86.38745452039284,0.001,8.449378252029419
3422,6,422,1821,99.41858673095703,86.40347430839738,0.001,9.54067611694336
3423,6,423,2070,89.32179260253906,86.41349400211443,0.001,8.942667484283447
3424,6,424,2462,87.66738891601562,86.4178516350019,0.001,9.571784734725952
3425,6,425,2117,91.484130859375,86.43053576803742,0.001,8.022951602935791
3426,6,426,2596,94.11566925048828,86.44457889622976,0.001,10.198168277740479
3427,6,427,1088,86.98357391357422,86.44592673725481,0.001,9.328320503234863
3428,6,428,1394,78.0290298461914,86.42448374812238,0.001,7.663628339767456
3429,6,429,2767,83.99629211425781,86.4182274928702,0.001,9.198463201522827
3430,6,430,1714,73.65621185302734,86.38668228045655,0.001,7.85188627243042
3431,6,431,2452,101.01670837402344,86.42366193323723,0.001,9.30620288848877
3432,6,432,2548,85.98407745361328,86.42257120970828,0.001,8.438461780548096
3433,6,433,1463,82.80204772949219,86.418788096367,0.001,9.404913425445557
3434,6,434,266,99.03226470947266,86.46108583246553,0.001,8.748407363891602
3435,6,435,1845,79.02632141113281,86.45271180858927,0.001,9.262446165084839
3436,6,436,1443,78.03673553466797,86.42482059738676,0.001,8.993862390518188
3437,6,437,1265,93.54533386230469,86.43331564628221,0.001,8.964579105377197
3438,6,438,2617,83.33906555175781,86.42311350867196,0.001,8.959398031234741
3439,6,439,2221,90.49352264404297,86.43341227349808,0.001,8.902201175689697
3440,6,440,2547,86.3498764038086,86.4332047881937,0.001,9.10036849975586
3441,6,441,2874,87.5982437133789,86.43602482664012,0.001,8.956992626190186
3442,6,442,2694,101.07063293457031,86.45309631398428,0.001,8.56112551689148
3443,6,443,2564,82.12547302246094,86.44262887087443,0.001,6.728466272354126
3444,6,444,2343,86.07190704345703,86.44198644165483,0.001,8.118800640106201
3445,6,445,32,78.88267517089844,86.41685592091774,0.001,8.91077446937561
3446,6,446,2476,93.94541931152344,86.42566006198146,0.001,8.89636778831482
3447,6,447,2537,83.6628189086914,86.41876837273846,0.001,9.358553409576416
3448,6,448,2294,94.70392608642578,86.42807286553452,0.001,7.697056293487549
3449,6,449,1488,80.71794891357422,86.41068249780682,0.001,7.562289476394653
3450,6,450,2192,92.0325698852539,86.41613280155767,0.001,8.940574169158936
3451,6,451,273,89.01542663574219,86.42248318979459,0.001,9.597813844680786
3452,6,452,2782,78.78240966796875,86.39764059388308,0.001,7.740579605102539
3453,6,453,28,96.38328552246094,86.40904938084083,0.001,9.231696844100952
3454,6,454,2543,86.3735580444336,86.40896347528121,0.001,8.195923328399658
3455,6,455,2274,88.0426254272461,86.41280992895139,0.001,8.783671379089355
3456,6,456,2781,76.66512298583984,86.39819707369745,0.001,8.048551559448242
3457,6,457,2533,67.0347671508789,86.3645021224814,0.001,8.430851221084595
3458,6,458,2181,98.04251861572266,86.37783176054837,0.001,8.609442949295044
3459,6,459,2861,79.72639465332031,86.36187429277642,0.001,9.022205352783203
3460,6,460,2784,87.78534698486328,86.36640251766376,0.001,10.283637523651123
3461,6,461,1470,93.03519439697266,86.38179779237443,0.001,8.66142725944519
3462,6,462,2432,75.30463409423828,86.36917262173982,0.001,7.535612106323242
3463,6,463,2608,87.3071517944336,86.37218109769123,0.001,9.02927279472351
3464,6,464,1549,94.38636779785156,86.38605447643879,0.001,10.259195566177368
3465,6,465,2152,87.01465606689453,86.38751739154189,0.001,8.530906915664673
3466,6,466,1569,89.78812408447266,86.39554185755289,0.001,8.51984190940857
3467,6,467,2682,80.6091537475586,86.37725785643819,0.001,9.571840524673462
3468,6,468,1617,88.20088195800781,86.38272894103949,0.001,8.732331991195679
3469,6,469,1576,96.23326110839844,86.39347356127836,0.001,8.420948505401611
3470,6,470,2930,87.12352752685547,86.39426380551315,0.001,8.83513593673706
3471,6,471,1769,82.04413604736328,86.38068530144945,0.001,8.961310148239136
3472,6,472,2669,98.38275909423828,86.3940949804868,0.001,9.435318946838379
3473,6,473,1900,93.01559448242188,86.40157017835836,0.001,7.5265562534332275
3474,6,474,1373,75.46273040771484,86.38173035523522,0.001,9.383492708206177
3475,6,475,2241,100.78407287597656,86.42648472967906,0.001,7.687591314315796
3476,6,476,1682,77.30571746826172,86.40559529909707,0.001,8.147963523864746
3477,6,477,1699,86.67870330810547,86.40603126431635,0.001,8.465102910995483
3478,6,478,2603,74.86011505126953,86.37172429291904,0.001,7.96287727355957
3479,6,479,372,80.0395278930664,86.36567915964052,0.001,10.654832363128662
3480,6,480,2149,81.03240203857422,86.35334945899612,0.001,9.148907899856567
3481,6,481,2347,83.77182006835938,86.34749153255456,0.001,8.737903594970703
3482,6,482,2202,88.52320098876953,86.3541102022159,0.001,10.455697774887085
3483,6,483,1823,82.28953552246094,86.34158878926313,0.001,8.374164581298828
3484,6,484,2298,74.85208892822266,86.32954719989733,0.001,7.74469256401062
3485,6,485,447,95.64736938476562,86.33967147607929,0.001,6.863591432571411
3486,6,486,1344,80.89292907714844,86.32752988647424,0.001,7.696799993515015
3487,6,487,361,85.4652328491211,86.32507556181938,0.001,9.111345529556274
3488,6,488,1109,84.24836730957031,86.3190987571432,0.001,7.432106256484985
3489,6,489,2197,94.90452575683594,86.33813347345387,0.001,8.284580707550049
3490,6,490,1264,88.35671997070312,86.34031726592347,0.001,9.702945232391357
3491,6,491,2584,82.93461608886719,86.33025778279003,0.001,8.593051433563232
3492,6,492,2794,86.75946044921875,86.33071705431134,0.001,9.253557682037354
3493,6,493,2613,98.05023956298828,86.35635194746898,0.001,9.252099514007568
3494,6,494,2427,80.2728500366211,86.34318648519667,0.001,9.156413078308105
3495,6,495,2436,87.37748718261719,86.34428280576869,0.001,8.46213984489441
3496,6,496,2340,87.7787857055664,86.34737374905917,0.001,8.15602707862854
3497,6,497,2179,92.43223571777344,86.35706442361071,0.001,7.921938180923462
3498,6,498,405,90.65057373046875,86.36395440209891,0.001,10.106459856033325
3499,6,499,2233,93.75706481933594,86.37548321693251,0.001,7.836912155151367
3500,7,0,60,87.62290954589844,87.62290954589844,0.001,8.118294477462769
3501,7,1,2583,90.49972534179688,89.30828848507295,0.001,10.501391887664795
3502,7,2,2166,84.1333999633789,87.79528134494514,0.001,9.513304233551025
3503,7,3,461,92.41565704345703,89.42270669140454,0.001,6.378118991851807
3504,7,4,481,89.99945831298828,89.54402644921066,0.001,9.433254718780518
3505,7,5,1310,81.92707824707031,87.86792793751047,0.001,8.866740942001343
3506,7,6,432,78.85093688964844,86.61724829370829,0.001,8.999947786331177
3507,7,7,2448,81.88076782226562,85.86973090449287,0.001,10.46214246749878
3508,7,8,2834,82.1016845703125,85.35172849044955,0.001,8.374310493469238
3509,7,9,2750,84.78791809082031,85.32564884922992,0.001,10.35761570930481
3510,7,10,2008,113.1333236694336,86.43926941806947,0.001,8.803673505783081
3511,7,11,2593,77.76542663574219,85.67934242974135,0.001,9.51863694190979
3512,7,12,2923,92.24156951904297,86.04745361799897,0.001,9.48842167854309
3513,7,13,2013,100.80238342285156,86.58657852463912,0.001,8.140191555023193
3514,7,14,68,93.83867645263672,86.9765726646662,0.001,8.495917320251465
3515,7,15,2901,91.42951965332031,87.20447802938891,0.001,8.574982404708862
3516,7,16,1460,88.60326385498047,87.27139436853805,0.001,9.965380907058716
3517,7,17,1903,85.29656219482422,87.18297638465805,0.001,7.516468048095703
3518,7,18,2458,77.75167083740234,86.61988277128843,0.001,9.715472936630249
3519,7,19,65,91.005859375,86.74428641587932,0.001,9.990118026733398
3520,7,20,2425,87.61004638671875,86.79209555370574,0.001,7.4296791553497314
3521,7,21,2513,100.66437530517578,87.14423548576826,0.001,8.665611743927002
3522,7,22,436,86.85467529296875,87.1337370659881,0.001,8.250310897827148
3523,7,23,325,82.33080291748047,86.89858833906494,0.001,9.165670394897461
3524,7,24,1365,92.27989196777344,87.02193105643182,0.001,9.141633987426758
3525,7,25,2534,100.20393371582031,87.32016875358441,0.001,9.047754526138306
3526,7,26,2007,83.48566436767578,87.14926133393227,0.001,8.84118390083313
3527,7,27,2479,84.44805145263672,87.0370725776519,0.001,6.852949142456055
3528,7,28,514,97.49109649658203,87.35252033948197,0.001,9.901989459991455
3529,7,29,1858,80.39476013183594,87.07714088853776,0.001,9.052587985992432
3530,7,30,523,88.76284790039062,87.16326264581959,0.001,8.955001831054688
3531,7,31,488,86.44950103759766,87.12919305122365,0.001,8.600593566894531
3532,7,32,2349,81.3753662109375,86.86600329070441,0.001,9.34343433380127
3533,7,33,2832,77.10566711425781,86.45638487192593,0.001,9.468270540237427
3534,7,34,695,84.50834655761719,86.39352977833437,0.001,8.947746753692627
3535,7,35,2706,77.4670181274414,86.266185502398,0.001,8.942438125610352
3536,7,36,1516,81.23521423339844,86.11339358225011,0.001,10.463534593582153
3537,7,37,2654,86.16287994384766,86.11533962498181,0.001,7.763318061828613
3538,7,38,383,89.29027557373047,86.23139184413014,0.001,11.200494289398193
3539,7,39,607,92.65403747558594,86.31352030088394,0.001,8.049128293991089
3540,7,40,2188,86.60823822021484,86.3214670368846,0.001,9.382004022598267
3541,7,41,2590,97.36066436767578,86.52542012674209,0.001,9.91732931137085
3542,7,42,1626,71.68215942382812,86.34525298931955,0.001,8.894166469573975
3543,7,43,455,62.54475021362305,86.11842463396518,0.001,9.316810369491577
3544,7,44,2140,92.21871185302734,86.1901549946323,0.001,9.323879718780518
3545,7,45,2775,85.68730163574219,86.17767308200018,0.001,9.387531757354736
3546,7,46,342,79.58207702636719,85.96032197816096,0.001,9.355833530426025
3547,7,47,496,77.48811340332031,85.76748556968494,0.001,8.962496995925903
3548,7,48,388,92.7142333984375,85.8420464450157,0.001,7.789694786071777
3549,7,49,1174,83.47283935546875,85.7874373042119,0.001,7.255837917327881
3550,7,50,2763,90.31108856201172,85.83605495329427,0.001,7.507878065109253
3551,7,51,522,73.38945007324219,85.4686642653877,0.001,9.352149963378906
3552,7,52,519,76.66779327392578,85.21607844685776,0.001,8.882070779800415
3553,7,53,788,77.40637969970703,84.99854580674335,0.001,9.382390260696411
3554,7,54,814,68.44422912597656,84.8315316193692,0.001,10.413103818893433
3555,7,55,1259,74.10968780517578,84.67909410817354,0.001,8.76574969291687
3556,7,56,390,87.89995574951172,84.72403150290992,0.001,9.021469116210938
3557,7,57,2569,96.40576171875,84.88845764798253,0.001,8.880165338516235
3558,7,58,74,92.01016235351562,84.95395720271152,0.001,8.526005506515503
3559,7,59,811,69.14933013916016,84.81857851370413,0.001,9.746302127838135
3560,7,60,1196,78.47395324707031,84.76523426434863,0.001,7.745647192001343
3561,7,61,2144,84.83525085449219,84.76586387910245,0.001,7.747270584106445
3562,7,62,64,89.7611083984375,84.81142731859987,0.001,8.927984714508057
3563,7,63,1762,90.40078735351562,84.91486270512799,0.001,9.229194402694702
3564,7,64,2614,75.02450561523438,84.67798558376927,0.001,8.664803981781006
3565,7,65,827,87.67401885986328,84.70987883639208,0.001,8.661928176879883
3566,7,66,2184,85.86758422851562,84.72464018019627,0.001,7.263437986373901
3567,7,67,2789,76.69337463378906,84.58555884136206,0.001,9.059999227523804
3568,7,68,254,68.7453384399414,84.22850346171846,0.001,10.121479034423828
3569,7,69,1915,68.9780502319336,84.04758671113368,0.001,8.370588064193726
3570,7,70,2552,81.20004272460938,84.0010252777368,0.001,7.761020660400391
3571,7,71,272,76.01031494140625,83.90730978843301,0.001,8.712133884429932
3572,7,72,1343,69.54499816894531,83.80366189738508,0.001,9.035157442092896
3573,7,73,350,73.26908111572266,83.63455591704029,0.001,9.963642358779907
3574,7,74,490,75.09947204589844,83.56895186139599,0.001,9.060187816619873
3575,7,75,1690,61.23997116088867,83.40067049394614,0.001,9.33140230178833
3576,7,76,98,75.80450439453125,83.24419906921224,0.001,9.277099847793579
3577,7,77,400,70.84139251708984,83.12334237197398,0.001,8.083716630935669
3578,7,78,2772,68.59821319580078,82.90621452843176,0.001,8.243419647216797
3579,7,79,759,72.34503173828125,82.75173968507697,0.001,8.203233003616333
3580,7,80,1809,74.91385650634766,82.60305200716128,0.001,8.860200881958008
3581,7,81,1506,56.215328216552734,82.43130016561929,0.001,9.259134292602539
3582,7,82,1793,76.62435913085938,82.32327460308025,0.001,7.585574388504028
3583,7,83,2219,66.34285736083984,82.22290281147964,0.001,9.845089435577393
3584,7,84,774,65.02324676513672,81.98437059072056,0.001,8.347157001495361
3585,7,85,2297,68.26434326171875,81.79288042255256,0.001,8.560399532318115
3586,7,86,789,62.51190185546875,81.53391716336483,0.001,8.111939191818237
3587,7,87,1128,53.61603546142578,81.16228517666214,0.001,6.918971300125122
3588,7,88,2588,66.83394622802734,80.90982575443458,0.001,10.159045934677124
3589,7,89,1737,61.93893051147461,80.59378472041328,0.001,8.856089115142822
3590,7,90,453,65.12892150878906,80.45439926289434,0.001,10.21440863609314
3591,7,91,94,56.39403533935547,80.07563633508474,0.001,8.541731119155884
3592,7,92,1602,46.898826599121094,79.94529148106604,0.001,9.296849727630615
3593,7,93,991,50.03131103515625,79.77240404646453,0.001,7.704179048538208
3594,7,94,2278,55.823020935058594,79.47444750562471,0.001,8.876279830932617
3595,7,95,2522,48.66938781738281,79.1050578208505,0.001,9.238404512405396
3596,7,96,2929,55.397518157958984,78.82125082432191,0.001,8.388831615447998
3597,7,97,2327,56.17368698120117,78.63291162456716,0.001,8.19206166267395
3598,7,98,2401,43.063262939453125,78.21019203309774,0.001,9.809894561767578
3599,7,99,2502,52.412296295166016,77.80941833899624,0.001,7.384331941604614
3600,7,100,1896,44.48168182373047,77.43187094176842,0.001,7.7400078773498535
3601,7,101,770,47.41179275512695,77.0884090837874,0.001,9.56795048713684
3602,7,102,1791,46.85943603515625,76.85043695993,0.001,9.916636228561401
3603,7,103,2565,40.14883041381836,76.65266359724359,0.001,10.186631441116333
3604,7,104,864,45.43766403198242,76.49687124436709,0.001,8.296845436096191
3605,7,105,1123,50.30869674682617,76.29195117581412,0.001,9.860028505325317
3606,7,106,2251,52.643531799316406,76.10355911010284,0.001,8.264103651046753
3607,7,107,344,47.60292053222656,75.95599688741638,0.001,8.594900846481323
3608,7,108,471,46.348873138427734,75.53820890737856,0.001,10.428724765777588
3609,7,109,377,50.827999114990234,75.3509205616739,0.001,9.957063674926758
3610,7,110,446,42.7956428527832,75.01183587326442,0.001,9.029515266418457
3611,7,111,2692,51.27027130126953,74.68447483150428,0.001,8.496203899383545
3612,7,112,808,47.13895797729492,74.40455897172072,0.001,10.207856178283691
3613,7,113,374,36.730690002441406,73.89960147427702,0.001,8.866563558578491
3614,7,114,178,45.88613510131836,73.62587362341365,0.001,8.20230770111084
3615,7,115,459,48.722564697265625,73.50862144999934,0.001,9.029353618621826
3616,7,116,1802,49.51177215576172,73.27284642209916,0.001,9.45963168144226
3617,7,117,966,39.035953521728516,73.038017519929,0.001,10.069508075714111
3618,7,118,1092,41.3013801574707,72.62798743026069,0.001,8.480473518371582
3619,7,119,2668,49.79940414428711,72.40681996739774,0.001,8.34264087677002
3620,7,120,1541,50.139625549316406,72.31475556953694,0.001,11.202680110931396
3621,7,121,77,46.33272171020508,72.06620168262569,0.001,9.691718339920044
3622,7,122,914,42.475955963134766,71.79025330751348,0.001,8.465589046478271
3623,7,123,2652,39.137367248535156,71.64791906032734,0.001,8.647235631942749
3624,7,124,956,42.00191116333008,71.28538949048755,0.001,7.081425666809082
3625,7,125,2845,48.78263473510742,71.01291576328978,0.001,8.455279350280762
3626,7,126,367,54.81620407104492,70.90970256530844,0.001,8.179709434509277
3627,7,127,870,39.775569915771484,70.7096892454882,0.001,7.749720096588135
3628,7,128,378,52.55473709106445,70.49482869752589,0.001,7.481844425201416
3629,7,129,336,38.23090744018555,70.11511662972161,0.001,7.8421831130981445
3630,7,130,2377,42.57380294799805,69.8766940627511,0.001,8.446576595306396
3631,7,131,401,48.377418518066406,69.69125163784558,0.001,9.510592937469482
3632,7,132,1554,33.95338439941406,69.54328097667896,0.001,9.333993911743164
3633,7,133,2101,51.09177780151367,69.33277832449487,0.001,9.762167930603027
3634,7,134,710,44.84441375732422,69.12788989003009,0.001,8.658526182174683
3635,7,135,1648,40.933353424072266,68.95991644724138,0.001,9.111350774765015
3636,7,136,962,46.441341400146484,68.82509907746707,0.001,8.027491092681885
3637,7,137,1918,43.40980529785156,68.54587100387447,0.001,8.100053310394287
3638,7,138,689,52.8590087890625,68.4546002960092,0.001,7.074220418930054
3639,7,139,67,46.684818267822266,68.27799178132793,0.001,8.378051519393921
3640,7,140,424,47.893531799316406,68.1663614491393,0.001,10.707118034362793
3641,7,141,801,42.81623458862305,68.02547352876914,0.001,9.412850379943848
3642,7,142,1434,49.93552780151367,67.88654810499652,0.001,9.130312204360962
3643,7,143,1878,44.96609115600586,67.75862072636677,0.001,8.315284252166748
3644,7,144,2563,35.9215202331543,67.57920184884878,0.001,8.150104284286499
3645,7,145,1098,42.41781997680664,67.43721565375257,0.001,9.976293802261353
3646,7,146,69,47.991661071777344,67.23478162806158,0.001,9.71919059753418
3647,7,147,2243,43.600799560546875,66.99288014513216,0.001,10.267760038375854
3648,7,148,972,39.931453704833984,66.79095748779449,0.001,8.737338066101074
3649,7,149,2406,45.84571838378906,66.5787476447823,0.001,9.888843536376953
3650,7,150,37,43.22614288330078,66.34793433357966,0.001,8.07405424118042
3651,7,151,778,41.68175506591797,66.16693796302667,0.001,7.351606845855713
3652,7,152,2585,41.46921920776367,65.98904055600858,0.001,8.03888750076294
3653,7,153,376,53.32273864746094,65.94423110533994,0.001,8.994675397872925
3654,7,154,1311,42.6312370300293,65.71951902529776,0.001,7.763635635375977
3655,7,155,961,37.69225311279297,65.45250176557494,0.001,9.063879489898682
3656,7,156,699,34.115020751953125,65.23260471259175,0.001,6.9858238697052
3657,7,157,694,42.79225158691406,65.02160295508813,0.001,8.555809259414673
3658,7,158,1585,42.250343322753906,64.81177487856537,0.001,8.862888813018799
3659,7,159,1700,45.4902458190918,64.71044251813676,0.001,8.951276063919067
3660,7,160,685,44.39167785644531,64.57191510779634,0.001,6.960595607757568
3661,7,161,858,44.362850189208984,64.5118206777612,0.001,8.734614610671997
3662,7,162,977,45.21025466918945,64.42007648832374,0.001,9.338707685470581
3663,7,163,2660,50.114070892333984,64.29302140946298,0.001,10.134214162826538
3664,7,164,2538,42.782073974609375,64.22345751073534,0.001,8.155295133590698
3665,7,165,2601,45.543365478515625,64.0590567615076,0.001,9.602820634841919
3666,7,166,2595,45.06203079223633,63.998959361521855,0.001,8.797361373901367
3667,7,167,2494,44.83805465698242,63.87255212189011,0.001,8.103567123413086
3668,7,168,611,41.67742919921875,63.76937506857594,0.001,10.075215339660645
3669,7,169,773,43.768272399902344,63.63783741306619,0.001,9.118339776992798
3670,7,170,1397,38.750526428222656,63.419006568001606,0.001,7.834357023239136
3671,7,171,916,38.91426467895508,63.34185511345001,0.001,7.166797876358032
3672,7,172,1615,51.25510025024414,63.26544351761346,0.001,7.100734233856201
3673,7,173,2722,45.33319854736328,63.21465691982182,0.001,7.858967304229736
3674,7,174,441,34.69216537475586,63.03248479452394,0.001,10.150150775909424
3675,7,175,904,49.107025146484375,62.976417528112364,0.001,9.439330816268921
3676,7,176,448,47.640628814697266,62.87708310034696,0.001,7.725511312484741
3677,7,177,1120,39.936012268066406,62.77872628714695,0.001,9.164786338806152
3678,7,178,2113,38.049259185791016,62.6217583999265,0.001,9.150033473968506
3679,7,179,2510,41.945289611816406,62.451946525337355,0.001,7.951491594314575
3680,7,180,743,43.05727005004883,62.395118031506804,0.001,10.47653841972351
3681,7,181,986,48.85487365722656,62.310381018080875,0.001,8.816091537475586
3682,7,182,2909,52.403926849365234,62.24924102846116,0.001,10.40124797821045
3683,7,183,382,33.19292449951172,62.167225456595304,0.001,7.7229249477386475
3684,7,184,834,38.95723342895508,61.98026399164082,0.001,8.723502397537231
3685,7,185,2709,46.83794403076172,61.937298773042656,0.001,7.823245048522949
3686,7,186,990,39.763065338134766,61.80121363040053,0.001,8.913724660873413
3687,7,187,717,38.93330764770508,61.619915167754016,0.001,7.259882211685181
3688,7,188,2099,31.688207626342773,61.49268854859859,0.001,8.987693786621094
3689,7,189,29,39.13628005981445,61.36187647238809,0.001,7.47801661491394
3690,7,190,915,43.40175247192383,61.313448263012766,0.001,8.572660446166992
3691,7,191,2793,38.93015670776367,61.13661660515684,0.001,9.16108250617981
3692,7,192,2864,39.97581100463867,61.047999670559925,0.001,7.810364484786987
3693,7,193,803,51.244937896728516,61.02170178902747,0.001,8.41161823272705
3694,7,194,819,39.49312210083008,60.89725333706437,0.001,9.160853624343872
3695,7,195,2464,37.61359405517578,60.8322693365002,0.001,9.07683277130127
3696,7,196,728,41.4730339050293,60.72149683855286,0.001,8.533824443817139
3697,7,197,1794,38.34059524536133,60.59669982857673,0.001,7.093296051025391
3698,7,198,981,41.59421920776367,60.489275943174114,0.001,9.74076771736145
3699,7,199,250,48.885032653808594,60.45810329009952,0.001,9.132992506027222
3700,7,200,616,40.86891555786133,60.31364133438913,0.001,8.335108280181885
3701,7,201,727,42.84418869018555,60.26796821394142,0.001,10.342616081237793
3702,7,202,1925,47.798095703125,60.235316319593416,0.001,8.487147808074951
3703,7,203,2080,36.66217041015625,60.06090544568607,0.001,9.232021570205688
3704,7,204,2619,35.92403030395508,59.974192915124114,0.001,8.896210432052612
3705,7,205,2293,36.88079833984375,59.84503829945946,0.001,7.338972091674805
3706,7,206,771,38.00895309448242,59.72711817417429,0.001,9.036377668380737
3707,7,207,954,37.30479431152344,59.66932579509887,0.001,10.359689235687256
3708,7,208,2282,38.73909378051758,59.6155808852532,0.001,9.080582857131958
3709,7,209,1149,37.91257858276367,59.49779084427699,0.001,10.186331510543823
3710,7,210,469,38.149375915527344,59.34636063732528,0.001,9.413198232650757
3711,7,211,1089,38.74032974243164,59.200923157260284,0.001,8.39384412765503
3712,7,212,56,34.11667251586914,59.06866434882576,0.001,8.802717208862305
3713,7,213,1819,45.354637145996094,59.03404074450141,0.001,8.974646806716919
3714,7,214,742,33.70713424682617,58.85688175203073,0.001,9.417552471160889
3715,7,215,407,36.975730895996094,58.74320148651076,0.001,9.220995664596558
3716,7,216,825,37.8765983581543,58.69300582980508,0.001,8.552255153656006
3717,7,217,951,34.25350570678711,58.5673424754955,0.001,8.820107221603394
3718,7,218,434,36.60042190551758,58.51861022690321,0.001,7.668372631072998
3719,7,219,2911,47.4183235168457,58.49348407936234,0.001,8.412343263626099
3720,7,220,392,43.063899993896484,58.389566149238625,0.001,6.982980012893677
3721,7,221,1480,35.04728698730469,58.33389690650153,0.001,8.607748031616211
3722,7,222,408,34.185752868652344,58.24734160305296,0.001,9.312360525131226
3723,7,223,1679,37.43772506713867,58.17073980846915,0.001,9.395620584487915
3724,7,224,861,39.756317138671875,58.104491669585734,0.001,9.69940996170044
3725,7,225,521,32.501461029052734,58.04358971601435,0.001,9.167757272720337
3726,7,226,38,40.88455581665039,57.981819359172555,0.001,8.506276369094849
3727,7,227,492,39.96607971191406,57.86226399318284,0.001,9.411480903625488
3728,7,228,468,41.77264404296875,57.75740555349028,0.001,6.72096061706543
3729,7,229,851,35.155250549316406,57.60620288277053,0.001,7.2302210330963135
3730,7,230,920,33.522735595703125,57.447689668000734,0.001,8.127771377563477
3731,7,231,2225,43.39251708984375,57.35718136491651,0.001,7.1116623878479
3732,7,232,2871,39.01952362060547,57.24026720319846,0.001,7.338656425476074
3733,7,233,693,36.60062789916992,57.10819750931324,0.001,8.097807884216309
3734,7,234,2163,31.888023376464844,56.985151375214464,0.001,8.773258686065674
3735,7,235,518,31.66988182067871,56.9277089104965,0.001,9.597070932388306
3736,7,236,2229,40.233741760253906,56.87894369198147,0.001,8.703009366989136
3737,7,237,403,31.710111618041992,56.795038534525176,0.001,9.770243644714355
3738,7,238,1122,30.11551284790039,56.704091727467755,0.001,10.098055362701416
3739,7,239,852,45.237762451171875,56.65102959272863,0.001,9.375368118286133
3740,7,240,1503,41.40778350830078,56.60424616637635,0.001,9.533904790878296
3741,7,241,507,62.34435272216797,56.613111950093455,0.001,8.632193803787231
3742,7,242,719,34.890193939208984,56.478976412365924,0.001,9.234724283218384
3743,7,243,1441,39.14125442504883,56.44000595500463,0.001,8.170966386795044
3744,7,244,913,42.72810745239258,56.39513225761879,0.001,8.606974601745605
3745,7,245,2051,47.6694221496582,56.354932352010316,0.001,8.966288566589355
3746,7,246,1368,33.87932205200195,56.28015736098538,0.001,8.19704294204712
3747,7,247,1342,40.547664642333984,56.209995601955406,0.001,8.936120986938477
3748,7,248,340,38.33243942260742,56.12893656899564,0.001,9.610333919525146
3749,7,249,686,29.564226150512695,56.00673988905798,0.001,7.50946044921875
3750,7,250,707,41.12940979003906,55.97692829206769,0.001,8.697792768478394
3751,7,251,2758,44.1435661315918,55.92423485586853,0.001,8.292372465133667
3752,7,252,1530,31.301780700683594,55.77839105856208,0.001,9.060019969940186
3753,7,253,2075,29.74740219116211,55.69736725888821,0.001,8.585028886795044
3754,7,254,919,35.79167938232422,55.57854764493511,0.001,7.971555948257446
3755,7,255,2443,31.778959274291992,55.47495575492172,0.001,8.147071838378906
3756,7,256,1675,36.750057220458984,55.41710825874742,0.001,10.80359959602356
3757,7,257,458,50.084259033203125,55.40571539137496,0.001,10.112902641296387
3758,7,258,1363,43.313297271728516,55.35328943066226,0.001,8.307211637496948
3759,7,259,368,33.73636245727539,55.256648977563685,0.001,9.556708812713623
3760,7,260,2927,56.50958251953125,55.25888220381081,0.001,11.884506940841675
3761,7,261,2580,44.46603775024414,55.198467253109506,0.001,7.663557767868042
3762,7,262,1372,33.668636322021484,55.106851825874934,0.001,8.363812685012817
3763,7,263,873,41.405555725097656,55.08235488721451,0.001,8.146658897399902
3764,7,264,863,44.11911392211914,55.03543980395651,0.001,9.573347091674805
3765,7,265,601,41.331146240234375,54.958279501665075,0.001,8.021300554275513
3766,7,266,2270,36.284767150878906,54.85250984551994,0.001,9.655411958694458
3767,7,267,337,38.5363655090332,54.80833459162837,0.001,8.242331266403198
3768,7,268,2399,40.84681701660156,54.78341306067987,0.001,8.432504177093506
3769,7,269,1334,29.22464942932129,54.73347196341498,0.001,10.103028059005737
3770,7,270,2328,31.85264778137207,54.66460433545532,0.001,9.10111403465271
3771,7,271,787,40.99235153198242,54.63718289129928,0.001,8.571232557296753
3772,7,272,363,34.10442352294922,54.5968429685118,0.001,8.428398609161377
3773,7,273,1902,36.088871002197266,54.520303997494466,0.001,9.143712759017944
3774,7,274,705,28.915191650390625,54.377918573855204,0.001,8.077649354934692
3775,7,275,832,31.281614303588867,54.2528643931845,0.001,8.874791860580444
3776,7,276,721,37.48027420043945,54.20488993746882,0.001,8.698363542556763
3777,7,277,706,38.81528091430664,54.1746243958299,0.001,8.911986112594604
3778,7,278,680,38.38334274291992,54.14443268885125,0.001,8.776214361190796
3779,7,279,256,36.7164421081543,54.094682438912955,0.001,8.515511512756348
3780,7,280,989,38.12501907348633,54.03049915272396,0.001,9.82541823387146
3781,7,281,2673,42.69270324707031,53.9843175637063,0.001,8.686500787734985
3782,7,282,2906,32.187705993652344,53.89751682287429,0.001,8.960434913635254
3783,7,283,2535,34.45021057128906,53.86061027210087,0.001,8.581512212753296
3784,7,284,2720,40.14153289794922,53.83655615643819,0.001,8.423110008239746
3785,7,285,682,41.56582260131836,53.77221490633265,0.001,8.458758115768433
3786,7,286,73,42.169158935546875,53.75009609767941,0.001,8.560591220855713
3787,7,287,1081,46.45025634765625,53.72130778034372,0.001,10.025933980941772
3788,7,288,1339,37.85968017578125,53.69116039986227,0.001,8.636887550354004
3789,7,289,1480,33.80767822265625,53.65459203551068,0.001,9.04096531867981
3790,7,290,1577,36.816162109375,53.58911414892275,0.001,9.489299774169922
3791,7,291,178,34.85972595214844,53.51796364598357,0.001,9.023876905441284
3792,7,292,1344,30.049640655517578,53.42778174237791,0.001,6.836795091629028
3793,7,293,1530,30.5786075592041,53.31037008619223,0.001,8.068063735961914
3794,7,294,1568,34.982513427734375,53.24043316513979,0.001,8.960418701171875
3795,7,295,1473,35.92477798461914,53.19911935530042,0.001,9.760246753692627
3796,7,296,1372,32.76366424560547,53.12144757119851,0.001,8.167725801467896
3797,7,297,1488,38.541542053222656,53.051989696016605,0.001,10.619909524917603
3798,7,298,1093,32.93961715698242,52.95244630087991,0.001,8.825520277023315
3799,7,299,1262,30.07793426513672,52.91193104737852,0.001,8.816799879074097
3800,7,300,1395,42.9439697265625,52.89375239451381,0.001,7.630718946456909
3801,7,301,1951,36.59016799926758,52.832443063306904,0.001,8.486133575439453
3802,7,302,1938,34.30757141113281,52.80054923117612,0.001,9.290429592132568
3803,7,303,1493,36.12394332885742,52.71742949804198,0.001,10.380800247192383
3804,7,304,1693,46.685115814208984,52.68768633921377,0.001,7.906649112701416
3805,7,305,1649,37.61014175415039,52.63180595684221,0.001,8.52782940864563
3806,7,306,1817,29.332416534423828,52.59220714411979,0.001,8.279901266098022
3807,7,307,2013,45.33091354370117,52.579678339256624,0.001,8.755990028381348
3808,7,308,1714,36.90864562988281,52.523577843988086,0.001,8.899864673614502
3809,7,309,2080,37.77320861816406,52.45127100669044,0.001,7.757524728775024
3810,7,310,1099,36.52773666381836,52.37388343791064,0.001,7.4020349979400635
3811,7,311,2034,32.08012008666992,52.27744680592566,0.001,8.242482423782349
3812,7,312,1571,39.71678161621094,52.21733687689175,0.001,8.245304107666016
3813,7,313,2051,39.095272064208984,52.16996930805116,0.001,7.905194282531738
3814,7,314,1527,44.95757293701172,52.144343392251194,0.001,8.602658987045288
3815,7,315,1845,34.177207946777344,52.115545144572984,0.001,9.009186029434204
3816,7,316,1470,38.94794464111328,52.069925070162085,0.001,8.068192481994629
3817,7,317,1690,35.45853805541992,52.04161001886151,0.001,7.688867092132568
3818,7,318,1575,40.285526275634766,51.99904222014931,0.001,9.295866966247559
3819,7,319,1570,36.49216842651367,51.97267393727933,0.001,9.302521467208862
3820,7,320,1109,49.68169021606445,51.962307820622634,0.001,9.370546102523804
3821,7,321,1126,34.47248077392578,51.88044930432123,0.001,9.852634906768799
3822,7,322,1089,33.698543548583984,51.79611751379618,0.001,8.996885061264038
3823,7,323,1807,46.942893981933594,51.77397288878591,0.001,9.674805164337158
3824,7,324,1346,48.639991760253906,51.760062508825506,0.001,7.7495222091674805
3825,7,325,2075,28.624067306518555,51.70411615803489,0.001,8.841654539108276
3826,7,326,1615,37.29755401611328,51.65570660299524,0.001,8.744964122772217
3827,7,327,1317,32.655792236328125,51.624763093619535,0.001,9.584787607192993
3828,7,328,1083,42.61016082763672,51.5847767350353,0.001,9.453556537628174
3829,7,329,1113,39.9628791809082,51.53219165471802,0.001,8.61042594909668
3830,7,330,1925,39.577056884765625,51.51308465249674,0.001,10.101334571838379
3831,7,331,1717,30.634716033935547,51.47982863469495,0.001,7.261259317398071
3832,7,332,2066,33.1988410949707,51.39814109291089,0.001,8.8354811668396
3833,7,333,1482,30.16118621826172,51.36453828465619,0.001,6.280516862869263
3834,7,334,2101,41.313655853271484,51.319260653650424,0.001,8.974493265151978
3835,7,335,1373,35.07248306274414,51.27661970358232,0.001,8.497188806533813
3836,7,336,1616,35.03295135498047,51.221302802640665,0.001,7.769290447235107
3837,7,337,1460,28.549694061279297,51.167292158783575,0.001,8.699190139770508
3838,7,338,1794,32.07927322387695,51.105176865855725,0.001,8.21539855003357
3839,7,339,2157,28.760135650634766,51.00698577178036,0.001,7.486416339874268
3840,7,340,1846,33.628509521484375,50.950387440305825,0.001,8.134206771850586
3841,7,341,1439,34.10954284667969,50.877895275892364,0.001,8.765838146209717
3842,7,342,1122,23.425851821899414,50.81288771366263,0.001,5.796994209289551
3843,7,343,2221,35.46004104614258,50.761990572552484,0.001,7.784488201141357
3844,7,344,1848,28.04387855529785,50.66353318944931,0.001,9.050766944885254
3845,7,345,1923,31.97854232788086,50.60187627459942,0.001,9.887863397598267
3846,7,346,1802,32.5394172668457,50.5440054036657,0.001,6.332854747772217
3847,7,347,2249,37.40542221069336,50.50103665350941,0.001,9.101537227630615
3848,7,348,2149,28.38673210144043,50.42930319538179,0.001,10.807746410369873
3849,7,349,1814,25.508420944213867,50.351024709902504,0.001,10.260990619659424
3850,7,350,1602,46.9854850769043,50.34765194034327,0.001,8.912569761276245
3851,7,351,1879,28.575044631958008,50.29741718556127,0.001,8.524933815002441
3852,7,352,2278,34.47654724121094,50.24656442425712,0.001,10.087338924407959
3853,7,353,1523,34.86783981323242,50.22336472995193,0.001,7.512030839920044
3854,7,354,2152,38.6192512512207,50.18715676005134,0.001,9.488890171051025
3855,7,355,2241,38.250221252441406,50.136583213253516,0.001,9.211670637130737
3856,7,356,2197,40.56304931640625,50.106829912954886,0.001,9.979510068893433
3857,7,357,1832,36.674346923828125,50.05097518930324,0.001,9.609137058258057
3858,7,358,2294,29.10279655456543,50.02095083596583,0.001,10.03430461883545
3859,7,359,2050,23.763877868652344,49.96381610023688,0.001,8.064382791519165
3860,7,360,2117,36.08662033081055,49.921906063459204,0.001,10.189872741699219
3861,7,361,1764,35.631065368652344,49.86206547014276,0.001,8.295082807540894
3862,7,362,1636,28.00685691833496,49.77240449676005,0.001,7.39237642288208
3863,7,363,1484,35.826229095458984,49.729322780841656,0.001,9.298201084136963
3864,7,364,1576,25.592788696289062,49.69477081488444,0.001,9.582792043685913
3865,7,365,2335,32.32986068725586,49.668899992187086,0.001,10.054867267608643
3866,7,366,1310,31.030162811279297,49.5929974131639,0.001,8.727166652679443
3867,7,367,1532,27.01517105102539,49.50247096440283,0.001,8.6850905418396
3868,7,368,1393,37.4562873840332,49.4659201418842,0.001,7.422537565231323
3869,7,369,1463,37.13694381713867,49.45051499904555,0.001,8.889029026031494
3870,7,370,2392,31.329675674438477,49.41113704087203,0.001,7.255874395370483
3871,7,371,1793,40.809425354003906,49.377242713731725,0.001,10.05585789680481
3872,7,372,2040,32.206390380859375,49.30809692229096,0.001,7.822229385375977
3873,7,373,2179,29.564014434814453,49.26555880373298,0.001,8.509272575378418
3874,7,374,1514,34.49785232543945,49.244822511285406,0.001,8.739686012268066
3875,7,375,1735,34.82041931152344,49.22425071212837,0.001,6.447241306304932
3876,7,376,1772,35.28372573852539,49.16845517170808,0.001,10.08273696899414
3877,7,377,1127,38.658203125,49.145858153598546,0.001,9.0917227268219
3878,7,378,1617,40.31901168823242,49.11246880589586,0.001,9.210288047790527
3879,7,379,2060,38.10091018676758,49.08003105488043,0.001,9.999747514724731
3880,7,380,1540,32.76308059692383,49.05713067944794,0.001,8.949646472930908
3881,7,381,2406,41.57356262207031,49.027778055360514,0.001,9.097644329071045
3882,7,382,1797,17.800275802612305,48.98360153142666,0.001,8.67777705192566
3883,7,383,1123,37.494956970214844,48.95984098212778,0.001,8.763732433319092
3884,7,384,1823,30.77318572998047,48.88811160871286,0.001,8.688795804977417
3885,7,385,2448,28.31509780883789,48.80954660199382,0.001,7.532204866409302
3886,7,386,1682,31.990745544433594,48.76134823950882,0.001,8.939282178878784
3887,7,387,2008,43.70380401611328,48.75516742302146,0.001,9.03959345817566
3888,7,388,1117,29.774463653564453,48.69986164434751,0.001,7.9477081298828125
3889,7,389,1118,30.86614990234375,48.649181634786785,0.001,9.509275913238525
3890,7,390,1097,27.337053298950195,48.62106597415714,0.001,8.604783058166504
3891,7,391,2098,40.717281341552734,48.60631108353011,0.001,8.399154424667358
3892,7,392,2140,35.3067626953125,48.5890954060153,0.001,8.657626628875732
3893,7,393,1397,31.232580184936523,48.522855494470335,0.001,9.629992723464966
3894,7,394,2274,31.819316864013672,48.4766074213607,0.001,9.265875816345215
3895,7,395,1888,32.773170471191406,48.4186767533082,0.001,9.134355783462524
3896,7,396,2192,46.02717590332031,48.415994782458036,0.001,7.135248184204102
3897,7,397,2235,27.001630783081055,48.33642502330984,0.001,10.277971506118774
3898,7,398,2073,27.50106430053711,48.30981244150983,0.001,7.581171751022339
3899,7,399,1627,36.80049133300781,48.27747780973331,0.001,9.315169095993042
3900,7,400,1806,25.472434997558594,48.192904955306005,0.001,8.544241428375244
3901,7,401,2343,26.427370071411133,48.15037823638321,0.001,7.622464179992676
3902,7,402,38,34.932090759277344,48.12407260817385,0.001,9.417023658752441
3903,7,403,1453,39.23125076293945,48.11318196710491,0.001,8.921805381774902
3904,7,404,1360,27.464250564575195,48.086845605415675,0.001,10.088473320007324
3905,7,405,2341,25.2413272857666,48.002522495921134,0.001,8.82640814781189
3906,7,406,1174,28.161340713500977,47.94798690833895,0.001,8.064730882644653
3907,7,407,2436,31.415895462036133,47.92626891320292,0.001,7.733849287033081
3908,7,408,2494,31.712421417236328,47.882376473418915,0.001,9.632997035980225
3909,7,409,1132,24.904308319091797,47.81887838916917,0.001,8.548555850982666
3910,7,410,2203,27.516359329223633,47.74527589165757,0.001,8.930092811584473
3911,7,411,1342,29.07956886291504,47.69572294963118,0.001,8.162703037261963
3912,7,412,264,30.313432693481445,47.6485378546154,0.001,8.966762065887451
3913,7,413,1692,27.884902954101562,47.57794280226512,0.001,8.40100908279419
3914,7,414,2251,28.192153930664062,47.539933955694266,0.001,9.148731708526611
3915,7,415,1481,29.208799362182617,47.49026743353942,0.001,7.775249481201172
3916,7,416,1915,23.996679306030273,47.44593921508921,0.001,9.05977201461792
3917,7,417,177,24.194618225097656,47.38488486608928,0.001,9.191251277923584
3918,7,418,1149,34.28804016113281,47.34977132851109,0.001,7.5853800773620605
3919,7,419,2510,35.39019775390625,47.30792510896522,0.001,7.425809621810913
3920,7,420,1862,30.419326782226562,47.286645136687085,0.001,8.934270143508911
3921,7,421,28,23.845935821533203,47.25731903443107,0.001,8.160215377807617
3922,7,422,2464,31.00465202331543,47.236473618878634,0.001,8.41664457321167
3923,7,423,1819,40.504940032958984,47.22796455713608,0.001,8.082758665084839
3924,7,424,2401,24.9429931640625,47.168623034371,0.001,10.20953369140625
3925,7,425,2297,31.198760986328125,47.12588463153451,0.001,8.842886447906494
3926,7,426,2204,26.99827003479004,47.05689589356547,0.001,9.420856714248657
3927,7,427,1383,26.52570343017578,47.01809647466902,0.001,9.335225105285645
3928,7,428,1596,35.52606964111328,46.997244237007855,0.001,7.861270904541016
3929,7,429,1087,36.03316879272461,46.960033386991704,0.001,8.45710277557373
3930,7,430,2064,21.497041702270508,46.89346006421159,0.001,9.270223140716553
3931,7,431,1326,18.214557647705078,46.85872193022723,0.001,9.209129333496094
3932,7,432,2378,35.43428039550781,46.828974650533645,0.001,7.173542499542236
3933,7,433,250,42.277774810791016,46.82338498089491,0.001,7.759968042373657
3934,7,434,1903,28.347986221313477,46.79005189542125,0.001,9.143495321273804
3935,7,435,2535,26.570030212402344,46.76538004442823,0.001,8.486315727233887
3936,7,436,2422,24.858858108520508,46.73863603546037,0.001,9.273193836212158
3937,7,437,2243,42.685569763183594,46.72481537170662,0.001,7.41639518737793
3938,7,438,1839,33.22075271606445,46.70875093352939,0.001,8.642713069915771
3939,7,439,2327,39.48480224609375,46.69586299033598,0.001,8.96815299987793
3940,7,440,1092,37.62217712402344,46.66512524139545,0.001,8.982115745544434
3941,7,441,1779,37.92289352416992,46.63573937090476,0.001,8.67616605758667
3942,7,442,1502,27.38159942626953,46.57014315784317,0.001,7.754258394241333
3943,7,443,2552,32.8705940246582,46.53605691041981,0.001,8.73267912864685
3944,7,444,1090,32.586158752441406,46.51140891168636,0.001,7.447234869003296
3945,7,445,2272,41.26996612548828,46.49830964186385,0.001,9.742189645767212
3946,7,446,2443,28.43610954284668,46.45358282083139,0.001,8.256116390228271
3947,7,447,1153,32.524269104003906,46.4070113968199,0.001,8.59823727607727
3948,7,448,1909,33.208011627197266,46.36402097649344,0.001,8.210096597671509
3949,7,449,1394,37.7859992980957,46.34280588079016,0.001,7.925923109054565
3950,7,450,2547,48.5158805847168,46.34818347118869,0.001,8.851821899414062
3951,7,451,2413,38.639007568359375,46.32895237442231,0.001,9.652836084365845
3952,7,452,2522,33.52705001831055,46.29782278198249,0.001,9.510838270187378
3953,7,453,2660,28.539722442626953,46.241050361110815,0.001,9.6611487865448
3954,7,454,2070,28.758440017700195,46.18431653787894,0.001,10.32399845123291
3955,7,455,2479,28.32956314086914,46.142311687525414,0.001,8.063721179962158
3956,7,456,254,36.68974304199219,46.11189045719073,0.001,10.257477760314941
3957,7,457,2349,29.01396369934082,46.05708667339871,0.001,9.33436894416809
3958,7,458,2166,30.54118537902832,46.03047553846624,0.001,9.950379133224487
3959,7,459,2546,22.406360626220703,45.974051723023415,0.001,8.230277299880981
3960,7,460,2593,23.682727813720703,45.91937264923496,0.001,8.027944087982178
3961,7,461,1838,24.291095733642578,45.86844109664635,0.001,9.529833555221558
3962,7,462,2538,25.825458526611328,45.84554502218742,0.001,7.627642393112183
3963,7,463,2673,36.02281951904297,45.821730434121655,0.001,9.56693720817566
3964,7,464,1626,21.373197555541992,45.79487650532793,0.001,10.287498950958252
3965,7,465,1945,22.29694938659668,45.720312383642806,0.001,8.735228061676025
3966,7,466,1343,35.25087356567383,45.709236270873674,0.001,10.202521324157715
3967,7,467,1334,20.190439224243164,45.68090005659043,0.001,9.227670669555664
3968,7,468,1434,32.268394470214844,45.65025111350904,0.001,8.823313474655151
3969,7,469,1259,26.88165855407715,45.61923056974115,0.001,8.757747650146484
3970,7,470,273,30.10658073425293,45.58233308970853,0.001,9.00944185256958
3971,7,471,2537,29.60580825805664,45.54392026815769,0.001,8.506384372711182
3972,7,472,2144,24.616823196411133,45.520745553020916,0.001,9.763860940933228
3973,7,473,2482,23.62000846862793,45.45172303215283,0.001,8.303978204727173
3974,7,474,2007,34.346221923828125,45.425921310915044,0.001,8.943557024002075
3975,7,475,2000,33.64225387573242,45.41298067713676,0.001,8.237990379333496
3976,7,476,2603,24.335542678833008,45.34922495853053,0.001,7.744607448577881
3977,7,477,1155,26.320907592773438,45.32779789636689,0.001,8.19718599319458
3978,7,478,1441,32.09880828857422,45.31284093646755,0.001,8.589400291442871
3979,7,479,1111,45.92585754394531,45.314256407404606,0.001,8.913976907730103
3980,7,480,1686,39.351715087890625,45.29593543952953,0.001,7.759777069091797
3981,7,481,1737,37.77925491333008,45.27349244047964,0.001,7.023715496063232
3982,7,482,2709,35.60581970214844,45.263037199573674,0.001,9.270551681518555
3983,7,483,1700,33.7998046875,45.243206815666085,0.001,8.054459810256958
3984,7,484,2147,33.667518615722656,45.20765713227996,0.001,9.905890703201294
3985,7,485,2181,28.337636947631836,45.18922951564662,0.001,9.74600625038147
3986,7,486,2569,37.910091400146484,45.17739627066336,0.001,9.055606842041016
3987,7,487,32,31.34282875061035,45.13466371727252,0.001,5.615902662277222
3988,7,488,1921,24.931182861328125,45.088874898882366,0.001,7.017101526260376
3989,7,489,2233,34.23926544189453,45.071387417656375,0.001,8.753419399261475
3990,7,490,1762,34.90991973876953,45.04846586873442,0.001,8.349298000335693
3991,7,491,1128,23.652223587036133,45.00013553956811,0.001,7.175454616546631
3992,7,492,2596,25.53171157836914,44.96883775108412,0.001,10.977792501449585
3993,7,493,2387,45.51335144042969,44.96971410478309,0.001,8.066842794418335
3994,7,494,336,24.201675415039062,44.9071991534664,0.001,8.186717510223389
3995,7,495,2502,27.963457107543945,44.856201423546246,0.001,8.489729166030884
3996,7,496,2205,27.72590446472168,44.81734246234622,0.001,9.62757420539856
3997,7,497,2775,25.416454315185547,44.774742981499415,0.001,8.788224935531616
3998,7,498,1844,32.1965217590332,44.76290196318761,0.001,8.813231706619263
3999,7,499,2601,29.87588119506836,44.71965415095692,0.001,8.143131732940674
4000,8,0,2270,26.015403747558594,26.015403747558594,0.001,10.859455823898315
4001,8,1,2188,40.01873016357422,31.95145122877514,0.001,10.088300228118896
4002,8,2,1173,26.998228073120117,31.10989371044801,0.001,10.322101354598999
4003,8,3,2758,37.94153594970703,32.89290884672056,0.001,7.947913646697998
4004,8,4,1265,26.931650161743164,32.22929776221043,0.001,9.701979875564575
4005,8,5,342,26.185482025146484,30.77958256984332,0.001,10.189366102218628
4006,8,6,2613,29.894954681396484,30.647911830704704,0.001,9.960063219070435
4007,8,7,1324,31.60552978515625,30.80703893107433,0.001,9.423338174819946
4008,8,8,2219,29.090267181396484,30.715695201857688,0.001,8.303161144256592
4009,8,9,2533,18.082719802856445,29.709026695157718,0.001,7.336248159408569
4010,8,10,2909,31.4554386138916,29.88279782962203,0.001,7.405344486236572
4011,8,11,1756,25.00897979736328,29.45185228337489,0.001,8.72330904006958
4012,8,12,337,31.44576644897461,29.56131188245868,0.001,8.396220922470093
4013,8,13,2588,24.09137535095215,28.99887537294288,0.001,10.211546421051025
4014,8,14,2793,28.84391212463379,28.984359427236367,0.001,10.862792253494263
4015,8,15,1551,33.40375900268555,29.274351918701438,0.001,7.683516025543213
4016,8,16,2425,35.371952056884766,29.645566708589655,0.001,9.549062967300415
4017,8,17,2927,50.71814727783203,30.16003264886548,0.001,8.7005455493927
4018,8,18,2202,25.17269515991211,29.793170845503106,0.001,10.239730834960938
4019,8,19,1161,25.53693962097168,29.691142256533652,0.001,8.150065660476685
4020,8,20,1902,28.76492691040039,29.64404745059369,0.001,7.9958579540252686
4021,8,21,2191,29.35554313659668,29.63373710940414,0.001,9.456572771072388
4022,8,22,274,24.833539962768555,29.41320306694278,0.001,7.441268682479858
4023,8,23,1506,25.021770477294922,29.322454080247525,0.001,9.09543228149414
4024,8,24,1864,32.30999755859375,29.386634118750685,0.001,7.494255065917969
4025,8,25,1586,18.928997039794922,28.793518449408523,0.001,8.455189228057861
4026,8,26,1878,27.377944946289062,28.75257699373694,0.001,8.596697092056274
4027,8,27,2861,29.868576049804688,28.796805448647575,0.001,8.63322377204895
4028,8,28,1585,30.717437744140625,28.89147984308243,0.001,6.432099103927612
4029,8,29,2055,20.991758346557617,28.51587524828885,0.001,8.798046112060547
4030,8,30,2652,17.71924591064453,28.33879818669755,0.001,9.583006143569946
4031,8,31,2455,32.37294006347656,28.406491904061813,0.001,8.98429250717163
4032,8,32,2590,35.105323791503906,28.56267396746331,0.001,6.729215621948242
4033,8,33,1769,31.74964714050293,28.700910411483488,0.001,9.503130435943604
4034,8,34,2781,40.519187927246094,28.93440158341105,0.001,10.906145572662354
4035,8,35,2845,32.34382629394531,29.071959534666927,0.001,11.102051734924316
4036,8,36,2784,28.687217712402344,29.05695745205573,0.001,9.71796727180481
4037,8,37,2067,33.807289123535156,29.15599435836736,0.001,11.034116506576538
4038,8,38,1516,34.54857635498047,29.30450860702822,0.001,10.227438688278198
4039,8,39,1443,31.004451751708984,29.36477768058682,0.001,11.37573766708374
4040,8,40,175,23.452299118041992,29.25167135232266,0.001,11.467800617218018
4041,8,41,2458,28.129478454589844,29.223080501465766,0.001,9.445040702819824
4042,8,42,1556,27.182849884033203,29.172004131712217,0.001,9.518889904022217
4043,8,43,481,34.111358642578125,29.29205020481704,0.001,11.933754444122314
4044,8,44,65,30.415218353271484,29.30520385626586,0.001,9.881465435028076
4045,8,45,1250,24.091533660888672,29.246903035504946,0.001,10.710144996643066
4046,8,46,1900,36.971275329589844,29.335479362631705,0.001,10.26668643951416
4047,8,47,2901,38.263710021972656,29.48614300323061,0.001,9.967523336410522
4048,8,48,2871,29.617599487304688,29.49004907580357,0.001,10.028145551681519
4049,8,49,2450,27.224040985107422,29.441292072187544,0.001,9.66110348701477
4050,8,50,377,24.489927291870117,29.364918953046427,0.001,12.07265019416809
4051,8,51,2513,24.73037338256836,29.318010988753933,0.001,10.331714391708374
4052,8,52,378,33.822059631347656,29.442858635897068,0.001,10.741879940032959
4053,8,53,1503,28.77969741821289,29.43390919931371,0.001,9.088240623474121
4054,8,54,2282,27.88580322265625,29.41898122875027,0.001,12.950668811798096
4055,8,55,2619,26.61261558532715,29.382216613334247,0.001,8.272133350372314
4056,8,56,518,22.713476181030273,29.31891338343128,0.001,9.644398927688599
4057,8,57,1642,24.01799201965332,29.217211249984615,0.001,9.255735397338867
4058,8,58,1543,29.25126838684082,29.217528679427243,0.001,9.833808183670044
4059,8,59,2071,35.796592712402344,29.30624285252421,0.001,11.211625576019287
4060,8,60,458,42.332149505615234,29.42641600682869,0.001,11.568120002746582
4061,8,61,1311,20.124774932861328,29.198989102292426,0.001,10.37206482887268
4062,8,62,2462,23.88290023803711,29.070111317100945,0.001,11.456361532211304
4063,8,63,1440,23.680837631225586,28.97714068451644,0.001,11.99227499961853
4064,8,64,2460,21.71035385131836,28.916719460713292,0.001,10.091313362121582
4065,8,65,1313,29.202043533325195,28.922951230219255,0.001,10.35728120803833
4066,8,66,73,33.831748962402344,28.963106135404836,0.001,10.77586579322815
4067,8,67,2548,25.384572982788086,28.904371183745717,0.001,11.811493873596191
4068,8,68,1541,22.083011627197266,28.855399422506256,0.001,10.619709491729736
4069,8,69,2452,27.076858520507812,28.826428637743234,0.001,8.377614259719849
4070,8,70,1679,20.372329711914062,28.727189460009402,0.001,8.814913272857666
4071,8,71,522,25.41215705871582,28.657274343375576,0.001,7.339629888534546
4072,8,72,434,24.766653060913086,28.63100853134163,0.001,10.28262186050415
4073,8,73,392,28.705974578857422,28.632527519221437,0.001,9.908138036727905
4074,8,74,1370,31.749767303466797,28.67994440641739,0.001,10.19341516494751
4075,8,75,1333,32.37577819824219,28.735063035677697,0.001,11.152213335037231
4076,8,76,2929,22.653785705566406,28.64582388493649,0.001,9.736149072647095
4077,8,77,2225,25.82082176208496,28.591759245832392,0.001,9.6402108669281
4078,8,78,1858,25.884828567504883,28.55379324762914,0.001,11.00772213935852
4079,8,79,1896,20.615341186523438,28.443564937431262,0.001,10.291293621063232
4080,8,80,2906,26.589786529541016,28.418085580455543,0.001,9.421078205108643
4081,8,81,2692,27.65123176574707,28.40425471236152,0.001,6.9176084995269775
4082,8,82,1363,33.86042404174805,28.476994412884554,0.001,7.7733471393585205
4083,8,83,2923,21.814807891845703,28.41589669692423,0.001,8.667290687561035
4084,8,84,1263,27.45100212097168,28.403306785967082,0.001,9.064783096313477
4085,8,85,471,26.635513305664062,28.373331187697026,0.001,7.562774419784546
4086,8,86,60,24.726518630981445,28.340270325942583,0.001,7.179883718490601
4087,8,87,363,25.587892532348633,28.323767663526674,0.001,9.04346752166748
4088,8,88,759,22.57466697692871,28.252672052322726,0.001,8.97990369796753
4089,8,89,2617,30.98667335510254,28.29719575857983,0.001,7.447995901107788
4090,8,90,521,23.176916122436523,28.267541831699067,0.001,9.100597143173218
4091,8,91,2763,28.97826385498047,28.271624668026025,0.001,9.66962742805481
4092,8,92,383,38.26831817626953,28.42609159274407,0.001,9.57261037826538
4093,8,93,788,29.85788345336914,28.44863397584333,0.001,8.526799201965332
4094,8,94,2534,22.624969482421875,28.41575073118958,0.001,7.237504959106445
4095,8,95,2543,26.557069778442383,28.394104727916048,0.001,8.67344856262207
4096,8,96,2794,18.133098602294922,28.337191412378772,0.001,8.15221357345581
4097,8,97,728,25.9711856842041,28.31019281387656,0.001,9.571657419204712
4098,8,98,742,20.858577728271484,28.19835694852938,0.001,9.200407981872559
4099,8,99,367,33.64476776123047,28.241061768265066,0.001,8.50132441520691
4100,8,100,2499,27.42246437072754,28.234598142627664,0.001,9.551406621932983
4101,8,101,2720,25.92168426513672,28.22341714933152,0.001,8.326913356781006
4102,8,102,616,26.210277557373047,28.194650977948143,0.001,8.29422664642334
4103,8,103,774,27.002788543701172,28.181879471935694,0.001,8.531168222427368
4104,8,104,256,24.222444534301758,28.152190313363974,0.001,9.386465311050415
4105,8,105,514,26.35735511779785,28.138486257894254,0.001,8.899161100387573
4106,8,106,2163,18.114748001098633,28.031201707104298,0.001,7.196637392044067
4107,8,107,1302,29.984939575195312,28.056295907302466,0.001,9.163773775100708
4108,8,108,2399,21.005510330200195,28.02545404057423,0.001,7.93561053276062
4109,8,109,77,25.840742111206055,28.003011463035257,0.001,8.515683889389038
4110,8,110,852,31.064207077026367,28.0334414912008,0.001,9.054592609405518
4111,8,111,1768,36.755645751953125,28.07471436525284,0.001,8.583849430084229
4112,8,112,1182,19.413223266601562,27.988273866454605,0.001,9.099473714828491
4113,8,113,811,22.671838760375977,27.965157659797168,0.001,10.378488302230835
4114,8,114,388,22.198463439941406,27.939343356933435,0.001,8.81436538696289
4115,8,115,441,18.179893493652344,27.844691866076175,0.001,8.524805545806885
4116,8,116,789,26.33974838256836,27.830260463822086,0.001,8.931006669998169
4117,8,117,825,32.47614669799805,27.850915416041634,0.001,7.572428226470947
4118,8,118,368,32.05206298828125,27.89209735865585,0.001,8.318801879882812
4119,8,119,407,24.552127838134766,27.86071578832783,0.001,6.876447677612305
4120,8,120,98,23.574323654174805,27.807433104123742,0.001,8.799468755722046
4121,8,121,1918,26.30147361755371,27.788984733487535,0.001,9.067269325256348
4122,8,122,1675,32.17231750488281,27.81718114189394,0.001,9.034793138504028
4123,8,123,2782,36.52084732055664,27.92266383572783,0.001,9.371973991394043
4124,8,124,2113,27.680322647094727,27.92047449243581,0.001,8.768781185150146
4125,8,125,403,21.31291961669922,27.879076597854187,0.001,8.730499505996704
4126,8,126,401,25.221464157104492,27.855714102847635,0.001,8.231188297271729
4127,8,127,2669,33.525672912597656,27.879638154833035,0.001,9.328838109970093
4128,8,128,2706,23.114486694335938,27.860862074370736,0.001,7.213297128677368
4129,8,129,986,42.52497482299805,27.989577704278766,0.001,8.474683284759521
4130,8,130,1088,42.302711486816406,28.109542900863914,0.001,8.222671508789062
4131,8,131,1777,29.91097640991211,28.124613425916333,0.001,8.132760286331177
4132,8,132,372,20.65057373046875,28.098180758279078,0.001,7.633759498596191
4133,8,133,2654,23.731689453125,28.04928341115972,0.001,8.694064617156982
4134,8,134,966,25.120052337646484,28.032233235395996,0.001,7.701436758041382
4135,8,135,695,24.924339294433594,28.006382401768896,0.001,9.103945970535278
4136,8,136,2874,27.102676391601562,27.999138327436423,0.001,8.381860971450806
4137,8,137,699,21.897510528564453,27.9503974973042,0.001,7.4885876178741455
4138,8,138,469,27.070764541625977,27.94101359471645,0.001,8.725601196289062
4139,8,139,2750,46.21821212768555,28.010045584728935,0.001,7.867135524749756
4140,8,140,2340,28.798723220825195,28.016166555385503,0.001,6.548854112625122
4141,8,141,1368,19.16478729248047,27.965252758036684,0.001,8.032832384109497
4142,8,142,2328,18.076379776000977,27.909148656557218,0.001,9.571277856826782
4143,8,143,507,54.826087951660156,27.97904568309901,0.001,8.138293027877808
4144,8,144,710,20.828454971313477,27.923817159199306,0.001,8.410565614700317
4145,8,145,951,20.763290405273438,27.868798252044304,0.001,10.548555374145508
4146,8,146,455,38.94205856323242,27.899857958614085,0.001,8.940873622894287
4147,8,147,1120,33.211585998535156,27.92747274837447,0.001,9.361188650131226
4148,8,148,2529,30.78271484375,27.94962931824619,0.001,7.850985288619995
4149,8,149,2449,23.474035263061523,27.915912701861497,0.001,9.266252994537354
4150,8,150,376,29.4829158782959,27.921593684108405,0.001,8.688493728637695
4151,8,151,432,35.378265380859375,27.976055534122494,0.001,8.2989981174469
4152,8,152,778,33.01505661010742,28.01299482156598,0.001,8.743704557418823
4153,8,153,864,36.01883316040039,28.039575231200345,0.001,9.852996110916138
4154,8,154,707,24.851726531982422,28.02913686795799,0.001,9.137275457382202
4155,8,155,2564,23.53135108947754,27.9969187159925,0.001,7.656349182128906
4156,8,156,808,27.243682861328125,27.99151323750916,0.001,9.344848871231079
4157,8,157,694,24.9354305267334,27.962344512414415,0.001,8.6007080078125
4158,8,158,977,26.567712783813477,27.955451211126046,0.001,9.103357076644897
4159,8,159,69,36.937232971191406,28.040793474306493,0.001,8.487336874008179
4160,8,160,1495,28.612295150756836,28.044821506452386,0.001,8.223494529724121
4161,8,161,1809,31.233510971069336,28.07382196470351,0.001,9.437694787979126
4162,8,162,1965,29.92937469482422,28.091001654562934,0.001,8.2814040184021
4163,8,163,2174,27.496511459350586,28.085741050212647,0.001,8.806439399719238
4164,8,164,1766,39.702335357666016,28.112611126888527,0.001,8.999565601348877
4165,8,165,2099,19.366607666015625,28.07008124302421,0.001,9.973637342453003
4166,8,166,919,38.89103317260742,28.168522855775812,0.001,10.387721061706543
4167,8,167,2583,29.471221923828125,28.17727745602763,0.001,6.875475168228149
4168,8,168,1557,32.552066802978516,28.216070838811948,0.001,8.75028681755066
4169,8,169,2722,26.705259323120117,28.21169035373087,0.001,7.5853705406188965
4170,8,170,2565,19.065393447875977,28.182588782034916,0.001,8.618239402770996
4171,8,171,611,26.375499725341797,28.174289077820404,0.001,8.491912841796875
4172,8,172,2668,29.082138061523438,28.180255453880036,0.001,9.09076476097107
4173,8,173,2584,29.59994125366211,28.1924104859976,0.001,9.72699236869812
4174,8,174,374,19.84039306640625,28.121686575113497,0.001,6.528018951416016
4175,8,175,2563,18.40005874633789,28.077400903809586,0.001,5.8886988162994385
4176,8,176,344,22.91112518310547,28.06176189224044,0.001,8.629070043563843
4177,8,177,2930,20.78916358947754,28.040363181083567,0.001,10.20210886001587
4178,8,178,2789,25.147140502929688,28.022257050825285,0.001,9.261940002441406
4179,8,179,1151,25.856348037719727,28.012938248126662,0.001,8.003314971923828
4180,8,180,2608,22.838855743408203,27.96932792715071,0.001,9.604220628738403
4181,8,181,689,31.403722763061523,27.984424363281647,0.001,8.983111381530762
4182,8,182,2398,24.529495239257812,27.956475646112306,0.001,9.015459775924683
4183,8,183,2498,26.28229331970215,27.949199218583423,0.001,9.01364278793335
4184,8,184,190,21.381074905395508,27.894960440026523,0.001,9.019625902175903
4185,8,185,94,23.777557373046875,27.86391234905653,0.001,7.988833665847778
4186,8,186,459,23.35892677307129,27.851173605436568,0.001,9.031091690063477
4187,8,187,2229,20.763748168945312,27.82507340376524,0.001,9.873416662216187
4188,8,188,1361,27.38453483581543,27.823827019935557,0.001,7.876446962356567
4189,8,189,2347,21.006851196289062,27.78360313481034,0.001,9.844274759292603
4190,8,190,2196,23.309982299804688,27.772289383109968,0.001,7.364661693572998
4191,8,191,2427,24.60065460205078,27.75408748079024,0.001,8.954394578933716
4192,8,192,448,26.51364517211914,27.74669234462168,0.001,9.192952394485474
4193,8,193,1548,26.953020095825195,27.74227327841266,0.001,9.57219386100769
4194,8,194,447,19.18558120727539,27.718442440595847,0.001,9.735525846481323
4195,8,195,916,17.51806640625,27.689965532370437,0.001,7.3605735301971436
4196,8,196,981,21.64090919494629,27.655233580862912,0.001,9.875604391098022
4197,8,197,1105,18.462953567504883,27.629218993725022,0.001,10.013231992721558
4198,8,198,1821,31.130191802978516,27.638688168820767,0.001,9.342843294143677
4199,8,199,2585,21.669292449951172,27.605519248263935,0.001,9.492359161376953
4200,8,200,727,22.19661521911621,27.591171592822676,0.001,8.47734522819519
4201,8,201,272,18.31939125061035,27.55367204928961,0.001,7.118427038192749
4202,8,202,832,19.86012077331543,27.496685979123285,0.001,9.531929731369019
4203,8,203,1264,19.553579330444336,27.47520911106238,0.001,8.59030032157898
4204,8,204,2834,30.61131477355957,27.498421740866466,0.001,9.731141328811646
4205,8,205,873,26.22975730895996,27.495489652502968,0.001,9.646690368652344
4206,8,206,2580,29.46903419494629,27.509582347751838,0.001,9.117558002471924
4207,8,207,743,25.248294830322266,27.503737962388648,0.001,6.6900293827056885
4208,8,208,962,27.719711303710938,27.50458459636103,0.001,6.845999240875244
4209,8,209,904,40.24910354614258,27.54825795560093,0.001,7.449986219406128
4210,8,210,2614,23.269222259521484,27.517782847638856,0.001,7.306992769241333
4211,8,211,801,18.021760940551758,27.482465530266403,0.001,7.103368759155273
4212,8,212,693,20.210783004760742,27.430589027806278,0.001,8.026498317718506
4213,8,213,601,30.05453109741211,27.449079603601152,0.001,9.00857949256897
4214,8,214,1399,30.157148361206055,27.468325060459847,0.001,10.55862283706665
4215,8,215,67,29.03970718383789,27.47654052118283,0.001,8.19595742225647
4216,8,216,972,18.381277084350586,27.43015489533497,0.001,8.079508543014526
4217,8,217,1098,20.94150161743164,27.405916212208698,0.001,8.24188494682312
4218,8,218,390,23.595727920532227,27.392233430788785,0.001,7.639503002166748
4219,8,219,1706,29.947324752807617,27.40529689487195,0.001,7.96518349647522
4220,8,220,519,20.360624313354492,27.35719729108244,0.001,9.276302814483643
4221,8,221,266,25.976348876953125,27.347860206827708,0.001,7.571977138519287
4222,8,222,686,14.302091598510742,27.280715511597162,0.001,7.695179224014282
4223,8,223,523,28.446895599365234,27.288566267820034,0.001,8.562320232391357
4224,8,224,496,30.858570098876953,27.30558379263805,0.001,7.889248847961426
4225,8,225,705,20.939651489257812,27.262936970845608,0.001,9.160642147064209
4226,8,226,819,25.186269760131836,27.252667906656324,0.001,8.410181283950806
4227,8,227,68,20.019529342651367,27.226828975373046,0.001,9.680372953414917
4228,8,228,1699,23.909770965576172,27.215540109155995,0.001,9.47138261795044
4229,8,229,1751,22.681455612182617,27.19973174802342,0.001,7.9256911277771
4230,8,230,408,14.917829513549805,27.15757289443293,0.001,7.244893550872803
4231,8,231,914,24.90139389038086,27.146714561915918,0.001,8.731710195541382
4232,8,232,37,23.325963973999023,27.122394022581307,0.001,8.824546337127686
4233,8,233,1554,21.332618713378906,27.109015747834977,0.001,9.121742486953735
4234,8,234,2377,22.93895149230957,27.089220261415107,0.001,9.031246900558472
4235,8,235,1519,29.636287689208984,27.10152597735352,0.001,7.237786054611206
4236,8,236,814,15.083419799804688,27.07370419304336,0.001,8.205863237380981
4237,8,237,1620,34.36957550048828,27.084680997761037,0.001,8.357786417007446
4238,8,238,361,22.636444091796875,27.058169767707025,0.001,9.894692182540894
4239,8,239,2298,15.334213256835938,27.032654605176873,0.001,7.967465162277222
4240,8,240,915,23.949405670166016,27.026035307077994,0.001,9.862422466278076
4241,8,241,2184,31.827363967895508,27.042166323521258,0.001,8.726313352584839
4242,8,242,834,20.429323196411133,27.001391103454377,0.001,9.095000982284546
4243,8,243,2095,23.62131118774414,26.98103961524646,0.001,8.241472959518433
4244,8,244,773,24.91543197631836,26.971573609692665,0.001,10.1833016872406
4245,8,245,461,28.340879440307617,26.979816326202933,0.001,9.699302196502686
4246,8,246,446,24.46551513671875,26.968504090104613,0.001,7.666006565093994
4247,8,247,861,22.650150299072266,26.954547381582422,0.001,7.687645673751831
4248,8,248,382,17.603504180908203,26.935029941772765,0.001,8.946112394332886
4249,8,249,2595,23.65198516845703,26.9280478200494,0.001,7.327498912811279
4250,8,250,680,33.23200225830078,26.94139458162409,0.001,7.881829023361206
4251,8,251,1355,21.455326080322266,26.916742047749185,0.001,10.649698734283447
4252,8,252,961,19.862049102783203,26.875128333233583,0.001,9.313467979431152
4253,8,253,1181,21.785078048706055,26.853129845149194,0.001,9.196129322052002
4254,8,254,2223,29.197559356689453,26.866976232986485,0.001,8.880657196044922
4255,8,255,989,23.36204719543457,26.851658049012052,0.001,9.49807357788086
4256,8,256,2172,17.95391082763672,26.81220674517266,0.001,9.342730045318604
4257,8,257,771,21.401113510131836,26.7888559900654,0.001,8.083612442016602
4258,8,258,685,23.787363052368164,26.776056523845092,0.001,8.83965516090393
4259,8,259,1676,30.22613525390625,26.795977834167903,0.001,7.008024215698242
4260,8,260,2911,31.945425033569336,26.80572028654912,0.001,8.92063307762146
4261,8,261,2672,20.504243850708008,26.769663705738346,0.001,8.926344871520996
4262,8,262,954,38.956207275390625,26.79433707238321,0.001,8.87463092803955
4263,8,263,2293,32.346736907958984,26.81843056190218,0.001,9.916253328323364
4264,8,264,827,39.414825439453125,26.85007658338637,0.001,8.461936235427856
4265,8,265,350,25.35213851928711,26.84372601709391,0.001,8.634371519088745
4266,8,266,2476,22.3606014251709,26.83472032793337,0.001,10.122467279434204
4267,8,267,991,23.263917922973633,26.827745206606476,0.001,7.49359130859375
4268,8,268,2610,23.393253326416016,26.820885273144278,0.001,8.801344394683838
4269,8,269,990,38.43491744995117,26.87041877356281,0.001,9.561748743057251
4270,8,270,1569,42.92567825317383,26.937473671209993,0.001,8.69869327545166
4271,8,271,717,32.92820358276367,26.97042290653517,0.001,8.959584474563599
4272,8,272,1365,28.771595001220703,26.97396567180699,0.001,9.552827835083008
4273,8,273,468,30.532302856445312,26.99321349568041,0.001,7.382649183273315
4274,8,274,2325,24.219215393066406,26.981867460922675,0.001,8.623523235321045
4275,8,275,1914,27.55178451538086,26.982971781883055,0.001,7.636087894439697
4276,8,276,490,32.027671813964844,26.992933516114835,0.001,8.73614764213562
4277,8,277,2682,32.00141525268555,27.020300786878455,0.001,10.445319890975952
4278,8,278,1791,24.548484802246094,27.013291449531803,0.001,8.512004613876343
4279,8,279,1812,26.39072608947754,27.00992528639426,0.001,8.828998565673828
4280,8,280,2432,20.028980255126953,26.99647909105143,0.001,7.596598386764526
4281,8,281,920,31.1031436920166,27.0185626164222,0.001,9.703772783279419
4282,8,282,29,29.286203384399414,27.027492893866086,0.001,7.265986442565918
4283,8,283,2523,33.777801513671875,27.063035846337645,0.001,9.308576583862305
4284,8,284,1828,25.067033767700195,27.05237037982548,0.001,8.885396718978882
4285,8,285,2505,20.287343978881836,27.039481687283654,0.001,7.019085884094238
4286,8,286,405,25.232501983642578,27.03432850500445,0.001,8.275829076766968
4287,8,287,607,28.78543472290039,27.037451230168752,0.001,7.645544528961182
4288,8,288,1306,30.739938735961914,27.056528144913667,0.001,7.609480142593384
4289,8,289,2435,21.698471069335938,27.046357815310532,0.001,7.872626066207886
4290,8,290,436,22.231300354003906,27.033318026280455,0.001,9.77828860282898
4291,8,291,1274,30.18963050842285,27.045209244066037,0.001,9.681623697280884
4292,8,292,1457,24.57118034362793,27.032716695828153,0.001,8.761794805526733
4293,8,293,1580,30.404653549194336,27.041883361668297,0.001,9.519760608673096
4294,8,294,787,25.07444953918457,27.038267112729006,0.001,7.960540056228638
4295,8,295,913,20.307212829589844,27.020087256613035,0.001,8.423794746398926
4296,8,296,74,18.389490127563477,27.004723808746487,0.001,8.17658519744873
4297,8,297,1549,30.06184959411621,27.013214051313952,0.001,8.089042901992798
4298,8,298,956,30.666229248046875,27.031463063566243,0.001,9.03230881690979
4299,8,299,64,25.69599723815918,27.029044144399617,0.001,7.259632110595703
4300,8,300,424,29.064735412597656,27.034221644263038,0.001,8.809065103530884
4301,8,301,870,20.77252197265625,27.017490106578776,0.001,8.905195474624634
4302,8,302,851,21.70644187927246,26.990567397166714,0.001,8.702544450759888
4303,8,303,706,21.161157608032227,26.980105461627918,0.001,6.798930883407593
4304,8,304,325,23.99845314025879,26.96912594977022,0.001,9.047028303146362
4305,8,305,863,31.171052932739258,26.984701321191842,0.001,8.432518720626831
4306,8,306,770,26.213199615478516,26.981830898510754,0.001,9.279012203216553
4307,8,307,340,23.558738708496094,26.969291817967196,0.001,9.237171649932861
4308,8,308,858,25.129362106323242,26.966395559455982,0.001,8.376942873001099
4309,8,309,1648,21.368093490600586,26.951880918667648,0.001,8.219194650650024
4310,8,310,1442,25.015159606933594,26.946923467689395,0.001,7.350505828857422
4311,8,311,492,24.673097610473633,26.93595324114577,0.001,9.559840679168701
4312,8,312,2511,23.15021514892578,26.926091108646936,0.001,7.67606258392334
4313,8,313,719,22.549217224121094,26.905143533360572,0.001,7.180707693099976
4314,8,314,2216,14.234596252441406,26.885775221184847,0.001,9.307141542434692
4315,8,315,488,23.29829978942871,26.868901629450022,0.001,8.871203422546387
4316,8,316,721,22.85430908203125,26.858878657391255,0.001,10.754018545150757
4317,8,317,453,19.985490798950195,26.841625378953996,0.001,8.905242919921875
4318,8,318,2772,17.86697769165039,26.8100276536146,0.001,7.691789865493774
4319,8,319,2767,24.758512496948242,26.802705550059855,0.001,8.867569208145142
4320,8,320,2694,19.521587371826172,26.79060834432077,0.001,8.266205549240112
4321,8,321,1196,19.918506622314453,26.78007633093307,0.001,7.835681200027466
4322,8,322,400,23.02552032470703,26.771664393933438,0.001,9.036034345626831
4323,8,323,682,29.824941635131836,26.78575195642869,0.001,8.80221676826477
4324,8,324,803,19.684967041015625,26.774299466763154,0.001,8.81718897819519
4325,8,325,56,27.527782440185547,26.77691184360025,0.001,9.470009088516235
4326,8,326,2832,26.222583770751953,26.774482489086765,0.001,8.62467646598816
4327,8,327,2864,24.927536010742188,26.7698925145314,0.001,8.148350954055786
4328,8,328,1737,23.350666046142578,26.75469079106782,0.001,7.838241100311279
4329,8,329,1602,36.944000244140625,26.765675225560997,0.001,8.053800582885742
4330,8,330,1344,27.618391036987305,26.768559306645344,0.001,8.210557222366333
4331,8,331,1113,27.08830451965332,26.770006640223524,0.001,8.353296279907227
4332,8,332,1846,21.734102249145508,26.753103304546226,0.001,10.979437828063965
4333,8,333,1097,16.33238983154297,26.736792119877233,0.001,7.93035364151001
4334,8,334,1302,37.74663543701172,26.78303049510539,0.001,9.086280584335327
4335,8,335,1627,29.466346740722656,26.792108323910416,0.001,9.601266384124756
4336,8,336,1569,37.13466262817383,26.82691253306945,0.001,10.166856527328491
4337,8,337,1503,24.281715393066406,26.82132175073568,0.001,8.073852777481079
4338,8,338,1480,19.32036781311035,26.8096059995027,0.001,9.084770202636719
4339,8,339,2007,26.855552673339844,26.809757696863073,0.001,9.42065715789795
4340,8,340,1586,16.06814956665039,26.762054167086625,0.001,8.438863039016724
4341,8,341,2000,24.461584091186523,26.758481649944784,0.001,7.757318496704102
4342,8,342,1951,25.103361129760742,26.753028217584088,0.001,8.333049774169922
4343,8,343,1693,31.111160278320312,26.771994024344597,0.001,10.023449897766113
4344,8,344,175,19.3233585357666,26.754245884546727,0.001,7.8344340324401855
4345,8,345,2050,17.774120330810547,26.733722684445755,0.001,7.9043824672698975
4346,8,346,1649,22.508031845092773,26.719958194206917,0.001,8.808043718338013
4347,8,347,1087,33.870391845703125,26.750253304067027,0.001,8.384689569473267
4348,8,348,1642,23.76047134399414,26.740748143798417,0.001,9.286983251571655
4349,8,349,1797,11.260523796081543,26.716513078701624,0.001,8.636648416519165
4350,8,350,1394,26.844989776611328,26.716925455052063,0.001,8.824974536895752
4351,8,351,1751,20.987701416015625,26.703791093114397,0.001,10.302120685577393
4352,8,352,1370,27.28022003173828,26.70564394150023,0.001,8.652219295501709
4353,8,353,1530,19.658824920654297,26.675805968486127,0.001,7.807034015655518
4354,8,354,1493,19.480831146240234,26.645367856266326,0.001,8.347754001617432
4355,8,355,1442,24.42989730834961,26.640433318986368,0.001,9.20168685913086
4356,8,356,1779,23.414365768432617,26.626940850791897,0.001,8.50018835067749
4357,8,357,1126,19.305946350097656,26.596277535509863,0.001,8.462350845336914
4358,8,358,1626,13.822836875915527,26.57788260368441,0.001,7.638107776641846
4359,8,359,2144,16.722490310668945,26.56337585211384,0.001,9.110090017318726
4360,8,360,1153,22.887554168701172,26.548012409479274,0.001,9.480542421340942
4361,8,361,1182,14.203079223632812,26.50942508140446,0.001,9.876029253005981
4362,8,362,1548,24.125259399414062,26.50234448643284,0.001,7.818092346191406
4363,8,363,1541,16.767606735229492,26.489321498815215,0.001,9.116663455963135
4364,8,364,1768,29.054563522338867,26.493063768503834,0.001,8.422705888748169
4365,8,365,1453,25.23919105529785,26.491352315221864,0.001,7.943864822387695
4366,8,366,1819,26.116592407226562,26.490799438772633,0.001,7.5620903968811035
4367,8,367,1848,17.637149810791016,26.454535500249893,0.001,9.652896165847778
4368,8,368,2117,25.093490600585938,26.450481939044476,0.001,7.46480131149292
4369,8,369,1342,23.371505737304688,26.44128700855226,0.001,9.142229318618774
4370,8,370,1361,27.54427146911621,26.44288154786635,0.001,8.053160905838013
4371,8,371,1577,22.478912353515625,26.430932262940114,0.001,8.846776723861694
4372,8,372,1682,27.293792724609375,26.43353131689816,0.001,9.475887298583984
4373,8,373,1828,17.72138023376465,26.397831983258868,0.001,8.301596403121948
4374,8,374,2067,18.671672821044922,26.380878931627215,0.001,7.7116539478302
4375,8,375,2166,20.108423233032227,26.367532846231725,0.001,7.733391523361206
4376,8,376,1127,24.387277603149414,26.363219589987793,0.001,9.087647438049316
4377,8,377,1756,23.01628303527832,26.353412956824048,0.001,9.672889947891235
4378,8,378,1540,21.69292449951172,26.34676139571319,0.001,7.444447994232178
4379,8,379,1896,15.04998779296875,26.313488117469618,0.001,7.343619346618652
4380,8,380,1965,19.760425567626953,26.287460894511884,0.001,8.162585973739624
4381,8,381,1839,12.965963363647461,26.269120955730028,0.001,8.021844387054443
4382,8,382,1844,24.470947265625,26.26687767490117,0.001,8.490045070648193
4383,8,383,1250,17.24384307861328,26.254384440742825,0.001,8.591224908828735
4384,8,384,1806,17.567686080932617,26.22036878146167,0.001,9.854835033416748
4385,8,385,1155,18.897645950317383,26.20998473197758,0.001,9.09061336517334
4386,8,386,2008,25.736236572265625,26.20939493100778,0.001,8.541785717010498
4387,8,387,2196,20.469940185546875,26.202207003682968,0.001,9.807113647460938
4388,8,388,1575,22.97932243347168,26.19260594488236,0.001,10.01632308959961
4389,8,389,1441,21.739397048950195,26.186301937104695,0.001,8.562005758285522
4390,8,390,2243,16.804275512695312,26.15000875488576,0.001,8.89994478225708
4391,8,391,1814,14.583088874816895,26.117088317935647,0.001,8.62510633468628
4392,8,392,1343,22.751096725463867,26.112765022502778,0.001,8.24500560760498
4393,8,393,2040,19.969799041748047,26.088940437040833,0.001,8.10294795036316
4394,8,394,1807,39.852474212646484,26.140767261381633,0.001,7.794903516769409
4395,8,395,2070,22.25766372680664,26.12604017511011,0.001,8.49660348892212
4396,8,396,2073,13.6309232711792,26.109777898956832,0.001,8.397364377975464
4397,8,397,1117,27.256446838378906,26.113092884751506,0.001,7.565729856491089
4398,8,398,1439,21.4063777923584,26.095576274275686,0.001,8.686077117919922
4399,8,399,1838,25.242361068725586,26.093211608483198,0.001,8.271835565567017
4400,8,400,1326,18.100446701049805,26.082649864210516,0.001,9.062042713165283
4401,8,401,1879,27.26218032836914,26.08505847421628,0.001,9.616679191589355
4402,8,402,1363,34.45187759399414,26.108457797500236,0.001,7.752837896347046
4403,8,403,1845,15.257560729980469,26.09481692167175,0.001,8.655241012573242
4404,8,404,1802,19.214115142822266,26.075688939776512,0.001,8.440185308456421
4405,8,405,1434,22.962430953979492,26.06732119576661,0.001,9.170485734939575
4406,8,406,1794,18.264833450317383,26.04602616675796,0.001,8.079635620117188
4407,8,407,1543,20.143051147460938,26.038114060317486,0.001,7.1239914894104
4408,8,408,2272,22.05994987487793,26.027126115219446,0.001,6.677436351776123
4409,8,409,2229,19.54932975769043,26.01608177693519,0.001,10.031251668930054
4410,8,410,1259,16.85246467590332,25.998423784860528,0.001,9.107973575592041
4411,8,411,1925,18.295427322387695,25.98843255399569,0.001,12.70571494102478
4412,8,412,2064,13.661344528198242,25.954221113819084,0.001,9.099655389785767
4413,8,413,1888,30.456819534301758,25.97037613339408,0.001,12.45397138595581
4414,8,414,1440,21.143413543701172,25.95749698419471,0.001,9.901181936264038
4415,8,415,1699,19.444509506225586,25.945153769579093,0.001,10.78483247756958
4416,8,416,1093,20.04517364501953,25.924214371728315,0.001,7.505509853363037
4417,8,417,1557,18.74616813659668,25.898198014106864,0.001,10.324105024337769
4418,8,418,1714,21.99915313720703,25.887951060905205,0.001,8.900199890136719
4419,8,419,1120,20.819183349609375,25.87867686658701,0.001,8.677689790725708
4420,8,420,1523,16.309823989868164,25.866407643895755,0.001,9.00638484954834
4421,8,421,1580,25.833288192749023,25.86634433945424,0.001,8.931060075759888
4422,8,422,2425,25.623903274536133,25.865693266526126,0.001,8.128137350082397
4423,8,423,2075,16.090919494628906,25.847371605261774,0.001,8.286947965621948
4424,8,424,2427,20.3994140625,25.83317098581648,0.001,8.236870288848877
4425,8,425,2204,18.884010314941406,25.808961235100483,0.001,9.276630878448486
4426,8,426,2034,15.737170219421387,25.773987158030216,0.001,7.636646032333374
4427,8,427,1636,13.758401870727539,25.731668119954115,0.001,9.37002444267273
4428,8,428,2174,21.077133178710938,25.715825150076515,0.001,8.595627069473267
4429,8,429,1551,20.390186309814453,25.701649964970684,0.001,8.703613758087158
4430,8,430,1310,16.07762336730957,25.667986043597736,0.001,8.917802333831787
4431,8,431,2060,31.326845169067383,25.682795883447252,0.001,10.798306703567505
4432,8,432,2432,11.679061889648438,25.665271354822565,0.001,7.831606388092041
4433,8,433,1717,19.549747467041016,25.65780044045789,0.001,8.927253484725952
4434,8,434,1938,15.604543685913086,25.645824724839944,0.001,9.292640686035156
4435,8,435,2435,15.246960639953613,25.632611237662086,0.001,8.576361417770386
4436,8,436,2293,19.542957305908203,25.616509055399423,0.001,7.324450731277466
4437,8,437,2452,22.599712371826172,25.608739173174996,0.001,9.065256357192993
4438,8,438,1317,16.054079055786133,25.59705383631899,0.001,8.772987365722656
4439,8,439,1274,22.489948272705078,25.58923705616825,0.001,9.234084129333496
4440,8,440,1306,22.800790786743164,25.579755470121544,0.001,5.89412784576416
4441,8,441,1679,13.220046043395996,25.55675109277265,0.001,7.348580837249756
4442,8,442,1481,17.396034240722656,25.535702516582905,0.001,6.736123085021973
4443,8,443,2157,16.866470336914062,25.506368514971967,0.001,9.705662488937378
4444,8,444,1832,23.632057189941406,25.500039900080473,0.001,7.930156946182251
4445,8,445,1616,20.004087448120117,25.48585712154163,0.001,9.194452047348022
4446,8,446,1368,15.540104866027832,25.46759895410415,0.001,8.079991579055786
4447,8,447,1918,17.28456687927246,25.440148713034308,0.001,10.037122249603271
4448,8,448,1900,28.284236907958984,25.44362878485121,0.001,7.094571352005005
4449,8,449,1858,19.20833969116211,25.42820715832789,0.001,8.403473854064941
4450,8,450,1817,14.662556648254395,25.415824773616144,0.001,7.528268575668335
4451,8,451,1532,22.672409057617188,25.40677479847555,0.001,8.376588582992554
4452,8,452,1488,21.510433197021484,25.394655090917016,0.001,8.954968929290771
4453,8,453,1576,13.270291328430176,25.380572032977025,0.001,7.911089658737183
4454,8,454,2455,19.67377281188965,25.373694974493016,0.001,9.159605979919434
4455,8,455,1648,14.975370407104492,25.35538396114509,0.001,8.60842776298523
4456,8,456,2197,25.650163650512695,25.35610603334858,0.001,8.951491355895996
4457,8,457,1617,23.596372604370117,25.35053818865419,0.001,8.332074165344238
4458,8,458,1902,19.92690658569336,25.33721977074937,0.001,9.128499031066895
4459,8,459,190,16.070865631103516,25.30630104491153,0.001,8.2447669506073
4460,8,460,1777,19.067882537841797,25.29131575223554,0.001,8.873041152954102
4461,8,461,1088,21.10346031188965,25.281345432531865,0.001,7.362971782684326
4462,8,462,1081,25.512004852294922,25.281905894216973,0.001,9.231375694274902
4463,8,463,2443,16.444372177124023,25.26068674546732,0.001,7.804076433181763
4464,8,464,1443,18.654150009155273,25.239559946839453,0.001,10.323275089263916
4465,8,465,1762,21.53754425048828,25.23067376256569,0.001,8.23698377609253
4466,8,466,1109,28.36421775817871,25.24034786253929,0.001,8.655924797058105
4467,8,467,2510,19.31734275817871,25.221621652055628,0.001,8.404208898544312
4468,8,468,1383,21.517244338989258,25.215206998439463,0.001,10.11326813697815
4469,8,469,1174,28.220861434936523,25.222387092348708,0.001,9.606645345687866
4470,8,470,2482,21.949995040893555,25.21193229035248,0.001,9.427222728729248
4471,8,471,2098,27.887144088745117,25.216094677925987,0.001,8.994683980941772
4472,8,472,1149,25.60672378540039,25.217027120780664,0.001,9.822229623794556
4473,8,473,2241,28.909284591674805,25.22877832950436,0.001,9.44547724723816
4474,8,474,2095,26.653865814208984,25.23315790262349,0.001,8.508258581161499
4475,8,475,1764,24.559385299682617,25.23101325222025,0.001,8.278571605682373
4476,8,476,1397,20.0278377532959,25.214625527505994,0.001,8.161470651626587
4477,8,477,2249,28.081024169921875,25.221434876536545,0.001,8.425057172775269
4478,8,478,2278,28.097877502441406,25.228222111818784,0.001,9.179582595825195
4479,8,479,1099,19.48086929321289,25.210421673302392,0.001,8.909000873565674
4480,8,480,1372,15.809738159179688,25.188796087205485,0.001,8.161978960037231
4481,8,481,2588,21.964492797851562,25.17877469927931,0.001,8.296996831893921
4482,8,482,1484,19.123851776123047,25.164719303894493,0.001,9.014083862304688
4483,8,483,2377,20.767364501953125,25.154672900860678,0.001,9.231130599975586
4484,8,484,2448,21.598222732543945,25.143894032147017,0.001,6.133070230484009
4485,8,485,2233,30.189016342163086,25.1520847084836,0.001,9.412140607833862
4486,8,486,256,21.73193359375,25.146582417971388,0.001,9.519162654876709
4487,8,487,2494,21.498550415039062,25.138353462733352,0.001,6.9826178550720215
4488,8,488,1692,19.3446102142334,25.12089497496333,0.001,8.206496000289917
4489,8,489,2335,22.85243797302246,25.1183857134545,0.001,8.638199806213379
4490,8,490,2297,26.77811622619629,25.122217583776592,0.001,9.17806100845337
4491,8,491,2184,29.23329734802246,25.12890328482422,0.001,8.975990772247314
4492,8,492,2460,18.681447982788086,25.12199358956208,0.001,9.37422800064087
4493,8,493,2378,30.44045639038086,25.134084721586053,0.001,9.264523029327393
4494,8,494,2140,22.45965003967285,25.131347021385167,0.001,8.536002159118652
4495,8,495,2328,16.261363983154297,25.116963901242745,0.001,7.9119861125946045
4496,8,496,2583,16.85959243774414,25.098350238379744,0.001,8.27961015701294
4497,8,497,2349,19.456695556640625,25.081666372009348,0.001,8.287622928619385
4498,8,498,1735,17.886152267456055,25.073960421469,0.001,9.054805994033813
4499,8,499,1506,17.95702362060547,25.0668017219026,0.001,10.203860521316528
4500,9,0,2692,17.895275115966797,17.895275115966797,0.001,8.935726881027222
4501,9,1,2340,21.99380111694336,19.630562103330483,0.001,8.424118041992188
4502,9,2,1769,19.174705505371094,19.462673538705335,0.001,10.885604858398438
4503,9,3,1105,14.934436798095703,18.922365645818665,0.001,8.815276622772217
4504,9,4,2203,24.27610969543457,20.22636412022425,0.001,9.43790340423584
4505,9,5,2294,16.370128631591797,19.927698980113906,0.001,9.9129319190979
4506,9,6,2436,21.643798828125,20.05582728408487,0.001,8.127952575683594
4507,9,7,2603,19.964500427246094,20.040467092745097,0.001,8.971401453018188
4508,9,8,2149,16.571256637573242,19.63786107266898,0.001,8.997046947479248
4509,9,9,29,17.97699546813965,19.468399562476538,0.001,8.75102424621582
4510,9,10,1690,19.355985641479492,19.46311830973515,0.001,8.089493989944458
4511,9,11,1360,19.269149780273438,19.454719494711682,0.001,8.503112316131592
4512,9,12,2499,23.35603904724121,19.69978805818334,0.001,8.626124382019043
4513,9,13,178,16.7474365234375,19.466889945911603,0.001,10.145791053771973
4514,9,14,2534,16.523269653320312,19.3564514582309,0.001,9.745519638061523
4515,9,15,2593,22.41072654724121,19.58123558741586,0.001,10.065328121185303
4516,9,16,2782,22.20016860961914,19.813004245713298,0.001,7.576996088027954
4517,9,17,2406,26.636585235595703,20.36735482961012,0.001,9.90380072593689
4518,9,18,2590,25.227481842041016,20.562316269233733,0.001,7.781416416168213
4519,9,19,2834,17.33835220336914,20.33030541064351,0.001,9.242074251174927
4520,9,20,2192,31.934118270874023,20.57422838094083,0.001,9.243195295333862
4521,9,21,2399,15.328994750976562,20.459005660691773,0.001,8.427172660827637
4522,9,22,1793,20.787269592285156,20.479831619564507,0.001,8.541902303695679
4523,9,23,1118,20.491783142089844,20.480379264694605,0.001,8.755506038665771
4524,9,24,2871,16.37136459350586,20.24414784003049,0.001,8.827835083007812
4525,9,25,264,19.645477294921875,20.219116754336692,0.001,8.0120530128479
4526,9,26,1571,20.66661262512207,20.242532264535686,0.001,8.042909860610962
4527,9,27,2502,18.91707420349121,20.175810538930417,0.001,7.8391149044036865
4528,9,28,254,21.850860595703125,20.254979281485443,0.001,6.177115201950073
4529,9,29,2767,23.297910690307617,20.361054717669703,0.001,8.411465167999268
4530,9,30,1675,22.295698165893555,20.406924773290406,0.001,9.563183069229126
4531,9,31,2298,14.009984970092773,20.30873998149864,0.001,7.81423807144165
4532,9,32,2758,21.641883850097656,20.35120581628425,0.001,7.797244548797607
4533,9,33,2613,26.318639755249023,20.53397197632907,0.001,8.95782732963562
4534,9,34,1333,30.732160568237305,20.841435688001088,0.001,8.582232236862183
4535,9,35,2861,21.886211395263672,20.87214485368524,0.001,9.17928409576416
4536,9,36,1862,20.739288330078125,20.87032109828177,0.001,10.203255891799927
4537,9,37,1346,34.55838394165039,21.359047881143248,0.001,7.463939666748047
4538,9,38,2066,26.818326950073242,21.55292325194415,0.001,8.513678550720215
4539,9,39,2055,21.54884910583496,21.55278273373011,0.001,8.61440920829773
4540,9,40,1128,16.64805793762207,21.42901561886645,0.001,8.741470575332642
4541,9,41,272,17.549121856689453,21.359982179554066,0.001,8.557742357254028
4542,9,42,1482,15.228840827941895,21.2894192787736,0.001,10.037427425384521
4543,9,43,2772,20.344757080078125,21.266926871759676,0.001,9.967020750045776
4544,9,44,2543,23.047380447387695,21.308729883731644,0.001,8.175271987915039
4545,9,45,2781,24.377962112426758,21.352889231320535,0.001,9.442948579788208
4546,9,46,2113,18.78205108642578,21.29434896802793,0.001,8.050449848175049
4547,9,47,1766,43.21207046508789,21.460360276955402,0.001,9.078681230545044
4548,9,48,1909,36.44035720825195,21.886711666802018,0.001,9.141838550567627
4549,9,49,1083,31.234153747558594,22.14282479630752,0.001,9.019971370697021
4550,9,50,2282,19.069311141967773,22.112365795127346,0.001,8.480938196182251
4551,9,51,2179,18.017431259155273,22.05143632986001,0.001,10.168521642684937
4552,9,52,2930,17.362520217895508,22.006999455482823,0.001,9.839897394180298
4553,9,53,1196,18.07367706298828,21.972333410856738,0.001,8.574695825576782
4554,9,54,2793,22.822694778442383,21.994978265395137,0.001,8.407548427581787
4555,9,55,2548,16.077835083007812,21.882810514845723,0.001,8.850389242172241
4556,9,56,2538,14.70924186706543,21.817444393725925,0.001,8.678670644760132
4557,9,57,2610,16.221790313720703,21.766916765833834,0.001,7.661020040512085
4558,9,58,392,17.13170051574707,21.653893579988676,0.001,6.52206015586853
4559,9,59,2569,20.278217315673828,21.636041645022736,0.001,9.164902925491333
4560,9,60,367,21.01734733581543,21.628192456984646,0.001,9.346532106399536
4561,9,61,2347,15.318867683410645,21.516887307523337,0.001,8.180015802383423
4562,9,62,374,15.656523704528809,21.3827421635595,0.001,8.941738605499268
4563,9,63,1173,22.723464965820312,21.393738207725097,0.001,8.554706573486328
4564,9,64,2923,17.00068473815918,21.342235875707416,0.001,9.113500356674194
4565,9,65,37,21.891984939575195,21.354304541577175,0.001,9.835028171539307
4566,9,66,2343,16.74181365966797,21.301079199397503,0.001,9.86418890953064
4567,9,67,2529,19.540719985961914,21.27209500018143,0.001,9.20099663734436
4568,9,68,376,25.909709930419922,21.30789185587794,0.001,7.637664079666138
4569,9,69,1568,22.279136657714844,21.323052043664187,0.001,11.152231454849243
4570,9,70,458,30.35966682434082,21.39205635942223,0.001,8.335827827453613
4571,9,71,1090,16.381690979003906,21.33759938392809,0.001,8.752377033233643
4572,9,72,1823,19.89565658569336,21.307885908217866,0.001,9.413949728012085
4573,9,73,2522,21.234542846679688,21.30680431306874,0.001,10.16127610206604
4574,9,74,361,19.01276969909668,21.264264497853997,0.001,10.002787828445435
4575,9,75,2513,15.524938583374023,21.22481712166072,0.001,8.99581003189087
4576,9,76,274,20.7287654876709,21.217834719564244,0.001,8.62574291229248
4577,9,77,446,15.816065788269043,21.142225863224997,0.001,6.844574689865112
4578,9,78,469,18.443628311157227,21.092570324928715,0.001,7.795799732208252
4579,9,79,2619,19.184818267822266,21.07545005394597,0.001,9.909566879272461
4580,9,80,2565,12.103169441223145,21.01621998152758,0.001,9.01962924003601
4581,9,81,492,20.894344329833984,21.01404030435544,0.001,9.898293256759644
4582,9,82,1092,25.392961502075195,21.09097883380475,0.001,8.690528392791748
4583,9,83,1914,15.626509666442871,21.056987633831195,0.001,8.55077862739563
4584,9,84,2327,19.37735939025879,21.04173429466105,0.001,7.744970798492432
4585,9,85,1181,26.653608322143555,21.11183538824305,0.001,8.75899863243103
4586,9,86,1393,26.025861740112305,21.17425815692879,0.001,8.813697099685669
4587,9,87,1122,13.3772611618042,21.103453854688503,0.001,9.24003005027771
4588,9,88,1161,14.73045825958252,21.0679055549037,0.001,8.166666746139526
4589,9,89,407,16.52566909790039,21.01207460614368,0.001,7.586763858795166
4590,9,90,1365,20.22514533996582,21.007482599737315,0.001,7.820434093475342
4591,9,91,1556,23.92784881591797,21.042893560251155,0.001,9.786024570465088
4592,9,92,1596,23.08755874633789,21.05997160244531,0.001,7.394731044769287
4593,9,93,2608,22.040237426757812,21.075665807113573,0.001,8.134455680847168
4594,9,94,447,15.511631965637207,21.044254222478177,0.001,9.023959159851074
4595,9,95,481,18.830957412719727,21.018644943096792,0.001,9.369514226913452
4596,9,96,2221,21.71654510498047,21.02678416233662,0.001,8.737216234207153
4597,9,97,32,15.6905517578125,20.945164839381693,0.001,8.565589189529419
4598,9,98,490,16.886049270629883,20.923063239663175,0.001,8.60262131690979
4599,9,99,273,19.327903747558594,20.90523027981026,0.001,8.515557765960693
4600,9,100,2413,15.535452842712402,20.845586886807517,0.001,9.123045206069946
4601,9,101,2874,18.766260147094727,20.823497913318064,0.001,7.998668193817139
4602,9,102,73,26.575815200805664,20.853416688011663,0.001,9.14082932472229
4603,9,103,434,18.39051628112793,20.8420163526731,0.001,6.703781604766846
4604,9,104,2845,21.930858612060547,20.857360856480636,0.001,10.053802490234375
4605,9,105,519,17.383258819580078,20.808803079312614,0.001,8.188563346862793
4606,9,106,1339,16.75491714477539,20.788444426345475,0.001,8.65966248512268
4607,9,107,518,12.5291109085083,20.74762348703097,0.001,9.997389078140259
4608,9,108,1676,18.005664825439453,20.71009007755724,0.001,8.103331565856934
4609,9,109,2172,16.038789749145508,20.662187194535367,0.001,9.164178848266602
4610,9,110,65,14.893377304077148,20.63397311411245,0.001,9.128555059432983
4611,9,111,1313,20.655338287353516,20.63424350773352,0.001,7.968183994293213
4612,9,112,1373,16.149919509887695,20.59960084097738,0.001,7.483884811401367
4613,9,113,2205,15.210378646850586,20.546240465587744,0.001,7.389574289321899
4614,9,114,607,15.845049858093262,20.525384267129947,0.001,7.738891839981079
4615,9,115,706,16.494699478149414,20.50656602664893,0.001,8.788115739822388
4616,9,116,2533,12.122817993164062,20.448128402493367,0.001,7.878901481628418
4617,9,117,1355,16.86031723022461,20.413914342550303,0.001,8.283654928207397
4618,9,118,2864,21.24102020263672,20.419540054686504,0.001,8.818920612335205
4619,9,119,2270,20.359569549560547,20.41878775606105,0.001,9.508364200592041
4620,9,120,2660,20.680055618286133,20.421925965819245,0.001,8.136177778244019
4621,9,121,64,18.517662048339844,20.413514785783168,0.001,9.423747777938843
4622,9,122,2225,19.5147762298584,20.40269929130893,0.001,6.0718958377838135
4623,9,123,468,18.70046615600586,20.382613280810777,0.001,8.45797324180603
4624,9,124,1706,25.674142837524414,20.429300785107134,0.001,8.985897302627563
4625,9,125,705,13.500815391540527,20.347163161799152,0.001,8.695297002792358
4626,9,126,2585,12.855775833129883,20.28340358547958,0.001,8.828088760375977
4627,9,127,695,18.20330238342285,20.265353923317473,0.001,8.467609643936157
4628,9,128,2652,11.547816276550293,20.23041414333593,0.001,8.786632299423218
4629,9,129,2449,15.675889015197754,20.191688622567746,0.001,10.134153366088867
4630,9,130,1809,17.371135711669922,20.16068125212018,0.001,8.432678461074829
4631,9,131,2202,14.301116943359375,20.09532572822299,0.001,9.289455890655518
4632,9,132,778,23.135343551635742,20.120174276518217,0.001,8.833646059036255
4633,9,133,2552,24.398868560791016,20.15480590122216,0.001,10.285312175750732
4634,9,134,685,18.993694305419922,20.145519846299354,0.001,8.882987976074219
4635,9,135,1123,24.48488998413086,20.170436926991883,0.001,9.639673233032227
4636,9,136,455,30.770227432250977,20.20154109188634,0.001,9.732282638549805
4637,9,137,1791,14.841696739196777,20.17139790098377,0.001,6.8865320682525635
4638,9,138,611,17.64114761352539,20.157275532026613,0.001,9.629457473754883
4639,9,139,1615,18.68452262878418,20.145903022870403,0.001,9.254882574081421
4640,9,140,770,20.03207015991211,20.144999419754495,0.001,8.478805303573608
4641,9,141,2789,20.018218994140625,20.144018680809452,0.001,7.899934768676758
4642,9,142,390,18.239904403686523,20.133783823933225,0.001,8.378196477890015
4643,9,143,1089,18.51875114440918,20.117346156653575,0.001,9.776330709457397
4644,9,144,2464,21.962303161621094,20.12418088472047,0.001,7.5183868408203125
4645,9,145,2422,13.83968734741211,20.10144970107222,0.001,8.680756330490112
4646,9,146,1923,18.48396873474121,20.088999277683527,0.001,10.07921290397644
4647,9,147,448,20.071727752685547,20.088867239875125,0.001,10.87540864944458
4648,9,148,861,22.180845260620117,20.099984488277222,0.001,7.790667295455933
4649,9,149,852,27.8936767578125,20.156890792406493,0.001,8.789530992507935
4650,9,150,1334,17.70197296142578,20.148442842470505,0.001,7.581939220428467
4651,9,151,771,18.119571685791016,20.13372494424376,0.001,9.94482707977295
4652,9,152,461,17.58795738220215,20.10940351838354,0.001,9.059100151062012
4653,9,153,1151,24.253156661987305,20.129910722960627,0.001,8.761076927185059
4654,9,154,337,21.60377311706543,20.136729237396757,0.001,8.848923444747925
4655,9,155,1132,15.592415809631348,20.103929767018055,0.001,7.232779264450073
4656,9,156,1864,21.454723358154297,20.108523585371763,0.001,8.641601324081421
4657,9,157,2523,20.750396728515625,20.114539448823187,0.001,8.619388580322266
4658,9,158,2071,26.63254737854004,20.14680656325568,0.001,10.081197738647461
4659,9,159,707,15.09834098815918,20.131131937002955,0.001,8.31033706665039
4660,9,160,38,18.079971313476562,20.120905101327978,0.001,7.97976016998291
4661,9,161,2832,16.687240600585938,20.09097133268829,0.001,7.0717408657073975
4662,9,162,2251,14.569701194763184,20.063398093048175,0.001,8.498752355575562
4663,9,163,56,18.17987632751465,20.050616833368647,0.001,8.701910018920898
4664,9,164,2080,22.31842613220215,20.071080830795154,0.001,8.707773685455322
4665,9,165,2794,10.928574562072754,20.041543468643496,0.001,8.54409670829773
4666,9,166,728,16.804296493530273,20.01992336233575,0.001,9.285049200057983
4667,9,167,2547,35.21834945678711,20.120753368489048,0.001,9.584487199783325
4668,9,168,1700,25.50509262084961,20.147455759006508,0.001,8.472467422485352
4669,9,169,372,15.434281349182129,20.134523155068084,0.001,9.087929248809814
4670,9,170,1527,33.008121490478516,20.21795060590903,0.001,8.031303405761719
4671,9,171,743,23.02327537536621,20.22657745710568,0.001,8.327529907226562
4672,9,172,956,24.61414337158203,20.26414351757689,0.001,8.467604875564575
4673,9,173,808,24.572240829467773,20.291501185197646,0.001,8.564528465270996
4674,9,174,1262,11.303121566772461,20.26457687327342,0.001,9.321320295333862
4675,9,175,523,26.152137756347656,20.314724806887494,0.001,9.23384690284729
4676,9,176,2235,16.752614974975586,20.28502407174862,0.001,10.106398105621338
4677,9,177,1263,17.646812438964844,20.268588676709612,0.001,9.54974365234375
4678,9,178,1502,19.946882247924805,20.2658969910297,0.001,8.4715096950531
4679,9,179,2911,34.08928680419922,20.30350407942282,0.001,8.49467921257019
4680,9,180,424,25.203716278076172,20.32395520432062,0.001,7.090791463851929
4681,9,181,873,23.403118133544922,20.331859784015517,0.001,7.932035684585571
4682,9,182,991,22.249265670776367,20.337317336358666,0.001,9.651636600494385
4683,9,183,682,32.66465377807617,20.436250511932805,0.001,8.70605206489563
4684,9,184,1554,20.048307418823242,20.435119095222866,0.001,9.110176801681519
4685,9,185,2476,14.440292358398438,20.417847179830094,0.001,9.989504098892212
4686,9,186,2325,15.476909637451172,20.38817589783811,0.001,8.731793880462646
4687,9,187,325,26.22596549987793,20.422821159203668,0.001,7.859692096710205
4688,9,188,1265,16.484228134155273,20.411646956876176,0.001,7.125749826431274
4689,9,189,2722,26.27083969116211,20.42690971001206,0.001,8.138976812362671
4690,9,190,2387,42.362632751464844,20.51948012780334,0.001,8.557414770126343
4691,9,191,1395,19.308156967163086,20.51603287082483,0.001,9.738073825836182
4692,9,192,1620,28.14555549621582,20.530293380444125,0.001,7.644091606140137
4693,9,193,2546,14.302545547485352,20.494245530687635,0.001,9.903611898422241
4694,9,194,1324,21.537822723388672,20.502235059634984,0.001,9.124731063842773
4695,9,195,990,22.070615768432617,20.511475428943008,0.001,10.347855806350708
4696,9,196,699,17.63372039794922,20.495259862404925,0.001,8.65906047821045
4697,9,197,2909,23.287599563598633,20.511294102929963,0.001,7.856899738311768
4698,9,198,2191,23.295820236206055,20.522816954417078,0.001,8.531467199325562
4699,9,199,2450,14.78141975402832,20.49106074954549,0.001,8.45374584197998
4700,9,200,2580,23.542997360229492,20.513322943515202,0.001,8.816009044647217
4701,9,201,851,16.109521865844727,20.47995517828599,0.001,8.543590784072876
4702,9,202,74,12.786969184875488,20.459941489731712,0.001,10.19194769859314
4703,9,203,405,16.342485427856445,20.443345899052172,0.001,7.862940311431885
4704,9,204,2596,17.812135696411133,20.433028408727644,0.001,7.883457660675049
4705,9,205,403,12.13634204864502,20.400912906656327,0.001,7.863770484924316
4706,9,206,2775,18.225740432739258,20.389230086979683,0.001,5.8575279712677
4707,9,207,2929,16.58363151550293,20.368607744353874,0.001,8.871034145355225
4708,9,208,2672,16.200185775756836,20.338552691408626,0.001,8.497190237045288
4709,9,209,788,21.077037811279297,20.343822800114083,0.001,7.476607084274292
4710,9,210,2219,15.001884460449219,20.33110599722629,0.001,6.4924070835113525
4711,9,211,2398,27.755489349365234,20.38295849249794,0.001,8.139951944351196
4712,9,212,2462,26.43935775756836,20.42592401357915,0.001,8.134889602661133
4713,9,213,1470,25.38931655883789,20.451174503338795,0.001,8.58226728439331
4714,9,214,904,30.816957473754883,20.485271284656022,0.001,8.224841833114624
4715,9,215,2617,21.261552810668945,20.490588549934262,0.001,9.886582136154175
4716,9,216,488,22.308902740478516,20.502914655041447,0.001,9.600322723388672
4717,9,217,742,17.372068405151367,20.481528557487344,0.001,8.985459566116333
4718,9,218,2188,34.68060302734375,20.55299548284723,0.001,9.761491775512695
4719,9,219,2216,11.792430877685547,20.534054123051433,0.001,8.024148225784302
4720,9,220,2181,13.375839233398438,20.516777983855256,0.001,10.514979839324951
4721,9,221,432,20.750417709350586,20.517930013104916,0.001,10.533814668655396
4722,9,222,814,10.366621971130371,20.493028326897445,0.001,9.086161613464355
4723,9,223,2223,19.023555755615234,20.483203655883077,0.001,8.281569480895996
4724,9,224,2763,17.073156356811523,20.475193077779135,0.001,9.089921474456787
4725,9,225,436,18.88284683227539,20.46965889456424,0.001,9.26185655593872
4726,9,226,1457,20.0020751953125,20.466621786389606,0.001,9.197417974472046
4727,9,227,2720,20.444355010986328,20.466573650122932,0.001,9.52089548110962
4728,9,228,1821,22.029319763183594,20.47020685557844,0.001,8.246830463409424
4729,9,229,2614,16.907224655151367,20.447277404463232,0.001,8.386064052581787
4730,9,230,521,12.161111831665039,20.428214708324013,0.001,8.895740509033203
4731,9,231,601,23.53219985961914,20.448162511560536,0.001,8.820626497268677
4732,9,232,2341,16.250812530517578,20.42114288471998,0.001,8.20227861404419
4733,9,233,471,14.288968086242676,20.38259281674205,0.001,9.263531684875488
4734,9,234,1495,19.296031951904297,20.37741873791774,0.001,7.9301042556762695
4735,9,235,2584,18.35905647277832,20.364784821916615,0.001,7.541009426116943
4736,9,236,98,15.983785629272461,20.337316486602578,0.001,10.395615100860596
4737,9,237,2595,11.558173179626465,20.31794478944372,0.001,8.29385757446289
4738,9,238,717,16.203092575073242,20.292494556974876,0.001,7.6101930141448975
4739,9,239,1514,15.796293258666992,20.282656359992956,0.001,9.529694080352783
4740,9,240,94,19.098339080810547,20.275805159071272,0.001,8.054726362228394
4741,9,241,1311,12.774380683898926,20.230154319760835,0.001,9.505402565002441
4742,9,242,2709,27.344585418701172,20.245431690098368,0.001,7.563147068023682
4743,9,243,1264,17.21592140197754,20.23873254906881,0.001,7.612836122512817
4744,9,244,919,19.854156494140625,20.236373392508515,0.001,7.971033096313477
4745,9,245,1111,24.43047523498535,20.255221557216924,0.001,8.661048650741577
4746,9,246,514,19.53573989868164,20.25288024052033,0.001,8.935020923614502
4747,9,247,1463,15.51482105255127,20.24406744236516,0.001,6.981105089187622
4748,9,248,2274,16.82340431213379,20.22907934161508,0.001,6.8784332275390625
4749,9,249,342,18.77539825439453,20.22034061315307,0.001,8.809331178665161
4750,9,250,961,16.892580032348633,20.20085469414123,0.001,8.69229507446289
4751,9,251,870,17.606731414794922,20.192689663318898,0.001,7.882266998291016
4752,9,252,1903,13.636411666870117,20.172486381105468,0.001,7.8996076583862305
4753,9,253,336,14.481158256530762,20.13918067961971,0.001,9.353913068771362
4754,9,254,827,27.676925659179688,20.158654606028158,0.001,9.423759937286377
4755,9,255,2673,23.448368072509766,20.1731138018439,0.001,9.147144317626953
4756,9,256,2401,13.56243896484375,20.144224801335298,0.001,8.604361772537231
4757,9,257,915,13.55627155303955,20.131214743418955,0.001,9.212595701217651
4758,9,258,28,10.862990379333496,20.11236034603669,0.001,10.29468297958374
4759,9,259,363,17.430219650268555,20.10691513039763,0.001,10.451890230178833
4760,9,260,1945,21.23392677307129,20.113322175970566,0.001,9.710434198379517
4761,9,261,2511,23.399126052856445,20.12341222335998,0.001,9.104715347290039
4762,9,262,2668,24.755064010620117,20.143220509717466,0.001,9.803840637207031
4763,9,263,459,21.01778793334961,20.144964348157608,0.001,9.2918860912323
4764,9,264,2099,17.889270782470703,20.13815469321177,0.001,9.104942560195923
4765,9,265,1098,13.744467735290527,20.118806579904387,0.001,8.682234525680542
4766,9,266,522,24.66176986694336,20.144159820393345,0.001,9.466391801834106
4767,9,267,2147,28.880823135375977,20.192787358040768,0.001,7.802542209625244
4768,9,268,2669,28.24329376220703,20.2088686900518,0.001,9.205510139465332
4769,9,269,819,25.706254959106445,20.231638532322822,0.001,8.65306806564331
4770,9,270,2750,30.742443084716797,20.25206028268471,0.001,8.765302181243896
4771,9,271,250,29.658090591430664,20.270504515074496,0.001,10.387835502624512
4772,9,272,858,22.083133697509766,20.273710443772064,0.001,8.692264318466187
4773,9,273,1570,24.768030166625977,20.28256225727274,0.001,9.530277490615845
4774,9,274,2013,23.291107177734375,20.288315283878173,0.001,7.486931324005127
4775,9,275,972,19.280567169189453,20.284293561055865,0.001,7.7084431648254395
4776,9,276,787,20.778982162475586,20.285263037650143,0.001,8.142688751220703
4777,9,277,68,19.29832649230957,20.282353614447377,0.001,9.53365159034729
4778,9,278,2392,21.99644660949707,20.287353300081776,0.001,8.20967960357666
4779,9,279,2601,30.46190071105957,20.340867495545112,0.001,7.287811040878296
4780,9,280,2163,21.959300994873047,20.34750678381573,0.001,6.908777236938477
4781,9,281,2535,15.750448226928711,20.338778836357797,0.001,8.404817342758179
4782,9,282,693,15.56280517578125,20.31339216685881,0.001,8.716586112976074
4783,9,283,834,17.314083099365234,20.297628975226417,0.001,10.947928428649902
4784,9,284,382,14.370929718017578,20.28682187124246,0.001,8.803093194961548
4785,9,285,1516,20.56626319885254,20.287911388096255,0.001,9.189390897750854
4786,9,286,377,11.186470031738281,20.262457789234716,0.001,7.637114763259888
4787,9,287,977,21.57037925720215,20.26599597798745,0.001,8.38819670677185
4788,9,288,1549,21.786550521850586,20.270345398803418,0.001,8.223866939544678
4789,9,289,710,20.12992286682129,20.269803803619578,0.001,8.679829597473145
4790,9,290,989,21.16427993774414,20.27325101683028,0.001,8.72000765800476
4791,9,291,266,19.70714569091797,20.27034587012639,0.001,8.266307592391968
4792,9,292,2537,21.62725830078125,20.275655629563587,0.001,10.280352115631104
4793,9,293,77,27.028348922729492,20.301726195235556,0.001,9.815772533416748
4794,9,294,453,26.34355354309082,20.31799381506508,0.001,7.4989118576049805
4795,9,295,69,30.484628677368164,20.36972517634448,0.001,10.662111759185791
4796,9,296,864,18.663938522338867,20.36682130723967,0.001,7.055890321731567
4797,9,297,2458,20.941497802734375,20.36897637728984,0.001,9.82538652420044
4798,9,298,2682,27.75803565979004,20.40637346511011,0.001,9.197051763534546
4799,9,299,441,23.78993034362793,20.418971906988315,0.001,8.171045303344727
4800,9,300,408,17.345294952392578,20.410885693533736,0.001,9.44813871383667
4801,9,301,981,20.030189514160156,20.40947166497748,0.001,7.877879619598389
4802,9,302,801,13.87656021118164,20.39272963113054,0.001,7.724211931228638
4803,9,303,2479,22.028352737426758,20.39855417159661,0.001,9.847013473510742
4804,9,304,400,27.283977508544922,20.41474662719236,0.001,8.098423480987549
4805,9,305,951,20.329166412353516,20.41443416616836,0.001,7.765801668167114
4806,9,306,1473,16.06224250793457,20.404539211223668,0.001,9.596336126327515
4807,9,307,986,27.255470275878906,20.42989047799618,0.001,8.326542615890503
4808,9,308,2906,15.941330909729004,20.413668071352955,0.001,9.74445366859436
4809,9,309,832,13.743093490600586,20.38174656008928,0.001,8.15853238105774
4810,9,310,177,16.914077758789062,20.369450281835878,0.001,10.276427745819092
4811,9,311,2784,23.726844787597656,20.385540749722068,0.001,8.11674451828003
4812,9,312,1585,22.186920166015625,20.393991960446346,0.001,9.759548425674438
4813,9,313,721,17.588979721069336,20.386990375908752,0.001,8.702291250228882
4814,9,314,2927,42.81326675415039,20.419835218438724,0.001,8.358367204666138
4815,9,315,789,16.68259620666504,20.40666631725714,0.001,8.32761526107788
4816,9,316,962,19.179227828979492,20.403548203922814,0.001,7.4774627685546875
4817,9,317,1878,16.742820739746094,20.39446227442476,0.001,7.7403459548950195
4818,9,318,378,19.774534225463867,20.39156652691248,0.001,7.735880136489868
4819,9,319,2694,14.106877326965332,20.381179999303686,0.001,8.032368421554565
4820,9,320,2563,19.507640838623047,20.378997796342667,0.001,10.002610921859741
4821,9,321,686,14.09862232208252,20.35670175847422,0.001,9.716144323348999
4822,9,322,67,22.5928955078125,20.36445091585035,0.001,9.451589822769165
4823,9,323,689,26.916303634643555,20.380562567490884,0.001,9.047592163085938
4824,9,324,774,15.46132755279541,20.363611567501728,0.001,8.527289152145386
4825,9,325,2564,18.277854919433594,20.356580366178726,0.001,8.757092475891113
4826,9,326,368,19.13030242919922,20.352248195936856,0.001,8.052196264266968
4827,9,327,966,18.935932159423828,20.348867448771824,0.001,9.522448062896729
4828,9,328,719,19.724950790405273,20.346040099754255,0.001,9.541541337966919
4829,9,329,1772,19.661319732666016,20.34290685278954,0.001,8.602527856826782
4830,9,330,2152,23.421302795410156,20.353173245994387,0.001,8.164769172668457
4831,9,331,383,18.17466163635254,20.343737464190124,0.001,9.113688945770264
4832,9,332,680,15.468607902526855,20.336043422818395,0.001,9.714061260223389
4833,9,333,916,14.395917892456055,20.32642331070189,0.001,8.029460668563843
4834,9,334,863,31.1545467376709,20.362747437136182,0.001,9.344019889831543
4835,9,335,759,17.8466796875,20.354479312463233,0.001,7.38413405418396
4836,9,336,1921,15.46577262878418,20.338327486302507,0.001,9.753251552581787
4837,9,337,914,22.686792373657227,20.34604595760674,0.001,8.15372920036316
4838,9,338,803,18.122058868408203,20.34265035147858,0.001,9.62289834022522
4839,9,339,388,14.401759147644043,20.333735121416396,0.001,7.71807074546814
4840,9,340,811,16.371206283569336,20.327993457605274,0.001,7.64309024810791
4841,9,341,2498,17.335834503173828,20.321005928613495,0.001,8.971184968948364
4842,9,342,507,48.31645584106445,20.35140886120862,0.001,9.628666877746582
4843,9,343,2505,13.415382385253906,20.34037793067651,0.001,7.734846591949463
4844,9,344,2706,13.233707427978516,20.32988824162268,0.001,8.39947247505188
4845,9,345,727,13.402949333190918,20.31929531116661,0.001,10.026144027709961
4846,9,346,1460,16.266050338745117,20.309846630637864,0.001,9.154730319976807
4847,9,347,344,13.463335037231445,20.299237469293733,0.001,8.871334075927734
4848,9,348,773,16.3035831451416,20.2863136930541,0.001,8.909109354019165
4849,9,349,694,20.33300018310547,20.28651390450371,0.001,10.174754858016968
4850,9,350,2654,21.91965675354004,20.293525447451145,0.001,8.649214029312134
4851,9,351,1399,31.31341552734375,20.34114315358405,0.001,9.233801364898682
4852,9,352,496,24.930654525756836,20.35512853035581,0.001,8.311197519302368
4853,9,353,2901,30.728302001953125,20.379199076762056,0.001,8.561042308807373
4854,9,354,825,21.050195693969727,20.380186668772954,0.001,7.903931617736816
4855,9,355,401,33.97359085083008,20.423204453742912,0.001,8.433005809783936
4856,9,356,2051,24.139606475830078,20.43498695020061,0.001,9.021579504013062
4857,9,357,60,10.792519569396973,20.413394367377037,0.001,9.500359773635864
4858,9,358,1519,25.527090072631836,20.429720178200608,0.001,8.51798939704895
4859,9,359,340,17.38722801208496,20.42019110927956,0.001,8.513544082641602
4860,9,360,1812,18.961854934692383,20.41407137148903,0.001,7.917565584182739
4861,9,361,2101,21.042844772338867,20.416691339945135,0.001,6.912997722625732
4862,9,362,954,15.688614845275879,20.409735338716608,0.001,7.0960471630096436
4863,9,363,1686,15.3672513961792,20.38906240195235,0.001,9.238093852996826
4864,9,364,350,15.452997207641602,20.37379646084883,0.001,8.753826379776001
4865,9,365,920,17.01666259765625,20.359920252906363,0.001,8.209845066070557
4866,9,366,913,15.382488250732422,20.34911316823696,0.001,6.973372936248779
4867,9,367,616,16.030393600463867,20.3317756815609,0.001,9.070277214050293
4868,9,368,1915,12.876274108886719,20.315795008396638,0.001,8.96792721748352
4869,9,369,1802,18.7337646484375,20.311030870205837,0.001,7.614718675613403
4870,9,370,1393,24.83290672302246,20.32474376297004,0.001,8.286665439605713
4871,9,371,1181,20.417776107788086,20.3250168661736,0.001,8.88712191581726
4872,9,372,1596,25.707998275756836,20.336283698266836,0.001,8.498307228088379
4873,9,373,1443,20.610843658447266,20.337371240356692,0.001,9.012646675109863
4874,9,374,1642,13.623878479003906,20.31765576672907,0.001,8.04851770401001
4875,9,375,1117,20.669456481933594,20.318719892430792,0.001,8.780863285064697
4876,9,376,1706,25.850910186767578,20.33503849833517,0.001,9.519417524337769
4877,9,377,1355,16.282358169555664,20.323012691134423,0.001,8.034420728683472
4878,9,378,1473,14.416046142578125,20.312177893367032,0.001,8.398211002349854
4879,9,379,1530,17.352989196777344,20.30060574865277,0.001,9.35474181175232
4880,9,380,1844,20.844701766967773,20.301281164805097,0.001,7.5015480518341064
4881,9,381,1174,18.83405113220215,20.296978760410045,0.001,10.45853877067566
4882,9,382,1519,23.961563110351562,20.30785956769917,0.001,8.6985023021698
4883,9,383,1368,15.375286102294922,20.297401090368364,0.001,8.979636907577515
4884,9,384,1482,11.73623275756836,20.285707145411827,0.001,8.948099136352539
4885,9,385,1626,10.07781982421875,20.272071760244724,0.001,8.274995565414429
4886,9,386,1576,12.499349594116211,20.261521054123456,0.001,8.42000126838684
4887,9,387,1523,22.43695640563965,20.264524362976363,0.001,7.122148036956787
4888,9,388,1575,21.862991333007812,20.269242694375734,0.001,7.183907985687256
4889,9,389,1649,17.32150650024414,20.260744143210886,0.001,8.404248714447021
4890,9,390,1692,13.774005889892578,20.236045167905743,0.001,9.29160475730896
4891,9,391,1516,17.536636352539062,20.228385222080085,0.001,7.998184442520142
4892,9,392,1339,13.837471961975098,20.219566800350027,0.001,8.11940050125122
4893,9,393,1173,15.082637786865234,20.21255778107763,0.001,7.845592975616455
4894,9,394,1532,18.425474166870117,20.20583644670798,0.001,9.091047048568726
4895,9,395,1097,13.78170394897461,20.19740522638301,0.001,10.299631595611572
4896,9,396,1700,22.66973304748535,20.20267476675424,0.001,9.46948790550232
4897,9,397,1556,15.120075225830078,20.188275561054006,0.001,7.859875202178955
4898,9,398,1395,15.987682342529297,20.18254973532089,0.001,9.190886974334717
4899,9,399,2034,18.16259765625,20.175104683340358,0.001,9.904709577560425
4900,9,400,1577,20.202842712402344,20.17518193724343,0.001,8.6359384059906
4901,9,401,1832,17.458972930908203,20.165072948391256,0.001,8.851670742034912
4902,9,402,1909,19.34950828552246,20.16209676962799,0.001,8.31416368484497
4903,9,403,1636,11.625332832336426,20.130512167993707,0.001,9.835830926895142
4904,9,404,1717,14.9387788772583,20.123759873780404,0.001,10.172242403030396
4905,9,405,1306,18.391706466674805,20.11741927144635,0.001,8.468895435333252
4906,9,406,1495,16.59480857849121,20.107699505174327,0.001,9.929773569107056
4907,9,407,1627,23.784591674804688,20.11785349057454,0.001,10.714728593826294
4908,9,408,1570,18.060762405395508,20.115144808303818,0.001,8.365775346755981
4909,9,409,1113,21.02069664001465,20.118432805271137,0.001,7.489675521850586
4910,9,410,1846,15.297601699829102,20.105444308839544,0.001,7.956024885177612
4911,9,411,2073,12.466773986816406,20.095965442118327,0.001,8.913192987442017
4912,9,412,1081,26.286645889282227,20.112751835008645,0.001,9.227667808532715
4913,9,413,1324,23.758848190307617,20.125754295568182,0.001,9.680548906326294
4914,9,414,1616,14.144824028015137,20.109297695182608,0.001,8.634356260299683
4915,9,415,1441,23.302343368530273,20.113475319532174,0.001,7.3632683753967285
4916,9,416,1109,27.392271041870117,20.138552841853077,0.001,9.151212453842163
4917,9,417,2113,15.340632438659668,20.125571111111537,0.001,9.898908615112305
4918,9,418,1923,13.201045989990234,20.106721759671395,0.001,7.795076131820679
4919,9,419,1585,19.835704803466797,20.10577466021056,0.001,8.677474021911621
4920,9,420,1900,32.828556060791016,20.122231971596232,0.001,9.37782335281372
4921,9,421,1766,32.03687286376953,20.132946370867494,0.001,7.671934366226196
4922,9,422,1457,17.454456329345703,20.123615467184642,0.001,8.76984453201294
4923,9,423,1735,12.088401794433594,20.113439845085765,0.001,8.055199384689331
4924,9,424,1921,16.54277801513672,20.1040716243915,0.001,8.280288934707642
4925,9,425,1682,24.653514862060547,20.115966646485788,0.001,8.992059469223022
4926,9,426,1111,20.735336303710938,20.117580932315697,0.001,7.721081972122192
4927,9,427,1768,26.547426223754883,20.12552802582983,0.001,8.743152618408203
4928,9,428,2099,14.879796981811523,20.115717842974792,0.001,7.939474582672119
4929,9,429,1310,17.975160598754883,20.10826548337736,0.001,8.977047681808472
4930,9,430,1346,25.77113151550293,20.127113297438076,0.001,7.885221242904663
4931,9,431,178,11.23095417022705,20.104694678975708,0.001,6.784412384033203
4932,9,432,1399,24.309194564819336,20.11933539378054,0.001,7.45236349105835
4933,9,433,1470,15.602299690246582,20.10804295821531,0.001,7.673595190048218
4934,9,434,2174,19.4205379486084,20.105762996161868,0.001,8.490200519561768
4935,9,435,1548,20.79633140563965,20.10745633365953,0.001,9.422179698944092
4936,9,436,2197,21.750438690185547,20.1116114478941,0.001,6.963163375854492
4937,9,437,1372,11.351595878601074,20.08947604182005,0.001,8.061167478561401
4938,9,438,1149,18.004505157470703,20.08414590810362,0.001,8.799883842468262
4939,9,439,1440,18.29583740234375,20.079725431424144,0.001,9.482116460800171
4940,9,440,2144,12.037459373474121,20.07015996880016,0.001,9.338841676712036
4941,9,441,1128,16.429201126098633,20.060986165901117,0.001,9.791900396347046
4942,9,442,1326,10.513543128967285,20.049726006381707,0.001,7.838751792907715
4943,9,443,1814,11.997021675109863,20.02982031213352,0.001,10.684868097305298
4944,9,444,1848,10.311461448669434,19.997315966028285,0.001,7.5552637577056885
4945,9,445,2243,14.260700225830078,19.97822484805822,0.001,6.089619874954224
4946,9,446,1514,17.617294311523438,19.975449346434495,0.001,9.14504623413086
4947,9,447,1602,28.143081665039062,19.981841784970673,0.001,9.803295373916626
4948,9,448,2157,13.615899085998535,19.9608116449157,0.001,7.858914136886597
4949,9,449,2216,10.830936431884766,19.951161780782083,0.001,9.299258708953857
4950,9,450,1794,14.875459671020508,19.938842225837323,0.001,8.741104125976562
4951,9,451,2293,18.627756118774414,19.93553644795824,0.001,7.840944528579712
4952,9,452,2140,12.55227279663086,19.92725778023419,0.001,8.809662580490112
4953,9,453,2278,22.46013641357422,19.93356908947196,0.001,9.623409748077393
4954,9,454,1769,14.324262619018555,19.91509274717956,0.001,8.8880136013031
4955,9,455,1093,15.167713165283203,19.899944731923313,0.001,7.177239894866943
4956,9,456,1262,16.016597747802734,19.895507634674647,0.001,9.318625450134277
4957,9,457,2325,16.685625076293945,19.887689710416492,0.001,9.016926527023315
4958,9,458,190,14.9981689453125,19.871521237227636,0.001,7.157498836517334
4959,9,459,2095,16.503662109375,19.860889346061402,0.001,8.789422512054443
4960,9,460,2341,12.251477241516113,19.836296125926243,0.001,9.248605251312256
4961,9,461,1480,11.896268844604492,19.827348866207878,0.001,8.556538105010986
4962,9,462,1693,20.495981216430664,19.829477297603894,0.001,8.584070205688477
4963,9,463,2101,21.613611221313477,19.83520738706233,0.001,9.342170715332031
4964,9,464,1896,11.3284912109375,19.815083294946998,0.001,7.667915344238281
4965,9,465,1089,18.13404655456543,19.809767606095342,0.001,7.6346375942230225
4966,9,466,1263,17.070053100585938,19.803285891730187,0.001,9.31033444404602
4967,9,467,2205,16.788820266723633,19.796040067678355,0.001,8.191845893859863
4968,9,468,1344,15.794071197509766,19.786688005558954,0.001,7.413963794708252
4969,9,469,2443,13.634787559509277,19.772329241340888,0.001,9.623567342758179
4970,9,470,2067,26.512712478637695,19.783903884909822,0.001,10.005556344985962
4971,9,471,1817,17.971923828125,19.781946439363328,0.001,7.600197076797485
4972,9,472,2398,18.54800033569336,19.778134540838302,0.001,8.233454704284668
4973,9,473,1617,24.03435516357422,19.790911002081074,0.001,9.799106121063232
4974,9,474,1648,21.989883422851562,19.794558144214463,0.001,8.702723979949951
4975,9,475,1394,24.714847564697266,19.805984554444784,0.001,8.726349592208862
4976,9,476,2449,18.48370933532715,19.802918384225404,0.001,9.704136371612549
4977,9,477,1809,13.240135192871094,19.783083703106723,0.001,8.167996168136597
4978,9,478,2462,16.131366729736328,19.771720052169655,0.001,7.77930212020874
4979,9,479,1878,15.937291145324707,19.765500362391673,0.001,8.657837390899658
4980,9,480,1463,14.41777515411377,19.76040629173531,0.001,8.788010597229004
4981,9,481,1442,21.49285316467285,19.763208105757595,0.001,8.646238327026367
4982,9,482,2221,26.60835075378418,19.779169599762785,0.001,8.276888132095337
4983,9,483,2425,29.580554962158203,19.801634904914874,0.001,7.828586101531982
4984,9,484,2499,17.796140670776367,19.798363280586127,0.001,8.570716619491577
4985,9,485,2422,12.31164264678955,19.79023941693141,0.001,8.445507287979126
4986,9,486,1686,19.700960159301758,19.78996979426552,0.001,9.811228513717651
4987,9,487,1360,13.13607406616211,19.78299369715671,0.001,8.276630163192749
4988,9,488,2117,15.97891616821289,19.774595247241297,0.001,8.309944152832031
4989,9,489,1838,19.134883880615234,19.773176386033683,0.001,8.904664754867554
4990,9,490,2377,22.812158584594727,19.779993322374494,0.001,8.159390926361084
4991,9,491,1615,25.34738540649414,19.792241442507077,0.001,7.954140663146973
4992,9,492,1676,16.1263370513916,19.781209648355706,0.001,8.99947738647461
4993,9,493,1864,21.450117111206055,19.78300249465802,0.001,8.562972784042358
4994,9,494,1503,25.54696273803711,19.79148241690979,0.001,10.493934154510498
4995,9,495,1823,25.53759002685547,19.808938580948407,0.001,8.548522233963013
4996,9,496,1807,36.37281036376953,19.85735513129722,0.001,8.315173864364624
4997,9,497,2172,12.889078140258789,19.84165312531073,0.001,8.219857692718506
4998,9,498,1383,19.312358856201172,19.840803599802832,0.001,7.684061288833618
4999,9,499,1551,27.15706443786621,19.85722183187179,0.001,6.894915819168091
5000,10,0,2349,21.75621223449707,21.75621223449707,0.001,9.833863496780396
5001,10,1,1343,25.74020004272461,22.758173240159085,0.001,10.475507020950317
5002,10,2,1264,19.56255340576172,22.070828417398786,0.001,9.483800411224365
5003,10,3,1888,23.605854034423828,22.635283758859,0.001,8.201139450073242
5004,10,4,2241,21.567155838012695,22.342086432274353,0.001,6.631927728652954
5005,10,5,2432,11.012739181518555,21.332105863408525,0.001,6.586848735809326
5006,10,6,1259,12.524120330810547,20.32218585312803,0.001,9.561344385147095
5007,10,7,1493,19.063274383544922,20.09591724634126,0.001,8.175218343734741
5008,10,8,1819,22.359952926635742,20.233204091753088,0.001,7.333224773406982
5009,10,9,2535,17.356412887573242,20.070087064711963,0.001,9.400321960449219
5010,10,10,1439,19.611968994140625,20.007990566142354,0.001,8.764136552810669
5011,10,11,1363,29.45939064025879,20.88882360224679,0.001,7.552478313446045
5012,10,12,2450,24.755516052246094,21.21347950668364,0.001,7.123859643936157
5013,10,13,1902,23.08460235595703,21.3611856522031,0.001,8.536685228347778
5014,10,14,2007,25.337961196899414,21.650188900668322,0.001,8.203889846801758
5015,10,15,2070,16.92000961303711,21.231027925407833,0.001,7.713144779205322
5016,10,16,1123,24.962446212768555,21.400026797918255,0.001,9.325778007507324
5017,10,17,1925,16.803855895996094,21.266266155328367,0.001,9.86144733428955
5018,10,18,2522,27.69475555419922,21.63672501506033,0.001,8.553803443908691
5019,10,19,1120,23.285903930664062,21.699501076684868,0.001,8.552078008651733
5020,10,20,2464,24.184776306152344,21.765369467545685,0.001,9.98514175415039
5021,10,21,1333,28.97726058959961,22.13877481126931,0.001,8.358418226242065
5022,10,22,1839,17.844945907592773,22.037698025678456,0.001,9.069544553756714
5023,10,23,1302,30.66061782836914,22.54823408647513,0.001,7.367727994918823
5024,10,24,1502,26.22835350036621,22.770202854270064,0.001,8.26781702041626
5025,10,25,1580,27.161697387695312,22.905500171917875,0.001,9.988036632537842
5026,10,26,1806,16.189210891723633,22.53883681120293,0.001,8.889671325683594
5027,10,27,1779,18.209569931030273,22.31570044901772,0.001,8.760786533355713
5028,10,28,2590,23.036046981811523,22.334526541104196,0.001,8.269520044326782
5029,10,29,2335,22.508312225341797,22.337672194825362,0.001,6.797887802124023
5030,10,30,2548,23.718753814697266,22.386255240851032,0.001,8.196617364883423
5031,10,31,2343,24.924400329589844,22.448687883129978,0.001,8.24429726600647
5032,10,32,2166,20.008625030517578,22.389678963756207,0.001,8.374130249023438
5033,10,33,2455,16.1136417388916,22.28740740605213,0.001,9.56769609451294
5034,10,34,2511,23.125244140625,22.307211764795337,0.001,8.475929021835327
5035,10,35,2060,30.25263023376465,22.560065512410066,0.001,10.240334510803223
5036,10,36,2427,19.1041316986084,22.456202451207954,0.001,9.310717821121216
5037,10,37,1265,12.554070472717285,22.31306770491097,0.001,7.470458269119263
5038,10,38,2673,21.23355484008789,22.280896762439323,0.001,9.151481866836548
5039,10,39,274,15.229166984558105,22.08298794502665,0.001,8.305681228637695
5040,10,40,2184,26.707653045654297,22.17617900745241,0.001,7.752542972564697
5041,10,41,1311,11.983545303344727,21.81086400008056,0.001,9.09611177444458
5042,10,42,1903,12.03029727935791,21.62906585882903,0.001,9.673131465911865
5043,10,43,2327,16.322784423828125,21.532460755372522,0.001,8.970080137252808
5044,10,44,2000,13.972565650939941,21.44119899037887,0.001,8.87972116470337
5045,10,45,1122,11.278908729553223,21.255474178211724,0.001,7.343965768814087
5046,10,46,2476,10.627875328063965,21.12902983758577,0.001,8.742323398590088
5047,10,47,1772,13.929006576538086,20.894300632507438,0.001,9.09061861038208
5048,10,48,2564,17.624744415283203,20.81873707857999,0.001,8.4353768825531
5049,10,49,2075,14.501058578491211,20.716098157795418,0.001,8.055763721466064
5050,10,50,2080,16.480030059814453,20.58854442071178,0.001,8.67557168006897
5051,10,51,2298,9.564665794372559,20.474846878692986,0.001,8.486135244369507
5052,10,52,2378,27.68401527404785,20.63318016411421,0.001,7.820753812789917
5053,10,53,254,13.229276657104492,20.42578448740724,0.001,10.46431589126587
5054,10,54,2534,12.726529121398926,20.34818252481639,0.001,7.925365686416626
5055,10,55,2458,16.76715087890625,20.275114861614902,0.001,8.320529460906982
5056,10,56,256,15.68429946899414,20.209721283000494,0.001,8.552392482757568
5057,10,57,2543,17.651105880737305,20.158788806748564,0.001,8.424800634384155
5058,10,58,2436,17.698055267333984,20.135644032687388,0.001,9.079185962677002
5059,10,59,28,9.293673515319824,20.035898867308475,0.001,9.270527362823486
5060,10,60,2706,13.23254680633545,19.976667156935964,0.001,8.581060647964478
5061,10,61,1127,14.978982925415039,19.907525466190556,0.001,8.317423105239868
5062,10,62,1453,25.215574264526367,19.951826815220993,0.001,6.89140510559082
5063,10,63,2098,23.8626651763916,19.999550401927884,0.001,9.330538988113403
5064,10,64,2328,15.744865417480469,19.943113725936737,0.001,7.766470670700073
5065,10,65,2784,17.035350799560547,19.873401806080878,0.001,8.832605838775635
5066,10,66,2147,16.011770248413086,19.782805018129075,0.001,9.153674364089966
5067,10,67,37,18.920711517333984,19.763268233753195,0.001,8.497680902481079
5068,10,68,2203,15.067909240722656,19.65840638380627,0.001,8.87199330329895
5069,10,69,2617,14.594927787780762,19.54876508553857,0.001,7.356369733810425
5070,10,70,2874,14.882847785949707,19.475216631126404,0.001,9.23604154586792
5071,10,71,2834,12.688525199890137,19.332165605327145,0.001,9.209426641464233
5072,10,72,1540,15.96965217590332,19.306952584842442,0.001,8.842688083648682
5073,10,73,2040,14.345198631286621,19.204407140432775,0.001,8.331901788711548
5074,10,74,1571,15.665117263793945,19.133844499843985,0.001,10.291138887405396
5075,10,75,1155,16.1380672454834,19.112228094631902,0.001,8.540125370025635
5076,10,76,2927,41.95212936401367,19.2517765437347,0.001,8.33163595199585
5077,10,77,2923,15.433030128479004,19.213019117430612,0.001,8.85490608215332
5078,10,78,2448,14.83018970489502,19.129528783012375,0.001,9.484133958816528
5079,10,79,2692,18.827470779418945,19.123855483843453,0.001,8.597143173217773
5080,10,80,2537,19.824270248413086,19.13381000782018,0.001,8.677401781082153
5081,10,81,1099,20.30645751953125,19.155206076679015,0.001,9.183032512664795
5082,10,82,342,15.979046821594238,19.097557509805547,0.001,9.345304489135742
5083,10,83,1118,15.613171577453613,19.051659901453466,0.001,10.527029037475586
5084,10,84,2793,21.362062454223633,19.092355234375965,0.001,9.542844295501709
5085,10,85,2608,22.71779441833496,19.155260558082045,0.001,9.920647144317627
5086,10,86,1370,25.79435920715332,19.23952149590382,0.001,8.592292547225952
5087,10,87,2782,14.303445816040039,19.15710815938817,0.001,8.066557884216309
5088,10,88,1092,21.853378295898438,19.2010161839321,0.001,6.926929235458374
5089,10,89,2233,19.867839813232422,19.206747695917397,0.001,9.06516170501709
5090,10,90,2066,14.520515441894531,19.13282759977052,0.001,9.685227632522583
5091,10,91,1506,12.46454906463623,19.09717542186408,0.001,8.459413528442383
5092,10,92,2013,15.822355270385742,19.079128424697725,0.001,9.427183389663696
5093,10,93,1793,14.26115608215332,19.005660446731266,0.001,8.964038133621216
5094,10,94,2772,13.333734512329102,18.94090361514918,0.001,10.249346256256104
5095,10,95,2552,15.839544296264648,18.90611780035932,0.001,9.194828987121582
5096,10,96,2901,16.49862289428711,18.88635620764809,0.001,8.983354330062866
5097,10,97,2055,10.70600414276123,18.765592396359104,0.001,9.880631923675537
5098,10,98,1334,9.300339698791504,18.716811580272328,0.001,7.845736742019653
5099,10,99,2413,10.983577728271484,18.631448482720828,0.001,9.240820169448853
5100,10,100,2682,13.707679748535156,18.5600123591764,0.001,8.761767864227295
5101,10,101,2601,19.34549903869629,18.570904818521132,0.001,8.447092056274414
5102,10,102,2864,13.538339614868164,18.53275742080089,0.001,7.5157246589660645
5103,10,103,2794,8.503283500671387,18.482241934585293,0.001,6.605952501296997
5104,10,104,1951,12.083185195922852,18.41595601643012,0.001,8.356626272201538
5105,10,105,2720,14.380804061889648,18.397661318012464,0.001,8.181932210922241
5106,10,106,1965,14.676698684692383,18.346866324417984,0.001,7.503046035766602
5107,10,107,388,13.051403999328613,18.32244310282397,0.001,7.156147480010986
5108,10,108,408,11.473759651184082,18.27383578068711,0.001,7.651240825653076
5109,10,109,2008,17.00698471069336,18.268444203406723,0.001,6.698050022125244
5110,10,110,1862,12.501232147216797,18.241102492489986,0.001,8.254720211029053
5111,10,111,2529,15.884115219116211,18.217360089033917,0.001,8.541717767715454
5112,10,112,2435,11.820934295654297,18.18661056471916,0.001,8.010602235794067
5113,10,113,1090,15.494935035705566,18.168160111359384,0.001,8.35244345664978
5114,10,114,1088,17.966930389404297,18.166261094705668,0.001,8.280279636383057
5115,10,115,2282,15.49355411529541,18.15407950339769,0.001,7.414156913757324
5116,10,116,2401,10.5899019241333,18.081198306070288,0.001,7.515061140060425
5117,10,117,1586,10.519853591918945,17.985878336305507,0.001,9.222211360931396
5118,10,118,1549,17.77613067626953,17.984442044761835,0.001,8.619765043258667
5119,10,119,407,15.749910354614258,17.96381201972699,0.001,10.386315822601318
5120,10,120,2669,18.35706329345703,17.96555623873135,0.001,8.722438335418701
5121,10,121,2071,24.723962783813477,18.00930777462825,0.001,8.588706493377686
5122,10,122,2668,14.486207008361816,17.977064761837457,0.001,9.04313588142395
5123,10,123,1087,21.66376495361328,18.020236794352037,0.001,9.428582668304443
5124,10,124,378,17.702606201171875,18.016492185231932,0.001,8.902626276016235
5125,10,125,2613,17.004056930541992,18.007734120489925,0.001,7.945490121841431
5126,10,126,382,10.271997451782227,17.976501224030837,0.001,9.026624917984009
5127,10,127,2593,10.935198783874512,17.91431575073051,0.001,7.822774887084961
5128,10,128,2619,13.494966506958008,17.889464110573066,0.001,9.004591464996338
5129,10,129,2235,11.708746910095215,17.81966552069313,0.001,8.874271631240845
5130,10,130,1797,13.053448677062988,17.80004446046318,0.001,8.12772250175476
5131,10,131,2775,18.027738571166992,17.801930838586262,0.001,8.259092807769775
5132,10,132,1460,13.023405075073242,17.77332157796979,0.001,8.99382209777832
5133,10,133,74,9.18582820892334,17.739784076861508,0.001,9.860347747802734
5134,10,134,1484,13.562718391418457,17.705007316752035,0.001,9.146960258483887
5135,10,135,2050,10.72962474822998,17.664917535383413,0.001,10.638579368591309
5136,10,136,2251,11.15071964263916,17.626116091915947,0.001,8.351410627365112
5137,10,137,361,18.614110946655273,17.636228694826766,0.001,6.940030097961426
5138,10,138,2347,12.294713973999023,17.59356251461793,0.001,8.210296392440796
5139,10,139,2513,12.26623821258545,17.573450817424412,0.001,8.956595420837402
5140,10,140,2758,17.235998153686523,17.570794126218548,0.001,8.428757190704346
5141,10,141,325,20.19590950012207,17.59132246624235,0.001,8.268036842346191
5142,10,142,2225,17.422508239746094,17.589578051227075,0.001,8.57126235961914
5143,10,143,1675,17.094898223876953,17.58687940990145,0.001,8.265072107315063
5144,10,144,492,16.183120727539062,17.57254641850803,0.001,8.647790670394897
5145,10,145,2392,11.205892562866211,17.537560796059633,0.001,9.395884037017822
5146,10,146,2583,12.657487869262695,17.500467243947902,0.001,7.455080032348633
5147,10,147,694,14.397783279418945,17.46960902175234,0.001,8.166338682174683
5148,10,148,1151,18.03351402282715,17.47249186403196,0.001,9.73107624053955
5149,10,149,1317,15.279131889343262,17.464772324818536,0.001,8.67315673828125
5150,10,150,1132,13.545507431030273,17.43552533923333,0.001,7.562724828720093
5151,10,151,523,22.979156494140625,17.489809312710292,0.001,10.194776773452759
5152,10,152,2152,25.11210823059082,17.544346312562357,0.001,9.849987983703613
5153,10,153,2871,15.784485816955566,17.527645261663537,0.001,8.446203708648682
5154,10,154,607,16.733028411865234,17.525050713213453,0.001,9.028612852096558
5155,10,155,1342,17.600534439086914,17.525575587694753,0.001,9.39791464805603
5156,10,156,521,11.30866813659668,17.504774487270776,0.001,7.272563934326172
5157,10,157,2202,14.320914268493652,17.474881011886687,0.001,9.676316022872925
5158,10,158,518,14.933158874511719,17.466405505977367,0.001,8.995134592056274
5159,10,159,1845,17.171770095825195,17.46548609351175,0.001,8.096900463104248
5160,10,160,522,14.191574096679688,17.43532721240184,0.001,8.730978965759277
5161,10,161,1541,11.569411277770996,17.41787448072771,0.001,8.60145092010498
5162,10,162,2584,21.267717361450195,17.45267969743836,0.001,8.308343887329102
5163,10,163,1756,20.40422821044922,17.47229530988042,0.001,8.678393125534058
5164,10,164,1361,25.904348373413086,17.499321171785795,0.001,7.424500465393066
5165,10,165,2911,34.31591033935547,17.549121113092355,0.001,6.402253866195679
5166,10,166,1153,15.084542274475098,17.527073557693445,0.001,7.775832176208496
5167,10,167,1764,16.479228973388672,17.517681566027058,0.001,7.1192896366119385
5168,10,168,376,23.748804092407227,17.537485557937764,0.001,8.856849908828735
5169,10,169,1679,19.871671676635742,17.54862005473458,0.001,8.946550130844116
5170,10,170,2789,18.052902221679688,17.551886545769484,0.001,9.229538917541504
5171,10,171,519,13.959796905517578,17.52087864706231,0.001,6.674085855484009
5172,10,172,2510,19.320371627807617,17.536082131172133,0.001,8.299009561538696
5173,10,173,710,18.283164978027344,17.540801067624823,0.001,8.551809310913086
5174,10,174,686,16.276798248291016,17.532652586430842,0.001,7.489183187484741
5175,10,175,1481,15.054258346557617,17.51691566243674,0.001,6.8356101512908936
5176,10,176,2585,9.876985549926758,17.470229134469463,0.001,7.547632217407227
5177,10,177,2274,15.391818046569824,17.457598260149073,0.001,8.887930631637573
5178,10,178,2479,28.638713836669922,17.52414451502787,0.001,8.594014883041382
5179,10,179,401,37.247230529785156,17.644953296202573,0.001,9.624985694885254
5180,10,180,1373,20.726032257080078,17.65969307105008,0.001,8.71605658531189
5181,10,181,742,12.193761825561523,17.615475291147582,0.001,8.98271918296814
5182,10,182,2565,12.73159408569336,17.60123305238205,0.001,8.68904423713684
5183,10,183,1434,21.023624420166016,17.621015330862047,0.001,9.601365327835083
5184,10,184,1791,16.424898147583008,17.615997489721952,0.001,9.662444591522217
5185,10,185,2569,23.01198959350586,17.638815716782645,0.001,7.857351064682007
5186,10,186,861,14.785446166992188,17.626753496401285,0.001,8.888350009918213
5187,10,187,468,18.09713363647461,17.630396964609613,0.001,8.336573362350464
5188,10,188,2272,20.612516403198242,17.647769467255788,0.001,9.096035480499268
5189,10,189,827,30.2822265625,17.691401505932387,0.001,8.947302341461182
5190,10,190,2502,18.525245666503906,17.697875620078346,0.001,9.041938781738281
5191,10,191,272,9.585994720458984,17.664395209562837,0.001,8.411487102508545
5192,10,192,458,29.910648345947266,17.698727718147943,0.001,8.18230652809143
5193,10,193,773,19.615604400634766,17.70964296678373,0.001,8.490954399108887
5194,10,194,471,17.714698791503906,17.70968068866538,0.001,9.556607007980347
5195,10,195,2654,20.468751907348633,17.730401129767937,0.001,9.34563136100769
5196,10,196,852,20.551206588745117,17.745974189331278,0.001,10.079423904418945
5197,10,197,1527,29.11939239501953,17.808682329674873,0.001,9.407381057739258
5198,10,198,1182,14.52782917022705,17.790431064089056,0.001,9.467172622680664
5199,10,199,1938,15.142191886901855,17.783736442996705,0.001,9.05311393737793
5200,10,200,1828,14.396625518798828,17.758529392512205,0.001,8.03937578201294
5201,10,201,340,15.77023696899414,17.747701600893002,0.001,10.511317491531372
5202,10,202,1620,24.415939331054688,17.759216745769713,0.001,7.762740850448608
5203,10,203,461,20.981454849243164,17.782143846044626,0.001,8.222302198410034
5204,10,204,759,15.474300384521484,17.769911533342746,0.001,9.179216146469116
5205,10,205,177,13.390498161315918,17.74690582306235,0.001,8.996745109558105
5206,10,206,69,26.343122482299805,17.80806189787082,0.001,8.68611764907837
5207,10,207,2660,20.80731964111328,17.828646233448058,0.001,8.13829517364502
5208,10,208,787,23.030969619750977,17.84180840932404,0.001,9.353145837783813
5209,10,209,2340,15.984697341918945,17.832340232197314,0.001,7.774146318435669
5210,10,210,991,18.156513214111328,17.833125547729914,0.001,7.57938551902771
5211,10,211,1126,18.032028198242188,17.83449945727184,0.001,8.586207866668701
5212,10,212,2149,12.397128105163574,17.80615008929991,0.001,9.093057870864868
5213,10,213,825,21.005041122436523,17.81376014445833,0.001,8.763087034225464
5214,10,214,771,14.138335227966309,17.795132029435315,0.001,8.785316705703735
5215,10,215,1554,16.640031814575195,17.79229648393128,0.001,8.749160051345825
5216,10,216,611,15.484474182128906,17.784081885181994,0.001,9.459727048873901
5217,10,217,60,9.595160484313965,17.754623049608018,0.001,9.10699725151062
5218,10,218,367,17.747894287109375,17.754599165756233,0.001,9.168869972229004
5219,10,219,811,24.730512619018555,17.770056460856374,0.001,7.696704864501953
5220,10,220,2188,30.97146224975586,17.835486968599415,0.001,9.278396368026733
5221,10,221,962,18.27906608581543,17.837077863127174,0.001,9.218369722366333
5222,10,222,774,13.074749946594238,17.813458203244505,0.001,9.53157353401184
5223,10,223,392,18.40266990661621,17.817289078112022,0.001,9.32405424118042
5224,10,224,2596,16.020593643188477,17.811000209993104,0.001,6.35785174369812
5225,10,225,403,9.660035133361816,17.782824226602795,0.001,10.481782674789429
5226,10,226,1397,16.127248764038086,17.7719805806693,0.001,8.935033798217773
5227,10,227,1762,18.635507583618164,17.776142959197855,0.001,7.32625675201416
5228,10,228,1488,22.497644424438477,17.804568695243418,0.001,9.69263505935669
5229,10,229,2652,8.361352920532227,17.78339933231285,0.001,6.922276735305786
5230,10,230,2460,13.848063468933105,17.77445029055011,0.001,9.009909868240356
5231,10,231,377,13.621380805969238,17.760310169707747,0.001,8.602343082427979
5232,10,232,2763,11.406106948852539,17.746026456936523,0.001,10.164716482162476
5233,10,233,966,17.110441207885742,17.743918193021777,0.001,5.691683530807495
5234,10,234,1569,29.34105110168457,17.798965193445152,0.001,9.14598274230957
5235,10,235,496,22.999134063720703,17.82233808646751,0.001,8.737190008163452
5236,10,236,2064,10.517451286315918,17.787812182151598,0.001,7.626972436904907
5237,10,237,1098,12.343608856201172,17.769519534430717,0.001,9.397743463516235
5238,10,238,2709,24.759174346923828,17.784794743871462,0.001,10.110641241073608
5239,10,239,1737,19.58704948425293,17.79559193363537,0.001,8.777371883392334
5240,10,240,2929,18.96558380126953,17.80097601803019,0.001,8.30517840385437
5241,10,241,446,11.572283744812012,17.7726895677141,0.001,8.52342677116394
5242,10,242,916,11.810781478881836,17.75949743765949,0.001,9.687108755111694
5243,10,243,2181,17.361780166625977,17.758631450451666,0.001,9.362721681594849
5244,10,244,64,23.65709114074707,17.77157379338054,0.001,8.105275869369507
5245,10,245,337,20.58872413635254,17.779825927738766,0.001,9.09315276145935
5246,10,246,778,23.470075607299805,17.805300410438036,0.001,8.957974195480347
5247,10,247,977,25.108999252319336,17.82807339519131,0.001,9.296695232391357
5248,10,248,1879,28.06374740600586,17.86142169757777,0.001,8.438385963439941
5249,10,249,706,21.411663055419922,17.869110320002612,0.001,8.57089352607727
5250,10,250,383,22.921045303344727,17.898143167230945,0.001,6.7579450607299805
5251,10,251,2051,20.779396057128906,17.910983768764957,0.001,8.458730220794678
5252,10,252,2505,13.413342475891113,17.90130779472076,0.001,8.070759296417236
5253,10,253,717,17.41546630859375,17.898462804652617,0.001,9.012236595153809
5254,10,254,469,14.481629371643066,17.878628980408344,0.001,8.719287157058716
5255,10,255,2297,15.80933666229248,17.869433554553705,0.001,7.189481973648071
5256,10,256,1313,22.27752113342285,17.893782543737938,0.001,9.655776977539062
5257,10,257,1821,22.253833770751953,17.90271662290283,0.001,8.72593879699707
5258,10,258,864,21.504140853881836,17.909709511508147,0.001,8.63401198387146
5259,10,259,363,15.978863716125488,17.9057757378001,0.001,7.90703272819519
5260,10,260,2906,18.03799057006836,17.906339813390268,0.001,8.935916900634766
5261,10,261,915,14.64553165435791,17.899943853385533,0.001,7.558495283126831
5262,10,262,2294,16.433349609375,17.897062360725847,0.001,8.346451759338379
5263,10,263,2722,17.191194534301758,17.8957409850355,0.001,7.938793897628784
5264,10,264,2909,16.919076919555664,17.891565187967597,0.001,7.819862127304077
5265,10,265,699,18.032438278198242,17.89215039762999,0.001,7.825891494750977
5266,10,266,488,20.223546981811523,17.905066828097617,0.001,9.220840215682983
5267,10,267,919,17.167972564697266,17.90089980556061,0.001,7.897545576095581
5268,10,268,728,13.922066688537598,17.88431452753821,0.001,9.595399141311646
5269,10,269,2494,20.351736068725586,17.894443450285138,0.001,9.244969367980957
5270,10,270,956,27.10416030883789,17.944802146520388,0.001,9.529496192932129
5271,10,271,705,17.622591018676758,17.94301583302497,0.001,8.8157217502594
5272,10,272,2563,18.231651306152344,17.9438597714029,0.001,7.296826601028442
5273,10,273,981,17.034963607788086,17.940157296817727,0.001,7.787814378738403
5274,10,274,2163,13.317315101623535,17.920954814743762,0.001,9.484989404678345
5275,10,275,2694,13.086591720581055,17.911721087588436,0.001,9.541680335998535
5276,10,276,368,20.64255714416504,17.923075488156034,0.001,6.228156805038452
5277,10,277,2191,22.68192481994629,17.93701285623399,0.001,9.403172492980957
5278,10,278,920,14.503963470458984,17.91850321367448,0.001,8.995534181594849
5279,10,279,448,19.597715377807617,17.92533008936963,0.001,8.247255563735962
5280,10,280,616,19.240812301635742,17.932197303544807,0.001,7.837790489196777
5281,10,281,455,30.078367233276367,17.9496986615644,0.001,8.150700092315674
5282,10,282,685,15.54708194732666,17.94038140103951,0.001,8.86843204498291
5283,10,283,913,13.67165470123291,17.928474676145534,0.001,9.11608076095581
5284,10,284,601,23.83673858642578,17.95917928488476,0.001,8.764661073684692
5285,10,285,707,22.56609344482422,17.967179346638837,0.001,7.882339000701904
5286,10,286,507,47.338348388671875,18.0050801793718,0.001,9.230712890625
5287,10,287,29,18.221529006958008,18.00591323917593,0.001,8.400306940078735
5288,10,288,2588,14.396733283996582,17.987153232547254,0.001,8.562086820602417
5289,10,289,73,28.058517456054688,18.005835661077207,0.001,10.129493713378906
5290,10,290,961,18.742530822753906,18.009577011764627,0.001,8.589092254638672
5291,10,291,264,17.808338165283203,18.008804939053938,0.001,8.246603965759277
5292,10,292,2595,15.09222412109375,18.00356084999927,0.001,7.543968439102173
5293,10,293,2498,18.95684051513672,18.006139568311514,0.001,8.887639999389648
5294,10,294,2482,14.442033767700195,17.98802916773726,0.001,8.298675775527954
5295,10,295,832,17.68007469177246,17.98649507032314,0.001,8.876683235168457
5296,10,296,1196,10.51919174194336,17.97426166262182,0.001,10.002979755401611
5297,10,297,904,27.237548828125,17.996163614012776,0.001,8.84943437576294
5298,10,298,770,15.115681648254395,17.98527016758341,0.001,8.941779375076294
5299,10,299,2270,14.319293022155762,17.966940452630013,0.001,8.365207433700562
5300,10,300,858,17.815263748168945,17.96669809722376,0.001,8.285034418106079
5301,10,301,803,13.580348014831543,17.959180962254,0.001,7.988080024719238
5302,10,302,32,17.633386611938477,17.957554131069767,0.001,8.706307411193848
5303,10,303,2219,12.522066116333008,17.94862944884789,0.001,8.309175968170166
5304,10,304,453,17.888916015625,17.948474582728863,0.001,8.588061571121216
5305,10,305,2223,21.320884704589844,17.964975919603106,0.001,8.801519393920898
5306,10,306,1690,14.104427337646484,17.958232938842563,0.001,9.45902419090271
5307,10,307,250,24.57085418701172,17.969702430718176,0.001,8.848909854888916
5308,10,308,2750,21.38918113708496,17.97555756026421,0.001,8.70437240600586
5309,10,309,68,15.335990905761719,17.968604054812594,0.001,9.392162561416626
5310,10,310,1161,13.149338722229004,17.960804790704795,0.001,8.956368923187256
5311,10,311,1699,15.350942611694336,17.954259561726907,0.001,7.859061241149902
5312,10,312,514,17.95444107055664,17.954260033942692,0.001,10.344404220581055
5313,10,313,2196,15.717366218566895,17.95081846937607,0.001,8.008171558380127
5314,10,314,98,14.03957462310791,17.932115476770917,0.001,7.984211206436157
5315,10,315,814,10.047331809997559,17.91836971250322,0.001,8.372179746627808
5316,10,316,1915,12.136924743652344,17.903848425838344,0.001,8.245991468429565
5317,10,317,350,16.366729736328125,17.89836657349676,0.001,8.159811735153198
5318,10,318,2832,13.351543426513672,17.878013547090884,0.001,7.986658811569214
5319,10,319,459,12.674577713012695,17.869359300858733,0.001,7.517267942428589
5320,10,320,873,19.17609214782715,17.871283321222347,0.001,7.566775798797607
5321,10,321,2533,13.650049209594727,17.860515857264048,0.001,7.757287502288818
5322,10,322,1250,11.725090026855469,17.85041125099315,0.001,7.943552732467651
5323,10,323,441,19.502302169799805,17.856163035345126,0.001,8.807485818862915
5324,10,324,989,25.471071243286133,17.88257096107372,0.001,8.155515670776367
5325,10,325,1365,18.333776473999023,17.883318610068542,0.001,9.397926568984985
5326,10,326,490,14.03659439086914,17.876843732790128,0.001,9.763800621032715
5327,10,327,447,9.453730583190918,17.862803246127395,0.001,9.426115036010742
5328,10,328,1812,20.756139755249023,17.876237443993627,0.001,7.86758017539978
5329,10,329,689,27.192916870117188,17.899014864826125,0.001,8.01577115058899
5330,10,330,1105,11.468441009521484,17.888094356113875,0.001,9.977153539657593
5331,10,331,2767,20.803430557250977,17.898192508102422,0.001,8.105985403060913
5332,10,332,2845,21.756099700927734,17.915661908982976,0.001,7.805160284042358
5333,10,333,273,21.276899337768555,17.92715499830677,0.001,8.489724397659302
5334,10,334,2249,20.652822494506836,17.936542981222118,0.001,7.878858804702759
5335,10,335,2452,15.021700859069824,17.926734368212674,0.001,8.960898160934448
5336,10,336,743,15.521286010742188,17.922910158273197,0.001,8.13400650024414
5337,10,337,1777,15.045680046081543,17.913412591652666,0.001,9.123391151428223
5338,10,338,2861,12.96350383758545,17.896777645592824,0.001,7.702986717224121
5339,10,339,2387,38.23014450073242,17.945236052696103,0.001,9.595483541488647
5340,10,340,424,21.33298683166504,17.952883076155263,0.001,7.643235921859741
5341,10,341,1568,19.02056121826172,17.956394441629858,0.001,8.360826253890991
5342,10,342,2179,11.831130027770996,17.941742861025507,0.001,9.914088010787964
5343,10,343,65,11.155106544494629,17.930833738555513,0.001,9.333846807479858
5344,10,344,38,18.118513107299805,17.931278297075753,0.001,9.198728561401367
5345,10,345,863,28.37032699584961,17.965757063907205,0.001,9.589637994766235
5346,10,346,67,19.740848541259766,17.971565135505617,0.001,7.785794496536255
5347,10,347,372,15.032259941101074,17.967553104932346,0.001,8.464702844619751
5348,10,348,1083,19.8364200592041,17.975453322638415,0.001,10.118901252746582
5349,10,349,1945,12.059076309204102,17.949893778612033,0.001,9.84678864479065
5350,10,350,2192,28.070375442504883,17.962960523649013,0.001,8.419910192489624
5351,10,351,2547,34.161521911621094,18.01531756756648,0.001,9.330738067626953
5352,10,352,2580,30.486419677734375,18.067486835828156,0.001,9.569492101669312
5353,10,353,2614,24.375839233398438,18.094147035866577,0.001,9.300766706466675
5354,10,354,693,13.453924179077148,18.07437298433344,0.001,8.402935028076172
5355,10,355,2672,13.242335319519043,18.053839120752293,0.001,10.6237211227417
5356,10,356,344,11.234485626220703,18.0435377915557,0.001,9.663981437683105
5357,10,357,77,17.415103912353516,18.041531296629017,0.001,8.166386842727661
5358,10,358,94,15.29530143737793,18.030693617486783,0.001,8.718578338623047
5359,10,359,336,10.589905738830566,17.99945220822096,0.001,7.947217702865601
5360,10,360,2930,9.174866676330566,17.986622254071417,0.001,8.914144515991211
5361,10,361,951,12.738646507263184,17.970328951130313,0.001,9.247151851654053
5362,10,362,432,17.62987518310547,17.969292274439645,0.001,8.56364369392395
5363,10,363,1557,11.84676742553711,17.943907704345687,0.001,8.398813962936401
5364,10,364,719,14.501920700073242,17.929763556901186,0.001,8.886242389678955
5365,10,365,390,12.902125358581543,17.91901381437983,0.001,8.934099435806274
5366,10,366,1914,8.748522758483887,17.905628757515913,0.001,8.686050176620483
5367,10,367,680,13.661458969116211,17.899501048137825,0.001,8.181803941726685
5368,10,368,972,13.738423347473145,17.887032177642627,0.001,8.701567649841309
5369,10,369,727,17.341331481933594,17.886251034175743,0.001,7.616786003112793
5370,10,370,1858,17.361909866333008,17.884674330510613,0.001,7.036013126373291
5371,10,371,2406,26.905900955200195,17.921440777001507,0.001,8.677268028259277
5372,10,372,914,18.400936126708984,17.922882936315233,0.001,9.358911037445068
5373,10,373,2399,13.372288703918457,17.91702860708512,0.001,7.437997102737427
5374,10,374,834,11.706220626831055,17.89220136453289,0.001,9.483548879623413
5375,10,375,1274,17.565486907958984,17.89124260755877,0.001,7.750952959060669
5376,10,376,789,13.895895004272461,17.87935659564114,0.001,8.054729223251343
5377,10,377,56,10.921991348266602,17.85865094260589,0.001,8.36060905456543
5378,10,378,374,10.440351486206055,17.829497812078888,0.001,7.438833475112915
5379,10,379,851,12.107934951782227,17.806447924825306,0.001,8.480599164962769
5380,10,380,954,15.339192390441895,17.802988463788367,0.001,7.291501998901367
5381,10,381,990,20.16458511352539,17.8100929533421,0.001,10.494200229644775
5382,10,382,2538,15.691357612609863,17.80712484163096,0.001,8.237966299057007
5383,10,383,870,17.304580688476562,17.80607145359327,0.001,9.166133165359497
5384,10,384,808,20.600479125976562,17.814164675930588,0.001,8.471569538116455
5385,10,385,2204,13.279348373413086,17.79683887282655,0.001,8.287492752075195
5386,10,386,682,17.264673233032227,17.794796684708594,0.001,11.178920030593872
5387,10,387,175,10.755825996398926,17.779949784110567,0.001,7.560653924942017
5388,10,388,986,26.369226455688477,17.805133960637566,0.001,8.652583837509155
5389,10,389,481,16.263038635253906,17.800702186360628,0.001,9.754566192626953
5390,10,390,2546,11.49665641784668,17.78277294385132,0.001,8.62957501411438
5391,10,391,405,12.20747184753418,17.77111681843803,0.001,9.33265995979309
5392,10,392,400,19.2919921875,17.773896655875127,0.001,9.591411590576172
5393,10,393,788,19.230222702026367,17.77943718320003,0.001,10.360306978225708
5394,10,394,2523,21.317628860473633,17.79283032769971,0.001,8.570098161697388
5395,10,395,695,15.530070304870605,17.78637963959192,0.001,7.889005661010742
5396,10,396,1543,11.448137283325195,17.777731888481153,0.001,9.274322271347046
5397,10,397,2610,16.237192153930664,17.775659501542922,0.001,9.009295225143433
5398,10,398,1918,20.664209365844727,17.78650110285281,0.001,8.791766881942749
5399,10,399,2603,19.878725051879883,17.79411126335914,0.001,8.826040744781494
5400,10,400,1751,15.848162651062012,17.79022138614096,0.001,9.815643787384033
5401,10,401,819,14.29951000213623,17.780455382856434,0.001,7.754316091537476
5402,10,402,1714,22.057964324951172,17.792038797240885,0.001,9.326047658920288
5403,10,403,2781,25.09121322631836,17.80470009220986,0.001,8.657277584075928
5404,10,404,2229,15.610143661499023,17.80094903241588,0.001,10.216968774795532
5405,10,405,266,16.368501663208008,17.795674495546578,0.001,8.280386447906494
5406,10,406,436,14.963020324707031,17.790202880212142,0.001,8.743850946426392
5407,10,407,721,13.427238464355469,17.781784856403828,0.001,9.960418701171875
5408,10,408,434,13.200918197631836,17.776366003619646,0.001,9.532438516616821
5409,10,409,801,11.29555892944336,17.764063692323305,0.001,8.364630222320557
5410,10,410,1823,15.376898765563965,17.755183480307025,0.001,8.885449171066284
5411,10,411,1317,10.647343635559082,17.745979472204827,0.001,8.312871217727661
5412,10,412,1862,10.472495079040527,17.73654556866813,0.001,8.428056240081787
5413,10,413,1342,18.46047592163086,17.738473856504065,0.001,7.653182744979858
5414,10,414,1326,11.538135528564453,17.730590099137306,0.001,8.917760133743286
5415,10,415,1832,19.267375946044922,17.73612991723563,0.001,8.487374782562256
5416,10,416,1503,18.356786727905273,17.737231430641735,0.001,6.753215789794922
5417,10,417,1571,16.19388771057129,17.73172196799295,0.001,8.022738695144653
5418,10,418,1155,15.996488571166992,17.729466690462065,0.001,8.169163227081299
5419,10,419,1642,10.927947998046875,17.711528770987854,0.001,8.950499057769775
5420,10,420,1888,16.774702072143555,17.708251100917266,0.001,8.799277305603027
5421,10,421,1530,17.117334365844727,17.7061598728437,0.001,9.586889743804932
5422,10,422,1439,14.357259750366211,17.694493067704798,0.001,8.13966178894043
5423,10,423,1596,22.748117446899414,17.70381078525703,0.001,9.59520435333252
5424,10,424,1182,12.869754791259766,17.690964116585032,0.001,8.573164701461792
5425,10,425,1109,23.016653060913086,17.70896572618454,0.001,8.692191123962402
5426,10,426,1541,11.676931381225586,17.70210639863504,0.001,9.78494930267334
5427,10,427,1568,15.365691184997559,17.69603523039212,0.001,10.015908002853394
5428,10,428,1945,10.236743927001953,17.670074952078384,0.001,9.548483610153198
5429,10,429,1692,10.4347562789917,17.64508607589049,0.001,9.072649002075195
5430,10,430,1675,15.019146919250488,17.640274581440615,0.001,8.797069787979126
5431,10,431,1700,20.147926330566406,17.64516657764491,0.001,9.29030442237854
5432,10,432,1105,11.319028854370117,17.637063770493526,0.001,8.629755973815918
5433,10,433,2070,15.354802131652832,17.62923997073346,0.001,8.575807094573975
5434,10,434,1848,8.77793025970459,17.598823534844367,0.001,8.215317726135254
5435,10,435,1814,13.69649600982666,17.588970757393017,0.001,9.590065002441406
5436,10,436,1383,17.602275848388672,17.5889954309786,0.001,9.328635454177856
5437,10,437,1434,21.723709106445312,17.59917509837253,0.001,8.703823566436768
5438,10,438,2080,15.223309516906738,17.59107220326485,0.001,10.511688709259033
5439,10,439,1470,14.679102897644043,17.583881153342002,0.001,8.513005495071411
5440,10,440,1549,17.877899169921875,17.58442791306535,0.001,9.72965407371521
5441,10,441,1925,11.811531066894531,17.577549671862464,0.001,7.2422802448272705
5442,10,442,1250,10.8851957321167,17.569599542363793,0.001,8.127911806106567
5443,10,443,1693,13.858346939086914,17.55719153627667,0.001,9.311318159103394
5444,10,444,1627,23.293283462524414,17.57170820204175,0.001,8.797345399856567
5445,10,445,1532,14.97005844116211,17.563084368147702,0.001,9.635539770126343
5446,10,446,1088,15.46644115447998,17.55796209605773,0.001,8.545663833618164
5447,10,447,1903,12.960921287536621,17.549914768242164,0.001,7.550875425338745
5448,10,448,1576,9.940751075744629,17.541043236891507,0.001,9.933101892471313
5449,10,449,2163,14.837227821350098,17.534157123650818,0.001,7.9517059326171875
5450,10,450,1161,11.818507194519043,17.527806274086114,0.001,8.038877964019775
5451,10,451,2050,10.404109001159668,17.515447038188192,0.001,9.456056833267212
5452,10,452,1858,17.46936798095703,17.515334525344745,0.001,9.183902740478516
5453,10,453,1097,10.933438301086426,17.507819921366696,0.001,7.680931568145752
5454,10,454,1173,13.424202919006348,17.50300312377084,0.001,7.803125858306885
5455,10,455,1828,10.842889785766602,17.480727978385854,0.001,7.992753505706787
5456,10,456,1809,13.39542293548584,17.46764939586644,0.001,7.512935400009155
5457,10,457,1762,12.693304061889648,17.45602532371145,0.001,8.55529522895813
5458,10,458,1569,25.87851333618164,17.476664412084112,0.001,8.479054689407349
5459,10,459,1879,14.042123794555664,17.470599846806085,0.001,8.692241430282593
5460,10,460,1089,12.966181755065918,17.456068640568795,0.001,9.244402647018433
5461,10,461,1334,8.181574821472168,17.4455639163891,0.001,8.973774433135986
5462,10,462,1821,21.6054744720459,17.450337571358105,0.001,7.803609371185303
5463,10,463,1346,24.0268611907959,17.470714072920572,0.001,9.316510438919067
5464,10,464,1397,14.723432540893555,17.46181334220251,0.001,8.39250636100769
5465,10,465,2174,18.039764404296875,17.463607382845304,0.001,7.740530490875244
5466,10,466,1686,11.09818172454834,17.44338941128153,0.001,8.252695322036743
5467,10,467,1123,20.440662384033203,17.44847619378164,0.001,8.095078468322754
5468,10,468,2060,28.538522720336914,17.47498526266398,0.001,7.215081214904785
5469,10,469,1453,23.355093002319336,17.481177511988697,0.001,9.65870976448059
5470,10,470,1122,9.166077613830566,17.46687433935751,0.001,9.28818392753601
5471,10,471,178,11.648963928222656,17.453445125122418,0.001,9.422609090805054
5472,10,472,2113,11.208773612976074,17.43851428799195,0.001,10.500904560089111
5473,10,473,2181,9.878146171569824,17.43000083593395,0.001,7.596160411834717
5474,10,474,1900,24.184194564819336,17.43776193076528,0.001,7.0971596240997314
5475,10,475,1442,14.628045082092285,17.433104922167974,0.001,10.356002569198608
5476,10,476,1151,16.89314079284668,17.43223331764459,0.001,10.568456172943115
5477,10,477,2055,11.558231353759766,17.413907989572785,0.001,9.003196001052856
5478,10,478,1845,11.753005027770996,17.407968262766563,0.001,7.937705755233765
5479,10,479,1735,8.97363567352295,17.39850760851701,0.001,10.383561134338379
5480,10,480,2101,16.733076095581055,17.39642534127292,0.001,9.467406988143921
5481,10,481,2051,15.241106033325195,17.391391753835922,0.001,9.01468563079834
5482,10,482,1540,12.828797340393066,17.3863164143162,0.001,8.711103200912476
5483,10,483,1126,11.848278045654297,17.369196346178153,0.001,10.05161428451538
5484,10,484,1263,12.16408634185791,17.357209589621753,0.001,10.932158708572388
5485,10,485,1306,13.97818374633789,17.346882588944446,0.001,9.68692135810852
5486,10,486,1779,13.664278030395508,17.335657384050815,0.001,7.833415269851685
5487,10,487,2270,15.116195678710938,17.32882092401267,0.001,8.574647665023804
5488,10,488,1649,20.010822296142578,17.33495060828097,0.001,8.838165283203125
5489,10,489,1846,17.428516387939453,17.33516159366216,0.001,8.553206443786621
5490,10,490,2197,20.736894607543945,17.34283224394141,0.001,9.430655002593994
5491,10,491,1794,11.299824714660645,17.329381178732632,0.001,8.8497793674469
5492,10,492,2229,15.302038192749023,17.326549683393417,0.001,8.22257924079895
5493,10,493,2008,17.11077117919922,17.326342071675715,0.001,10.027900218963623
5494,10,494,1440,16.336196899414062,17.32415813036087,0.001,9.613250732421875
5495,10,495,1523,12.908638000488281,17.319413075911598,0.001,8.892707109451294
5496,10,496,1443,21.908979415893555,17.333072550893906,0.001,7.9955010414123535
5497,10,497,1343,15.58559799194336,17.331326815507424,0.001,8.863925218582153
5498,10,498,1679,9.599210739135742,17.318705729424867,0.001,8.531836032867432
5499,10,499,1174,15.305415153503418,17.314194079358487,0.001,7.857465505599976
5500,11,0,1797,10.380955696105957,10.380955696105957,0.001,9.615506649017334
5501,11,1,1092,20.57354736328125,17.85364928052706,0.001,10.268206119537354
5502,11,2,1570,15.212553977966309,17.301621000275357,0.001,9.355074167251587
5503,11,3,1111,21.849355697631836,18.675363777354203,0.001,8.737939834594727
5504,11,4,1551,12.361371994018555,17.18861404728965,0.001,8.19154691696167
5505,11,5,1373,14.06123161315918,16.707070367600487,0.001,8.973793745040894
5506,11,6,1914,13.258557319641113,16.41289341524292,0.001,7.743844509124756
5507,11,7,1548,27.27488899230957,18.009045816943324,0.001,8.380756616592407
5508,11,8,1793,18.17789649963379,18.037332580804954,0.001,8.226578950881958
5509,11,9,2293,16.461280822753906,17.855615740251366,0.001,7.706051349639893
5510,11,10,2294,12.4287109375,17.587870705905726,0.001,9.217288494110107
5511,11,11,2149,19.282426834106445,17.753946341542864,0.001,7.695967435836792
5512,11,12,1918,15.889976501464844,17.540846206325178,0.001,7.119662284851074
5513,11,13,2278,23.490169525146484,18.016248456283925,0.001,9.11924123764038
5514,11,14,1480,12.10348892211914,17.805825510165832,0.001,8.010365962982178
5515,11,15,1802,16.730228424072266,17.7302424396945,0.001,8.965158224105835
5516,11,16,1395,12.961552619934082,17.572766423250375,0.001,6.875555515289307
5517,11,17,2191,21.074857711791992,17.7389609050794,0.001,8.817022323608398
5518,11,18,1706,18.33217430114746,17.77503237082661,0.001,7.532550096511841
5519,11,19,1769,11.06436824798584,17.265280101541723,0.001,9.239006996154785
5520,11,20,1370,24.79140853881836,17.66980095606664,0.001,8.212992191314697
5521,11,21,2071,21.016389846801758,17.791814761490546,0.001,8.25082802772522
5522,11,22,1087,20.49224853515625,17.96221021148368,0.001,8.704712152481079
5523,11,23,2204,11.76877212524414,17.59364643788562,0.001,8.019547939300537
5524,11,24,1264,12.493622779846191,17.48388639009865,0.001,9.089942932128906
5525,11,25,1262,10.629459381103516,17.344195155409246,0.001,8.248691082000732
5526,11,26,2398,18.682355880737305,17.416813047712097,0.001,7.9364800453186035
5527,11,27,2157,13.412549018859863,17.20888242978237,0.001,8.626607656478882
5528,11,28,1310,13.166705131530762,17.00831239596415,0.001,7.0492236614227295
5529,11,29,2406,18.204936981201172,17.06510555060495,0.001,7.954551458358765
5530,11,30,1302,21.93094253540039,17.27012290683113,0.001,10.486358880996704
5531,11,31,2476,10.68299388885498,17.165452795537448,0.001,8.685893058776855
5532,11,32,1751,17.883413314819336,17.182138508171164,0.001,8.99490737915039
5533,11,33,2377,15.994100570678711,17.144924017716697,0.001,8.589464664459229
5534,11,34,2235,10.909998893737793,16.89494079448242,0.001,8.66675591468811
5535,11,35,256,14.492236137390137,16.84481548965432,0.001,8.724397897720337
5536,11,36,2479,10.30301284790039,16.663076889208124,0.001,7.643939018249512
5537,11,37,2455,11.682353973388672,16.594373459208132,0.001,9.502228498458862
5538,11,38,1361,22.22821044921875,16.66933710830495,0.001,8.654147148132324
5539,11,39,273,19.058218002319336,16.73488251851847,0.001,8.541943311691284
5540,11,40,1502,19.203399658203125,16.82245588332284,0.001,9.296534061431885
5541,11,41,1493,18.119644165039062,16.866393379299435,0.001,9.771533012390137
5542,11,42,2513,9.318029403686523,16.77686915477125,0.001,10.310806512832642
5543,11,43,1682,20.87602996826172,16.876763472524782,0.001,8.066994667053223
5544,11,44,2435,13.042108535766602,16.831341968392366,0.001,6.541934490203857
5545,11,45,1093,18.051515579223633,16.868710811293283,0.001,9.164916515350342
5546,11,46,274,15.285001754760742,16.833069243377114,0.001,8.711557149887085
5547,11,47,2499,15.76208209991455,16.81581326946457,0.001,8.072898864746094
5548,11,48,1864,18.633968353271484,16.835247177492036,0.001,10.045013904571533
5549,11,49,264,15.20527172088623,16.79952130802461,0.001,9.153313398361206
5550,11,50,1274,15.654787063598633,16.775595753277212,0.001,8.173445701599121
5551,11,51,2166,16.13243293762207,16.76599619571678,0.001,7.286761283874512
5552,11,52,2458,17.898698806762695,16.789222482238507,0.001,10.294560670852661
5553,11,53,1648,11.189002990722656,16.708311125609114,0.001,8.664860486984253
5554,11,54,1819,19.429931640625,16.73454743510687,0.001,9.024812936782837
5555,11,55,1149,17.060298919677734,16.741019840332577,0.001,8.146409034729004
5556,11,56,1777,17.99510383605957,16.764882117987135,0.001,7.612046718597412
5557,11,57,1554,14.692462921142578,16.74575134564025,0.001,9.989656925201416
5558,11,58,2073,7.615058898925781,16.66659312934971,0.001,8.166417121887207
5559,11,59,2099,8.603547096252441,16.55834765208433,0.001,8.847353458404541
5560,11,60,2225,12.297045707702637,16.45483178341432,0.001,7.563906908035278
5561,11,61,2464,21.981365203857422,16.503476865258328,0.001,7.79252290725708
5562,11,62,2272,12.815542221069336,16.43800504932801,0.001,8.69235873222351
5563,11,63,2552,12.184574127197266,16.364442680152,0.001,6.699290990829468
5564,11,64,1626,6.955048561096191,16.28936700100403,0.001,8.634242534637451
5565,11,65,2172,9.736193656921387,16.17592327809598,0.001,7.921599864959717
5566,11,66,2067,11.895700454711914,16.123289601368345,0.001,8.010735511779785
5567,11,67,1083,15.257332801818848,16.10475895315458,0.001,7.776578664779663
5568,11,68,1543,11.571331024169922,16.068979387814544,0.001,9.573984861373901
5569,11,69,1394,20.384061813354492,16.138300078875183,0.001,9.06980586051941
5570,11,70,1580,18.616806030273438,16.166360419582713,0.001,11.394827842712402
5571,11,71,2147,13.282294273376465,16.106174783350646,0.001,8.980262756347656
5572,11,72,1506,10.550288200378418,16.06740598991471,0.001,7.622239351272583
5573,11,73,2007,16.04291343688965,16.0670355538129,0.001,7.943262815475464
5574,11,74,2297,16.750707626342773,16.07749753114751,0.001,8.723946809768677
5575,11,75,1484,14.62429141998291,16.05584825580886,0.001,7.785402536392212
5576,11,76,1717,14.02321720123291,16.041834352552126,0.001,8.163199186325073
5577,11,77,2241,14.192920684814453,16.00596550746902,0.001,7.577557563781738
5578,11,78,2340,15.327101707458496,15.996559139559224,0.001,10.61982274055481
5579,11,79,2425,23.994121551513672,16.10875026866752,0.001,8.628982543945312
5580,11,80,1636,10.567875862121582,16.007168066047456,0.001,8.510076522827148
5581,11,81,1488,13.866419792175293,15.97099287180457,0.001,9.491762161254883
5582,11,82,1620,22.406986236572266,15.998506185215286,0.001,8.72314167022705
5583,11,83,1098,10.777057647705078,15.948421230728998,0.001,9.849793910980225
5584,11,84,2000,11.504890441894531,15.920794282610334,0.001,9.291406631469727
5585,11,85,2216,8.930535316467285,15.881576014585683,0.001,8.76249885559082
5586,11,86,2188,33.75794219970703,16.11154913935509,0.001,8.544172286987305
5587,11,87,2614,23.395519256591797,16.234391610478166,0.001,7.740227222442627
5588,11,88,2343,13.423018455505371,16.209334596639568,0.001,9.250153541564941
5589,11,89,1586,9.535893440246582,16.097918094210584,0.001,10.078397274017334
5590,11,90,2563,15.843783378601074,16.095675585187216,0.001,8.416179180145264
5591,11,91,1363,30.788806915283203,16.274049021022538,0.001,9.984349966049194
5592,11,92,1128,19.883630752563477,16.31748703783415,0.001,9.276002407073975
5593,11,93,2347,13.042680740356445,16.278653626177224,0.001,8.9521005153656
5594,11,94,1516,16.946584701538086,16.286442354764503,0.001,8.493916749954224
5595,11,95,1965,18.351421356201172,16.31852708347792,0.001,9.291003465652466
5596,11,96,2422,11.555169105529785,16.292428250104482,0.001,8.32166314125061
5597,11,97,1132,19.103363037109375,16.32485433115596,0.001,8.4967622756958
5598,11,98,2427,14.202841758728027,16.3015098437703,0.001,8.871074676513672
5599,11,99,1602,25.298583984375,16.3332240345817,0.001,9.584489822387695
5600,11,100,2767,17.587200164794922,16.347300549950926,0.001,10.243125200271606
5601,11,101,1616,11.837636947631836,16.296803252026677,0.001,10.446559429168701
5602,11,102,177,10.588485717773438,16.23584408842744,0.001,8.211077451705933
5603,11,103,1393,23.05661964416504,16.309346286438682,0.001,8.458145141601562
5604,11,104,2510,23.18027114868164,16.40530671734185,0.001,8.980912446975708
5605,11,105,1181,21.729284286499023,16.45966884808483,0.001,8.603981018066406
5606,11,106,1585,15.205388069152832,16.442630747375897,0.001,9.232662916183472
5607,11,107,1615,16.421939849853516,16.442423899134337,0.001,9.074880599975586
5608,11,108,1259,17.562959671020508,16.45036954467349,0.001,10.865932703018188
5609,11,109,1878,16.224149703979492,16.448762845293334,0.001,8.292547941207886
5610,11,110,2772,14.439107894897461,16.42880090333971,0.001,9.021623849868774
5611,11,111,32,13.18669605255127,16.38552206195169,0.001,8.053340196609497
5612,11,112,266,16.276657104492188,16.384110958216848,0.001,7.680498361587524
5613,11,113,2221,15.266036987304688,16.37315841645479,0.001,7.74619197845459
5614,11,114,2610,10.191067695617676,16.344931877527173,0.001,8.65586519241333
5615,11,115,2789,23.61699104309082,16.413596269300175,0.001,9.599187850952148
5616,11,116,1118,22.028932571411133,16.466106986387814,0.001,7.786406517028809
5617,11,117,1714,22.746423721313477,16.523080406418945,0.001,8.1624276638031
5618,11,118,2498,25.86604118347168,16.58462684063609,0.001,7.752928733825684
5619,11,119,1344,10.643221855163574,16.530703385967133,0.001,8.540271520614624
5620,11,120,2595,12.578880310058594,16.513677208419065,0.001,7.6281373500823975
5621,11,121,1699,22.095090866088867,16.54889228782552,0.001,9.16723084449768
5622,11,122,2249,24.797739028930664,16.624415619109232,0.001,8.150470495223999
5623,11,123,2502,20.698701858520508,16.67307429122971,0.001,7.890919208526611
5624,11,124,250,25.047264099121094,16.708397362671704,0.001,9.563872575759888
5625,11,125,2202,14.24903678894043,16.679576075578588,0.001,8.825155258178711
5626,11,126,368,15.388080596923828,16.668028466257603,0.001,8.26263689994812
5627,11,127,350,13.618199348449707,16.6416881867707,0.001,10.339081287384033
5628,11,128,2565,9.821919441223145,16.613481796216632,0.001,10.042778015136719
5629,11,129,2781,18.648670196533203,16.624301208529452,0.001,6.789880275726318
5630,11,130,2040,16.842361450195312,16.62677436756356,0.001,8.668320178985596
5631,11,131,1463,13.499422073364258,16.615917737802082,0.001,8.462098598480225
5632,11,132,344,9.284191131591797,16.58672846960972,0.001,10.123077392578125
5633,11,133,2223,14.04118537902832,16.55855380259859,0.001,8.616832733154297
5634,11,134,2669,17.328824996948242,16.56160624490979,0.001,8.455122709274292
5635,11,135,2923,12.228757858276367,16.537097530688744,0.001,9.5524742603302
5636,11,136,2205,10.361164093017578,16.48623072754866,0.001,8.503699541091919
5637,11,137,337,17.530975341796875,16.49166883906371,0.001,8.137655258178711
5638,11,138,2219,11.152873039245605,16.47250726175244,0.001,7.856497526168823
5639,11,139,2652,7.875920295715332,16.440348610438164,0.001,8.676048278808594
5640,11,140,2763,15.573580741882324,16.4370836721782,0.001,9.449736833572388
5641,11,141,2013,12.62822151184082,16.422924803809455,0.001,8.50473403930664
5642,11,142,1339,11.07222843170166,16.4024610145815,0.001,9.294023036956787
5643,11,143,1896,20.001907348632812,16.430503857959376,0.001,6.770948886871338
5644,11,144,1099,29.50577163696289,16.566221124354364,0.001,8.764328718185425
5645,11,145,363,14.002758026123047,16.55682348643531,0.001,10.527423620223999
5646,11,146,2401,16.32758903503418,16.555039440365203,0.001,7.719985246658325
5647,11,147,2613,15.675603866577148,16.548424232741763,0.001,9.341261625289917
5648,11,148,2529,13.693207740783691,16.526342088033665,0.001,8.056983947753906
5649,11,149,1909,21.843116760253906,16.578619115068552,0.001,10.117642402648926
5650,11,150,2720,19.230609893798828,16.587332125426364,0.001,7.514842748641968
5651,11,151,2608,20.030683517456055,16.62189566069494,0.001,6.6592018604278564
5652,11,152,2548,12.356677055358887,16.59113013799703,0.001,7.17643141746521
5653,11,153,1081,22.977703094482422,16.637691682682448,0.001,9.365633964538574
5654,11,154,1772,16.401508331298828,16.635386546399445,0.001,8.121643781661987
5655,11,155,2834,16.115102767944336,16.630415173894374,0.001,8.987138032913208
5656,11,156,1617,18.096620559692383,16.643767654226124,0.001,9.073988676071167
5657,11,157,2782,12.860494613647461,16.608056018880145,0.001,7.179285049438477
5658,11,158,432,20.413667678833008,16.6340360435162,0.001,9.036757707595825
5659,11,159,2034,11.98686695098877,16.591946057836243,0.001,9.60289716720581
5660,11,160,1360,9.210258483886719,16.56848034418356,0.001,6.457174301147461
5661,11,161,2196,12.115034103393555,16.555387109159422,0.001,10.193100929260254
5662,11,162,2533,9.806570053100586,16.521899416036675,0.001,8.837665796279907
5663,11,163,382,10.151379585266113,16.501858960900698,0.001,8.311153173446655
5664,11,164,2325,9.94302749633789,16.457461188729045,0.001,9.201081037521362
5665,11,165,2203,15.256516456604004,16.446717480346134,0.001,9.565731048583984
5666,11,166,2929,19.72585105895996,16.468533028273864,0.001,9.141208171844482
5667,11,167,1514,14.185662269592285,16.461385216976428,0.001,8.710096836090088
5668,11,168,190,10.95786190032959,16.41202938456253,0.001,9.420653581619263
5669,11,169,1766,31.425613403320312,16.445443484882063,0.001,8.797367334365845
5670,11,170,2535,13.423630714416504,16.436050692610333,0.001,9.144439458847046
5671,11,171,1938,12.799249649047852,16.425170141586825,0.001,7.936945676803589
5672,11,172,2722,20.582645416259766,16.43704545610158,0.001,6.704024314880371
5673,11,173,392,13.945993423461914,16.415858480678367,0.001,9.22818899154663
5674,11,174,507,44.61529541015625,16.475982085156193,0.001,9.566474437713623
5675,11,175,2140,12.484636306762695,16.46432853125765,0.001,9.14755392074585
5676,11,176,1368,12.971811294555664,16.448093949475236,0.001,8.469456434249878
5677,11,177,521,9.947887420654297,16.428510741341395,0.001,8.359163045883179
5678,11,178,2654,12.378213882446289,16.39432894645369,0.001,8.915580987930298
5679,11,179,1473,12.012625694274902,16.37720571945881,0.001,8.773978233337402
5680,11,180,2569,13.862316131591797,16.366008776325906,0.001,8.274519205093384
5681,11,181,1737,15.999056816101074,16.363057736747123,0.001,7.804321765899658
5682,11,182,2066,10.276788711547852,16.31342443693298,0.001,8.961031913757324
5683,11,183,377,7.716871738433838,16.275814977976886,0.001,7.847897052764893
5684,11,184,325,20.03803253173828,16.2986354292339,0.001,8.73228406906128
5685,11,185,2413,9.429691314697266,16.256518642412534,0.001,7.562490463256836
5686,11,186,458,22.47648048400879,16.274882023201112,0.001,9.603942155838013
5687,11,187,2378,26.455766677856445,16.336591064246093,0.001,9.329845666885376
5688,11,188,60,14.19802188873291,16.327499289820224,0.001,7.7862725257873535
5689,11,189,518,11.533998489379883,16.31385125831843,0.001,7.98348593711853
5690,11,190,1457,11.99184799194336,16.280150108619768,0.001,7.70890474319458
5691,11,191,686,11.615614891052246,16.25217304578184,0.001,7.957174301147461
5692,11,192,1915,14.969452857971191,16.2468740711758,0.001,7.906049728393555
5693,11,193,1839,10.536612510681152,16.2313392817071,0.001,8.764200925827026
5694,11,194,523,16.75791358947754,16.23543770188517,0.001,7.664774179458618
5695,11,195,2184,25.050321578979492,16.27204379751044,0.001,8.265650272369385
5696,11,196,2845,22.785717010498047,16.32162639343391,0.001,7.731596946716309
5697,11,197,1153,16.749845504760742,16.324891685945186,0.001,9.388753890991211
5698,11,198,2590,17.93215560913086,16.331180675374366,0.001,7.975672006607056
5699,11,199,2341,12.290046691894531,16.300736665240194,0.001,8.734975576400757
5700,11,200,705,13.52103042602539,16.279780807382227,0.001,7.118791818618774
5701,11,201,2452,18.20281219482422,16.290422195815964,0.001,8.43786907196045
5702,11,202,1575,12.811556816101074,16.270825558524415,0.001,8.063589096069336
5703,11,203,2064,8.307777404785156,16.226740691041144,0.001,8.375656604766846
5704,11,204,1495,15.7300443649292,16.224024041657895,0.001,8.190734148025513
5705,11,205,1090,12.807083129882812,16.210971209154728,0.001,8.785685777664185
5706,11,206,1577,14.190710067749023,16.200126218720907,0.001,7.696671962738037
5707,11,207,717,12.822599411010742,16.17602150812824,0.001,7.0542073249816895
5708,11,208,2706,14.730315208435059,16.172527355232035,0.001,8.427860021591187
5709,11,209,2584,15.825094223022461,16.170077915412445,0.001,9.056645154953003
5710,11,210,453,12.75329875946045,16.157292484521854,0.001,7.381247520446777
5711,11,211,2758,13.887495040893555,16.145413226822296,0.001,7.9973955154418945
5712,11,212,448,17.949987411499023,16.155067876871,0.001,9.330893516540527
5713,11,213,372,17.61116600036621,16.15824419060194,0.001,8.121148347854614
5714,11,214,461,15.486274719238281,16.15364261848448,0.001,8.645253419876099
5715,11,215,2585,9.12358283996582,16.118096190358703,0.001,8.640095710754395
5716,11,216,401,17.12354278564453,16.123259043587566,0.001,8.194436073303223
5717,11,217,2462,12.689980506896973,16.099625256871594,0.001,8.765733003616333
5718,11,218,2523,15.63221549987793,16.096467091756956,0.001,9.884355783462524
5719,11,219,2750,17.67420196533203,16.100227656879905,0.001,9.132968425750732
5720,11,220,77,18.315628051757812,16.111492478327662,0.001,7.461742877960205
5721,11,221,1556,15.978195190429688,16.11082348338951,0.001,7.803875923156738
5722,11,222,1355,11.577203750610352,16.088171174033164,0.001,8.203440189361572
5723,11,223,1313,13.059242248535156,16.069060738085735,0.001,10.310805320739746
5724,11,224,680,12.550253868103027,16.060885312236415,0.001,8.635270833969116
5725,11,225,2460,12.244604110717773,16.051960923633896,0.001,9.812232494354248
5726,11,226,728,15.000348091125488,16.046799545553508,0.001,9.457128763198853
5727,11,227,434,17.341217041015625,16.04952487640276,0.001,10.04417085647583
5728,11,228,496,22.115795135498047,16.077748123905195,0.001,6.9242846965789795
5729,11,229,2095,13.03087043762207,16.058504063395223,0.001,8.567697286605835
5730,11,230,2927,40.15060806274414,16.10643516664989,0.001,8.410768508911133
5731,11,231,858,17.260295867919922,16.10882977870379,0.001,7.519772529602051
5732,11,232,2436,15.698382377624512,16.107884289284947,0.001,7.281350135803223
5733,11,233,863,24.40837860107422,16.14780035181227,0.001,6.687928915023804
5734,11,234,2243,9.755282402038574,16.10727279074401,0.001,9.054438591003418
5735,11,235,2668,11.314233779907227,16.084378099400677,0.001,7.615401983261108
5736,11,236,73,24.943395614624023,16.10450963530107,0.001,8.408274173736572
5737,11,237,2546,9.061673164367676,16.071746339240878,0.001,9.112435579299927
5738,11,238,2682,11.202329635620117,16.041066105592854,0.001,7.47259521484375
5739,11,239,94,11.838494300842285,16.016600131355883,0.001,8.116361141204834
5740,11,240,1196,11.7157564163208,16.007913890447217,0.001,7.112162351608276
5741,11,241,2282,14.315177917480469,16.004204011134597,0.001,7.853001594543457
5742,11,242,742,11.564512252807617,15.976936904630994,0.001,8.222522258758545
5743,11,243,67,20.112085342407227,15.995827616757401,0.001,8.295847177505493
5744,11,244,38,11.76275634765625,15.981965506840416,0.001,7.786414384841919
5745,11,245,1365,15.481977462768555,15.980881606042951,0.001,8.693811655044556
5746,11,246,2775,13.954607009887695,15.971846633953813,0.001,7.971581935882568
5747,11,247,1764,17.051490783691406,15.978436861624953,0.001,9.518611192703247
5748,11,248,2619,19.77423667907715,15.989553713067865,0.001,7.391587734222412
5749,11,249,770,20.921588897705078,16.011862089056372,0.001,8.630873680114746
5750,11,250,2909,15.763169288635254,16.01074841091729,0.001,7.0902259349823
5751,11,251,972,8.879447937011719,15.979822797377802,0.001,9.886635065078735
5752,11,252,69,23.60622215270996,16.024884076170807,0.001,10.332568168640137
5753,11,253,74,9.555259704589844,16.011561292753512,0.001,10.0960373878479
5754,11,254,2660,17.27347755432129,16.018747845343185,0.001,9.227145671844482
5755,11,255,811,15.413557052612305,16.01758601941028,0.001,9.243973970413208
5756,11,256,272,10.032270431518555,15.998929726269857,0.001,8.895715236663818
5757,11,257,471,8.672894477844238,15.957222462163019,0.001,8.375194787979126
5758,11,258,2564,11.359539985656738,15.937820307465628,0.001,9.316568613052368
5759,11,259,2692,11.915238380432129,15.91494465461382,0.001,9.363075256347656
5760,11,260,808,18.439857482910156,15.9255903684236,0.001,8.277135133743286
5761,11,261,834,10.18674373626709,15.893288710482572,0.001,8.940844297409058
5762,11,262,706,10.598319053649902,15.882476694607544,0.001,9.719043254852295
5763,11,263,2298,8.82645034790039,15.868677382102348,0.001,8.961473941802979
5764,11,264,2274,10.733840942382812,15.84754597222228,0.001,7.989041566848755
5765,11,265,2251,15.368640899658203,15.846082418480123,0.001,9.191984415054321
5766,11,266,98,13.306554794311523,15.831937767867608,0.001,8.109091520309448
5767,11,267,2672,13.180727005004883,15.8172346025828,0.001,9.138607740402222
5768,11,268,743,12.30923080444336,15.810386599332919,0.001,7.595317602157593
5769,11,269,771,9.930936813354492,15.786372550304161,0.001,7.1777191162109375
5770,11,270,37,15.576791763305664,15.785236430957573,0.001,7.602301597595215
5771,11,271,1527,26.585079193115234,15.828930734164063,0.001,7.695978403091431
5772,11,272,611,12.219417572021484,15.818642164649843,0.001,8.942650318145752
5773,11,273,1812,14.878159523010254,15.813520727145074,0.001,8.853373050689697
5774,11,274,2593,10.386150360107422,15.79123692154371,0.001,7.207357406616211
5775,11,275,1902,14.243796348571777,15.785029954764354,0.001,9.084583282470703
5776,11,276,2233,16.297531127929688,15.78648525063081,0.001,8.392053604125977
5777,11,277,699,12.639495849609375,15.774164021267259,0.001,9.837222337722778
5778,11,278,707,9.249828338623047,15.762610971055537,0.001,9.682381391525269
5779,11,279,2534,8.592171669006348,15.748907130696995,0.001,7.98548436164856
5780,11,280,1676,12.684130668640137,15.732679251320642,0.001,9.321009397506714
5781,11,281,2603,13.213244438171387,15.719834376332654,0.001,7.7310051918029785
5782,11,282,65,12.680538177490234,15.714037215190814,0.001,7.896439075469971
5783,11,283,455,28.97909927368164,15.732964791688957,0.001,6.9974634647369385
5784,11,284,469,13.199496269226074,15.719874723171461,0.001,9.558117628097534
5785,11,285,2449,16.626712799072266,15.723390176991833,0.001,7.858690023422241
5786,11,286,490,13.762813568115234,15.719707129315797,0.001,8.559227705001831
5787,11,287,2328,9.641679763793945,15.702762099032778,0.001,9.117808103561401
5788,11,288,1333,19.93794822692871,15.719063515692326,0.001,7.329454183578491
5789,11,289,2901,15.614710807800293,15.718771508311574,0.001,8.863929033279419
5790,11,290,376,19.67892074584961,15.72608924288941,0.001,7.875744819641113
5791,11,291,1690,8.630695343017578,15.713092756617122,0.001,7.258815765380859
5792,11,292,954,10.936179161071777,15.704440077518154,0.001,7.508993625640869
5793,11,293,367,21.365188598632812,15.71960526157436,0.001,9.444649934768677
5794,11,294,1768,14.425470352172852,15.717282557865039,0.001,7.079365491867065
5795,11,295,2537,14.858932495117188,15.713968122586127,0.001,8.65524959564209
5796,11,296,2601,17.147640228271484,15.721028850254234,0.001,10.054749727249146
5797,11,297,2906,13.02359676361084,15.710962301001812,0.001,8.643591403961182
5798,11,298,2673,21.241802215576172,15.731910467374947,0.001,9.823721885681152
5799,11,299,966,22.366384506225586,15.749188479079073,0.001,6.9203479290008545
5800,11,300,861,16.970664978027344,15.752429412671493,0.001,9.534441947937012
5801,11,301,2335,12.163451194763184,15.745936667201335,0.001,9.07456660270691
5802,11,302,989,17.72992706298828,15.753241883156686,0.001,9.852204322814941
5803,11,303,2448,17.0767879486084,15.759684163427343,0.001,10.363013505935669
5804,11,304,774,15.973785400390625,15.760468414639988,0.001,8.055489540100098
5805,11,305,361,14.774065971374512,15.755909391108268,0.001,10.080785274505615
5806,11,306,2511,18.003646850585938,15.761813623662372,0.001,10.107843160629272
5807,11,307,492,20.679948806762695,15.78556132083313,0.001,8.745631456375122
5808,11,308,1441,24.382219314575195,15.800669408971968,0.001,9.192060470581055
5809,11,309,340,15.13637924194336,15.798274933946539,0.001,7.370808839797974
5810,11,310,727,16.328170776367188,15.799167828642627,0.001,7.16089391708374
5811,11,311,1519,20.986675262451172,15.818067323409194,0.001,9.393674373626709
5812,11,312,913,16.804710388183594,15.820571269235453,0.001,10.057730913162231
5813,11,313,801,16.357242584228516,15.821895251781974,0.001,10.145780086517334
5814,11,314,851,18.049175262451172,15.832657759797303,0.001,9.809319972991943
5815,11,315,2152,22.22401237487793,15.854992189511675,0.001,9.059787511825562
5816,11,316,852,15.224225997924805,15.852796902299001,0.001,8.829671144485474
5817,11,317,400,12.7837553024292,15.84590538681214,0.001,8.55532431602478
5818,11,318,1399,31.757099151611328,15.921103245073562,0.001,8.010734558105469
5819,11,319,522,31.313756942749023,15.992690801742375,0.001,9.219751119613647
5820,11,320,68,20.130949020385742,16.00314247571721,0.001,6.457407236099243
5821,11,321,2793,28.257993698120117,16.060482319166375,0.001,9.97142243385315
5822,11,322,920,16.397523880004883,16.062046829910294,0.001,8.562873125076294
5823,11,323,2930,10.958606719970703,16.053899121735842,0.001,8.561315298080444
5824,11,324,2709,22.5185604095459,16.06430843833784,0.001,9.109039306640625
5825,11,325,1951,15.59261417388916,16.062696220726405,0.001,8.15391993522644
5826,11,326,64,26.734621047973633,16.080239583431826,0.001,7.838353395462036
5827,11,327,759,17.24533462524414,16.08415441829638,0.001,10.0199716091156
5828,11,328,1482,8.786405563354492,16.072520947291274,0.001,9.716720342636108
5829,11,329,519,10.97265338897705,16.049471376829185,0.001,8.84433102607727
5830,11,330,2192,27.62985610961914,16.06505724170142,0.001,9.746086835861206
5831,11,331,773,14.329028129577637,16.059226671421094,0.001,8.97755479812622
5832,11,332,916,10.059412956237793,16.049479276226105,0.001,7.319859504699707
5833,11,333,2392,10.15651798248291,16.035230319730008,0.001,8.538129806518555
5834,11,334,2450,14.521719932556152,16.030278546321988,0.001,9.041911125183105
5835,11,335,689,25.170452117919922,16.051923751309605,0.001,7.537995100021362
5836,11,336,2596,15.777119636535645,16.05127299094542,0.001,7.8869547843933105
5837,11,337,951,16.4075870513916,16.05244815470918,0.001,10.76927137374878
5838,11,338,56,12.954532623291016,16.042236060692936,0.001,8.785374402999878
5839,11,339,2117,17.098203659057617,16.045622549372585,0.001,8.547407865524292
5840,11,340,787,14.376372337341309,16.04297842140672,0.001,7.718184471130371
5841,11,341,175,12.839137077331543,16.035331484212545,0.001,8.682705402374268
5842,11,342,378,18.84613609313965,16.047550706649606,0.001,8.126416444778442
5843,11,343,956,13.59962272644043,16.036999197394238,0.001,7.541744232177734
5844,11,344,814,10.1303129196167,16.027637686300437,0.001,8.265796899795532
5845,11,345,2349,19.313703536987305,16.041689387883658,0.001,8.355828285217285
5846,11,346,2871,15.830947875976562,16.040791875125024,0.001,9.357109546661377
5847,11,347,607,11.369207382202148,16.03393422104538,0.001,7.492255210876465
5848,11,348,383,18.31282615661621,16.043335550190765,0.001,9.124418258666992
5849,11,349,1311,9.827527046203613,16.017045468181404,0.001,8.498950481414795
5850,11,350,693,11.791336059570312,15.999121434994152,0.001,9.171616077423096
5851,11,351,424,20.658771514892578,16.009124335159495,0.001,9.003625869750977
5852,11,352,616,10.427104949951172,15.985924794220306,0.001,8.208219766616821
5853,11,353,2784,17.381072998046875,15.991779399140857,0.001,9.480908870697021
5854,11,354,789,18.24666404724121,15.99880004212493,0.001,8.787028551101685
5855,11,355,1817,12.344614028930664,15.993550602231904,0.001,8.264809608459473
5856,11,356,2387,37.56679153442383,16.04160170765315,0.001,9.058413982391357
5857,11,357,2864,14.265772819519043,16.037621322706645,0.001,9.39055585861206
5858,11,358,864,18.90642547607422,16.04163147958406,0.001,8.54052996635437
5859,11,359,601,18.502016067504883,16.051756187392503,0.001,8.723581314086914
5860,11,360,2179,10.495187759399414,16.0393595545987,0.001,9.598434925079346
5861,11,361,721,12.113541603088379,16.03087944740626,0.001,7.505568504333496
5862,11,362,1921,14.643558502197266,16.026633714128415,0.001,8.950503587722778
5863,11,363,904,31.28145408630371,16.05612542200172,0.001,8.998387813568115
5864,11,364,2911,21.191875457763672,16.063045194497313,0.001,8.584956645965576
5865,11,365,1557,11.395268440246582,16.043992850311,0.001,8.037252187728882
5866,11,366,819,12.829033851623535,16.03419328721141,0.001,7.588009834289551
5867,11,367,873,13.248342514038086,16.030657258978962,0.001,9.115771770477295
5868,11,368,481,13.110502243041992,16.021841204287217,0.001,8.830315113067627
5869,11,369,1923,10.630691528320312,16.005243682459596,0.001,9.658042192459106
5870,11,370,825,23.174795150756836,16.01525065210185,0.001,9.245208501815796
5871,11,371,2522,16.810617446899414,16.017612761995647,0.001,9.201515674591064
5872,11,372,1265,9.498812675476074,16.0082871716579,0.001,8.346679449081421
5873,11,373,1127,11.440972328186035,15.998340170542162,0.001,9.40744423866272
5874,11,374,407,14.607463836669922,15.99419733343031,0.001,9.962908506393433
5875,11,375,2832,13.541921615600586,15.984958683193238,0.001,7.961859703063965
5876,11,376,1807,31.291126251220703,16.04449457956826,0.001,8.14684271812439
5877,11,377,436,13.814038276672363,16.03987649034154,0.001,7.944307565689087
5878,11,378,2432,6.3866705894470215,16.026187387856847,0.001,9.430397272109985
5879,11,379,1372,9.087328910827637,16.005905312786613,0.001,8.144224405288696
5880,11,380,962,12.71951675415039,15.998967347634562,0.001,8.325340032577515
5881,11,381,2538,8.84829330444336,15.988979744593552,0.001,8.87889313697815
5882,11,382,468,11.784613609313965,15.972795342962645,0.001,7.653684139251709
5883,11,383,991,14.029960632324219,15.970160553067881,0.001,9.022344827651978
5884,11,384,682,19.110275268554688,15.982218492719735,0.001,8.857226848602295
5885,11,385,1117,15.924043655395508,15.982047171524428,0.001,8.227302312850952
5886,11,386,990,21.217622756958008,15.997495945463838,0.001,8.248274087905884
5887,11,387,2144,10.345791816711426,15.989825194250866,0.001,9.24422550201416
5888,11,388,694,15.774009704589844,15.989000944148062,0.001,7.260765552520752
5889,11,389,915,12.413948059082031,15.984299364103217,0.001,9.541867971420288
5890,11,390,778,11.534814834594727,15.971692984315977,0.001,7.81085205078125
5891,11,391,336,11.511080741882324,15.954654118036029,0.001,9.3468177318573
5892,11,392,388,11.326404571533203,15.948652447723507,0.001,9.695550441741943
5893,11,393,961,15.402390480041504,15.946600083981725,0.001,8.501436233520508
5894,11,394,1791,14.2177152633667,15.943163099846297,0.001,9.526483058929443
5895,11,395,405,11.760981559753418,15.934546905616346,0.001,7.1799750328063965
5896,11,396,1120,15.21054458618164,15.933161087095712,0.001,9.351499557495117
5897,11,397,685,13.494710922241211,15.926411340181298,0.001,7.914034605026245
5898,11,398,2399,13.189093589782715,15.923137028967403,0.001,7.120019912719727
5899,11,399,447,11.447672843933105,15.917098497810724,0.001,8.009361267089844
5900,11,400,254,13.548257827758789,15.908332812669947,0.001,7.441593170166016
5901,11,401,2861,17.214384078979492,15.911989430597185,0.001,8.621708393096924
5902,11,402,1806,16.665298461914062,15.914778113385823,0.001,8.448152780532837
5903,11,403,1844,19.44655990600586,15.918916516299548,0.001,5.847405910491943
5904,11,404,870,13.166244506835938,15.913475668816657,0.001,10.304705381393433
5905,11,405,28,7.968636512756348,15.903089658487115,0.001,8.53257417678833
5906,11,406,390,12.352208137512207,15.896284699698228,0.001,7.896578073501587
5907,11,407,1460,18.6011962890625,15.901615866387262,0.001,8.278765201568604
5908,11,408,1756,11.802311897277832,15.890567197160097,0.001,7.293605804443359
5909,11,409,446,9.492453575134277,15.873218124191729,0.001,8.085611343383789
5910,11,410,342,14.830498695373535,15.869372579699021,0.001,8.367953538894653
5911,11,411,29,10.351639747619629,15.854485229670711,0.001,7.9300782680511475
5912,11,412,2794,6.839018821716309,15.842700511421894,0.001,7.134690046310425
5913,11,413,2098,24.63898277282715,15.858332084471861,0.001,6.7539122104644775
5914,11,414,2583,13.225052833557129,15.851169209345047,0.001,7.4128382205963135
5915,11,415,2580,21.598560333251953,15.871326772197259,0.001,8.497453927993774
5916,11,416,403,10.276171684265137,15.860701242073626,0.001,9.365825891494751
5917,11,417,1113,14.110649108886719,15.85446225294433,0.001,9.12683391571045
5918,11,418,695,11.460902214050293,15.842636874421151,0.001,9.133448600769043
5919,11,419,488,10.465344429016113,15.823760962231528,0.001,8.728967428207397
5920,11,420,788,15.514908790588379,15.82266670719191,0.001,8.295087575912476
5921,11,421,832,14.711637496948242,15.81877689117954,0.001,8.745017528533936
5922,11,422,2694,8.840218544006348,15.810076157727826,0.001,7.6090757846832275
5923,11,423,2494,19.603689193725586,15.81997336531697,0.001,9.007814168930054
5924,11,424,710,12.179953575134277,15.810474998747942,0.001,7.746840476989746
5925,11,425,441,12.543789863586426,15.801942076354187,0.001,7.501006126403809
5926,11,426,981,15.673992156982422,15.801607427279023,0.001,9.556692361831665
5927,11,427,2505,11.2003173828125,15.79577016783549,0.001,9.227641582489014
5928,11,428,2075,11.13370132446289,15.787253335165975,0.001,9.835025787353516
5929,11,429,977,14.534871101379395,15.784999510436396,0.001,9.959933042526245
5930,11,430,459,12.186975479125977,15.780589953404176,0.001,9.307394027709961
5931,11,431,1838,14.713147163391113,15.777876145848598,0.001,8.657814741134644
5932,11,432,2543,15.441144943237305,15.7770016692611,0.001,9.382857322692871
5933,11,433,2327,12.907346725463867,15.771819597158663,0.001,8.130756616592407
5934,11,434,2588,11.396821975708008,15.756672043940421,0.001,9.278681516647339
5935,11,435,2482,9.030258178710938,15.733516178787168,0.001,10.022059440612793
5936,11,436,514,13.533395767211914,15.729447717457855,0.001,9.510483026504517
5937,11,437,2547,29.450613021850586,15.76449905578939,0.001,8.453377962112427
5938,11,438,986,21.09758758544922,15.778272748912377,0.001,7.816049098968506
5939,11,439,914,15.057092666625977,15.776452098362414,0.001,8.32143235206604
5940,11,440,408,8.841024398803711,15.764046520848487,0.001,9.601964950561523
5941,11,441,374,8.986525535583496,15.741397581752476,0.001,9.832016229629517
5942,11,442,1481,9.977483749389648,15.726719123546232,0.001,9.402341604232788
5943,11,443,1324,13.16867446899414,15.718243996110354,0.001,8.633702516555786
5944,11,444,919,12.538799285888672,15.70748643392256,0.001,9.610328674316406
5945,11,445,803,12.969472885131836,15.704320035886141,0.001,8.037625074386597
5946,11,446,827,18.04427146911621,15.707783410819555,0.001,9.637916564941406
5947,11,447,719,15.158905029296875,15.70596433084914,0.001,9.639350652694702
5948,11,448,2874,16.93497085571289,15.708946999678513,0.001,9.941160917282104
5949,11,449,2443,12.339864730834961,15.700688420206047,0.001,8.143484830856323
5950,11,450,2617,23.0079345703125,15.724528509961322,0.001,10.220800399780273
5951,11,451,1089,19.230789184570312,15.73598803988886,0.001,8.402307271957397
5952,11,452,1259,9.51908016204834,15.725333768118213,0.001,8.987266540527344
5953,11,453,1506,12.712377548217773,15.722001596437426,0.001,9.17045521736145
5954,11,454,1839,11.970489501953125,15.71772168703533,0.001,10.235461711883545
5955,11,455,1153,12.250718116760254,15.706366143377592,0.001,8.440633058547974
5956,11,456,1383,12.598386764526367,15.700882305465838,0.001,9.549203157424927
5957,11,457,1938,14.874180793762207,15.69995953490533,0.001,7.582541465759277
5958,11,458,1575,18.052505493164062,15.705795135610284,0.001,7.744970321655273
5959,11,459,1577,22.51677703857422,15.72218522236287,0.001,6.791295051574707
5960,11,460,1098,15.12732219696045,15.721149339189216,0.001,8.673805475234985
5961,11,461,1399,18.934003829956055,15.731610025446967,0.001,8.049173593521118
5962,11,462,1311,10.298625946044922,15.714282722313275,0.001,7.2543559074401855
5963,11,463,1368,10.691832542419434,15.705517562178922,0.001,6.994687795639038
5964,11,464,1585,11.53693675994873,15.692415426899942,0.001,8.72904086112976
5965,11,465,1616,10.828409194946289,15.680571025040546,0.001,8.312715768814087
5966,11,466,1397,10.354544639587402,15.663523050562224,0.001,8.789924383163452
5967,11,467,1576,6.236021041870117,15.65305134694124,0.001,8.219733953475952
5968,11,468,1302,17.695148468017578,15.65907238728646,0.001,10.337503433227539
5969,11,469,1097,9.62381362915039,15.652475259201788,0.001,9.15283751487732
5970,11,470,1118,10.312516212463379,15.639947395162956,0.001,7.336831331253052
5971,11,471,1570,16.60425567626953,15.641039603224097,0.001,7.172121524810791
5972,11,472,1372,11.00760555267334,15.630216070767723,0.001,7.189953327178955
5973,11,473,1915,14.081388473510742,15.627651399281051,0.001,7.536101818084717
5974,11,474,1714,14.12850284576416,15.624233641349557,0.001,7.611703157424927
5975,11,475,1541,12.768426895141602,15.621342734187738,0.001,6.514007091522217
5976,11,476,1626,11.220985412597656,15.616615153808713,0.001,8.667749166488647
5977,11,477,1174,21.032907485961914,15.629260539274728,0.001,10.15235686302185
5978,11,478,1120,13.51272201538086,15.625915150282639,0.001,10.301109552383423
5979,11,479,1344,10.550792694091797,15.614253418871039,0.001,10.071550846099854
5980,11,480,1439,12.384729385375977,15.604429991847768,0.001,9.808749914169312
5981,11,481,2050,9.669807434082031,15.594828199332161,0.001,7.595166206359863
5982,11,482,1313,12.931428909301758,15.587001407967021,0.001,9.769190073013306
5983,11,483,1636,11.367927551269531,15.57406301816954,0.001,9.544441223144531
5984,11,484,1151,22.629188537597656,15.585179424745586,0.001,10.09777021408081
5985,11,485,1548,18.602312088012695,15.591804936670073,0.001,8.950649976730347
5986,11,486,2080,17.00048828125,15.59611155212119,0.001,8.795144081115723
5987,11,487,1519,23.803543090820312,15.615115840623476,0.001,8.35138750076294
5988,11,488,1334,10.285796165466309,15.60945221506471,0.001,9.708160877227783
5989,11,489,178,9.236557006835938,15.59536060095238,0.001,9.830274820327759
5990,11,490,1751,14.411449432373047,15.593443561630098,0.001,8.38368844985962
5991,11,491,1460,8.349536895751953,15.58171009140533,0.001,7.869874954223633
5992,11,492,1878,11.952129364013672,15.575936279584555,0.001,8.47298002243042
5993,11,493,1764,12.24320125579834,15.565756436763188,0.001,9.295948505401611
5994,11,494,1568,11.238490104675293,15.556119216403404,0.001,7.185483932495117
5995,11,495,1569,22.101430892944336,15.570859611234551,0.001,8.748437881469727
5996,11,496,2013,10.56399154663086,15.565618102894637,0.001,8.934033870697021
5997,11,497,1342,16.56136131286621,15.567798150746649,0.001,9.038992881774902
5998,11,498,1503,20.454002380371094,15.574963024899759,0.001,7.164862394332886
5999,11,499,1793,11.196944236755371,15.562169290023276,0.001,9.41535758972168
6000,12,0,1768,20.392230987548828,20.392230987548828,0.001,9.664674043655396
6001,12,1,1360,10.561344146728516,15.533960932303001,0.001,7.9329915046691895
6002,12,2,1693,17.6282901763916,16.76283713776342,0.001,7.91633677482605
6003,12,3,1434,17.19782829284668,16.89284961555077,0.001,7.994854927062988
6004,12,4,1493,12.803767204284668,15.696014530136189,0.001,9.468551874160767
6005,12,5,1699,16.27891731262207,15.773139334840133,0.001,7.753159523010254
6006,12,6,2197,18.067880630493164,16.13756271943775,0.001,9.122949361801147
6007,12,7,1649,17.55695343017578,16.33358915001836,0.001,8.454907417297363
6008,12,8,2205,9.826889991760254,15.53399343516008,0.001,8.355798959732056
6009,12,9,1123,25.8612117767334,16.352346523428828,0.001,10.435492992401123
6010,12,10,1543,8.925777435302734,15.97332605430562,0.001,9.197260618209839
6011,12,11,1692,14.685277938842773,15.814828803063104,0.001,9.086364507675171
6012,12,12,1523,14.87911319732666,15.775231839866557,0.001,8.910886764526367
6013,12,13,2070,13.684192657470703,15.554584067100462,0.001,8.784516096115112
6014,12,14,1914,8.864521026611328,15.31127531762767,0.001,7.790460109710693
6015,12,15,2243,14.074349403381348,15.196675094056076,0.001,9.146633386611938
6016,12,16,1488,21.067790985107422,15.666184548759892,0.001,9.564491748809814
6017,12,17,1181,12.630205154418945,15.488121390410651,0.001,9.621385097503662
6018,12,18,1393,15.949599266052246,15.514411521355173,0.001,8.911743640899658
6019,12,19,1923,8.345490455627441,15.12203561005505,0.001,10.105673551559448
6020,12,20,1909,15.283064842224121,15.132616978658744,0.001,7.5239222049713135
6021,12,21,1700,19.662328720092773,15.297152060479117,0.001,10.116635799407959
6022,12,22,1126,10.322023391723633,14.995842513683248,0.001,9.956972360610962
6023,12,23,2282,13.558152198791504,14.965568234169902,0.001,9.118496656417847
6024,12,24,1844,18.944772720336914,15.038876872493928,0.001,8.497405052185059
6025,12,25,1109,16.07086944580078,15.09360141369408,0.001,9.036261320114136
6026,12,26,2113,9.664015769958496,14.875962450594185,0.001,8.8609459400177
6027,12,27,1690,9.28668212890625,14.771812489559537,0.001,7.259403705596924
6028,12,28,1551,10.312854766845703,14.602557338005827,0.001,11.451255798339844
6029,12,29,1756,9.870282173156738,14.434905080755692,0.001,7.9742302894592285
6030,12,30,1457,11.275876998901367,14.291478257323773,0.001,7.318694591522217
6031,12,31,1864,13.552959442138672,14.279485919923436,0.001,8.624876737594604
6032,12,32,1921,10.770280838012695,14.164850840351983,0.001,7.498712778091431
6033,12,33,2140,8.933436393737793,14.087979194099589,0.001,9.165396928787231
6034,12,34,1196,9.109526634216309,14.018844449996221,0.001,8.302743911743164
6035,12,35,1262,8.428384780883789,13.936682122417682,0.001,8.30849838256836
6036,12,36,1343,10.324058532714844,13.886966261542264,0.001,9.299864292144775
6037,12,37,1473,10.816093444824219,13.829032127491969,0.001,9.415626287460327
6038,12,38,2071,19.758485794067383,13.953765549551049,0.001,8.166399478912354
6039,12,39,2075,10.519039154052734,13.883655443993092,0.001,8.772315263748169
6040,12,40,1802,15.47502613067627,13.928424821497156,0.001,8.51111125946045
6041,12,41,1706,15.198585510253906,13.963189451804395,0.001,8.271795511245728
6042,12,42,1484,10.105751037597656,13.859050271991686,0.001,8.234480142593384
6043,12,43,2219,10.63119888305664,13.820920701767644,0.001,8.598287343978882
6044,12,44,1365,13.227458000183105,13.813526618387627,0.001,9.3957679271698
6045,12,45,1620,20.88567352294922,13.871801897461678,0.001,9.14394760131836
6046,12,46,2034,8.262584686279297,13.687433284255292,0.001,9.818968772888184
6047,12,47,2066,13.68101978302002,13.68722729920622,0.001,8.017464876174927
6048,12,48,1821,24.49419593811035,13.810083826803352,0.001,8.631839513778687
6049,12,49,1394,21.013221740722656,13.978537864696262,0.001,7.635497808456421
6050,12,50,2147,14.109696388244629,13.982528613732578,0.001,9.043657779693604
6051,12,51,1264,15.194113731384277,13.99571705943196,0.001,7.5097551345825195
6052,12,52,1918,11.671749114990234,13.92807954477994,0.001,9.612990140914917
6053,12,53,1333,19.479413986206055,14.046642633089839,0.001,10.188370704650879
6054,12,54,2458,9.754076957702637,13.95737042662999,0.001,7.3472373485565186
6055,12,55,2347,13.043949127197266,13.938730451800021,0.001,10.260924100875854
6056,12,56,2476,13.898195266723633,13.93833814922013,0.001,8.09420657157898
6057,12,57,2335,15.723819732666016,13.955818584083906,0.001,8.251769542694092
6058,12,58,1586,11.65407657623291,13.895454314650173,0.001,10.386334419250488
6059,12,59,2272,16.262662887573242,13.940726272598948,0.001,8.830883979797363
6060,12,60,2008,12.09961223602295,13.925834744033725,0.001,7.98654580116272
6061,12,61,2498,15.235841751098633,13.943331556078656,0.001,8.720893859863281
6062,12,62,2196,10.573493957519531,13.916461385247949,0.001,8.69705843925476
6063,12,63,1540,13.157905578613281,13.909756441056066,0.001,8.575125932693481
6064,12,64,1373,9.76486873626709,13.850616390324252,0.001,8.580558776855469
6065,12,65,1823,18.567367553710938,13.96460528221312,0.001,8.445862293243408
6066,12,66,2055,18.06572723388672,14.05930737881796,0.001,9.950918912887573
6067,12,67,1532,16.810359954833984,14.121006430002033,0.001,7.983906507492065
6068,12,68,2007,19.573884963989258,14.21125953876226,0.001,10.080087423324585
6069,12,69,1735,9.808187484741211,14.176317421259037,0.001,9.387238025665283
6070,12,70,177,11.572737693786621,14.134605458438106,0.001,9.193022012710571
6071,12,71,2060,30.21509552001953,14.393111859711844,0.001,9.206870317459106
6072,12,72,1265,10.569430351257324,14.36412584875499,0.001,8.0599946975708
6073,12,73,2387,35.682003021240234,14.603436524976091,0.001,8.02942419052124
6074,12,74,1807,33.698524475097656,14.989651771761283,0.001,9.496282815933228
6075,12,75,2064,10.598548889160156,14.922433348055433,0.001,7.752296209335327
6076,12,76,2191,21.127992630004883,14.990255651483283,0.001,9.390363454818726
6077,12,77,264,16.66779136657715,15.01515324407404,0.001,7.504238843917847
6078,12,78,2233,11.887189865112305,14.982690133705892,0.001,9.774039268493652
6079,12,79,1817,9.776933670043945,14.947937490024072,0.001,10.044955730438232
6080,12,80,1571,15.29526424407959,14.95450286913917,0.001,9.820313453674316
6081,12,81,1762,14.871260643005371,14.953338441704787,0.001,7.880391359329224
6082,12,82,1879,16.695220947265625,14.970905741828673,0.001,9.896682024002075
6083,12,83,2327,12.43860149383545,14.946497240796644,0.001,8.760637998580933
6084,12,84,2427,23.20718002319336,15.056214320914195,0.001,7.211140155792236
6085,12,85,273,16.154199600219727,15.071039490521045,0.001,7.591303825378418
6086,12,86,1549,15.364726066589355,15.073899580305293,0.001,8.264023065567017
6087,12,87,2513,10.804783821105957,15.047271056079975,0.001,8.373958110809326
6088,12,88,2543,14.42453670501709,15.039125186293408,0.001,9.180981636047363
6089,12,89,1676,18.71050453186035,15.10212467571246,0.001,9.956212759017944
6090,12,90,1615,18.0283145904541,15.138270321438092,0.001,9.665063381195068
6091,12,91,1324,11.931544303894043,15.085659530194032,0.001,7.708237171173096
6092,12,92,2464,23.860015869140625,15.138310743043409,0.001,8.008885860443115
6093,12,93,2448,13.771265983581543,15.116320113776911,0.001,7.825681447982788
6094,12,94,1794,14.339603424072266,15.107163091918192,0.001,8.849149703979492
6095,12,95,1965,11.580123901367188,15.0511947568909,0.001,7.703393936157227
6096,12,96,1310,11.96888256072998,15.003185282738164,0.001,8.959850549697876
6097,12,97,2223,14.156654357910156,14.990183479426822,0.001,10.311433553695679
6098,12,98,2221,14.203636169433594,14.981117052294824,0.001,8.609411478042603
6099,12,99,1441,17.928730010986328,14.997262905993907,0.001,8.693590641021729
6100,12,100,250,21.666915893554688,15.03289341876774,0.001,9.17841911315918
6101,12,101,2099,7.429611682891846,14.972345435967767,0.001,9.26533317565918
6102,12,102,1951,10.508883476257324,14.923272663327687,0.001,8.750621795654297
6103,12,103,1777,11.078987121582031,14.882135317589551,0.001,9.374415397644043
6104,12,104,2184,22.407094955444336,14.940582704471657,0.001,9.503862380981445
6105,12,105,1481,8.302315711975098,14.868924710885496,0.001,9.067899227142334
6106,12,106,2425,17.848596572875977,14.900476880686846,0.001,8.278694152832031
6107,12,107,1812,13.054861068725586,14.874593325939637,0.001,8.46852993965149
6108,12,108,274,11.79390811920166,14.843400658180256,0.001,10.597112655639648
6109,12,109,175,8.588701248168945,14.796805106443394,0.001,9.8514404296875
6110,12,110,1480,10.458989143371582,14.776127329907256,0.001,9.086108207702637
6111,12,111,2377,12.912416458129883,14.757443209870363,0.001,9.811259031295776
6112,12,112,2563,7.880222797393799,14.708209102072905,0.001,8.144039392471313
6113,12,113,2073,9.278765678405762,14.683519331113521,0.001,8.760430097579956
6114,12,114,2328,13.860447883605957,14.677641189226046,0.001,8.235396146774292
6115,12,115,1557,12.049684524536133,14.643283674806998,0.001,9.633702993392944
6116,12,116,2117,13.648642539978027,14.633910862423045,0.001,7.970721244812012
6117,12,117,2349,11.853690147399902,14.598774469553637,0.001,10.359174966812134
6118,12,118,1173,19.156620025634766,14.619489370416888,0.001,9.286264896392822
6119,12,119,2505,11.518003463745117,14.605229326755525,0.001,9.623122930526733
6120,12,120,2051,13.543420791625977,14.595232826820443,0.001,9.580044984817505
6121,12,121,2482,9.958353996276855,14.53756752261791,0.001,9.977620363235474
6122,12,122,2398,11.312141418457031,14.498670529589143,0.001,9.778647422790527
6123,12,123,1806,8.422795295715332,14.425455604415694,0.001,8.145665407180786
6124,12,124,2216,8.72620677947998,14.403589724042785,0.001,9.236099243164062
6125,12,125,2682,10.650465965270996,14.3585483708114,0.001,8.842839241027832
6126,12,126,1105,7.6948561668396,14.32937261986963,0.001,8.203099727630615
6127,12,127,1182,8.638291358947754,14.279101541204257,0.001,7.670911073684692
6128,12,128,1845,12.98656940460205,14.274036910581986,0.001,9.27529263496399
6129,12,129,2460,13.120462417602539,14.26926966921145,0.001,7.745964288711548
6130,12,130,2569,12.468500137329102,14.258192951939522,0.001,8.814820528030396
6131,12,131,1828,8.484992027282715,14.191049115205871,0.001,7.972972393035889
6132,12,132,2668,9.385876655578613,14.149919414778397,0.001,8.511168956756592
6133,12,133,1092,18.94894790649414,14.2035611338837,0.001,9.583281993865967
6134,12,134,1838,9.723515510559082,14.167021143798673,0.001,8.339911460876465
6135,12,135,1858,12.136845588684082,14.150490243363222,0.001,8.966173648834229
6136,12,136,2181,8.976900100708008,14.130219948722996,0.001,9.36230993270874
6137,12,137,1440,11.438817977905273,14.10879676543805,0.001,8.721580505371094
6138,12,138,1797,10.739729881286621,14.095524743800446,0.001,9.084833145141602
6139,12,139,2522,14.606131553649902,14.099590115651896,0.001,9.014045715332031
6140,12,140,1250,7.611430644989014,14.075141898657018,0.001,8.063203811645508
6141,12,141,2343,8.875252723693848,14.045939295904061,0.001,8.137545585632324
6142,12,142,1495,10.131601333618164,14.01487065583512,0.001,7.888090133666992
6143,12,143,2241,10.553586959838867,13.97834007673374,0.001,8.560073137283325
6144,12,144,2455,9.978495597839355,13.963180260564108,0.001,8.286720991134644
6145,12,145,2845,16.616207122802734,13.990405746316922,0.001,7.921106576919556
6146,12,146,1081,17.257587432861328,14.01543405987749,0.001,9.434856414794922
6147,12,147,2274,11.29060173034668,13.99513731423718,0.001,8.736208438873291
6148,12,148,2152,21.03729820251465,14.047675503844616,0.001,8.867568492889404
6149,12,149,2095,14.379451751708984,14.050912742936877,0.001,8.261270999908447
6150,12,150,2834,11.107634544372559,14.0218107863625,0.001,8.564801931381226
6151,12,151,2794,8.122596740722656,14.000881488556267,0.001,9.20466423034668
6152,12,152,2235,10.4161376953125,13.966174516334288,0.001,8.97910475730896
6153,12,153,1111,17.029949188232422,13.988278297570822,0.001,9.485263347625732
6154,12,154,2479,12.56905746459961,13.97841781353954,0.001,9.435977458953857
6155,12,155,1903,9.372011184692383,13.955270503481833,0.001,6.8914384841918945
6156,12,156,2929,10.31619644165039,13.929412987232407,0.001,7.050977468490601
6157,12,157,2590,17.186548233032227,13.94534675266855,0.001,7.765836715698242
6158,12,158,2601,15.883374214172363,13.963123382199159,0.001,9.106086730957031
6159,12,159,2249,15.77320671081543,13.975953531261373,0.001,8.646134853363037
6160,12,160,1463,9.601213455200195,13.963379180779498,0.001,8.661726951599121
6161,12,161,1453,15.658370018005371,13.96857283433226,0.001,6.4052417278289795
6162,12,162,272,9.531604766845703,13.946650129943613,0.001,8.581726312637329
6163,12,163,2325,12.293746948242188,13.935335735987117,0.001,9.783440828323364
6164,12,164,2930,6.854716777801514,13.912900195366824,0.001,7.836205005645752
6165,12,165,1766,30.65288734436035,13.951511288945387,0.001,7.828252792358398
6166,12,166,2585,11.335906028747559,13.934206847283377,0.001,10.39064073562622
6167,12,167,2278,24.32171058654785,14.00487000589315,0.001,10.035942792892456
6168,12,168,2392,13.246395111083984,14.001214378693705,0.001,10.106018781661987
6169,12,169,1627,16.908798217773438,14.020632668145627,0.001,8.958558559417725
6170,12,170,1113,13.255029678344727,14.013935655016674,0.001,8.797516107559204
6171,12,171,2595,11.25179386138916,14.005393785871497,0.001,9.165072917938232
6172,12,172,2874,11.785737037658691,13.991249198812039,0.001,9.003305673599243
6173,12,173,342,11.570282936096191,13.970111189861388,0.001,10.31826400756836
6174,12,174,1443,15.469058990478516,13.982812528412493,0.001,9.78632140159607
6175,12,175,38,13.2266206741333,13.97934947453309,0.001,8.841806411743164
6176,12,176,2861,13.183316230773926,13.97428329641753,0.001,9.945739984512329
6177,12,177,2758,10.922120094299316,13.955194031119287,0.001,9.708150863647461
6178,12,178,1675,13.592415809631348,13.953591196757039,0.001,9.436163425445557
6179,12,179,266,17.68329620361328,13.984486976927746,0.001,9.266335487365723
6180,12,180,378,16.493227005004883,14.005076546884492,0.001,8.882965326309204
6181,12,181,190,11.332683563232422,13.982812406862035,0.001,9.066538095474243
6182,12,182,1832,21.909757614135742,14.046846919722094,0.001,9.938470363616943
6183,12,183,2673,23.00106430053711,14.101528107687537,0.001,8.72418999671936
6184,12,184,400,14.516322135925293,14.103118542077205,0.001,8.093026399612427
6185,12,185,372,15.471487998962402,14.10653761125099,0.001,9.848237991333008
6186,12,186,377,8.512520790100098,14.082752459549576,0.001,9.484630823135376
6187,12,187,2832,13.426905632019043,14.077834424592028,0.001,7.382141828536987
6188,12,188,1442,16.506328582763672,14.087908616370065,0.001,8.342064619064331
6189,12,189,1682,18.113698959350586,14.111390504438825,0.001,9.8207426071167
6190,12,190,2548,9.401320457458496,14.084448958799639,0.001,9.079486608505249
6191,12,191,2720,10.439696311950684,14.0751400142596,0.001,7.248524904251099
6192,12,192,2188,27.054080963134766,14.149371990423282,0.001,9.5557541847229
6193,12,193,368,8.324835777282715,14.114868022870734,0.001,8.173626184463501
6194,12,194,1556,12.200068473815918,14.10390662737937,0.001,9.510122776031494
6195,12,195,468,10.526631355285645,14.077188248230653,0.001,8.312264442443848
6196,12,196,1896,7.981379985809326,14.043138853195472,0.001,8.402405977249146
6197,12,197,2596,8.996933937072754,14.022963186355986,0.001,8.769190549850464
6198,12,198,1642,9.417526245117188,13.997668346467986,0.001,9.68678617477417
6199,12,199,1361,21.612829208374023,14.017805307416577,0.001,8.281872510910034
6200,12,200,2923,10.097787857055664,14.002773483507143,0.001,7.981146335601807
6201,12,201,1161,8.532161712646484,13.989233220888568,0.001,8.34557032585144
6202,12,202,2538,10.378719329833984,13.979743187066635,0.001,8.544407606124878
6203,12,203,2452,19.254121780395508,14.00862436409494,0.001,9.882925510406494
6204,12,204,337,14.47917366027832,14.010283721418123,0.001,7.162975072860718
6205,12,205,1263,8.911294937133789,13.982643115600125,0.001,9.79863953590393
6206,12,206,2166,17.83600425720215,13.997449509641923,0.001,8.083256721496582
6207,12,207,448,16.014860153198242,14.008549988761663,0.001,9.556916236877441
6208,12,208,2502,10.41964340209961,13.982751677704575,0.001,9.623074769973755
6209,12,209,2101,16.17808723449707,13.99840376201847,0.001,9.842789649963379
6210,12,210,73,24.19464111328125,14.024404706693511,0.001,9.069897413253784
6211,12,211,361,15.082099914550781,14.03145466434417,0.001,8.779200792312622
6212,12,212,1370,21.845121383666992,14.072563154902939,0.001,9.181546688079834
6213,12,213,2378,24.377151489257812,14.126715936821661,0.001,8.095013618469238
6214,12,214,69,22.278005599975586,14.183298142843784,0.001,8.471633195877075
6215,12,215,325,16.669910430908203,14.196023393281484,0.001,9.276018619537354
6216,12,216,2144,6.93446159362793,14.178489507336561,0.001,8.256275177001953
6217,12,217,392,8.142227172851562,14.137920497762721,0.001,7.256272554397583
6218,12,218,1679,9.39062786102295,14.120377608167322,0.001,9.162387132644653
6219,12,219,382,8.573479652404785,14.107396877502863,0.001,6.816381216049194
6220,12,220,2706,9.553550720214844,14.09700166684519,0.001,8.04064679145813
6221,12,221,2546,6.690321922302246,14.060117093329064,0.001,8.7115797996521
6222,12,222,1900,19.718759536743164,14.073950935177288,0.001,9.498878240585327
6223,12,223,611,10.304877281188965,14.060742196599406,0.001,9.00143027305603
6224,12,224,2251,7.771650791168213,14.03788315187977,0.001,6.38242506980896
6225,12,225,1596,15.800230026245117,14.043976582484918,0.001,8.066358804702759
6226,12,226,408,8.002615928649902,14.02287803882942,0.001,8.027886152267456
6227,12,227,2413,8.467500686645508,13.99520849344912,0.001,8.41356635093689
6228,12,228,1848,7.6354756355285645,13.953663018023304,0.001,8.6539945602417
6229,12,229,2565,7.331257343292236,13.938046429401032,0.001,6.962585210800171
6230,12,230,1482,6.407583713531494,13.920839673429656,0.001,8.837963819503784
6231,12,231,2399,9.8423490524292,13.912400792730095,0.001,8.144590616226196
6232,12,232,523,18.050580978393555,13.939223356132436,0.001,7.5120697021484375
6233,12,233,1132,9.536857604980469,13.917795263260157,0.001,8.37686824798584
6234,12,234,2179,9.374837875366211,13.902083002219783,0.001,8.036080121994019
6235,12,235,67,17.663040161132812,13.919979465164845,0.001,7.80132532119751
6236,12,236,2672,10.516355514526367,13.898410813099703,0.001,9.094268083572388
6237,12,237,2911,21.279865264892578,13.913756730903339,0.001,10.958134412765503
6238,12,238,492,15.076212882995605,13.921031458363531,0.001,7.692975759506226
6239,12,239,2906,13.70251750946045,13.920015880300147,0.001,9.09354567527771
6240,12,240,1093,12.015568733215332,13.908464041410113,0.001,8.970015048980713
6241,12,241,2202,9.456082344055176,13.880931549680705,0.001,7.7671332359313965
6242,12,242,1317,9.133824348449707,13.870560996097343,0.001,9.180896759033203
6243,12,243,680,11.254817962646484,13.864905860339858,0.001,7.948650121688843
6244,12,244,2406,15.207472801208496,13.873143420870772,0.001,8.117347717285156
6245,12,245,459,7.832255840301514,13.860160609457134,0.001,8.159533500671387
6246,12,246,60,9.252202033996582,13.845280860443687,0.001,7.814042806625366
6247,12,247,77,11.898927688598633,13.836386675297302,0.001,8.405145168304443
6248,12,248,2789,10.569244384765625,13.821761367019072,0.001,7.832460880279541
6249,12,249,705,7.2956085205078125,13.782288241984336,0.001,9.021629333496094
6250,12,250,686,8.111355781555176,13.756530304802483,0.001,8.293258428573608
6251,12,251,1779,10.726412773132324,13.738722132377895,0.001,7.522618770599365
6252,12,252,2588,9.028093338012695,13.710808809560373,0.001,8.147857189178467
6253,12,253,340,8.150971412658691,13.686430374456009,0.001,8.291299104690552
6254,12,254,514,11.660591125488281,13.680033376584177,0.001,7.9246985912323
6255,12,255,2614,10.079048156738281,13.659386959467925,0.001,9.148534059524536
6256,12,256,98,7.788614749908447,13.625490189791673,0.001,7.63416314125061
6257,12,257,1099,8.098554611206055,13.59382758578987,0.001,7.0568015575408936
6258,12,258,1326,5.953189373016357,13.578497244977903,0.001,8.38481616973877
6259,12,259,1363,22.053211212158203,13.614505852729016,0.001,9.25188422203064
6260,12,260,788,13.121807098388672,13.611716220628786,0.001,6.509697437286377
6261,12,261,1274,15.167143821716309,13.618145241322287,0.001,10.183048009872437
6262,12,262,787,20.1346378326416,13.631386131440868,0.001,10.10265302658081
6263,12,263,832,7.151619911193848,13.59542901396477,0.001,9.598331689834595
6264,12,264,2608,11.800481796264648,13.58527686876554,0.001,9.589702844619751
6265,12,265,2763,13.960814476013184,13.586014247197427,0.001,8.794988870620728
6266,12,266,803,8.823862075805664,13.576863403072316,0.001,9.666926622390747
6267,12,267,29,8.026524543762207,13.554098134015264,0.001,10.146926164627075
6268,12,268,1306,13.827424049377441,13.555589856228616,0.001,7.210021495819092
6269,12,269,607,15.038187980651855,13.558370712245157,0.001,8.208511590957642
6270,12,270,1355,12.967477798461914,13.555947127765565,0.001,8.06408429145813
6271,12,271,773,11.313952445983887,13.546834599879938,0.001,9.659409999847412
6272,12,272,2784,15.954510688781738,13.559868021487867,0.001,7.3969786167144775
6273,12,273,518,15.40051555633545,13.563420590844347,0.001,10.182955503463745
6274,12,274,834,11.53354263305664,13.552575756136182,0.001,10.686699390411377
6275,12,275,254,14.444239616394043,13.557298437300767,0.001,6.8720502853393555
6276,12,276,864,14.72790241241455,13.559400908652613,0.001,9.745138883590698
6277,12,277,458,24.725078582763672,13.581138724948364,0.001,10.253114938735962
6278,12,278,2694,12.790513038635254,13.579654944135841,0.001,9.687265157699585
6279,12,279,2660,23.455463409423828,13.63060566546381,0.001,8.85559868812561
6280,12,280,873,14.721722602844238,13.632407741693267,0.001,7.433215856552124
6281,12,281,2535,9.995211601257324,13.625596939356331,0.001,8.64071273803711
6282,12,282,2149,9.507749557495117,13.609218576766239,0.001,9.740244388580322
6283,12,283,74,9.544726371765137,13.601749482201194,0.001,8.248473405838013
6284,12,284,2709,23.20076560974121,13.619377597409187,0.001,8.73492169380188
6285,12,285,811,13.566681861877441,13.619286953442103,0.001,8.390827655792236
6286,12,286,2593,12.190312385559082,13.613620739458478,0.001,7.2399609088897705
6287,12,287,1122,7.70549201965332,13.597020765316762,0.001,10.020518064498901
6288,12,288,2204,11.176198959350586,13.584774490176803,0.001,10.21060299873352
6289,12,289,2613,13.078287124633789,13.582855118467199,0.001,10.600753784179688
6290,12,290,447,6.6132330894470215,13.56998650985909,0.001,8.977120399475098
6291,12,291,861,8.019312858581543,13.554824146699389,0.001,8.576601505279541
6292,12,292,1819,15.854026794433594,13.559032886325923,0.001,8.538574934005737
6293,12,293,2499,11.596725463867188,13.553690726864534,0.001,9.249070405960083
6294,12,294,256,10.540703773498535,13.545624984419906,0.001,7.224661350250244
6295,12,295,1088,11.132299423217773,13.536696780598346,0.001,7.664121389389038
6296,12,296,2927,39.58519744873047,13.577262822742181,0.001,9.499170541763306
6297,12,297,1945,9.293146133422852,13.55579928529027,0.001,8.718523263931274
6298,12,298,2775,16.549333572387695,13.566845122182038,0.001,8.053323984146118
6299,12,299,951,16.695537567138672,13.57847042153481,0.001,7.694488763809204
6300,12,300,488,14.156179428100586,13.581298213870566,0.001,7.901155948638916
6301,12,301,2298,7.907014846801758,13.571543952947081,0.001,8.73725414276123
6302,12,302,2203,10.37785816192627,13.555818109086518,0.001,9.335664749145508
6303,12,303,870,9.688704490661621,13.545652157740589,0.001,9.297623634338379
6304,12,304,695,7.203275680541992,13.52223808337096,0.001,8.362864255905151
6305,12,305,1602,29.69791030883789,13.540855016481107,0.001,10.296055316925049
6306,12,306,915,8.382781982421875,13.532212071084743,0.001,9.476271629333496
6307,12,307,446,8.742180824279785,13.514929174902129,0.001,9.203094482421875
6308,12,308,2163,11.572664260864258,13.507707749498177,0.001,10.437228202819824
6309,12,309,363,10.763033866882324,13.503003349444594,0.001,8.019644498825073
6310,12,310,759,9.027727127075195,13.487041521165194,0.001,9.243507623672485
6311,12,311,719,11.413853645324707,13.477115418338988,0.001,8.75348973274231
6312,12,312,825,16.285308837890625,13.481782405786873,0.001,9.421382904052734
6313,12,313,1502,12.867352485656738,13.478821156381903,0.001,10.232446670532227
6314,12,314,2511,18.4348201751709,13.491559125148203,0.001,8.204936742782593
6315,12,315,986,23.1837100982666,13.526458229747222,0.001,9.280612707138062
6316,12,316,990,15.461404800415039,13.53344607990513,0.001,7.037832736968994
6317,12,317,1814,8.749090194702148,13.516861677653221,0.001,10.16321849822998
6318,12,318,1346,16.644140243530273,13.530937741687053,0.001,8.551252603530884
6319,12,319,989,8.848814010620117,13.51464098696258,0.001,8.447447061538696
6320,12,320,2000,10.057297706604004,13.508975073177089,0.001,8.360554695129395
6321,12,321,2533,11.363419532775879,13.503551923886727,0.001,10.202558994293213
6322,12,322,2494,20.486499786376953,13.527531034849856,0.001,9.950309753417969
6323,12,323,1686,13.703266143798828,13.528336924279936,0.001,7.662395477294922
6324,12,324,919,8.603224754333496,13.505450719693677,0.001,8.196391105651855
6325,12,325,453,11.98418140411377,13.501764926637282,0.001,8.797395706176758
6326,12,326,851,10.495201110839844,13.48779250012735,0.001,8.602562427520752
6327,12,327,2340,11.760939598083496,13.482059833609652,0.001,9.070984363555908
6328,12,328,2529,8.819971084594727,13.465923515171951,0.001,9.262751579284668
6329,12,329,1083,10.312366485595703,13.452112718958253,0.001,7.537686347961426
6330,12,330,1470,9.666969299316406,13.439735853282208,0.001,8.637849569320679
6331,12,331,1888,12.699567794799805,13.436489417357974,0.001,9.952480554580688
6332,12,332,2098,22.70039939880371,13.456769687166013,0.001,8.47541332244873
6333,12,333,966,13.437582969665527,13.456725002586474,0.001,8.592291355133057
6334,12,334,2443,7.23716926574707,13.43626069244289,0.001,9.779685020446777
6335,12,335,1127,11.000774383544922,13.4303870385298,0.001,8.358222961425781
6336,12,336,68,12.20072078704834,13.427430851385177,0.001,7.180894374847412
6337,12,337,2422,9.510976791381836,13.421279049257954,0.001,7.328888177871704
6338,12,338,2901,13.027254104614258,13.420332658595024,0.001,8.350633382797241
6339,12,339,721,10.010998725891113,13.412477985211748,0.001,8.579150199890137
6340,12,340,2584,8.07097053527832,13.389296581841036,0.001,8.698797702789307
6341,12,341,913,9.318163871765137,13.379861104477957,0.001,8.824480295181274
6342,12,342,367,17.463279724121094,13.389221866753902,0.001,10.453387260437012
6343,12,343,2172,11.610801696777344,13.383363956160554,0.001,6.9413816928863525
6344,12,344,490,12.719557762145996,13.382320663495573,0.001,7.382119178771973
6345,12,345,388,10.95838737487793,13.378748231584625,0.001,9.524486541748047
6346,12,346,436,13.931078910827637,13.379997567536613,0.001,8.832419633865356
6347,12,347,728,10.507063865661621,13.370741122541446,0.001,7.978989601135254
6348,12,348,2564,11.10345458984375,13.363606938848374,0.001,7.888943672180176
6349,12,349,2229,11.13105297088623,13.359200404172292,0.001,6.960222959518433
6350,12,350,344,9.515896797180176,13.353344333991306,0.001,7.652259826660156
6351,12,351,2781,18.606157302856445,13.363811108680613,0.001,9.63442349433899
6352,12,352,2793,15.86320972442627,13.374556130202633,0.001,8.286251783370972
6353,12,353,693,8.11666202545166,13.35232116934662,0.001,9.129618644714355
6354,12,354,689,23.660799026489258,13.37544200964873,0.001,9.07251787185669
6355,12,355,455,28.148967742919922,13.392412381105357,0.001,7.401599645614624
6356,12,356,727,20.855743408203125,13.403420601137451,0.001,9.469962358474731
6357,12,357,981,17.115142822265625,13.415072154523589,0.001,8.927454233169556
6358,12,358,2449,10.346712112426758,13.405483663085446,0.001,8.879087209701538
6359,12,359,699,14.348952293395996,13.40837456815242,0.001,8.592009544372559
6360,12,360,771,12.327220916748047,13.405040159589415,0.001,6.769737243652344
6361,12,361,814,8.829660415649414,13.39810415109813,0.001,6.65822172164917
6362,12,362,2297,11.726457595825195,13.392828549748128,0.001,7.382836103439331
6363,12,363,2450,11.99925422668457,13.388617479767799,0.001,7.286675930023193
6364,12,364,2174,25.566219329833984,13.437038134633585,0.001,8.038777112960815
6365,12,365,2864,18.188858032226562,13.447533833036944,0.001,6.809051990509033
6366,12,366,904,29.22768211364746,13.477989726786738,0.001,7.1605753898620605
6367,12,367,496,20.83176612854004,13.499429508591609,0.001,8.638939619064331
6368,12,368,852,17.337478637695312,13.51096292713088,0.001,6.634749889373779
6369,12,369,2432,9.801570892333984,13.505548329068663,0.001,8.656247615814209
6370,12,370,2270,11.270852088928223,13.496451948849986,0.001,7.289520263671875
6371,12,371,1772,9.761422157287598,13.481241374894728,0.001,8.653917789459229
6372,12,372,64,17.604238510131836,13.48721597685274,0.001,9.171032428741455
6373,12,373,2401,10.010815620422363,13.476662980685555,0.001,7.382043361663818
6374,12,374,521,6.337935447692871,13.466548971287894,0.001,8.340736389160156
6375,12,375,2523,15.736870765686035,13.475577224787457,0.001,8.146098375320435
6376,12,376,601,18.999656677246094,13.497407391979106,0.001,6.248807907104492
6377,12,377,742,12.72435188293457,13.49434856905137,0.001,8.158962965011597
6378,12,378,2619,9.674863815307617,13.4869842633172,0.001,7.854671239852905
6379,12,379,1617,19.160690307617188,13.50844079491514,0.001,8.03185772895813
6380,12,380,2552,16.589506149291992,13.517376573011529,0.001,7.393292188644409
6381,12,381,374,10.449562072753906,13.505511031594658,0.001,7.821859359741211
6382,12,382,2722,17.017562866210938,13.51001219750071,0.001,8.922812938690186
6383,12,383,1516,14.11704158782959,13.511764021437662,0.001,8.676425457000732
6384,12,384,682,14.080560684204102,13.513943672828807,0.001,9.473921060562134
6385,12,385,616,9.845220565795898,13.499973939026221,0.001,9.676398277282715
6386,12,386,1791,9.04675006866455,13.49095831678499,0.001,10.37341856956482
6387,12,387,2610,9.727694511413574,13.485797563145951,0.001,8.812010526657104
6388,12,388,401,23.858549118041992,13.515550524345226,0.001,9.478726387023926
6389,12,389,808,18.269672393798828,13.529019612591302,0.001,8.562223196029663
6390,12,390,956,9.856828689575195,13.51513417402808,0.001,10.113853693008423
6391,12,391,1846,13.676093101501465,13.515587062982583,0.001,8.975373029708862
6392,12,392,403,10.268939018249512,13.50908315119495,0.001,10.024488925933838
6393,12,393,1902,16.903532028198242,13.518686994583877,0.001,8.557839393615723
6394,12,394,2654,12.07466983795166,13.51324691575018,0.001,9.940340042114258
6395,12,395,432,19.349666595458984,13.529314024897717,0.001,7.890437364578247
6396,12,396,2772,10.313419342041016,13.520345012060767,0.001,8.187633037567139
6397,12,397,1530,11.904141426086426,13.514342617281017,0.001,9.319755554199219
6398,12,398,1117,15.134902000427246,13.5189308403531,0.001,9.531232118606567
6399,12,399,2871,11.48575496673584,13.511463469971936,0.001,8.524544954299927
6400,12,400,405,10.555479049682617,13.50549309729474,0.001,8.681302547454834
6401,12,401,65,9.950661659240723,13.500711111294727,0.001,8.451612949371338
6402,12,402,2435,8.531482696533203,13.49398962920299,0.001,8.466499328613281
6403,12,403,920,10.634995460510254,13.48337804262594,0.001,9.613094806671143
6404,12,404,789,19.444679260253906,13.499651730695577,0.001,8.793200254440308
6405,12,405,407,15.087327003479004,13.503988592925275,0.001,8.797419786453247
6406,12,406,1554,14.280159950256348,13.505010350009677,0.001,9.172315120697021
6407,12,407,2294,10.9202241897583,13.50176530166599,0.001,9.29170560836792
6408,12,408,376,25.148603439331055,13.51708442106195,0.001,10.396267414093018
6409,12,409,977,19.497848510742188,13.528340655274803,0.001,9.156486511230469
6410,12,410,1128,19.0113525390625,13.543207920808294,0.001,7.499079942703247
6411,12,411,424,17.978796005249023,13.551354100382392,0.001,7.165231466293335
6412,12,412,2909,15.112890243530273,13.555601856207382,0.001,9.048375606536865
6413,12,413,2669,14.438883781433105,13.556749557488867,0.001,9.614229917526245
6414,12,414,1155,14.662151336669922,13.558189808502766,0.001,8.553286790847778
6415,12,415,991,13.470414161682129,13.558079995185116,0.001,8.637808561325073
6416,12,416,1527,25.172060012817383,13.588998605795139,0.001,8.123494625091553
6417,12,417,469,11.04677963256836,13.579982167455283,0.001,9.195313215255737
6418,12,418,1648,9.193607330322266,13.571655805988593,0.001,9.352513551712036
6419,12,419,336,11.654841423034668,13.56482497706757,0.001,9.110485315322876
6420,12,420,827,17.157711029052734,13.570483236938442,0.001,9.687567472457886
6421,12,421,685,11.695690155029297,13.565595027077302,0.001,8.715123414993286
6422,12,422,383,18.34025001525879,13.581842467060733,0.001,8.29822301864624
6423,12,423,28,7.1609296798706055,13.573835976870543,0.001,9.336402416229248
6424,12,424,2617,11.28764820098877,13.56589401984947,0.001,7.814965486526489
6425,12,425,2192,26.301681518554688,13.57921718092317,0.001,7.847168445587158
6426,12,426,2547,29.713525772094727,13.621496766339982,0.001,9.173142194747925
6427,12,427,2510,12.522658348083496,13.617714587184643,0.001,6.864107370376587
6428,12,428,441,10.649044036865234,13.610018703258847,0.001,8.184317111968994
6429,12,429,2750,19.46776580810547,13.617192950099556,0.001,7.792290210723877
6430,12,430,1925,10.506868362426758,13.613394992876723,0.001,8.555110454559326
6431,12,431,2580,17.997745513916016,13.628150893481227,0.001,8.35879635810852
6432,12,432,743,10.304183959960938,13.624096303848402,0.001,8.587656497955322
6433,12,433,1149,19.259618759155273,13.638727310751182,0.001,7.981513977050781
6434,12,434,2067,19.30188751220703,13.649357370364005,0.001,9.642514944076538
6435,12,435,914,16.476593017578125,13.656570046360953,0.001,10.451175212860107
6436,12,436,37,15.97555160522461,13.6644182027,0.001,9.094095468521118
6437,12,437,972,10.72695541381836,13.657081025231788,0.001,8.03936505317688
6438,12,438,2692,12.179308891296387,13.652088205404784,0.001,8.824600219726562
6439,12,439,2537,10.420565605163574,13.643729149163715,0.001,8.938116550445557
6440,12,440,770,13.100820541381836,13.642339097667858,0.001,9.425339221954346
6441,12,441,694,11.127957344055176,13.633917715772471,0.001,8.596226453781128
6442,12,442,56,8.445552825927734,13.62090017218533,0.001,9.300669193267822
6443,12,443,1339,14.048595428466797,13.62141856384677,0.001,7.417028903961182
6444,12,444,507,45.03771209716797,13.647522188063828,0.001,8.044270038604736
6445,12,445,707,9.725265502929688,13.643147046757935,0.001,10.809515476226807
6446,12,446,2782,16.394628524780273,13.652386841510323,0.001,8.03104043006897
6447,12,447,481,15.116399765014648,13.656025045610457,0.001,7.725618124008179
6448,12,448,461,20.565309524536133,13.678654087434833,0.001,8.07898497581482
6449,12,449,1514,14.23823070526123,13.679308605062712,0.001,9.538898468017578
6450,12,450,522,11.624982833862305,13.672526943280213,0.001,9.837986946105957
6451,12,451,2436,16.111534118652344,13.67541227822043,0.001,8.454227685928345
6452,12,452,2157,11.170389175415039,13.667208817113206,0.001,9.62667727470398
6453,12,453,350,10.187294006347656,13.658622786660766,0.001,8.416978597640991
6454,12,454,961,10.522994041442871,13.64845977214515,0.001,7.572104454040527
6455,12,455,2583,11.606914520263672,13.643448520008874,0.001,8.452787399291992
6456,12,456,954,10.768206596374512,13.64012099656884,0.001,7.4985127449035645
6457,12,457,434,12.979080200195312,13.639428084038505,0.001,8.937080383300781
6458,12,458,706,9.441045761108398,13.63449473181117,0.001,7.767177104949951
6459,12,459,2040,9.097707748413086,13.619669421680465,0.001,8.325254917144775
6460,12,460,801,9.522181510925293,13.612806156852615,0.001,7.873811960220337
6461,12,461,2652,7.7721028327941895,13.606212746497889,0.001,7.129542589187622
6462,12,462,2534,8.404313087463379,13.60016530782189,0.001,7.876823663711548
6463,12,463,2225,10.96385383605957,13.591735690739544,0.001,7.774803638458252
6464,12,464,2603,10.276379585266113,13.581411642113876,0.001,8.747731924057007
6465,12,465,1717,9.933279037475586,13.57730431468808,0.001,6.539151906967163
6466,12,466,390,9.892227172851562,13.571177263844953,0.001,9.266277551651001
6467,12,467,774,13.713979721069336,13.571517937230258,0.001,9.804156064987183
6468,12,468,2462,12.497178077697754,13.568069349228258,0.001,8.937118291854858
6469,12,469,2767,15.16562557220459,13.571907761885717,0.001,9.96519422531128
6470,12,470,962,15.031912803649902,13.574395655418979,0.001,8.381399393081665
6471,12,471,2293,11.439522743225098,13.569238142442773,0.001,8.990374565124512
6472,12,472,1769,8.302763938903809,13.552554982600897,0.001,8.899036645889282
6473,12,473,710,10.541013717651367,13.545524704197804,0.001,9.553453207015991
6474,12,474,2341,8.901008605957031,13.530928653504938,0.001,9.720054864883423
6475,12,475,717,7.390232563018799,13.511842515524343,0.001,8.497260808944702
6476,12,476,863,25.24407196044922,13.53933129161605,0.001,9.634422540664673
6477,12,477,916,6.5738701820373535,13.531487634606743,0.001,9.076850652694702
6478,12,478,1809,9.584872245788574,13.519522633198381,0.001,8.389175415039062
6479,12,479,1862,6.490632057189941,13.511767387590048,0.001,8.962529420852661
6480,12,480,1580,15.996294021606445,13.515859707074576,0.001,8.037684917449951
6481,12,481,94,11.150586128234863,13.509012196069108,0.001,7.785322904586792
6482,12,482,519,9.895227432250977,13.49789434815121,0.001,8.472234725952148
6483,12,483,819,13.535167694091797,13.497980171891898,0.001,10.001429319381714
6484,12,484,858,16.8526554107666,13.501294055919233,0.001,9.453487873077393
6485,12,485,1090,16.60049057006836,13.506284232973238,0.001,9.726992130279541
6486,12,486,778,11.259539604187012,13.501201876820314,0.001,9.935964822769165
6487,12,487,1087,19.13388442993164,13.51797338750644,0.001,9.692774772644043
6488,12,488,471,9.682924270629883,13.50649636250671,0.001,9.145612478256226
6489,12,489,32,15.073127746582031,13.51130279866841,0.001,9.759153366088867
6490,12,490,1737,11.93756103515625,13.506703434265201,0.001,9.067708015441895
6491,12,491,1395,7.331173896789551,13.49997612153697,0.001,8.05521821975708
6492,12,492,1395,9.493582725524902,13.495616506279895,0.001,8.829473733901978
6493,12,493,1769,12.456189155578613,13.492478715951256,0.001,8.178647518157959
6494,12,494,1903,8.836852073669434,13.485155822963481,0.001,8.379023313522339
6495,12,495,1480,10.41822338104248,13.48194063193926,0.001,9.477651596069336
6496,12,496,1832,17.604660034179688,13.494208897276742,0.001,9.551442861557007
6497,12,497,1099,14.258614540100098,13.496480153199355,0.001,9.31431770324707
6498,12,498,1311,8.28659725189209,13.481126357269734,0.001,7.247818470001221
6499,12,499,2007,15.201191902160645,13.484908428812615,0.001,9.074706792831421
6500,13,0,1365,11.097991943359375,11.097991943359375,0.001,7.6128339767456055
6501,13,1,1577,12.27840518951416,11.895671237615195,0.001,9.319795608520508
6502,13,2,1092,17.324670791625977,14.477723494943586,0.001,9.199623584747314
6503,13,3,1554,14.618701934814453,14.49839443477879,0.001,9.876685857772827
6504,13,4,1120,18.28561019897461,15.147030657798343,0.001,8.632851839065552
6505,13,5,1602,28.25159454345703,16.109585067059463,0.001,6.347460985183716
6506,13,6,1779,12.848237037658691,15.337279960206532,0.001,8.340184211730957
6507,13,7,1155,10.545546531677246,14.9567122398329,0.001,7.607970952987671
6508,13,8,1523,9.521906852722168,14.562384455890292,0.001,9.018919467926025
6509,13,9,1848,13.421006202697754,14.369425011400704,0.001,8.089165210723877
6510,13,10,2034,10.142457962036133,13.76789164376607,0.001,9.304237127304077
6511,13,11,1737,11.808480262756348,13.526471962793746,0.001,10.41484546661377
6512,13,12,1098,20.76336669921875,13.990663245731108,0.001,8.346081495285034
6513,13,13,1473,13.948994636535645,13.988478462901975,0.001,8.868077516555786
6514,13,14,1126,25.244287490844727,15.128259052930115,0.001,9.142902612686157
6515,13,15,1265,9.52807903289795,14.932735280231123,0.001,8.610462665557861
6516,13,16,1551,10.514155387878418,14.627242029515468,0.001,8.39616060256958
6517,13,17,1821,15.483138084411621,14.654015342056907,0.001,7.695482015609741
6518,13,18,1502,18.831737518310547,14.995857191072933,0.001,7.858642816543579
6519,13,19,1105,21.833574295043945,15.19482681122324,0.001,9.025259256362915
6520,13,20,1557,17.595191955566406,15.370134992724847,0.001,7.598289728164673
6521,13,21,1576,8.4910888671875,15.198984520838515,0.001,7.639005184173584
6522,13,22,1149,14.946775436401367,15.186154317910157,0.001,8.35701608657837
6523,13,23,1585,16.522127151489258,15.269304618644261,0.001,8.587241649627686
6524,13,24,1921,13.144083023071289,15.173558965189288,0.001,8.166931867599487
6525,13,25,2140,11.814735412597656,15.10586849423554,0.001,9.715523958206177
6526,13,26,1923,8.62218189239502,14.825446924300106,0.001,9.014610290527344
6527,13,27,1250,16.346240997314453,14.855130745681485,0.001,9.595407485961914
6528,13,28,1373,16.63554573059082,14.91132138835386,0.001,8.098510503768921
6529,13,29,1846,28.819686889648438,15.443986023600646,0.001,8.556760311126709
6530,13,30,1845,27.172386169433594,15.64398597945508,0.001,7.887747526168823
6531,13,31,1453,25.049394607543945,15.799755952668967,0.001,8.713157415390015
6532,13,32,1879,13.677289009094238,15.74369355143783,0.001,9.15406346321106
6533,13,33,1442,16.672426223754883,15.766913246541863,0.001,9.960613489151001
6534,13,34,2144,13.481454849243164,15.729349734061325,0.001,8.680722951889038
6535,13,35,1692,13.38624382019043,15.625579723720909,0.001,9.80213737487793
6536,13,36,2051,14.167457580566406,15.57827899191067,0.001,8.900935173034668
6537,13,37,2152,20.424942016601562,15.728228942307462,0.001,8.42653203010559
6538,13,38,1571,17.0063533782959,15.77918698453935,0.001,7.056859731674194
6539,13,39,2013,17.41623878479004,15.801867122263063,0.001,8.533225774765015
6540,13,40,1675,15.88705825805664,15.803610919339414,0.001,7.061665296554565
6541,13,41,1569,23.413667678833008,16.019255606579474,0.001,9.68674612045288
6542,13,42,1111,19.463346481323242,16.11329042052908,0.001,7.595263242721558
6543,13,43,1355,13.972250938415527,16.05593716692796,0.001,8.09920358657837
6544,13,44,1807,33.583404541015625,16.64987296440842,0.001,8.57330846786499
6545,13,45,1764,17.61178970336914,16.682395063969565,0.001,8.935507774353027
6546,13,46,1793,11.391132354736328,16.51464943826586,0.001,8.34749960899353
6547,13,47,2223,14.12060546875,16.439648940057797,0.001,8.229822397232056
6548,13,48,1620,21.502033233642578,16.476992198174532,0.001,8.015289783477783
6549,13,49,1370,27.655315399169922,16.731792939296245,0.001,6.2062578201293945
6550,13,50,1617,20.186941146850586,16.829636380210236,0.001,7.204248905181885
6551,13,51,1313,13.445509910583496,16.737170264521257,0.001,7.993326663970947
6552,13,52,1274,18.43120574951172,16.771965030341384,0.001,7.025460958480835
6553,13,53,2149,17.475540161132812,16.78661487128764,0.001,8.454204320907593
6554,13,54,1828,18.214719772338867,16.825455060290352,0.001,8.764764070510864
6555,13,55,2113,13.613253593444824,16.761767399065274,0.001,7.898460865020752
6556,13,56,1527,25.076679229736328,16.920363418439017,0.001,8.510041236877441
6557,13,57,2202,12.149372100830078,16.800532455405293,0.001,9.02081036567688
6558,13,58,2274,15.334028244018555,16.774093374849485,0.001,10.713488578796387
6559,13,59,1333,20.307954788208008,16.837986636831875,0.001,9.443283081054688
6560,13,60,2163,10.899515151977539,16.7300443178468,0.001,9.749569654464722
6561,13,61,1344,8.681684494018555,16.591201293904096,0.001,7.800333261489868
6562,13,62,2050,12.824641227722168,16.545790124038152,0.001,8.739879608154297
6563,13,63,2174,26.79717254638672,16.769348316103887,0.001,8.329472780227661
6564,13,64,1516,19.09549903869629,16.80757719899764,0.001,7.83839750289917
6565,13,65,1470,14.945257186889648,16.778040475908785,0.001,8.6469886302948
6566,13,66,1174,13.837830543518066,16.730790341779183,0.001,8.500566005706787
6567,13,67,2060,26.593027114868164,16.88715743057515,0.001,8.507056713104248
6568,13,68,1649,17.990093231201172,16.90431995389615,0.001,7.557928085327148
6569,13,69,1909,17.33656883239746,16.912957811243842,0.001,10.362508296966553
6570,13,70,2347,8.817403793334961,16.791856792420486,0.001,9.2449791431427
6571,13,71,1264,12.307331085205078,16.75947868810741,0.001,8.863086462020874
6572,13,72,1809,17.384265899658203,16.77140711940292,0.001,10.2121102809906
6573,13,73,1317,21.374895095825195,16.803114736455417,0.001,9.18166208267212
6574,13,74,1918,17.742671966552734,16.820967218501664,0.001,7.354476451873779
6575,13,75,1616,19.044645309448242,16.852839024697552,0.001,8.01181960105896
6576,13,76,1117,17.56228256225586,16.862820592240563,0.001,8.602611780166626
6577,13,77,2335,13.563844680786133,16.84070983237076,0.001,7.808945894241333
6578,13,78,1503,22.36174201965332,16.8901441549504,0.001,8.739542245864868
6579,13,79,2067,25.808942794799805,16.977963566323563,0.001,9.534189462661743
6580,13,80,190,10.80826187133789,16.866557573196626,0.001,8.005782127380371
6581,13,81,2328,9.545992851257324,16.797223248535595,0.001,9.020318508148193
6582,13,82,1772,8.709331512451172,16.65627578911838,0.001,8.559141635894775
6583,13,83,2172,7.8475847244262695,16.542506257778907,0.001,7.313970327377319
6584,13,84,2251,10.813343048095703,16.48979926839022,0.001,9.636970520019531
6585,13,85,1686,11.028656005859375,16.39983961720557,0.001,8.785690546035767
6586,13,86,1122,5.244884490966797,16.30053133904601,0.001,8.921867847442627
6587,13,87,2406,12.866826057434082,16.2447471607698,0.001,8.747140407562256
6588,13,88,1717,7.9406328201293945,16.197852631806185,0.001,9.820090293884277
6589,13,89,177,8.167006492614746,16.103930669848484,0.001,7.915761709213257
6590,13,90,1914,7.772320747375488,16.057171018905695,0.001,7.850578784942627
6591,13,91,1097,10.798654556274414,16.028610743868438,0.001,10.01630449295044
6592,13,92,1093,13.05258560180664,15.983616863957403,0.001,7.909022569656372
6593,13,93,2413,8.658203125,15.898824200720274,0.001,8.03549838066101
6594,13,94,1794,15.346108436584473,15.89268906932554,0.001,10.115216970443726
6595,13,95,2378,23.276052474975586,15.976042684759463,0.001,8.35933256149292
6596,13,96,1812,20.108606338500977,16.03735484098328,0.001,9.240883350372314
6597,13,97,1514,9.966279983520508,16.00596554826206,0.001,10.486891746520996
6598,13,98,1768,11.085112571716309,15.980609497402035,0.001,8.428342342376709
6599,13,99,2101,24.850278854370117,16.108596923011024,0.001,9.462977170944214
6600,13,100,2243,30.096086502075195,16.306259831580437,0.001,10.416067123413086
6601,13,101,2270,22.74258041381836,16.39674099722854,0.001,8.465885162353516
6602,13,102,1791,15.414814949035645,16.389588626331417,0.001,9.010849475860596
6603,13,103,2293,19.5847110748291,16.423095720008053,0.001,10.20631217956543
6604,13,104,2192,26.855955123901367,16.465605584235945,0.001,8.807724952697754
6605,13,105,1259,17.254077911376953,16.471191910840925,0.001,9.389382362365723
6606,13,106,2181,17.71296501159668,16.477173379224528,0.001,8.653522253036499
6607,13,107,2191,22.000410079956055,16.517529400063705,0.001,8.04060673713684
6608,13,108,1397,29.911226272583008,16.695919596403087,0.001,9.426469087600708
6609,13,109,1481,14.934961318969727,16.678482748454805,0.001,8.72287654876709
6610,13,110,1777,15.30005168914795,16.665328969881372,0.001,7.728515863418579
6611,13,111,1127,9.873078346252441,16.617718799611783,0.001,7.997635126113892
6612,13,112,1540,18.53877067565918,16.626540026875933,0.001,8.662237405776978
6613,13,113,1090,27.718961715698242,16.70082679734881,0.001,7.265190124511719
6614,13,114,2462,25.38533592224121,16.810986240669564,0.001,8.924732685089111
6615,13,115,1151,27.683040618896484,16.88074275061347,0.001,8.089938402175903
6616,13,116,1339,12.5929536819458,16.86148819215202,0.001,8.555796146392822
6617,13,117,2449,12.44265365600586,16.820806148834134,0.001,7.143954277038574
6618,13,118,1844,17.93449592590332,16.82512677209975,0.001,9.312882900238037
6619,13,119,2392,13.842281341552734,16.805499498514166,0.001,9.306419610977173
6620,13,120,1302,25.234821319580078,16.900150548393498,0.001,8.743717432022095
6621,13,121,1627,19.968013763427734,16.927743957843703,0.001,9.363416910171509
6622,13,122,1399,21.090360641479492,16.977392775687072,0.001,9.676316976547241
6623,13,123,2098,26.362812042236328,17.031378136620418,0.001,8.216542482376099
6624,13,124,2070,18.11357307434082,17.04384915367072,0.001,8.699186563491821
6625,13,125,2534,13.49951457977295,17.029105019456384,0.001,8.128756046295166
6626,13,126,2196,12.226905822753906,17.011401855459233,0.001,7.613319635391235
6627,13,127,256,11.973747253417969,16.981028854787983,0.001,8.678817510604858
6628,13,128,2117,15.49227523803711,16.96871984061682,0.001,8.857041835784912
6629,13,129,264,15.109869956970215,16.953005799796426,0.001,9.761972188949585
6630,13,130,2205,13.003171920776367,16.919549282092934,0.001,9.99038553237915
6631,13,131,2547,32.93962478637695,17.052274388967984,0.001,10.118622779846191
6632,13,132,1263,11.205695152282715,17.004446056246948,0.001,8.132888317108154
6633,13,133,1548,14.787191390991211,16.987128351753572,0.001,8.368057250976562
6634,13,134,1460,12.097591400146484,16.958787429259363,0.001,10.525939702987671
6635,13,135,2450,11.426202774047852,16.91526032485571,0.001,8.908390998840332
6636,13,136,1648,9.646181106567383,16.873970868075816,0.001,7.499125003814697
6637,13,137,2425,18.335359573364258,16.88557661515815,0.001,8.206787586212158
6638,13,138,1626,9.245697021484375,16.857853765924,0.001,8.75106143951416
6639,13,139,2064,6.985910892486572,16.779796983998807,0.001,9.447137594223022
6640,13,140,1128,10.58983039855957,16.731729227223333,0.001,9.180107593536377
6641,13,141,2233,14.758282661437988,16.720903179625502,0.001,7.950881719589233
6642,13,142,1568,11.256035804748535,16.679358394368705,0.001,8.261265516281128
6643,13,143,2387,34.287513732910156,16.775296272831696,0.001,8.359797716140747
6644,13,144,2593,11.652525901794434,16.735772190942843,0.001,8.454015493392944
6645,13,145,1700,18.4591064453125,16.745527976661197,0.001,9.161409378051758
6646,13,146,2498,14.635268211364746,16.73428797465794,0.001,8.55375051498413
6647,13,147,2460,12.51071834564209,16.719331879663606,0.001,7.031357049942017
6648,13,148,2157,9.04510498046875,16.643897591020888,0.001,8.109910249710083
6649,13,149,1817,13.80575942993164,16.634294204937916,0.001,8.721715927124023
6650,13,150,2203,17.31443214416504,16.640910184956923,0.001,10.303609371185303
6651,13,151,2510,15.935935020446777,16.634193097189836,0.001,9.37900710105896
6652,13,152,1306,11.58259105682373,16.586255902603686,0.001,9.763296842575073
6653,13,153,2479,9.162057876586914,16.535369310819327,0.001,9.25276803970337
6654,13,154,178,10.631906509399414,16.494801304325577,0.001,10.35107684135437
6655,13,155,2075,9.691143035888672,16.461328476395604,0.001,9.920627355575562
6656,13,156,1580,21.46775245666504,16.486206980786285,0.001,9.253321886062622
6657,13,157,274,19.291526794433594,16.505316456423184,0.001,7.9151105880737305
6658,13,158,1383,10.787055969238281,16.47674043704495,0.001,8.76357102394104
6659,13,159,1346,15.31070613861084,16.466502065426006,0.001,6.740205526351929
6660,13,160,2166,13.375441551208496,16.451575325402757,0.001,7.941763162612915
6661,13,161,1153,8.173698425292969,16.376645375321413,0.001,8.00554633140564
6662,13,162,1965,12.424188613891602,16.34118204714182,0.001,9.786605596542358
6663,13,163,2552,13.517083168029785,16.322640817814772,0.001,7.8904054164886475
6664,13,164,1434,16.799633026123047,16.32567447110487,0.001,7.999635219573975
6665,13,165,1182,14.97484016418457,16.31675993780179,0.001,7.4224693775177
6666,13,166,2340,13.044386863708496,16.295949329854572,0.001,8.418697357177734
6667,13,167,1915,8.288352012634277,16.259319693333392,0.001,8.406891822814941
6668,13,168,32,11.975678443908691,16.222005531328033,0.001,8.016823053359985
6669,13,169,2706,15.820701599121094,16.220843910138743,0.001,8.371558666229248
6670,13,170,2179,12.220000267028809,16.202397044057882,0.001,8.002862930297852
6671,13,171,1797,8.175312995910645,16.17761915194678,0.001,9.030292272567749
6672,13,172,1802,14.516225814819336,16.16718112151079,0.001,8.085832595825195
6673,13,173,2548,12.085745811462402,16.14200400662452,0.001,8.341617107391357
6674,13,174,2427,12.75635814666748,16.121346539129142,0.001,9.32522463798523
6675,13,175,2040,11.358682632446289,16.081604278305154,0.001,7.014035224914551
6676,13,176,2349,15.119722366333008,16.073787846159895,0.001,7.35303521156311
6677,13,177,2603,14.295673370361328,16.05973043625292,0.001,8.065791368484497
6678,13,178,2596,9.931367874145508,16.033249058174004,0.001,8.468428134918213
6679,13,179,2767,15.685918807983398,16.03112964697819,0.001,9.451185941696167
6680,13,180,2538,9.639703750610352,16.012825245813218,0.001,9.576195478439331
6681,13,181,2564,16.20467185974121,16.013949924144114,0.001,8.49976110458374
6682,13,182,29,10.963315963745117,15.984189613868313,0.001,8.681472301483154
6683,13,183,1360,9.678422927856445,15.966942656163095,0.001,8.414182662963867
6684,13,184,2099,9.291984558105469,15.938735223729822,0.001,6.926628589630127
6685,13,185,2546,8.808212280273438,15.897323609824388,0.001,6.200903654098511
6686,13,186,2197,16.299482345581055,15.899649620406317,0.001,9.416760206222534
6687,13,187,1699,11.673385620117188,15.882587441914973,0.001,8.595878601074219
6688,13,188,1714,14.119881629943848,15.872677716883555,0.001,8.831137895584106
6689,13,189,2565,7.623779773712158,15.849713926449123,0.001,6.174259662628174
6690,13,190,2249,15.360953330993652,15.846865046957229,0.001,8.038466930389404
6691,13,191,2864,13.87193489074707,15.838751667738103,0.001,10.919760942459106
6692,13,192,1334,6.436379909515381,15.813769131932878,0.001,6.883432626724243
6693,13,193,1123,17.791820526123047,15.821734975856813,0.001,7.841080665588379
6694,13,194,1161,8.679725646972656,15.80368069214935,0.001,9.910969495773315
6695,13,195,2443,8.122507095336914,15.760938372353042,0.001,9.116669654846191
6696,13,196,1089,14.901632308959961,15.754568701874001,0.001,8.506317138671875
6697,13,197,2789,12.81462574005127,15.738351923330992,0.001,9.522601842880249
6698,13,198,1519,20.911258697509766,15.767361580959948,0.001,8.31087875366211
6699,13,199,1493,12.694467544555664,15.744916371219402,0.001,10.020620107650757
6700,13,200,1682,18.578290939331055,15.760277701378927,0.001,8.815931797027588
6701,13,201,2584,8.586989402770996,15.708831652654684,0.001,9.61953616142273
6702,13,202,1482,5.193971157073975,15.682215391744478,0.001,8.01761245727539
6703,13,203,342,10.312106132507324,15.64334827502582,0.001,8.289896249771118
6704,13,204,2241,12.544177055358887,15.62114699427986,0.001,8.807838201522827
6705,13,205,1679,15.002341270446777,15.618762931659516,0.001,9.388025522232056
6706,13,206,2874,10.270442008972168,15.591208264230458,0.001,8.340203046798706
6707,13,207,2221,11.420549392700195,15.56897715227126,0.001,9.738974571228027
6708,13,208,2073,7.635289192199707,15.550054687867462,0.001,8.218070268630981
6709,13,209,1900,20.173229217529297,15.561798637202742,0.001,7.840163946151733
6710,13,210,2436,13.96065902709961,15.557808772634996,0.001,9.11294937133789
6711,13,211,2694,6.295750141143799,15.535133271796408,0.001,9.125579357147217
6712,13,212,2871,10.131521224975586,15.49828362283871,0.001,7.602391481399536
6713,13,213,2432,7.113559722900391,15.477574197949577,0.001,7.986626148223877
6714,13,214,378,14.464759826660156,15.470689487445341,0.001,11.042022705078125
6715,13,215,2927,39.95729446411133,15.522083461289036,0.001,7.664216041564941
6716,13,216,2282,12.604673385620117,15.515053955578447,0.001,9.680744409561157
6717,13,217,2494,11.482707023620605,15.494867342650615,0.001,10.843838930130005
6718,13,218,2861,9.738120079040527,15.46576617202195,0.001,8.663082361221313
6719,13,219,1858,12.286559104919434,15.45005357592557,0.001,8.452464580535889
6720,13,220,273,11.09873104095459,15.428227227615036,0.001,7.9914374351501465
6721,13,221,2458,9.517985343933105,15.399086525897522,0.001,8.356209754943848
6722,13,222,2750,16.47405433654785,15.401591984977683,0.001,8.101433515548706
6723,13,223,2563,9.381744384765625,15.38038055798907,0.001,9.897201299667358
6724,13,224,1196,9.952658653259277,15.36874576918927,0.001,8.266540050506592
6725,13,225,2590,12.927172660827637,15.360476831125197,0.001,9.586459636688232
6726,13,226,2601,18.821470260620117,15.382517009774928,0.001,8.611236333847046
6727,13,227,2668,11.990574836730957,15.365925503083455,0.001,9.910562753677368
6728,13,228,2669,10.119065284729004,15.353709437513004,0.001,8.082173109054565
6729,13,229,1938,14.13082504272461,15.351004915284452,0.001,10.035938501358032
6730,13,230,1324,12.981350898742676,15.336018138199421,0.001,8.813956499099731
6731,13,231,2772,11.718713760375977,15.318853717265753,0.001,9.193809986114502
6732,13,232,2845,19.02979850769043,15.342231514520504,0.001,6.695075750350952
6733,13,233,1676,13.522453308105469,15.330739590983631,0.001,8.465681314468384
6734,13,234,2455,9.357749938964844,15.317103056752373,0.001,10.041472911834717
6735,13,235,2901,24.373010635375977,15.348033171585026,0.001,7.747678279876709
6736,13,236,1113,22.133129119873047,15.390030516360424,0.001,9.412022829055786
6737,13,237,1596,17.450265884399414,15.396686846544013,0.001,10.02483320236206
6738,13,238,1706,13.726668357849121,15.38901946079184,0.001,7.865708589553833
6739,13,239,2452,11.792168617248535,15.372521476030453,0.001,8.20715069770813
6740,13,240,28,7.837345600128174,15.356173247365973,0.001,7.9601662158966064
6741,13,241,2377,17.025766372680664,15.363752403292343,0.001,7.810255765914917
6742,13,242,1326,8.440290451049805,15.348980818608602,0.001,8.105427980422974
6743,13,243,2499,12.942523002624512,15.34117191395911,0.001,9.673730850219727
6744,13,244,1530,12.113794326782227,15.321800952000427,0.001,7.467492341995239
6745,13,245,2523,14.809721946716309,15.3187381177355,0.001,8.729129314422607
6746,13,246,2294,7.851568698883057,15.303359676336298,0.001,5.855283260345459
6747,13,247,2464,23.966615676879883,15.32215477221452,0.001,7.141861915588379
6748,13,248,2398,18.029958724975586,15.338013514121421,0.001,5.778604984283447
6749,13,249,408,10.032023429870605,15.321428020285461,0.001,6.767480134963989
6750,13,250,2008,9.937353134155273,15.31131212688,0.001,6.317018032073975
6751,13,251,1902,14.767241477966309,15.308918521744646,0.001,5.4039647579193115
6752,13,252,2535,8.463351249694824,15.294641065235833,0.001,6.23481559753418
6753,13,253,434,17.80904769897461,15.299384151314012,0.001,6.02071738243103
6754,13,254,2923,9.82607650756836,15.28284799559767,0.001,7.742173910140991
6755,13,255,2325,6.43987512588501,15.244351360545366,0.001,6.4802563190460205
6756,13,256,2235,10.874252319335938,15.219290415580419,0.001,6.167891979217529
6757,13,257,2298,9.183582305908203,15.207212219893062,0.001,6.86869740486145
6758,13,258,1173,10.378960609436035,15.1972688779106,0.001,4.310244560241699
6759,13,259,1751,17.143381118774414,15.203241232881702,0.001,5.879106521606445
6760,13,260,2610,13.948822021484375,15.200680044364727,0.001,6.56761360168457
6761,13,261,2147,17.13801383972168,15.211738274240924,0.001,7.055760383605957
6762,13,262,350,15.93734359741211,15.214833037469997,0.001,6.797727346420288
6763,13,263,1556,10.563249588012695,15.195126998271565,0.001,6.204541921615601
6764,13,264,376,22.10586929321289,15.2091876272074,0.001,5.713575124740601
6765,13,265,2448,14.49285888671875,15.205213601847502,0.001,6.699780225753784
6766,13,266,2673,18.73553466796875,15.220153622226013,0.001,5.89669132232666
6767,13,267,2184,23.5683536529541,15.24516217630703,0.001,5.6688292026519775
6768,13,268,2216,9.72032356262207,15.235376014142593,0.001,7.121832370758057
6769,13,269,1586,8.917234420776367,15.20035867717446,0.001,5.674906015396118
6770,13,270,56,16.877180099487305,15.207247316927521,0.001,6.142620325088501
6771,13,271,432,21.122045516967773,15.230989373896929,0.001,6.135303258895874
6772,13,272,175,10.051725387573242,15.215580654289571,0.001,5.376918315887451
6773,13,273,2660,10.165664672851562,15.18880911130588,0.001,5.6191794872283936
6774,13,274,2652,7.920055866241455,15.175038253762041,0.001,5.1179749965667725
6775,13,275,1925,11.00637149810791,15.167094505016863,0.001,7.223475694656372
6776,13,276,507,42.687095642089844,15.203962266652207,0.001,7.057398080825806
6777,13,277,2529,14.763996124267578,15.202152435741665,0.001,6.053481817245483
6778,13,278,1439,10.70224666595459,15.178470360153275,0.001,5.970656156539917
6779,13,279,469,9.665722846984863,15.149329716534343,0.001,5.484748125076294
6780,13,280,1495,12.233458518981934,15.137721345709172,0.001,6.929919481277466
6781,13,281,1506,6.5348920822143555,15.122346465946908,0.001,5.8374645709991455
6782,13,282,1081,18.052284240722656,15.133908605973659,0.001,5.837085247039795
6783,13,283,2422,11.207098960876465,15.12654790377705,0.001,5.60831093788147
6784,13,284,2692,12.886539459228516,15.114877843264228,0.001,4.942819833755493
6785,13,285,2834,11.873212814331055,15.097992795983822,0.001,6.15350866317749
6786,13,286,2343,9.335174560546875,15.08222013916214,0.001,5.452535629272461
6787,13,287,363,6.788111686706543,15.066994549742812,0.001,7.2494611740112305
6788,13,288,2272,9.8035249710083,15.046707290615743,0.001,6.5711987018585205
6789,13,289,455,25.724580764770508,15.061727318710233,0.001,5.389471054077148
6790,13,290,388,11.641756057739258,15.055724496380229,0.001,5.263634443283081
6791,13,291,68,10.635530471801758,15.043374069768328,0.001,6.467590808868408
6792,13,292,1819,17.484155654907227,15.047860062290974,0.001,4.680460453033447
6793,13,293,1823,27.55522346496582,15.11282198250684,0.001,4.963675498962402
6794,13,294,441,17.85739517211914,15.123218434363876,0.001,6.115771293640137
6795,13,295,2000,10.524222373962402,15.115021767660735,0.001,4.129422664642334
6796,13,296,390,8.68121337890625,15.098104206010264,0.001,3.06054425239563
6797,13,297,2722,21.082921981811523,15.108032149835148,0.001,3.055701732635498
6798,13,298,1756,16.690431594848633,15.113880000238659,0.001,3.014960289001465
6799,13,299,2672,12.955135345458984,15.103054550694091,0.001,3.0412490367889404
6800,13,300,1814,8.505087852478027,15.078827858753431,0.001,6.133155584335327
6801,13,301,2585,11.039534568786621,15.064125507134676,0.001,5.5582263469696045
6802,13,302,693,10.891214370727539,15.043485203470365,0.001,5.045163869857788
6803,13,303,1393,18.4089412689209,15.055940230271583,0.001,4.760613203048706
6804,13,304,2341,7.838831901550293,15.020446315331911,0.001,5.067030429840088
6805,13,305,1532,7.582955837249756,14.984536760565978,0.001,5.92277455329895
6806,13,306,773,10.769384384155273,14.969234573922455,0.001,6.053876638412476
6807,13,307,680,9.749090194702148,14.960316665574831,0.001,4.5303120613098145
6808,13,308,344,8.228910446166992,14.948687308601917,0.001,5.001492977142334
6809,13,309,706,11.213833808898926,14.942159568766128,0.001,5.894524574279785
6810,13,310,721,12.026764869689941,14.93478187998674,0.001,5.950845003128052
6811,13,311,1642,8.443418502807617,14.911812097168376,0.001,5.071079730987549
6812,13,312,710,9.323271751403809,14.89192879830002,0.001,6.545504331588745
6813,13,313,727,9.177863121032715,14.882350354432226,0.001,6.09278678894043
6814,13,314,2758,12.135600090026855,14.872620532557205,0.001,5.540098190307617
6815,13,315,904,26.601964950561523,14.898932748691353,0.001,6.012315034866333
6816,13,316,787,13.362961769104004,14.896304342004395,0.001,5.6266162395477295
6817,13,317,2654,10.292485237121582,14.874562537817669,0.001,5.597390651702881
6818,13,318,400,15.76834774017334,14.87657563873648,0.001,5.230184555053711
6819,13,319,2595,6.11481237411499,14.862029250157521,0.001,6.638042688369751
6820,13,320,1806,8.567970275878906,14.832621147065124,0.001,5.95921516418457
6821,13,321,368,6.960616111755371,14.804271673211524,0.001,6.170754671096802
6822,13,322,1087,18.749479293823242,14.822192438641073,0.001,4.833712339401245
6823,13,323,1368,8.384031295776367,14.80595315460829,0.001,5.913395166397095
6824,13,324,1543,10.228714942932129,14.798310266673438,0.001,6.040724992752075
6825,13,325,407,10.271196365356445,14.782726345419608,0.001,5.030763626098633
6826,13,326,819,9.725717544555664,14.765296030669651,0.001,6.759986877441406
6827,13,327,1951,9.392807960510254,14.7468981346938,0.001,7.405742883682251
6828,13,328,699,11.621429443359375,14.736415250869802,0.001,7.4378342628479
6829,13,329,521,6.012078285217285,14.722350579856354,0.001,6.36606240272522
6830,13,330,382,9.839090347290039,14.714675714732037,0.001,6.0838563442230225
6831,13,331,2476,10.54692268371582,14.707919070395084,0.001,6.943577289581299
6832,13,332,1343,11.269110679626465,14.702732776758518,0.001,6.035605430603027
6833,13,333,920,10.770626068115234,14.68482326592797,0.001,6.019915580749512
6834,13,334,2608,9.227005004882812,14.659934881600138,0.001,6.383688449859619
6835,13,335,1440,9.17690658569336,14.641993426921651,0.001,6.9621665477752686
6836,13,336,771,8.809453964233398,14.622673124353105,0.001,6.163426876068115
6837,13,337,919,8.110860824584961,14.593402676649049,0.001,4.598578929901123
6838,13,338,1394,19.001977920532227,14.607981893228263,0.001,6.076064586639404
6839,13,339,685,10.807323455810547,14.595625257680126,0.001,6.275671482086182
6840,13,340,707,8.969343185424805,14.587366111877849,0.001,5.734394788742065
6841,13,341,453,8.086516380310059,14.572250821801756,0.001,6.131928205490112
6842,13,342,686,7.788893699645996,14.54956703418664,0.001,6.178070306777954
6843,13,343,73,23.827486038208008,14.564188150433278,0.001,6.7462708950042725
6844,13,344,377,6.751760005950928,14.545991164382421,0.001,5.324865818023682
6845,13,345,682,11.494352340698242,14.532875788754433,0.001,4.085029363632202
6846,13,346,808,16.075328826904297,14.537824754000509,0.001,5.316756248474121
6847,13,347,695,5.843655586242676,14.509542863917234,0.001,4.9540886878967285
6848,13,348,374,9.721672058105469,14.489159523149985,0.001,6.904333114624023
6849,13,349,1549,17.590272903442383,14.496460553608063,0.001,6.568411111831665
6850,13,350,2435,10.042539596557617,14.489470268557293,0.001,5.548598527908325
6851,13,351,518,10.197189331054688,14.482912313693111,0.001,5.9560065269470215
6852,13,352,1945,7.2626142501831055,14.45226539219981,0.001,5.180500268936157
6853,13,353,2219,10.250569343566895,14.446299269305745,0.001,4.630917072296143
6854,13,354,2066,14.94485092163086,14.448389890008599,0.001,3.7771999835968018
6855,13,355,961,17.69403648376465,14.461954675254743,0.001,6.632513761520386
6856,13,356,814,11.185070991516113,14.456913457317476,0.001,5.722960472106934
6857,13,357,448,12.149528503417969,14.449513826437663,0.001,5.11297082901001
6858,13,358,611,9.088594436645508,14.437740677255428,0.001,6.346386194229126
6859,13,359,337,16.01915740966797,14.440929742330255,0.001,6.723611116409302
6860,13,360,989,18.681964874267578,14.454096038132862,0.001,6.196281671524048
6861,13,361,827,16.251985549926758,14.457413853139766,0.001,6.9017157554626465
6862,13,362,2071,18.845739364624023,14.467054161972206,0.001,5.5670082569122314
6863,13,363,2225,8.829684257507324,14.443902406528375,0.001,5.664147138595581
6864,13,364,1372,6.653690338134766,14.420047931190636,0.001,6.05927586555481
6865,13,365,522,6.490307807922363,14.38753829622992,0.001,6.708865642547607
6866,13,366,2763,6.637909889221191,14.37632790677309,0.001,5.775527715682983
6867,13,367,98,8.682662963867188,14.353085394600186,0.001,6.22644567489624
6868,13,368,64,11.775310516357422,14.349300517586528,0.001,7.5196239948272705
6869,13,369,2229,11.452486038208008,14.343866782138633,0.001,3.530538320541382
6870,13,370,2522,13.26638126373291,14.3406352434169,0.001,4.077727794647217
6871,13,371,2278,16.39488410949707,14.346931385855402,0.001,3.7121922969818115
6872,13,372,446,5.613237380981445,14.320851985700239,0.001,3.95216965675354
6873,13,373,392,9.956486701965332,14.303569966454319,0.001,3.6970245838165283
6874,13,374,459,8.941783905029297,14.295986135982837,0.001,3.722209930419922
6875,13,375,2613,10.382402420043945,14.2844523251343,0.001,3.2551348209381104
6876,13,376,519,8.90672492980957,14.263040323917862,0.001,3.835083484649658
6877,13,377,977,9.522834777832031,14.25329518896232,0.001,3.481247663497925
6878,13,378,1342,11.105942726135254,14.244156815546361,0.001,4.746744394302368
6879,13,379,616,9.217137336730957,14.224594819916542,0.001,6.570312261581421
6880,13,380,514,10.281370162963867,14.216197882083804,0.001,6.590855598449707
6881,13,381,2929,8.486332893371582,14.19938622131534,0.001,6.541397333145142
6882,13,382,801,5.863962173461914,14.182479730496146,0.001,7.639183759689331
6883,13,383,954,9.804825782775879,14.176397241174277,0.001,5.319318056106567
6884,13,384,336,11.057058334350586,14.164210769778558,0.001,5.261584043502808
6885,13,385,250,24.439619064331055,14.178470664298354,0.001,5.884378433227539
6886,13,386,436,15.365160942077637,14.180886445414561,0.001,7.275137424468994
6887,13,387,2906,12.747047424316406,14.176753887590234,0.001,5.81509256362915
6888,13,388,67,18.995031356811523,14.19065903621144,0.001,5.8333423137664795
6889,13,389,916,8.321832656860352,14.182471217789395,0.001,7.043759107589722
6890,13,390,1693,15.4451265335083,14.187283949976237,0.001,6.169495105743408
6891,13,391,1878,10.804821968078613,14.180452063798953,0.001,4.866978406906128
6892,13,392,743,7.635066509246826,14.171599933102247,0.001,6.391103506088257
6893,13,393,1888,14.766721725463867,14.173824293096528,0.001,5.953470706939697
6894,13,394,1762,11.304811477661133,14.165696520345833,0.001,5.933404445648193
6895,13,395,65,8.054976463317871,14.157251114861612,0.001,6.4398651123046875
6896,13,396,2832,13.2094144821167,14.153850383684725,0.001,7.13178277015686
6897,13,397,60,11.361845016479492,14.148241886321152,0.001,5.8864006996154785
6898,13,398,2580,17.812211990356445,14.161663895854481,0.001,6.071209669113159
6899,13,399,832,7.758568286895752,14.137894638934604,0.001,5.950450897216797
6900,13,400,2297,15.175712585449219,14.14085483837348,0.001,6.0275492668151855
6901,13,401,254,15.108545303344727,14.144425840379643,0.001,6.290220737457275
6902,13,402,1109,20.006996154785156,14.16533448963222,0.001,7.129440069198608
6903,13,403,340,11.446769714355469,14.157802427799046,0.001,5.200213193893433
6904,13,404,461,13.749024391174316,14.156314910082056,0.001,7.163224935531616
6905,13,405,914,17.47005271911621,14.16538164805986,0.001,5.1099772453308105
6906,13,406,77,15.294151306152344,14.168511554861867,0.001,6.745606899261475
6907,13,407,458,26.200607299804688,14.184619786199685,0.001,7.319930553436279
6908,13,408,1488,17.637123107910156,14.196413973093811,0.001,6.627230405807495
6909,13,409,759,10.855696678161621,14.187427289408015,0.001,6.871528148651123
6910,13,410,981,16.0583553314209,14.192510194480908,0.001,4.3944971561431885
6911,13,411,2909,21.579559326171875,14.212658227345775,0.001,4.852506637573242
6912,13,412,1838,11.349318504333496,14.20507175173797,0.001,4.447668075561523
6913,13,413,601,17.031156539916992,14.215187811927763,0.001,6.402624607086182
6914,13,414,2505,6.573731422424316,14.20520853925221,0.001,5.787581920623779
6915,13,415,811,11.277090072631836,14.201746093845133,0.001,5.901496887207031
6916,13,416,468,10.187106132507324,14.187590504758425,0.001,5.258268356323242
6917,13,417,2619,11.109803199768066,14.182225358406503,0.001,5.803879499435425
6918,13,418,852,14.188383102416992,14.18224156108412,0.001,5.492116451263428
6919,13,419,770,13.181336402893066,14.179549072181038,0.001,5.2114808559417725
6920,13,420,1615,9.064270973205566,14.166303844852061,0.001,6.915491342544556
6921,13,421,2775,13.422173500061035,14.164367256582286,0.001,4.825349569320679
6922,13,422,962,10.865302085876465,14.158110441445816,0.001,6.429567813873291
6923,13,423,38,7.497829914093018,14.145512602626354,0.001,4.898698091506958
6924,13,424,2204,8.749547958374023,14.126956581825608,0.001,6.245182037353516
6925,13,425,774,8.065232276916504,14.111105950209273,0.001,7.191060304641724
6926,13,426,383,13.991098403930664,14.110702436597881,0.001,6.0666351318359375
6927,13,427,1541,8.456351280212402,14.104329776235847,0.001,5.955982446670532
6928,13,428,1570,17.085529327392578,14.108057153499148,0.001,5.11094069480896
6929,13,429,870,11.539983749389648,14.103293476444646,0.001,5.052915573120117
6930,13,430,788,15.271025657653809,14.107326990413467,0.001,5.605359792709351
6931,13,431,789,9.266578674316406,14.094896169324755,0.001,6.129775285720825
6932,13,432,481,7.1535773277282715,14.077067175139092,0.001,5.764848947525024
6933,13,433,1484,8.341062545776367,14.062220369623972,0.001,6.1715991497039795
6934,13,434,2502,9.798831939697266,14.047557433736689,0.001,5.598820447921753
6935,13,435,2482,13.281777381896973,14.044933822308632,0.001,5.8286590576171875
6936,13,436,2709,20.444252014160156,14.05258595057298,0.001,6.838672637939453
6937,13,437,2511,12.191198348999023,14.049169658076528,0.001,5.522684097290039
6938,13,438,2055,7.6472625732421875,14.027570863611558,0.001,6.49005126953125
6939,13,439,2781,15.94516372680664,14.030601182139497,0.001,6.251021862030029
6940,13,440,2794,5.573396682739258,14.020318957122099,0.001,6.530399799346924
6941,13,441,2327,9.489733695983887,14.012321083518653,0.001,5.42843222618103
6942,13,442,2513,7.2349324226379395,14.004248227417373,0.001,5.572072744369507
6943,13,443,1443,9.764566421508789,13.990159742730086,0.001,6.569550514221191
6944,13,444,1862,11.347309112548828,13.987005615014604,0.001,7.239828586578369
6945,13,445,607,14.970100402832031,13.98813089511892,0.001,6.4705071449279785
6946,13,446,1766,26.867755889892578,13.999061557045426,0.001,6.688504934310913
6947,13,447,74,7.763181686401367,13.991751426826516,0.001,7.407480001449585
6948,13,448,1083,10.442727088928223,13.980271532975173,0.001,7.0455968379974365
6949,13,449,834,7.032273769378662,13.95733761025092,0.001,6.5029518604278564
6950,13,450,372,9.54545783996582,13.952768982004429,0.001,6.064684867858887
6951,13,451,496,18.447280883789062,13.963400578107088,0.001,4.9497597217559814
6952,13,452,2911,20.392566680908203,13.970398362946876,0.001,7.023133277893066
6953,13,453,742,8.078953742980957,13.950985570880878,0.001,5.65788459777832
6954,13,454,1262,8.970698356628418,13.945243922669475,0.001,6.880183458328247
6955,13,455,2569,10.984665870666504,13.94007128317386,0.001,5.967195987701416
6956,13,456,951,10.083616256713867,13.930660727915704,0.001,5.895087480545044
6957,13,457,863,22.082475662231445,13.950698340170426,0.001,6.4886438846588135
6958,13,458,719,15.67241382598877,13.95629042848211,0.001,6.022926568984985
6959,13,459,956,9.358687400817871,13.941477219596264,0.001,6.662719488143921
6960,13,460,69,19.79969596862793,13.960523883787932,0.001,5.781215190887451
6961,13,461,861,7.840269088745117,13.949963127954193,0.001,6.257423400878906
6962,13,462,266,8.664048194885254,13.932982603176855,0.001,5.9085259437561035
6963,13,463,717,6.18865966796875,13.908235986163652,0.001,6.049828290939331
6964,13,464,913,8.982219696044922,13.899847482547072,0.001,6.509807586669922
6965,13,465,966,12.754122734069824,13.897931023299455,0.001,5.485553026199341
6966,13,466,403,7.527888774871826,13.887183526420488,0.001,6.083037376403809
6967,13,467,2784,9.845731735229492,13.874313754273322,0.001,5.744996070861816
6968,13,468,1463,8.068082809448242,13.868592935233753,0.001,5.756346940994263
6969,13,469,447,6.254920959472656,13.859884611309038,0.001,6.047831773757935
6970,13,470,361,14.308917999267578,13.861232784793348,0.001,7.133915424346924
6971,13,471,990,14.66635799407959,13.863177545766872,0.001,6.005968332290649
6972,13,472,94,12.14903450012207,13.858109290800302,0.001,6.22408127784729
6973,13,473,873,12.51501178741455,13.856786575971132,0.001,6.571887731552124
6974,13,474,2533,10.404172897338867,13.850891019722614,0.001,5.777535438537598
6975,13,475,1118,12.742673873901367,13.848306420960382,0.001,6.125253438949585
6976,13,476,490,12.554550170898438,13.84683621173615,0.001,6.631042957305908
6977,13,477,2793,10.138595581054688,13.835114841200006,0.001,5.263502359390259
6978,13,478,1864,20.684417724609375,13.84277154829853,0.001,6.1054933071136475
6979,13,479,1181,25.6082763671875,13.869466873292687,0.001,5.479050159454346
6980,13,480,1441,24.086090087890625,13.881014490033145,0.001,6.422146558761597
6981,13,481,2782,15.71165943145752,13.88672027291904,0.001,5.420992851257324
6982,13,482,803,8.572641372680664,13.881026948701912,0.001,6.132663726806641
6983,13,483,986,27.68709945678711,13.913392149568677,0.001,5.450572967529297
6984,13,484,864,22.2371826171875,13.92203369751287,0.001,6.654393434524536
6985,13,485,405,11.378180503845215,13.917759748969218,0.001,5.8672590255737305
6986,13,486,492,24.006023406982422,13.948650243497596,0.001,5.683548927307129
6987,13,487,778,13.418891906738281,13.947448409220582,0.001,6.145954847335815
6988,13,488,1575,11.783753395080566,13.942395506723607,0.001,6.362605571746826
6989,13,489,1361,22.749168395996094,13.951947716105112,0.001,5.005615949630737
6990,13,490,694,14.966438293457031,13.955017472830194,0.001,7.050047397613525
6991,13,491,2930,5.995719909667969,13.946606269767218,0.001,6.515410423278809
6992,13,492,471,7.414682865142822,13.927090304584752,0.001,6.5642030239105225
6993,13,493,1690,9.028356552124023,13.921773771714916,0.001,6.383487701416016
6994,13,494,728,11.023592948913574,13.91521630617216,0.001,6.424756050109863
6995,13,495,851,9.197393417358398,13.900739942646629,0.001,6.451437473297119
6996,13,496,1457,8.743906021118164,13.885473203923667,0.001,5.888084650039673
6997,13,497,1088,8.915708541870117,13.874587581170243,0.001,6.874836683273315
6998,13,498,1363,23.10561180114746,13.895147218724073,0.001,6.562508821487427
6999,13,499,2720,11.724761962890625,13.893015614349103,0.001,6.409313678741455
