global_step,epoch,step_in_epoch,sample_idx,loss,running_mean_loss,lr,seconds
0,0,0,1127,112.58924865722656,112.58924865722656,0.001,9.329862117767334
1,0,1,1879,124.68489074707031,118.62663242709488,0.001,5.629680156707764
2,0,2,1493,114.13338470458984,116.47567647516799,0.001,6.79506254196167
3,0,3,1360,128.05520629882812,118.12109975943218,0.001,4.4102783203125
4,0,4,1717,125.24417877197266,119.02089081473625,0.001,5.423661470413208
5,0,5,1397,95.08715057373047,112.65830739423124,0.001,5.9693567752838135
6,0,6,1399,112.06396484375,112.53316227167778,0.001,4.92038631439209
7,0,7,1615,117.40625762939453,113.17735033042106,0.001,4.873323202133179
8,0,8,1828,116.23538970947266,113.65251975810908,0.001,5.8662025928497314
9,0,9,1823,106.37828063964844,112.67353801088973,0.001,5.733743190765381
10,0,10,1324,105.1183090209961,111.80152593240608,0.001,7.066164493560791
11,0,11,1373,98.01203155517578,110.9164351448031,0.001,3.859365940093994
12,0,12,1812,105.2388687133789,110.35287633266358,0.001,5.465137958526611
13,0,13,1334,131.08856201171875,111.04328364069812,0.001,5.640094995498657
14,0,14,1569,105.93080139160156,110.70171265168061,0.001,4.793726682662964
15,0,15,1845,118.51984405517578,110.92803364459601,0.001,5.540961742401123
16,0,16,1355,107.4173812866211,110.7144273870378,0.001,6.065557241439819
17,0,17,1714,110.27467346191406,110.68991280889298,0.001,4.858758926391602
18,0,18,1693,99.3505859375,109.88937697991375,0.001,4.7143285274505615
19,0,19,1791,110.23381805419922,109.90178904910104,0.001,5.2529003620147705
20,0,20,1506,108.76212310791016,109.87601130791258,0.001,4.513877630233765
21,0,21,1797,133.416259765625,110.43530089892914,0.001,5.046107053756714
22,0,22,1442,111.49107360839844,110.47047615486318,0.001,7.546668529510498
23,0,23,1686,125.9905014038086,111.38841302004921,0.001,4.239391088485718
24,0,24,1265,115.90478515625,111.48233152913099,0.001,6.593858957290649
25,0,25,1132,111.85234832763672,111.49799047303797,0.001,5.473592519760132
26,0,26,1481,116.41258239746094,111.6970557463122,0.001,4.712713956832886
27,0,27,1571,110.11691284179688,111.61730840103154,0.001,6.724614858627319
28,0,28,1862,105.42193603515625,111.50715583606532,0.001,5.427655220031738
29,0,29,1470,113.48192596435547,111.57638407147256,0.001,5.7261741161346436
30,0,30,175,122.60490417480469,111.85844699815149,0.001,4.651776313781738
31,0,31,1858,118.3130111694336,112.07483862648746,0.001,4.053715229034424
32,0,32,1682,108.72681427001953,111.96534657314056,0.001,4.765103578567505
33,0,33,1794,99.2830581665039,111.56938692730144,0.001,6.453444719314575
34,0,34,1915,122.68992614746094,111.81351255094516,0.001,5.692246913909912
35,0,35,1339,141.50396728515625,112.2530160876951,0.001,6.422773122787476
36,0,36,1090,111.6973876953125,112.24128989231754,0.001,5.164857864379883
37,0,37,1777,115.01664733886719,112.3208807793185,0.001,5.02455472946167
38,0,38,1965,104.788330078125,112.03728563825953,0.001,6.92042088508606
39,0,39,1128,107.80857849121094,111.9219639837715,0.001,4.862351179122925
40,0,40,1838,119.37060546875,112.11616078699257,0.001,5.927554130554199
41,0,41,1577,116.92371368408203,112.23983688700137,0.001,6.423346042633057
42,0,42,1570,101.27420043945312,112.10505479689341,0.001,5.109666347503662
43,0,43,1123,103.40938568115234,111.94975651785376,0.001,7.022204160690308
44,0,44,1097,116.0218505859375,111.99649063838278,0.001,5.741979598999023
45,0,45,1262,114.64627838134766,112.02695046808103,0.001,5.614159822463989
46,0,46,1548,108.34276580810547,111.94220422758947,0.001,5.3925697803497314
47,0,47,2070,113.78218078613281,111.99899576020351,0.001,5.83954930305481
48,0,48,1088,102.72698211669922,111.79307232816099,0.001,6.583826303482056
49,0,49,1602,100.70061492919922,111.7144187369337,0.001,5.127666234970093
50,0,50,1821,115.8090591430664,111.75773815907567,0.001,4.498422145843506
51,0,51,1945,113.6463394165039,111.81228680016324,0.001,5.8536858558654785
52,0,52,1779,127.14842224121094,112.24131935114747,0.001,4.648252964019775
53,0,53,1263,111.00285339355469,112.21583888632277,0.001,4.270963907241821
54,0,54,2101,113.3794174194336,112.24721252502705,0.001,6.839919328689575
55,0,55,2202,108.7988510131836,112.15683996121415,0.001,5.137979745864868
56,0,56,1692,115.06182861328125,112.230306253799,0.001,5.025341749191284
57,0,57,1363,98.48788452148438,111.97425585747943,0.001,6.15330958366394
58,0,58,1460,108.39078521728516,111.92689226225976,0.001,4.404364824295044
59,0,59,2075,112.38382720947266,111.93272925537603,0.001,4.905734062194824
60,0,60,2152,103.25743103027344,111.77921861433774,0.001,4.9588096141815186
61,0,61,1484,119.46936798095703,111.91552215583647,0.001,5.428166389465332
62,0,62,2099,113.56851196289062,111.9360829639505,0.001,6.419402599334717
63,0,63,1105,100.65545654296875,111.84003549501121,0.001,5.583561182022095
64,0,64,2144,110.65790557861328,111.83053503141777,0.001,4.493070602416992
65,0,65,2181,132.18431091308594,111.99500067250963,0.001,6.4160590171813965
66,0,66,1921,112.05142974853516,111.99593753833376,0.001,5.39340877532959
67,0,67,2000,104.38359832763672,111.93682959208266,0.001,4.75938606262207
68,0,68,1530,105.0811767578125,111.78937194757245,0.001,6.321500778198242
69,0,69,1925,138.56463623046875,111.9916260984502,0.001,5.369090795516968
70,0,70,2223,106.01950073242188,111.86585971208464,0.001,6.6427903175354
71,0,71,1706,113.81603240966797,111.89586353298714,0.001,6.036367177963257
72,0,72,1814,117.52952575683594,111.98035363512648,0.001,5.900235176086426
73,0,73,1951,117.81326293945312,112.06790936143517,0.001,6.69931435585022
74,0,74,1675,101.82071685791016,111.96057228035838,0.001,3.7417473793029785
75,0,75,1751,118.09507751464844,112.02500904114167,0.001,8.260478496551514
76,0,76,2293,112.10633850097656,112.02621260466589,0.001,7.0874433517456055
77,0,77,2272,112.40750885009766,112.03163998003336,0.001,5.92779541015625
78,0,78,1769,110.86595916748047,112.00969234800961,0.001,5.17972469329834
79,0,79,1439,112.32884979248047,112.01545841188684,0.001,6.052325010299683
80,0,80,1372,116.08647155761719,112.07033443676598,0.001,5.395873308181763
81,0,81,1807,98.3296890258789,111.82972349380604,0.001,6.8018786907196045
82,0,82,1099,110.19159698486328,111.8010915020314,0.001,5.553998947143555
83,0,83,2163,110.79023742675781,111.78770822618316,0.001,5.440078496932983
84,0,84,1092,99.32502746582031,111.5765810249857,0.001,4.723110198974609
85,0,85,1440,101.47001647949219,111.45269592850119,0.001,4.918677091598511
86,0,86,1346,116.67884826660156,111.53554055003198,0.001,6.795881032943726
87,0,87,2249,105.92031860351562,111.4658180025601,0.001,4.913827419281006
88,0,88,2341,112.88927459716797,111.48872416781198,0.001,3.6924796104431152
89,0,89,1585,105.42890167236328,111.39459948468117,0.001,5.352726221084595
90,0,90,2034,108.59820556640625,111.35194464079991,0.001,4.097318649291992
91,0,91,1326,127.35508728027344,111.43866702241486,0.001,4.015074729919434
92,0,92,1457,110.67947387695312,111.42726216620451,0.001,3.727367877960205
93,0,93,1259,111.38322448730469,111.42691451163581,0.001,4.153773307800293
94,0,94,2174,102.34578704833984,111.2959483692652,0.001,3.600001096725464
95,0,95,2060,107.98318481445312,111.25929980673396,0.001,5.26551365852356
96,0,96,1737,106.56600189208984,111.19327606271476,0.001,3.469017267227173
97,0,97,1864,111.18096160888672,111.19321227493278,0.001,5.348830223083496
98,0,98,1844,114.13069152832031,111.20657129818551,0.001,5.201558351516724
99,0,99,2179,98.44971466064453,111.10813308185062,0.001,3.5844385623931885
100,0,100,2071,112.8175048828125,111.12095199510041,0.001,3.347538709640503
101,0,101,178,119.0429458618164,111.20190819776525,0.001,4.187870740890503
102,0,102,2095,109.49283599853516,111.17882075023034,0.001,4.3505778312683105
103,0,103,2235,115.44636535644531,111.23657571555326,0.001,3.654003858566284
104,0,104,1636,102.86080932617188,111.12401684505755,0.001,4.71651816368103
105,0,105,1343,114.0239028930664,111.1369437093029,0.001,4.232795476913452
106,0,106,2192,102.61459350585938,111.10301666516158,0.001,3.467156171798706
107,0,107,1648,116.23096466064453,111.13917994909309,0.001,3.7304186820983887
108,0,108,1735,113.11061096191406,111.14851307771096,0.001,5.510050535202026
109,0,109,1393,112.46993255615234,111.16147758698246,0.001,4.227174758911133
110,0,110,1109,101.37097930908203,111.04010712100997,0.001,3.970405101776123
111,0,111,1896,106.29704284667969,110.99516604703574,0.001,4.183592319488525
112,0,112,2464,98.63926696777344,110.93807880824598,0.001,3.2946972846984863
113,0,113,2328,111.43413543701172,110.94146252030968,0.001,3.6254794597625732
114,0,114,1554,110.87764739990234,110.94117335848958,0.001,3.5912675857543945
115,0,115,1516,111.489013671875,110.94623594398062,0.001,4.225205421447754
116,0,116,2298,111.60075378417969,110.94905168583445,0.001,3.867259979248047
117,0,117,2398,103.67073059082031,110.86106766998198,0.001,3.432800769805908
118,0,118,1342,121.53704071044922,110.95611330310653,0.001,3.676259756088257
119,0,119,1264,116.71812438964844,110.98136661983851,0.001,4.3460447788238525
120,0,120,1174,112.4461441040039,110.9945151872661,0.001,4.126988887786865
121,0,121,2482,115.25068664550781,111.04516476308561,0.001,3.6535463333129883
122,0,122,2401,111.44287872314453,111.04869894766149,0.001,3.6030991077423096
123,0,123,1394,102.50186920166016,110.97444572584978,0.001,4.946092128753662
124,0,124,1909,111.51410675048828,110.98053548439393,0.001,3.8249433040618896
125,0,125,1596,110.46869659423828,110.97748609440339,0.001,3.398097515106201
126,0,126,2172,95.19004821777344,110.84160581981416,0.001,3.9535610675811768
127,0,127,2067,115.34781646728516,110.86932742647596,0.001,4.952141046524048
128,0,128,1914,93.49503326416016,110.80004836712324,0.001,3.5461292266845703
129,0,129,2460,110.8758544921875,110.80034926356092,0.001,3.7909157276153564
130,0,130,2050,106.88663482666016,110.77758161991954,0.001,4.760710954666138
131,0,131,2055,119.14925384521484,110.86922022016344,0.001,3.964012622833252
132,0,132,1126,115.15697479248047,110.91577186831739,0.001,3.735457181930542
133,0,133,1274,115.81761932373047,110.95446738758709,0.001,3.316671133041382
134,0,134,2140,123.84178924560547,111.00159810529576,0.001,5.391869306564331
135,0,135,2513,101.04153442382812,110.96388851991833,0.001,3.6181044578552246
136,0,136,1580,104.6096420288086,110.92788664417479,0.001,3.291090250015259
137,0,137,2543,103.21426391601562,110.86667078444971,0.001,3.264166831970215
138,0,138,2229,103.40837097167969,110.83052222033004,0.001,5.164144515991211
139,0,139,190,111.15582275390625,110.83397127850674,0.001,4.087731599807739
140,0,140,2425,105.42117309570312,110.79209667953724,0.001,3.6797218322753906
141,0,141,1120,95.76129150390625,110.71374727092542,0.001,3.722287654876709
142,0,142,2392,113.65771484375,110.7299665463611,0.001,5.023694753646851
143,0,143,1586,104.1596908569336,110.66336815594047,0.001,3.442565679550171
144,0,144,1122,109.4802017211914,110.65692613450008,0.001,3.548906087875366
145,0,145,2494,110.02434539794922,110.65225291603807,0.001,3.6707332134246826
146,0,146,2066,107.17894744873047,110.61828704256524,0.001,4.226358890533447
147,0,147,1081,104.23448944091797,110.57147357030765,0.001,3.6316978931427
148,0,148,1310,106.65526580810547,110.53341474689826,0.001,3.2574381828308105
149,0,149,1155,119.55003356933594,110.56497552163115,0.001,4.026666641235352
150,0,150,2340,122.82762145996094,110.6510045395322,0.001,3.851919412612915
151,0,151,2013,122.35883331298828,110.69020655389913,0.001,3.3225607872009277
152,0,152,2216,123.09574890136719,110.72796580357064,0.001,3.4994726181030273
153,0,153,2073,118.49579620361328,110.75319578398992,0.001,4.0021233558654785
154,0,154,1802,125.07676696777344,110.85382349893614,0.001,4.179114580154419
155,0,155,1441,113.49006652832031,110.86285027581444,0.001,3.3453540802001953
156,0,156,1365,126.4466552734375,110.91499611883833,0.001,3.453944683074951
157,0,157,1434,113.76823425292969,110.93416764968151,0.001,3.5339865684509277
158,0,158,2294,119.8807601928711,110.96276872335045,0.001,4.912119388580322
159,0,159,1463,104.83840942382812,110.94519720694744,0.001,3.495600938796997
160,0,160,2547,101.3200912475586,110.87886718733557,0.001,3.6971771717071533
161,0,161,1918,104.48514556884766,110.82068965607856,0.001,4.574495077133179
162,0,162,1482,121.06637573242188,110.85338677564295,0.001,3.6893739700317383
163,0,163,2008,137.9136199951172,110.9313700094079,0.001,3.701291084289551
164,0,164,1772,108.87383270263672,110.91268805195769,0.001,3.454376459121704
165,0,165,2243,124.09625244140625,111.02973955546182,0.001,4.2464025020599365
166,0,166,2278,104.6738052368164,110.98714027570641,0.001,3.7805376052856445
167,0,167,250,98.0816421508789,110.94658772985963,0.001,3.3668479919433594
168,0,168,1793,108.48362731933594,110.92544368654117,0.001,3.5860471725463867
169,0,169,1699,121.5391845703125,110.97344128588036,0.001,4.022986650466919
170,0,170,2197,109.39934539794922,110.96334949206599,0.001,3.668949842453003
171,0,171,28,118.54451751708984,110.98646135679786,0.001,3.3615171909332275
172,0,172,1302,103.45531463623047,110.92650181311546,0.001,3.6207916736602783
173,0,173,2432,112.65707397460938,110.9318025496171,0.001,4.574536561965942
174,0,174,2564,96.9535903930664,110.84495285974299,0.001,3.8017170429229736
175,0,175,2619,111.26187133789062,110.84666951134498,0.001,3.665225028991699
176,0,176,2448,102.71806335449219,110.7793923673196,0.001,3.6572697162628174
177,0,177,1617,109.50758361816406,110.76924912084682,0.001,4.896817445755005
178,0,178,2166,113.41639709472656,110.78085026577509,0.001,3.5348563194274902
179,0,179,2051,113.01805877685547,110.79464741381256,0.001,3.785280466079712
180,0,180,2117,112.03596496582031,110.80202927291143,0.001,3.453223466873169
181,0,181,2387,111.02479553222656,110.80299635906762,0.001,4.841470718383789
182,0,182,1575,110.21660614013672,110.7993780368102,0.001,3.7534141540527344
183,0,183,2608,96.02951049804688,110.67932567101508,0.001,3.4504144191741943
184,0,184,2668,121.68680572509766,110.74550499178093,0.001,3.39497709274292
185,0,185,1676,107.7917709350586,110.72210695098505,0.001,4.43787145614624
186,0,186,1370,100.69017028808594,110.6628864293835,0.001,4.198790073394775
187,0,187,2548,102.9149169921875,110.61845703600845,0.001,3.7347569465637207
188,0,188,1495,120.54638671875,110.6762597994006,0.001,4.37390661239624
189,0,189,1453,109.6531753540039,110.67363734383665,0.001,3.6197264194488525
190,0,190,1089,111.91446685791016,110.68311420733238,0.001,3.484168529510498
191,0,191,1514,114.4491195678711,110.69329321768947,0.001,3.4889373779296875
192,0,192,1098,122.2461929321289,110.74077539176787,0.001,4.1197285652160645
193,0,193,1306,97.01229858398438,110.63759301621482,0.001,3.943612575531006
194,0,194,2672,113.2873306274414,110.65753682266836,0.001,3.385136842727661
195,0,195,2476,119.63973999023438,110.68156927621469,0.001,3.6428871154785156
196,0,196,2455,114.22288513183594,110.69118955409152,0.001,4.666841506958008
197,0,197,1361,102.84521484375,110.670407145718,0.001,3.8808038234710693
198,0,198,1766,108.21833801269531,110.66577984691448,0.001,3.7744863033294678
199,0,199,2864,115.28453826904297,110.68422660413523,0.001,3.927619218826294
200,0,200,1700,113.61779022216797,110.69640859645547,0.001,4.3646018505096436
201,0,201,1690,102.5345458984375,110.67487436273247,0.001,3.7202649116516113
202,0,202,1383,112.7701187133789,110.6831943885034,0.001,3.716855525970459
203,0,203,1762,113.6445541381836,110.69927728938741,0.001,3.6212480068206787
204,0,204,1576,123.67282104492188,110.73229305408708,0.001,4.271886348724365
205,0,205,1764,112.0147705078125,110.74168830246842,0.001,3.1028573513031006
206,0,206,2452,111.9508285522461,110.74816996908227,0.001,3.2541182041168213
207,0,207,2270,107.18428039550781,110.72259424648409,0.001,3.2987959384918213
208,0,208,2147,102.9346694946289,110.6673545448871,0.001,4.108720064163208
209,0,209,2673,103.88594055175781,110.63115330333257,0.001,3.241832733154297
210,0,210,2758,113.03182983398438,110.64365330433225,0.001,3.400388479232788
211,0,211,32,105.86865997314453,110.60998920719229,0.001,3.2956671714782715
212,0,212,1153,107.67976379394531,110.58967653406533,0.001,3.6066200733184814
213,0,213,1250,102.38832092285156,110.56982152416401,0.001,4.143569469451904
214,0,214,2911,102.0070571899414,110.5504388457972,0.001,3.160276174545288
215,0,215,2709,114.27190399169922,110.55940093857404,0.001,3.2384328842163086
216,0,216,1649,97.51393127441406,110.49277125049296,0.001,4.145124673843384
217,0,217,2443,98.49928283691406,110.43245045241382,0.001,4.729457378387451
218,0,218,2720,123.66150665283203,110.46191836263604,0.001,3.5521090030670166
219,0,219,367,137.133056640625,110.55671956446528,0.001,3.4074606895446777
220,0,220,2706,112.67549896240234,110.5615395607941,0.001,3.9152698516845703
221,0,221,272,117.79271697998047,110.58757696046969,0.001,3.5166757106781006
222,0,222,2251,120.41471099853516,110.6234349677921,0.001,3.2328121662139893
223,0,223,2660,122.30387878417969,110.69911801446268,0.001,3.3129723072052
224,0,224,2595,148.8489532470703,110.78831161263207,0.001,3.1675972938537598
225,0,225,2552,116.81959533691406,110.81771888351429,0.001,4.463862657546997
226,0,226,2406,110.47767639160156,110.81547994161873,0.001,3.701399087905884
227,0,227,2596,119.31298065185547,110.84503970272036,0.001,3.1943087577819824
228,0,228,1473,107.04837799072266,110.83355631074714,0.001,3.225917339324951
229,0,229,1503,105.7336654663086,110.81729090472584,0.001,4.098623514175415
230,0,230,1817,104.14278411865234,110.802434577163,0.001,3.3505942821502686
231,0,231,344,115.93019104003906,110.81424279876519,0.001,3.2195096015930176
232,0,232,2537,111.02013397216797,110.81525285590982,0.001,3.1944942474365234
233,0,233,2669,110.31917572021484,110.81410678627634,0.001,3.83095383644104
234,0,234,342,105.16378021240234,110.77770325218283,0.001,2.9438560009002686
235,0,235,2927,90.51353454589844,110.7379928049949,0.001,2.7892653942108154
236,0,236,2610,129.9564208984375,110.78143771615093,0.001,2.673820972442627
237,0,237,2603,104.18470001220703,110.74106503897626,0.001,2.7905259132385254
238,0,238,2221,108.49768829345703,110.73035199397908,0.001,3.301792860031128
239,0,239,2767,100.357421875,110.68130769435513,0.001,2.7917959690093994
240,0,240,400,114.54132843017578,110.69279243770058,0.001,2.6751630306243896
241,0,241,446,102.43106079101562,110.6548574827982,0.001,2.7510414123535156
242,0,242,273,116.88289642333984,110.68380194201713,0.001,2.8458621501922607
243,0,243,1839,122.95455932617188,110.71012164217365,0.001,2.925936222076416
244,0,244,350,117.65543365478516,110.74211988223114,0.001,3.4528305530548096
245,0,245,2241,103.48241424560547,110.69754625793311,0.001,2.8156979084014893
246,0,246,468,102.8519058227539,110.65072159261521,0.001,3.08828067779541
247,0,247,408,111.81913757324219,110.65444474955711,0.001,3.3727948665618896
248,0,248,2593,104.69354248046875,110.62714315771821,0.001,4.32856822013855
249,0,249,2204,98.85692596435547,110.55822916396667,0.001,3.5962438583374023
250,0,250,336,105.6990966796875,110.52931734852615,0.001,3.9804129600524902
251,0,251,469,111.2606430053711,110.5335991873316,0.001,3.5349833965301514
252,0,252,455,104.77114868164062,110.52434500056121,0.001,3.6754729747772217
253,0,253,254,106.02713012695312,110.49824752146307,0.001,2.820223569869995
254,0,254,1679,127.63392639160156,110.5527087884616,0.001,2.8685011863708496
255,0,255,2694,129.4837188720703,110.59164970653244,0.001,2.7696518898010254
256,0,256,2654,104.12535858154297,110.55420231415673,0.001,2.8488333225250244
257,0,257,2422,97.58628845214844,110.52751775649031,0.001,3.7447876930236816
258,0,258,68,123.80315399169922,110.56913127213426,0.001,2.8869242668151855
259,0,259,1149,92.23884582519531,110.48984941475462,0.001,2.8340213298797607
260,0,260,2930,113.33251190185547,110.49550805456053,0.001,2.773258686065674
261,0,261,382,120.47052001953125,110.51520641940475,0.001,2.9133856296539307
262,0,262,1568,115.3238296508789,110.53549830311401,0.001,3.4938201904296875
263,0,263,2613,122.43917083740234,110.58523946298338,0.001,3.4874837398529053
264,0,264,2534,125.37965393066406,110.61537182532982,0.001,2.9661917686462402
265,0,265,519,116.16351318359375,110.64657798272796,0.001,2.8302500247955322
266,0,266,2588,117.68143463134766,110.68620222496969,0.001,2.958378314971924
267,0,267,1900,136.55152893066406,110.73881756210578,0.001,2.979987144470215
268,0,268,601,106.3094711303711,110.71435950796892,0.001,3.633425235748291
269,0,269,2297,120.16749572753906,110.75421978904602,0.001,2.8447649478912354
270,0,270,2157,111.65434265136719,110.75914515847367,0.001,2.974614381790161
271,0,271,2427,98.00452423095703,110.70809850306325,0.001,2.9560821056365967
272,0,272,522,108.31438446044922,110.695077585202,0.001,2.716728925704956
273,0,273,2479,116.5394287109375,110.71795894507419,0.001,3.8740315437316895
274,0,274,488,120.92218017578125,110.77222060822719,0.001,2.8535802364349365
275,0,275,471,103.91525268554688,110.73595106549645,0.001,2.852754592895508
276,0,276,2080,110.89789581298828,110.73681713220516,0.001,2.866875648498535
277,0,277,264,97.67538452148438,110.68463784859266,0.001,3.1387898921966553
278,0,278,607,118.64141082763672,110.69906810497739,0.001,4.123169660568237
279,0,279,2282,101.02964782714844,110.68090305534895,0.001,3.0860753059387207
280,0,280,2590,128.2607879638672,110.7289130572731,0.001,3.400527000427246
281,0,281,2327,114.53777313232422,110.73941583999081,0.001,3.3678154945373535
282,0,282,383,108.04231262207031,110.72578320157501,0.001,4.604750394821167
283,0,283,1117,120.84771728515625,110.76596219062162,0.001,3.410222291946411
284,0,284,1182,105.8370132446289,110.74666561076516,0.001,3.5437533855438232
285,0,285,1113,119.19351959228516,110.79013611291498,0.001,3.271421432495117
286,0,286,1196,111.94322967529297,110.79207817933806,0.001,4.04809308052063
287,0,287,514,130.427001953125,110.84675970372345,0.001,3.7094664573669434
288,0,288,325,94.40884399414062,110.78400454270948,0.001,3.46066951751709
289,0,289,695,101.18649291992188,110.74706556239362,0.001,3.390143871307373
290,0,290,1806,104.06544494628906,110.71317530006601,0.001,4.732330560684204
291,0,291,361,102.5257339477539,110.67391844553606,0.001,3.4542791843414307
292,0,292,1151,110.75296020507812,110.67412336747714,0.001,3.3133609294891357
293,0,293,616,107.94336700439453,110.66059994720352,0.001,2.9250574111938477
294,0,294,453,116.78824615478516,110.67682631969441,0.001,3.1121597290039062
295,0,295,1557,100.99485778808594,110.62850023822212,0.001,3.387772560119629
296,0,296,1083,120.7158432006836,110.67707462220403,0.001,2.8210649490356445
297,0,297,74,115.08650970458984,110.68473147114014,0.001,2.795666456222534
298,0,298,771,109.37056732177734,110.679920731349,0.001,3.0211105346679688
299,0,299,1173,114.53130340576172,110.68670274715149,0.001,3.476414442062378
300,0,300,2789,108.7920913696289,110.67978722336423,0.001,3.203731060028076
301,0,301,38,109.70645141601562,110.67722741710914,0.001,2.760951042175293
302,0,302,728,109.974609375,110.67466174203858,0.001,2.845865249633789
303,0,303,266,118.98096466064453,110.71484893822866,0.001,3.0162606239318848
304,0,304,1878,114.25367736816406,110.72387141765299,0.001,3.8045969009399414
305,0,305,432,110.2916030883789,110.7223444451234,0.001,3.3253097534179688
306,0,306,2450,120.37490844726562,110.75633139351723,0.001,3.2639429569244385
307,0,307,2184,119.75213623046875,110.77954075060364,0.001,3.301910400390625
308,0,308,2794,103.14433288574219,110.7663926394773,0.001,3.101280450820923
309,0,309,2793,108.41270446777344,110.75504624344445,0.001,4.2522687911987305
310,0,310,2601,115.10956573486328,110.7752396079688,0.001,3.388187885284424
311,0,311,1313,95.40177154541016,110.70606730810748,0.001,3.435739278793335
312,0,312,518,117.8775405883789,110.71813327802319,0.001,3.1174139976501465
313,0,313,407,120.89799499511719,110.75381180595444,0.001,3.9717116355895996
314,0,314,2399,106.25525665283203,110.74709365567357,0.001,3.3175246715545654
315,0,315,727,132.54617309570312,110.78284730979225,0.001,3.2443454265594482
316,0,316,2462,110.89248657226562,110.783362540191,0.001,3.0141053199768066
317,0,317,2435,102.17974090576172,110.76870806058804,0.001,4.309756278991699
318,0,318,2871,99.97894287109375,110.71926871485012,0.001,3.145094871520996
319,0,319,447,129.34512329101562,110.75024016080368,0.001,3.152040719985962
320,0,320,1756,102.67411804199219,110.72293022813109,0.001,3.197000026702881
321,0,321,787,110.08145904541016,110.72186710212354,0.001,3.1967124938964844
322,0,322,523,117.15304565429688,110.751432792635,0.001,4.083820343017578
323,0,323,1118,109.87517547607422,110.74846069559372,0.001,3.129070997238159
324,0,324,1317,115.1377182006836,110.75555301314681,0.001,3.392481565475464
325,0,325,825,110.46778106689453,110.75509965811352,0.001,3.007774829864502
326,0,326,915,112.21900939941406,110.75737738520644,0.001,3.7437753677368164
327,0,327,1502,111.40524291992188,110.76033338020994,0.001,3.269711494445801
328,0,328,1809,117.76830291748047,110.79112996095878,0.001,3.1923482418060303
329,0,329,2546,92.1003646850586,110.72906839193347,0.001,3.182518482208252
330,0,330,819,113.580322265625,110.73862620144358,0.001,3.103619337081909
331,0,331,682,131.884033203125,110.8316226775348,0.001,4.392085075378418
332,0,332,759,120.82998657226562,110.86438299500033,0.001,3.0601909160614014
333,0,333,2499,117.30535125732422,110.87961267765267,0.001,2.8389482498168945
334,0,334,405,105.92806243896484,110.86769157819471,0.001,3.00907301902771
335,0,335,492,91.44419860839844,110.78257811686262,0.001,3.5774288177490234
336,0,336,861,123.23491668701172,110.8117195380648,0.001,3.3703367710113525
337,0,337,2523,106.71092224121094,110.79387370436122,0.001,3.007966995239258
338,0,338,2781,103.69853973388672,110.77943559216376,0.001,2.875453233718872
339,0,339,1888,113.31464385986328,110.79020889266782,0.001,3.281531572341919
340,0,340,962,102.74162292480469,110.77147844134139,0.001,3.648480176925659
341,0,341,274,106.31550598144531,110.7573607356143,0.001,2.9775521755218506
342,0,342,403,102.79106903076172,110.73925828730773,0.001,3.1283106803894043
343,0,343,914,102.92220306396484,110.71431246881544,0.001,3.2021753787994385
344,0,344,69,105.77899169921875,110.69314388084435,0.001,3.6922082901000977
345,0,345,1620,114.50509643554688,110.6970112166302,0.001,3.2903971672058105
346,0,346,694,110.06243133544922,110.69433059195006,0.001,3.1559386253356934
347,0,347,803,116.74543762207031,110.70321659660489,0.001,2.8957269191741943
348,0,348,2906,108.92442321777344,110.69761839594459,0.001,3.21781587600708
349,0,349,2565,117.33796691894531,110.70775657349103,0.001,4.394585847854614
350,0,350,770,97.31813049316406,110.66506369459893,0.001,3.166274070739746
351,0,351,916,113.30023956298828,110.66907034157177,0.001,2.9921631813049316
352,0,352,67,105.10420989990234,110.65164728099768,0.001,3.1926047801971436
353,0,353,368,98.00374603271484,110.6108876515252,0.001,3.3333547115325928
354,0,354,774,110.00013732910156,110.60898701307491,0.001,3.287351369857788
355,0,355,2436,99.81663513183594,110.59290644476616,0.001,3.0568912029266357
356,0,356,1527,102.51074981689453,110.56805117789085,0.001,3.0706310272216797
357,0,357,721,105.89805603027344,110.55792196190477,0.001,3.1734795570373535
358,0,358,458,113.96013641357422,110.56305661992593,0.001,3.8636233806610107
359,0,359,1488,105.672119140625,110.54422964971664,0.001,3.30357027053833
360,0,360,2874,111.38854217529297,110.54676287806267,0.001,3.485945224761963
361,0,361,1549,114.65928649902344,110.55599546610084,0.001,3.635747194290161
362,0,362,2378,114.48258209228516,110.56808774616822,0.001,3.895608901977539
363,0,363,388,113.82280731201172,110.57260477499467,0.001,3.054417133331299
364,0,364,401,115.97838592529297,110.5890141127292,0.001,3.0006508827209473
365,0,365,2449,104.73594665527344,110.57130572235302,0.001,3.036879777908325
366,0,366,689,109.04297637939453,110.56802341708142,0.001,3.3439180850982666
367,0,367,1819,95.3519287109375,110.54602179048263,0.001,4.203142166137695
368,0,368,2511,127.63621520996094,110.58316612614362,0.001,3.1546216011047363
369,0,369,37,108.04560089111328,110.57309114768145,0.001,3.2020316123962402
370,0,370,707,105.24691009521484,110.5659894248071,0.001,3.0907843112945557
371,0,371,1519,112.08672332763672,110.57060681380186,0.001,3.9003446102142334
372,0,372,77,111.8961181640625,110.57459515567515,0.001,3.097973108291626
373,0,373,966,107.08987426757812,110.56736188406633,0.001,3.1046178340911865
374,0,374,436,118.0017318725586,110.58280441061217,0.001,2.8660826683044434
375,0,375,1541,121.8032455444336,110.59717785633592,0.001,3.1860432624816895
376,0,376,363,104.19334411621094,110.58822112828067,0.001,3.8630833625793457
377,0,377,1543,128.35635375976562,110.61353404450644,0.001,3.0372462272644043
378,0,378,2064,108.05978393554688,110.60594431232641,0.001,3.1477272510528564
379,0,379,337,119.7937240600586,110.62335426971032,0.001,3.1892001628875732
380,0,380,778,109.58421325683594,110.62034010841145,0.001,3.78102970123291
381,0,381,1333,103.48814392089844,110.59949796949756,0.001,3.1520678997039795
382,0,382,461,111.72331237792969,110.60381164988415,0.001,3.146472454071045
383,0,383,2580,114.06130981445312,110.61685423980484,0.001,3.1624274253845215
384,0,384,2098,111.74600982666016,110.61899495542596,0.001,3.1279616355895996
385,0,385,2219,119.08721923828125,110.62991595247809,0.001,4.218395471572876
386,0,386,699,100.74600982666016,110.60193192953109,0.001,3.147205352783203
387,0,387,2505,109.66328430175781,110.60061967656002,0.001,3.054781675338745
388,0,388,1556,108.52893829345703,110.59466000730188,0.001,2.9627180099487305
389,0,389,1902,98.6651382446289,110.56053523616333,0.001,3.5260159969329834
390,0,390,1551,112.43345642089844,110.56595616699944,0.001,3.3292157649993896
391,0,391,1768,114.94155883789062,110.57184586710248,0.001,3.110933303833008
392,0,392,459,106.69046783447266,110.5666376484556,0.001,3.3817946910858154
393,0,393,686,107.04164123535156,110.55643891207956,0.001,2.975276470184326
394,0,394,2569,109.96839904785156,110.55525532454743,0.001,3.5666158199310303
395,0,395,98,97.4455795288086,110.50581229228425,0.001,3.259675979614258
396,0,396,870,106.03125,110.4968159403608,0.001,3.1176917552948
397,0,397,986,108.45364379882812,110.49099593844386,0.001,2.8743014335632324
398,0,398,717,114.94060516357422,110.50754737777335,0.001,3.6917202472686768
399,0,399,507,108.34178924560547,110.50554322763357,0.001,3.6872355937957764
400,0,400,913,117.9343490600586,110.5202516660734,0.001,3.1529195308685303
401,0,401,2149,105.71954345703125,110.50673149814338,0.001,3.2448480129241943
402,0,402,863,102.44877624511719,110.48427550352474,0.001,3.026918649673462
403,0,403,2510,113.71810150146484,110.49606444552077,0.001,4.588101387023926
404,0,404,340,107.93156433105469,110.4889948434634,0.001,3.1094908714294434
405,0,405,2692,122.02330780029297,110.53108305418989,0.001,3.1541638374328613
406,0,406,2274,98.59881591796875,110.4990886462144,0.001,3.27559232711792
407,0,407,1627,113.34184265136719,110.50689978791385,0.001,3.2593257427215576
408,0,408,789,111.7533950805664,110.51027584600695,0.001,3.358351945877075
409,0,409,873,109.94100952148438,110.50962850746257,0.001,2.8564631938934326
410,0,410,2203,124.65502166748047,110.56077462520786,0.001,2.8348090648651123
411,0,411,2458,115.91019439697266,110.5751556411165,0.001,2.831491231918335
412,0,412,788,105.94156646728516,110.55850338241301,0.001,3.2159061431884766
413,0,413,2535,138.23324584960938,110.59385280612689,0.001,2.7995553016662598
414,0,414,2225,114.05908966064453,110.60618655226273,0.001,2.842881441116333
415,0,415,827,112.74212646484375,110.609575780819,0.001,2.8113038539886475
416,0,416,2529,110.47244262695312,110.6092021126672,0.001,2.973769187927246
417,0,417,2772,110.613037109375,110.60921226474198,0.001,3.908585548400879
418,0,418,1161,116.27254486083984,110.61594669456329,0.001,2.6892342567443848
419,0,419,177,108.82693481445312,110.6112789671894,0.001,2.761232376098633
420,0,420,2722,107.0621109008789,110.60715299562942,0.001,2.9213850498199463
421,0,421,1846,107.38771057128906,110.598739806183,0.001,2.8660776615142822
422,0,422,2335,123.07038116455078,110.61477631838534,0.001,3.6506950855255127
423,0,423,685,109.5418472290039,110.61199750380237,0.001,3.038323163986206
424,0,424,374,99.10286712646484,110.57207213565397,0.001,2.733211040496826
425,0,425,2325,113.3162612915039,110.57925215121845,0.001,2.8727638721466064
426,0,426,680,130.11849975585938,110.60326139733571,0.001,3.0704879760742188
427,0,427,390,117.29377746582031,110.61537880800803,0.001,4.2076637744903564
428,0,428,2585,110.9837646484375,110.61631648142098,0.001,2.9925549030303955
429,0,429,858,109.4615707397461,110.6150247961534,0.001,3.1934759616851807
430,0,430,29,112.06927490234375,110.61876101868582,0.001,3.104501485824585
431,0,431,1368,127.59041595458984,110.65069279763429,0.001,3.103025436401367
432,0,432,1642,118.71537780761719,110.67115867351994,0.001,4.016502857208252
433,0,433,1540,105.7196273803711,110.66505063769924,0.001,3.1254067420959473
434,0,434,372,122.89310455322266,110.67818136325548,0.001,3.294036388397217
435,0,435,2583,107.46614837646484,110.66989079385377,0.001,3.5627472400665283
436,0,436,60,122.89950561523438,110.69216482893569,0.001,4.221863031387329
437,0,437,1344,97.70320129394531,110.65933025502538,0.001,3.082040786743164
438,0,438,2775,111.36541748046875,110.66110265796426,0.001,3.2512996196746826
439,0,439,2929,111.69252014160156,110.66372237862683,0.001,2.878871202468872
440,0,440,1093,103.1139144897461,110.63873122114629,0.001,3.7438771724700928
441,0,441,742,103.92047119140625,110.61604777839801,0.001,3.0169970989227295
442,0,442,706,118.06884002685547,110.62512891092982,0.001,3.187840700149536
443,0,443,864,124.1631851196289,110.64047536905797,0.001,2.905074119567871
444,0,444,2233,113.4041519165039,110.64540926439216,0.001,2.847540855407715
445,0,445,981,118.00434875488281,110.66387823115296,0.001,3.8145389556884766
446,0,446,2784,119.28732299804688,110.69269857179243,0.001,3.172063112258911
447,0,447,1532,108.49836730957031,110.68546526268909,0.001,3.1097280979156494
448,0,448,521,120.47197723388672,110.6969885945896,0.001,3.0290398597717285
449,0,449,2196,120.48060607910156,110.707405126518,0.001,3.182065963745117
450,0,450,2923,130.0626983642578,110.74062556103782,0.001,3.5974576473236084
451,0,451,2834,114.28426361083984,110.75233926765966,0.001,3.2178008556365967
452,0,452,256,109.57408142089844,110.75028905629964,0.001,3.1713171005249023
453,0,453,990,95.82847595214844,110.7127357984918,0.001,3.168637752532959
454,0,454,2113,113.87665557861328,110.7206005666751,0.001,3.60166335105896
455,0,455,611,103.77159118652344,110.70865187528476,0.001,3.6317007541656494
456,0,456,1395,123.96359252929688,110.72434102240084,0.001,3.0060067176818848
457,0,457,2763,119.40331268310547,110.73436528023376,0.001,2.9469735622406006
458,0,458,2343,114.77571868896484,110.74131640358557,0.001,3.1940510272979736
459,0,459,693,112.19184112548828,110.74603901841394,0.001,3.77394700050354
460,0,460,2502,114.12745666503906,110.75706948123697,0.001,3.049351453781128
461,0,461,814,103.18124389648438,110.74809963513783,0.001,3.3904170989990234
462,0,462,64,121.9167709350586,110.76112718482275,0.001,3.08278751373291
463,0,463,56,119.77461242675781,110.78286206670842,0.001,3.825716972351074
464,0,464,2845,107.61127471923828,110.77271100251559,0.001,3.098395586013794
465,0,465,1311,105.29390716552734,110.75525325993964,0.001,3.3301146030426025
466,0,466,94,107.77928924560547,110.74632088186668,0.001,3.004662275314331
467,0,467,2191,107.94166564941406,110.74143779602402,0.001,3.0438392162323
468,0,468,1480,118.42137908935547,110.75001526190329,0.001,3.9633285999298096
469,0,469,904,111.05408477783203,110.75047223218026,0.001,2.9939231872558594
470,0,470,376,124.97528839111328,110.76680779769508,0.001,2.901350259780884
471,0,471,2584,104.19607543945312,110.74612669394996,0.001,3.2440133094787598
472,0,472,1181,118.77093505859375,110.76464264120357,0.001,4.267508506774902
473,0,473,2377,106.58834838867188,110.75483681818811,0.001,3.4716875553131104
474,0,474,2347,119.42819213867188,110.77519934616858,0.001,3.1600964069366455
475,0,475,705,100.17169952392578,110.7415323766028,0.001,3.1363887786865234
476,0,476,972,109.51429748535156,110.7387157895318,0.001,2.858319044113159
477,0,477,2040,120.26094055175781,110.76869233419949,0.001,3.7998015880584717
478,0,478,811,110.48516082763672,110.76840095139146,0.001,3.0533578395843506
479,0,479,441,111.05558776855469,110.76906715279718,0.001,2.96677565574646
480,0,480,1111,107.9030532836914,110.76244335663125,0.001,3.10105299949646
481,0,481,977,116.22403717041016,110.77120360024354,0.001,3.775485038757324
482,0,482,2522,97.2319564819336,110.74023468014018,0.001,3.3546342849731445
483,0,483,808,105.53741455078125,110.72834784600266,0.001,2.9719297885894775
484,0,484,851,103.79859161376953,110.70663048784873,0.001,3.270942211151123
485,0,485,481,112.45963287353516,110.71064525216445,0.001,3.316890001296997
486,0,486,801,118.76148223876953,110.7234148277405,0.001,3.903226375579834
487,0,487,2861,89.80451202392578,110.67534530951347,0.001,3.1871488094329834
488,0,488,65,116.13838958740234,110.68141520033929,0.001,3.186979293823242
489,0,489,2498,125.27821350097656,110.70510029645448,0.001,3.0546305179595947
490,0,490,710,104.83807373046875,110.69184558922566,0.001,3.802022933959961
491,0,491,954,120.52894592285156,110.70245966615174,0.001,3.5421879291534424
492,0,492,2007,108.70226287841797,110.69795714903697,0.001,3.0239148139953613
493,0,493,991,115.59728240966797,110.70311776731597,0.001,3.098470449447632
494,0,494,2652,118.37026977539062,110.71121913013596,0.001,3.1151719093322754
495,0,495,961,103.91917419433594,110.6909188938775,0.001,3.813986301422119
496,0,496,920,109.64866638183594,110.68775641244956,0.001,2.958448648452759
497,0,497,2205,110.48255920410156,110.68728890399818,0.001,3.020595073699951
498,0,498,2563,112.3714599609375,110.68998760797818,0.001,3.1670432090759277
499,0,499,951,107.16739654541016,110.68214842378075,0.001,3.034698009490967
500,1,0,448,113.44941711425781,113.44941711425781,0.001,3.2376513481140137
501,1,1,2617,112.30008697509766,112.80091239886576,0.001,3.1350886821746826
502,1,2,1626,112.52867889404297,112.75627508564331,0.001,3.3538405895233154
503,1,3,832,97.98575592041016,108.01921983020773,0.001,4.009620428085327
504,1,4,956,105.72565460205078,107.46147126139057,0.001,3.3359110355377197
505,1,5,2901,115.86103820800781,108.4523718681968,0.001,2.877828598022461
506,1,6,1832,110.60144805908203,108.83342956684385,0.001,3.111640214920044
507,1,7,2832,103.59327697753906,108.07726111966876,0.001,3.7872562408447266
508,1,8,773,121.28185272216797,109.42491405816406,0.001,3.5947394371032715
509,1,9,719,98.27320098876953,108.08777082399726,0.001,3.104879140853882
510,1,10,2538,112.08566284179688,108.25210725069046,0.001,3.2736401557922363
511,1,11,1087,105.29295349121094,107.95217746931402,0.001,3.5875489711761475
512,1,12,496,99.460693359375,107.3664047631258,0.001,3.231382369995117
513,1,13,2349,116.81233978271484,108.19009751064834,0.001,3.107696294784546
514,1,14,2782,107.87738800048828,108.16464263273231,0.001,3.1454739570617676
515,1,15,852,105.23110961914062,107.99911939196222,0.001,3.2335269451141357
516,1,16,1523,129.8253173828125,108.57727443129852,0.001,3.6980514526367188
517,1,17,2413,113.62358093261719,108.84606738615486,0.001,3.1962954998016357
518,1,18,1616,122.85806274414062,109.56078601593576,0.001,3.2427618503570557
519,1,19,378,116.63140106201172,110.00182291853838,0.001,3.0473053455352783
520,1,20,2909,121.01251983642578,110.49783734098611,0.001,2.7836740016937256
521,1,21,490,112.10588073730469,110.53198384477923,0.001,3.5157885551452637
522,1,22,2533,105.02885437011719,110.36239156934398,0.001,3.046886920928955
523,1,23,1903,108.6258773803711,110.31219765192829,0.001,3.2204086780548096
524,1,24,2614,110.92454528808594,110.34379103528141,0.001,3.1079137325286865
525,1,25,2750,121.05059814453125,110.53745302994542,0.001,3.8478457927703857
526,1,26,1923,113.69649505615234,110.65649354083452,0.001,3.217341661453247
527,1,27,1848,100.55663299560547,110.18171038644174,0.001,3.0923032760620117
528,1,28,989,120.61949157714844,110.53514975066668,0.001,3.044161319732666
529,1,29,2188,101.42941284179688,110.2386089971308,0.001,3.012334108352661
530,1,30,1443,104.426513671875,109.99618530226542,0.001,3.725848436355591
531,1,31,73,123.12127685546875,110.19236516891884,0.001,3.0160791873931885
532,1,32,743,122.42762756347656,110.36916024631411,0.001,2.9364089965820312
533,1,33,424,115.1290512084961,110.46591795566245,0.001,3.0998215675354004
534,1,34,434,120.58763122558594,110.5948564466466,0.001,3.4522438049316406
535,1,35,377,132.18820190429688,111.04121969989131,0.001,3.678671360015869
536,1,36,834,103.26285552978516,110.75273566568477,0.001,3.195683717727661
537,1,37,919,102.501953125,110.45266674638275,0.001,2.947998285293579
538,1,38,2682,102.35411071777344,110.16903489206469,0.001,3.0999646186828613
539,1,39,1938,102.7756576538086,110.08208319308451,0.001,3.9252960681915283
540,1,40,392,106.32516479492188,109.95918945627821,0.001,3.1170802116394043
541,1,41,1839,119.08895111083984,110.06348539023939,0.001,2.9356472492218018
542,1,42,1090,109.05229949951172,110.04634319293275,0.001,2.9263830184936523
543,1,43,1123,101.36371612548828,109.90002546372266,0.001,3.116053819656372
544,1,44,1443,104.19435119628906,109.7265041127206,0.001,4.155493259429932
545,1,45,1126,112.30096435546875,109.80313980338558,0.001,3.4661011695861816
546,1,46,1577,113.8440933227539,109.89071434333226,0.001,3.3433187007904053
547,1,47,1779,123.89718627929688,110.28490514472658,0.001,3.0620920658111572
548,1,48,2007,107.81829071044922,110.234067267259,0.001,3.932567596435547
549,1,49,1440,99.16139221191406,110.01396975765451,0.001,3.3188414573669434
550,1,50,1675,99.57561492919922,109.8663014976212,0.001,2.9713642597198486
551,1,51,1306,94.13957214355469,109.45847887758015,0.001,3.0682036876678467
552,1,52,1482,117.24234008789062,109.5292378163928,0.001,3.360934257507324
553,1,53,1344,96.10899353027344,109.2769733123432,0.001,3.6612093448638916
554,1,54,1809,115.48141479492188,109.4272146457781,0.001,3.027282238006592
555,1,55,1099,107.37968444824219,109.37777783686728,0.001,3.093791961669922
556,1,56,1383,110.59477233886719,109.39351501743468,0.001,3.190053701400757
557,1,57,1699,117.94189453125,109.49833120209459,0.001,3.5852484703063965
558,1,58,1802,121.67822265625,109.70822182130941,0.001,2.9157023429870605
559,1,59,1812,102.32489013671875,109.53980981075817,0.001,3.1269657611846924
560,1,60,1616,122.19486236572266,109.75498586256076,0.001,3.0255703926086426
561,1,61,1334,127.16886901855469,109.88942288432438,0.001,3.110651731491089
562,1,62,1888,110.40483856201172,109.90034307211805,0.001,3.9240288734436035
563,1,63,1113,116.557373046875,110.0405306367935,0.001,3.03969669342041
564,1,64,1692,111.52349853515625,110.07104045102733,0.001,3.0272066593170166
565,1,65,1087,104.49979400634766,109.96034921722564,0.001,3.0874733924865723
566,1,66,1902,97.06503295898438,109.76730459441619,0.001,3.81168270111084
567,1,67,1488,103.42670440673828,109.65071346111073,0.001,3.162445068359375
568,1,68,1846,105.34671783447266,109.58901614661957,0.001,3.1154940128326416
569,1,69,1923,113.00712585449219,109.6388094886754,0.001,3.171170949935913
570,1,70,1819,93.52314758300781,109.52932203566853,0.001,3.2336363792419434
571,1,71,1439,109.03294372558594,109.52024658059345,0.001,3.9620769023895264
572,1,72,1122,105.81183624267578,109.48323152453038,0.001,3.0227832794189453
573,1,73,1586,101.39180755615234,109.33640807256195,0.001,2.9436700344085693
574,1,74,1766,105.56975555419922,109.31920829425654,0.001,2.9761362075805664
575,1,75,1363,95.92266082763672,109.14188784598849,0.001,3.123366594314575
576,1,76,1909,108.43572998046875,109.12979210630697,0.001,3.186500310897827
577,1,77,1769,107.19918060302734,109.09647867893038,0.001,3.1672286987304688
578,1,78,2073,114.80494689941406,109.12972349760469,0.001,3.0371804237365723
579,1,79,1089,109.1201171875,109.12956326481427,0.001,3.3071796894073486
580,1,80,2181,128.13363647460938,109.24263242815101,0.001,3.690730571746826
581,1,81,1394,99.15998840332031,109.11862705432377,0.001,3.631702423095703
582,1,82,1925,135.1997528076172,109.26896362774403,0.001,3.2878878116607666
583,1,83,2166,110.1079330444336,109.27619059242451,0.001,3.016265869140625
584,1,84,1965,101.58002471923828,109.15277174153567,0.001,3.208484649658203
585,1,85,1097,112.33147430419922,109.17023135771463,0.001,3.7448627948760986
586,1,86,1714,106.43279266357422,109.13892658179157,0.001,2.983248233795166
587,1,87,1602,99.31317901611328,109.1027841333011,0.001,3.0453100204467773
588,1,88,1844,112.11856842041016,109.117629318904,0.001,3.107513427734375
589,1,89,1372,111.86705017089844,109.1490796955226,0.001,3.6566269397735596
590,1,90,2144,105.6442642211914,109.13019319594328,0.001,3.2478697299957275
591,1,91,1313,92.6423568725586,108.89294023684852,0.001,3.1432905197143555
592,1,92,1397,91.68851470947266,108.63538624409726,0.001,2.913451671600342
593,1,93,1858,113.87761688232422,108.69230817795413,0.001,3.3124468326568604
594,1,94,2071,110.16513061523438,108.70368149707154,0.001,3.6040334701538086
595,1,95,1554,107.06156158447266,108.69509480122366,0.001,3.1826958656311035
596,1,96,1481,112.31725311279297,108.73441720922133,0.001,3.0344040393829346
597,1,97,1118,106.69451904296875,108.71286813875452,0.001,3.239105224609375
598,1,98,1132,107.38253784179688,108.69869571314811,0.001,3.6658639907836914
599,1,99,1127,109.04998779296875,108.7013622914083,0.001,3.8904454708099365
600,1,100,1250,98.7918701171875,108.65304539259824,0.001,3.017524480819702
601,1,101,1793,105.37488555908203,108.60894727185453,0.001,3.138273239135742
602,1,102,1548,105.65287017822266,108.58019211306372,0.001,3.1301472187042236
603,1,103,1527,100.36083221435547,108.49832199415891,0.001,3.663504123687744
604,1,104,1173,111.99571990966797,108.51502898347478,0.001,3.052999496459961
605,1,105,1679,121.82649230957031,108.61112124156966,0.001,3.1690850257873535
606,1,106,1772,105.0983657836914,108.56464048418906,0.001,2.984611749649048
607,1,107,1896,102.65738677978516,108.5078726448387,0.001,2.918605089187622
608,1,108,2249,103.22632598876953,108.45625771278145,0.001,3.800748109817505
609,1,109,1580,101.36186218261719,108.4081266414816,0.001,3.230173110961914
610,1,110,1762,110.34297943115234,108.42632314823055,0.001,2.9937331676483154
611,1,111,1453,106.08866119384766,108.41658942415842,0.001,3.022791862487793
612,1,112,1585,101.6322021484375,108.33371957401766,0.001,3.7161450386047363
613,1,113,1174,108.15679931640625,108.3320888889292,0.001,2.955322742462158
614,1,114,2192,99.29075622558594,108.29902943716806,0.001,3.2347187995910645
615,1,115,175,118.7122802734375,108.36809463817211,0.001,3.1536569595336914
616,1,116,2274,96.78958892822266,108.26567664402339,0.001,3.0237674713134766
617,1,117,2294,114.91983032226562,108.29320084035244,0.001,3.8816771507263184
618,1,118,2272,108.22605895996094,108.29260414441825,0.001,3.2087032794952393
619,1,119,1105,95.6654281616211,108.23719358858932,0.001,3.1741559505462646
620,1,120,2241,101.37437438964844,108.15608016651512,0.001,2.998962879180908
621,1,121,2325,110.75430297851562,108.17868194393834,0.001,3.24680233001709
622,1,122,1460,104.98250579833984,108.15891228975757,0.001,3.5484726428985596
623,1,123,2140,118.78395080566406,108.20050798578414,0.001,3.271193027496338
624,1,124,1326,122.30078125,108.25710327373744,0.001,3.2046196460723877
625,1,125,2184,116.5333251953125,108.3078340231446,0.001,3.4057157039642334
626,1,126,1149,88.34807586669922,108.1379679376783,0.001,4.017537355422974
627,1,127,2203,121.72523498535156,108.28939490839095,0.001,3.135565757751465
628,1,128,1393,108.3851318359375,108.29019101890007,0.001,3.2601683139801025
629,1,129,1343,108.82962036132812,108.292170175656,0.001,2.9610486030578613
630,1,130,1838,113.82279205322266,108.33657719024582,0.001,3.7784557342529297
631,1,131,1373,94.1707763671875,108.24622219988271,0.001,3.1098921298980713
632,1,132,1182,101.90836334228516,108.19475835350887,0.001,3.227386236190796
633,1,133,2387,108.7555160522461,108.197971196857,0.001,3.1730995178222656
634,1,134,2406,106.36013793945312,108.17837534556026,0.001,3.060124158859253
635,1,135,1263,107.40473175048828,108.17230378617343,0.001,4.14999794960022
636,1,136,2149,101.83383178710938,108.12215302022821,0.001,3.137751340866089
637,1,137,2398,99.6988754272461,108.03628396065527,0.001,3.0488474369049072
638,1,138,1764,108.16407012939453,108.03761016944902,0.001,3.5010764598846436
639,1,139,1457,106.10469818115234,108.01831290575491,0.001,4.074905872344971
640,1,140,1541,116.47881317138672,108.04594903803094,0.001,2.822077751159668
641,1,141,2270,103.13500213623047,107.9965597989131,0.001,3.062939405441284
642,1,142,2196,117.67413330078125,108.0274323593112,0.001,3.2050962448120117
643,1,143,2243,119.27468872070312,108.13808164824144,0.001,3.132721424102783
644,1,144,2413,111.27597045898438,108.16133001052901,0.001,3.8140437602996826
645,1,145,2050,100.9712905883789,108.12467442690863,0.001,3.246216058731079
646,1,146,1648,112.60151672363281,108.14775079381563,0.001,3.229710817337036
647,1,147,1259,104.7853012084961,108.13082341131815,0.001,3.0893163681030273
648,1,148,1302,99.95433044433594,108.05805462464664,0.001,3.7778494358062744
649,1,149,1676,103.62564086914062,108.01598343305479,0.001,3.100078582763672
650,1,150,1556,104.29952239990234,107.98979144080472,0.001,3.144956350326538
651,1,151,2328,105.78106689453125,107.97864161284213,0.001,3.229491949081421
652,1,152,1615,112.42033386230469,108.0087931233944,0.001,3.40413498878479
653,1,153,1540,102.67891693115234,107.99112250389577,0.001,4.216511011123657
654,1,154,2098,108.18594360351562,107.99200226848184,0.001,3.1866557598114014
655,1,155,2095,105.36666107177734,107.96859281087292,0.001,3.249504804611206
656,1,156,2455,110.34518432617188,107.97645358812244,0.001,3.354099988937378
657,1,157,1088,98.57009887695312,107.91428577818428,0.001,3.589230537414551
658,1,158,1557,97.52467346191406,107.8210563368573,0.001,3.417418956756592
659,1,159,2216,117.66761779785156,107.8491046746223,0.001,3.2013370990753174
660,1,160,2335,119.25338745117188,107.88614070551482,0.001,3.03464937210083
661,1,161,2221,103.99868774414062,107.85997207692313,0.001,3.1860830783843994
662,1,162,2378,110.8035659790039,107.87949930740025,0.001,3.8040685653686523
663,1,163,2174,96.6323471069336,107.78464771872592,0.001,3.1031594276428223
664,1,164,2188,99.76061248779297,107.73320389405711,0.001,3.262341260910034
665,1,165,2051,107.97817993164062,107.7347867329259,0.001,3.249518394470215
666,1,166,1690,96.64701843261719,107.70071112090636,0.001,4.000350713729858
667,1,167,2034,103.81951141357422,107.66834784664275,0.001,3.192673683166504
668,1,168,2191,105.14359283447266,107.65669899497068,0.001,3.0845134258270264
669,1,169,2163,106.28044891357422,107.64783132032917,0.001,3.0644571781158447
670,1,170,1361,97.8965072631836,107.61878366318881,0.001,3.8701953887939453
671,1,171,1649,92.6368408203125,107.52534843883093,0.001,3.688577175140381
672,1,172,1470,108.8446273803711,107.5332943662002,0.001,3.5589499473571777
673,1,173,256,105.99813842773438,107.52662334194274,0.001,3.057874917984009
674,1,174,2452,107.97091674804688,107.52934116902652,0.001,3.1923627853393555
675,1,175,2278,100.85489654541016,107.48813005509305,0.001,3.769688367843628
676,1,176,1516,106.12199401855469,107.47992761539733,0.001,3.0215506553649902
677,1,177,1879,118.1976547241211,107.52678683181489,0.001,3.3321516513824463
678,1,178,2327,111.3289566040039,107.54276182737037,0.001,3.3192732334136963
679,1,179,1333,101.36695861816406,107.50588973597326,0.001,3.7434134483337402
680,1,180,2197,106.29940032958984,107.49879069843317,0.001,3.3744306564331055
681,1,181,2511,122.34169006347656,107.5620837798559,0.001,3.207347869873047
682,1,182,1441,105.44207000732422,107.55601280064637,0.001,2.9012322425842285
683,1,183,254,100.50865173339844,107.50145770924068,0.001,2.968120574951172
684,1,184,1365,121.33827209472656,107.53990160568168,0.001,3.710134983062744
685,1,185,2179,94.9276351928711,107.48699877884555,0.001,3.4893786907196045
686,1,186,1549,110.11540985107422,107.4981421035052,0.001,3.28266978263855
687,1,187,1442,104.12855529785156,107.48448718801245,0.001,3.250074863433838
688,1,188,1532,105.47064208984375,107.4692694652492,0.001,4.092354774475098
689,1,189,1093,99.37159729003906,107.40928699266618,0.001,3.395245313644409
690,1,190,2450,114.56266784667969,107.44879986563559,0.001,3.1772496700286865
691,1,191,2343,110.29086303710938,107.46003806298188,0.001,3.437249183654785
692,1,192,2565,110.6029281616211,107.4685476578001,0.001,3.372809648513794
693,1,193,1617,104.55843353271484,107.44774789135894,0.001,4.062014579772949
694,1,194,1081,100.71996307373047,107.41054281567231,0.001,3.0671775341033936
695,1,195,2202,104.09740447998047,107.38616838863155,0.001,3.1359822750091553
696,1,196,2235,109.59748077392578,107.4021479862148,0.001,2.9372615814208984
697,1,197,1399,106.32121276855469,107.39424728006597,0.001,3.609042167663574
698,1,198,2233,109.30763244628906,107.40156795416178,0.001,2.925865888595581
699,1,199,1480,114.51878356933594,107.41947708272953,0.001,3.2915337085723877
700,1,200,2505,104.38567352294922,107.41157291741995,0.001,3.1721487045288086
701,1,201,1620,108.7249755859375,107.4138078579591,0.001,3.220935583114624
702,1,202,1570,95.9844970703125,107.38448031047155,0.001,3.3875131607055664
703,1,203,2399,101.8809814453125,107.37199134924097,0.001,3.133695363998413
704,1,204,2204,94.8955307006836,107.28547287381994,0.001,3.1234183311462402
705,1,205,1918,98.14134979248047,107.22138289942224,0.001,3.264943838119507
706,1,206,2588,111.65443420410156,107.25251881803338,0.001,4.278239488601685
707,1,207,1735,106.86944580078125,107.25156256819906,0.001,3.0246927738189697
708,1,208,1576,117.7816162109375,107.27712971039371,0.001,2.8251776695251465
709,1,209,1155,114.21888732910156,107.29451296805811,0.001,2.929415464401245
710,1,210,1117,114.54061126708984,107.33245408508729,0.001,2.8356761932373047
711,1,211,2548,97.2593994140625,107.2817595489221,0.001,4.335160970687866
712,1,212,1914,88.79564666748047,107.23686899870339,0.001,2.9009478092193604
713,1,213,2668,115.86418151855469,107.28116992760448,0.001,3.020167827606201
714,1,214,1575,106.25553131103516,107.27586836758131,0.001,2.9383227825164795
715,1,215,1627,110.06454467773438,107.28999889155446,0.001,3.909308433532715
716,1,216,2543,97.31398010253906,107.23980112901785,0.001,3.349757432937622
717,1,217,1495,114.68582153320312,107.2770190318373,0.001,3.198516607284546
718,1,218,1848,97.54061126708984,107.21262719861642,0.001,3.082582950592041
719,1,219,2070,108.48219299316406,107.22091993186947,0.001,3.170743465423584
720,1,220,1262,108.08033752441406,107.2228949454694,0.001,3.8013622760772705
721,1,221,2464,89.88617706298828,107.18168246238902,0.001,3.0432560443878174
722,1,222,272,112.31341552734375,107.19964150903131,0.001,2.8373138904571533
723,1,223,1938,99.92882537841797,107.18341277901287,0.001,3.021911144256592
724,1,224,2720,116.77311706542969,107.2038892652886,0.001,3.2449989318847656
725,1,225,1120,89.57334899902344,107.1459417798897,0.001,3.2302215099334717
726,1,226,1265,108.80266571044922,107.14975828401275,0.001,3.0744311809539795
727,1,227,2040,115.12516784667969,107.2013419989786,0.001,3.1057121753692627
728,1,228,2784,114.08232116699219,107.24519783706721,0.001,3.114520788192749
729,1,229,2251,114.57518005371094,107.27061031802215,0.001,3.5122876167297363
730,1,230,2601,109.41569519042969,107.28385977005071,0.001,3.494821071624756
731,1,231,2547,97.45095825195312,107.23758662584223,0.001,3.0569894313812256
732,1,232,1346,112.1458511352539,107.26701752073494,0.001,3.2256202697753906
733,1,233,2583,103.66697692871094,107.25018162926638,0.001,3.0317275524139404
734,1,234,2563,106.62384033203125,107.24810568057445,0.001,3.659311294555664
735,1,235,2654,99.47042846679688,107.20022969318266,0.001,3.123863935470581
736,1,236,1473,101.24751281738281,107.18324423701294,0.001,3.139423131942749
737,1,237,1806,98.07441711425781,107.12779047891613,0.001,2.895820379257202
738,1,238,2709,110.49345397949219,107.13498738829328,0.001,3.472486734390259
739,1,239,2499,111.64771270751953,107.14962904883834,0.001,3.642977476119995
740,1,240,2901,111.22269439697266,107.16307276285207,0.001,2.915646553039551
741,1,241,2435,96.46179962158203,107.13940696981871,0.001,2.9764904975891113
742,1,242,1551,107.28192138671875,107.14005692036386,0.001,3.0570919513702393
743,1,243,2013,116.4669418334961,107.15961375439018,0.001,4.372478246688843
744,1,244,2845,102.83291625976562,107.13397160516716,0.001,2.9679014682769775
745,1,245,2781,98.00482940673828,107.10861762018706,0.001,3.133824110031128
746,1,246,2401,103.70600128173828,107.09337326924344,0.001,3.1012775897979736
747,1,247,1791,103.0994873046875,107.08099525465495,0.001,3.368716239929199
748,1,248,2614,105.57203674316406,107.0722550089512,0.001,4.20369815826416
749,1,249,2008,132.41200256347656,107.11942949536461,0.001,3.0617268085479736
750,1,250,2535,131.00375366210938,107.16900707095772,0.001,2.9383962154388428
751,1,251,340,102.99844360351562,107.15084840424534,0.001,3.2420568466186523
752,1,252,1693,94.6092758178711,107.07888628190972,0.001,3.4241228103637695
753,1,253,2793,102.04457092285156,107.04958298908136,0.001,3.014925003051758
754,1,254,1342,113.69544219970703,107.07747088482432,0.001,3.2298073768615723
755,1,255,273,110.01029205322266,107.09006642942818,0.001,3.266151189804077
756,1,256,342,98.5426025390625,107.0410689297383,0.001,3.9661684036254883
757,1,257,2929,105.9874267578125,107.03662472479213,0.001,2.942077398300171
758,1,258,1092,94.8874740600586,106.96861495702275,0.001,3.1590628623962402
759,1,259,2113,108.76290893554688,106.97620303874241,0.001,3.141697883605957
760,1,260,2533,99.77213287353516,106.9543951089784,0.001,3.328213691711426
761,1,261,2513,97.93903350830078,106.93666523982081,0.001,3.3087575435638428
762,1,262,383,102.15473175048828,106.91115500936245,0.001,2.9919660091400146
763,1,263,2564,90.09534454345703,106.84318110135237,0.001,3.025160551071167
764,1,264,2377,100.77693176269531,106.81842687333724,0.001,3.0343103408813477
765,1,265,1915,113.15180969238281,106.8367089936839,0.001,3.4661991596221924
766,1,266,2349,111.18344116210938,106.86012097307383,0.001,2.9681057929992676
767,1,267,2580,108.54507446289062,106.86899836191884,0.001,3.4454023838043213
768,1,268,1832,107.31001281738281,106.87136484804384,0.001,3.120913028717041
769,1,269,1945,105.28854370117188,106.86291850996902,0.001,3.3944530487060547
770,1,270,1503,98.80523681640625,106.8417630072382,0.001,3.740563154220581
771,1,271,336,99.0435562133789,106.80023831986479,0.001,3.099236488342285
772,1,272,2706,104.29513549804688,106.79575090249696,0.001,3.058122396469116
773,1,273,1569,99.37335968017578,106.76629106875708,0.001,3.1379852294921875
774,1,274,368,92.8149185180664,106.70965868146655,0.001,3.991210460662842
775,1,275,407,111.94267272949219,106.73013210553216,0.001,3.441542863845825
776,1,276,2864,107.184814453125,106.73141238208957,0.001,3.135698080062866
777,1,277,1161,109.10880279541016,106.73556244274535,0.001,3.145869731903076
778,1,278,37,101.15672302246094,106.70689484799082,0.001,3.1132493019104004
779,1,279,1083,113.80953979492188,106.74249905105505,0.001,4.0168750286102295
780,1,280,1777,107.15421295166016,106.74405729295765,0.001,3.1721396446228027
781,1,281,1181,113.60877990722656,106.76970702340462,0.001,3.1257362365722656
782,1,282,2462,104.25179290771484,106.75675487561168,0.001,3.162256956100464
783,1,283,1751,109.6235122680664,106.76454550544466,0.001,3.7221364974975586
784,1,284,400,108.22792053222656,106.76809200703839,0.001,3.005419969558716
785,1,285,2101,107.06672668457031,106.76960532873905,0.001,3.1051974296569824
786,1,286,2775,105.26322174072266,106.76402644005705,0.001,2.92926025390625
787,1,287,2340,114.7722396850586,106.79331722729606,0.001,3.010672092437744
788,1,288,2832,97.44833374023438,106.74915322033684,0.001,3.7899324893951416
789,1,289,2157,103.53121948242188,106.73326203346942,0.001,3.2462656497955322
790,1,290,2763,113.68221282958984,106.74540980917497,0.001,3.2193856239318848
791,1,291,2448,96.34113311767578,106.6946692795173,0.001,3.245795249938965
792,1,292,1530,98.3137435913086,106.65379022460046,0.001,3.8853468894958496
793,1,293,1864,103.67705535888672,106.6485671848338,0.001,3.3416383266448975
794,1,294,2923,122.10784912109375,106.68761058216008,0.001,3.038902759552002
795,1,295,1636,93.46674346923828,106.62348367150938,0.001,3.130492925643921
796,1,296,1098,110.91846466064453,106.6346969169518,0.001,3.099116563796997
797,1,297,1951,110.09561157226562,106.64719670079114,0.001,4.044513940811157
798,1,298,337,111.04556274414062,106.6574195027051,0.001,3.068145751953125
799,1,299,2205,106.0845718383789,106.65533136508343,0.001,2.9024064540863037
800,1,300,2758,107.37930297851562,106.65790542928646,0.001,2.9734392166137695
801,1,301,1821,109.9024887084961,106.66339732449826,0.001,3.1101348400115967
802,1,302,1128,97.47261810302734,106.6307087998575,0.001,3.6970596313476562
803,1,303,1700,106.70753479003906,106.6309139266621,0.001,2.893544912338257
804,1,304,64,116.33026885986328,106.64746958314491,0.001,3.388500213623047
805,1,305,2669,103.71707916259766,106.64247627482705,0.001,3.186570882797241
806,1,306,264,93.22198486328125,106.59495135613464,0.001,4.040398120880127
807,1,307,1370,91.35428619384766,106.54114152533349,0.001,2.8489835262298584
808,1,308,2172,89.44894409179688,106.48042557823578,0.001,3.028134346008301
809,1,309,1717,119.21814727783203,106.50133209263423,0.001,3.2814807891845703
810,1,310,1151,104.37625885009766,106.49624485268177,0.001,3.243098020553589
811,1,311,2449,95.5718002319336,106.45833158570986,0.001,4.282196760177612
812,1,312,177,102.68383026123047,106.44546976750584,0.001,3.2059929370880127
813,1,313,1502,103.32872009277344,106.43097005654089,0.001,3.139265298843384
814,1,314,1153,101.21758270263672,106.4069774628298,0.001,3.201510429382324
815,1,315,266,112.57243347167969,106.43504062412119,0.001,3.7612931728363037
816,1,316,1310,97.95138549804688,106.39645679248737,0.001,2.8615877628326416
817,1,317,2392,105.23395538330078,106.3936127295076,0.001,3.0643937587738037
818,1,318,2619,101.72496795654297,106.38330295982581,0.001,2.96588397026062
819,1,319,1756,96.58070373535156,106.35085234620048,0.001,2.930586338043213
820,1,320,2834,105.92868041992188,106.34895886039746,0.001,4.370953798294067
821,1,321,686,98.43727111816406,106.32196418872263,0.001,3.3970792293548584
822,1,322,1845,107.5193862915039,106.32375711210936,0.001,3.2155611515045166
823,1,323,2906,100.44442749023438,106.30428400512531,0.001,2.963622570037842
824,1,324,29,104.88046264648438,106.2995981220793,0.001,4.544450283050537
825,1,325,2794,95.95989990234375,106.28311675124323,0.001,3.0893547534942627
826,1,326,2660,113.47933959960938,106.31407412121068,0.001,3.115053176879883
827,1,327,2055,109.10004425048828,106.32625647122995,0.001,3.1836097240448
828,1,328,1274,106.65715026855469,106.32731637728413,0.001,3.810237407684326
829,1,329,2603,95.1098861694336,106.27986203502029,0.001,3.728749990463257
830,1,330,405,99.6718978881836,106.26418770335702,0.001,3.1999800205230713
831,1,331,390,111.42042541503906,106.27581291397054,0.001,3.147148609161377
832,1,332,1506,98.12348937988281,106.26389872339774,0.001,3.1140360832214355
833,1,333,699,94.2646713256836,106.22581718075325,0.001,3.80972957611084
834,1,334,607,110.99847412109375,106.23284983777383,0.001,3.2377634048461914
835,1,335,2425,97.43168640136719,106.20448927132153,0.001,3.259061098098755
836,1,336,1109,92.94507598876953,106.14995829004835,0.001,3.45827317237854
837,1,337,2147,96.3377914428711,106.10806013979725,0.001,4.2288103103637695
838,1,338,2066,101.13042449951172,106.08714575982252,0.001,3.306765556335449
839,1,339,2930,104.18013000488281,106.08433679037842,0.001,3.143615961074829
840,1,340,1823,96.56291961669922,106.04343126954996,0.001,3.1098451614379883
841,1,341,392,100.96611022949219,106.02238891289794,0.001,4.131507396697998
842,1,342,2498,118.6639404296875,106.05059704702366,0.001,3.2765135765075684
843,1,343,717,106.72463989257812,106.05339735588115,0.001,2.929636001586914
844,1,344,2874,101.79638671875,106.04043284966971,0.001,3.078310251235962
845,1,345,1355,97.10365295410156,106.01260560622096,0.001,4.3623340129852295
846,1,346,2282,94.20234680175781,105.9952497403901,0.001,3.036104440689087
847,1,347,1737,99.3656005859375,105.96875550000102,0.001,2.9863626956939697
848,1,348,28,107.57026672363281,105.97109068994922,0.001,2.803969144821167
849,1,349,2458,105.56655883789062,105.96985398134473,0.001,2.8293590545654297
850,1,350,98,92.30496215820312,105.91393087813779,0.001,3.7385663986206055
851,1,351,448,108.26117706298828,105.9212446196468,0.001,3.098349094390869
852,1,352,787,100.94840240478516,105.91394330321289,0.001,3.0996859073638916
853,1,353,1264,106.1980972290039,105.91436206123346,0.001,3.12625789642334
854,1,354,65,108.99175262451172,105.91890874376631,0.001,3.645265817642212
855,1,355,2537,102.34661102294922,105.90787028893313,0.001,3.135953426361084
856,1,356,693,104.74652099609375,105.90318773576581,0.001,3.0315186977386475
857,1,357,2075,99.46078491210938,105.88959801464806,0.001,3.1555917263031006
858,1,358,2590,119.71965789794922,105.91830584886739,0.001,3.0962958335876465
859,1,359,378,111.53077697753906,105.94066206178535,0.001,3.8276283740997314
860,1,360,2909,112.60704803466797,105.96068411629413,0.001,3.0573954582214355
861,1,361,2593,95.60691833496094,105.92930415670403,0.001,3.1056673526763916
862,1,362,2522,88.95602416992188,105.8795546702583,0.001,3.044522523880005
863,1,363,436,109.05318450927734,105.88613291391128,0.001,3.361407518386841
864,1,364,60,112.10806274414062,105.89919188595147,0.001,4.353444337844849
865,1,365,2694,121.32891082763672,105.92065881851521,0.001,3.0364959239959717
866,1,366,2789,101.35722351074219,105.9073178552444,0.001,3.112867832183838
867,1,367,706,106.6165542602539,105.90832351470517,0.001,2.9275104999542236
868,1,368,2482,105.01356506347656,105.90480924777572,0.001,3.7852773666381836
869,1,369,1111,99.79580688476562,105.8870868800451,0.001,3.201693534851074
870,1,370,689,100.86273956298828,105.8766988961851,0.001,2.9633071422576904
871,1,371,388,106.74884033203125,105.87785306866743,0.001,3.2232911586761475
872,1,372,914,94.86353302001953,105.84611804485985,0.001,2.9716532230377197
873,1,373,743,113.25613403320312,105.85624101752153,0.001,3.7626006603240967
874,1,374,685,100.92877197265625,105.8422459685174,0.001,2.896235466003418
875,1,375,190,100.14192962646484,105.81991777071705,0.001,2.9480934143066406
876,1,376,458,104.48970794677734,105.8180525945539,0.001,3.000603437423706
877,1,377,2502,105.93083953857422,105.81848587059159,0.001,3.225362777709961
878,1,378,778,103.26834869384766,105.81128886056764,0.001,3.7121622562408447
879,1,379,951,99.27511596679688,105.79279629303154,0.001,3.1169345378875732
880,1,380,2608,88.2076187133789,105.72524326188412,0.001,3.040137767791748
881,1,381,372,111.0953598022461,105.73158125515369,0.001,3.028033971786499
882,1,382,1368,115.99754333496094,105.75266444168203,0.001,3.949841022491455
883,1,383,1543,118.4867172241211,105.76998201117033,0.001,3.0072121620178223
884,1,384,680,121.21951293945312,105.79044371445886,0.001,2.9805688858032227
885,1,385,178,106.73631286621094,105.7930303441293,0.001,3.0744593143463135
886,1,386,2223,97.0331039428711,105.76020399439649,0.001,3.248157024383545
887,1,387,1311,95.4282455444336,105.72199079683367,0.001,3.6093406677246094
888,1,388,1862,93.59342193603516,105.70593285532719,0.001,2.8790764808654785
889,1,389,518,105.84492492675781,105.70611727899681,0.001,2.9855589866638184
890,1,390,956,99.26191711425781,105.68245838659877,0.001,3.2159552574157715
891,1,391,68,114.8499984741211,105.70087621291611,0.001,3.766352891921997
892,1,392,2347,108.86760711669922,105.7095714418327,0.001,3.2239394187927246
893,1,393,1686,113.95918273925781,105.73965533336323,0.001,2.9521279335021973
894,1,394,961,95.32061004638672,105.7019010554854,0.001,3.1314871311187744
895,1,395,67,96.55976867675781,105.67698608841907,0.001,2.960789442062378
896,1,396,1324,96.82424926757812,105.64523030729566,0.001,3.924668073654175
897,1,397,2692,112.46519470214844,105.66978632050008,0.001,3.11297869682312
898,1,398,861,112.59980010986328,105.68315688722329,0.001,3.082401990890503
899,1,399,376,117.46353912353516,105.69850227158949,0.001,3.160653829574585
900,1,400,2432,99.12223815917969,105.68998156172867,0.001,3.2556498050689697
901,1,401,434,110.87689208984375,105.69599386633904,0.001,3.727741241455078
902,1,402,827,103.50934600830078,105.69250676063707,0.001,3.171908140182495
903,1,403,919,95.82572937011719,105.65676223635273,0.001,3.0612592697143555
904,1,404,2552,106.09971618652344,105.65793208079921,0.001,2.97271990776062
905,1,405,2298,96.85888671875,105.64704686077881,0.001,3.5799834728240967
906,1,406,2099,98.96868896484375,105.63430623430834,0.001,3.027885913848877
907,1,407,2682,94.32510375976562,105.59380232764421,0.001,3.1258726119995117
908,1,408,2436,91.92042541503906,105.57643579629,0.001,3.1319851875305176
909,1,409,851,95.7772216796875,105.5411861243961,0.001,3.1350820064544678
910,1,410,1395,116.62670135498047,105.55531133844251,0.001,3.471663475036621
911,1,411,325,85.26338195800781,105.5022027063369,0.001,3.0784707069396973
912,1,412,981,109.3464126586914,105.512293676321,0.001,3.0518083572387695
913,1,413,2927,84.50891876220703,105.48961078597644,0.001,3.0780467987060547
914,1,414,2767,92.61679077148438,105.45555196159387,0.001,3.4810855388641357
915,1,415,819,101.52519989013672,105.44527446390026,0.001,4.077317476272583
916,1,416,1794,88.51589965820312,105.4020754245517,0.001,2.933682918548584
917,1,417,1921,99.54428100585938,105.38693378737895,0.001,3.0235323905944824
918,1,418,2871,88.59060668945312,105.32946518468954,0.001,3.196049451828003
919,1,419,2117,102.32105255126953,105.32190779247573,0.001,3.8651392459869385
920,1,420,514,119.256103515625,105.34783461927756,0.001,3.02016282081604
921,1,421,774,99.24305725097656,105.33217375383978,0.001,2.9617130756378174
922,1,422,2341,99.48761749267578,105.31212489702632,0.001,3.073065757751465
923,1,423,915,102.63230895996094,105.30898667118862,0.001,3.0347917079925537
924,1,424,2772,99.907958984375,105.29529120141405,0.001,3.7235500812530518
925,1,425,916,101.23461151123047,105.2902917298175,0.001,3.05267071723938
926,1,426,496,92.06649780273438,105.25820165981848,0.001,3.1836557388305664
927,1,427,2443,91.05621337890625,105.22257145722268,0.001,3.212724208831787
928,1,428,2080,97.91209411621094,105.19785030949157,0.001,3.6238906383514404
929,1,429,363,96.2562255859375,105.18718449041602,0.001,3.1693665981292725
930,1,430,1493,101.59367370605469,105.17513564963129,0.001,3.06260347366333
931,1,431,832,89.03672790527344,105.12163180663829,0.001,2.979548454284668
932,1,432,2510,102.17823791503906,105.111934350576,0.001,3.0836143493652344
933,1,433,2534,115.04166412353516,105.1238540574822,0.001,3.68033504486084
934,1,434,461,102.42587280273438,105.11500866441867,0.001,2.9477179050445557
935,1,435,710,97.15045166015625,105.09540274793007,0.001,3.058342456817627
936,1,436,1903,99.23432922363281,105.08522700645456,0.001,3.0559699535369873
937,1,437,408,97.64468383789062,105.07224964836107,0.001,2.967346429824829
938,1,438,1523,116.4377212524414,105.08561091870068,0.001,3.5136938095092773
939,1,439,695,92.23994445800781,105.05377398231872,0.001,2.899724006652832
940,1,440,2479,104.61448669433594,105.05273290608062,0.001,2.9306225776672363
941,1,441,2750,109.8662109375,105.05829851801408,0.001,3.142533302307129
942,1,442,490,103.77835083007812,105.05677752167279,0.001,3.618136167526245
943,1,443,864,113.56019592285156,105.0661407320893,0.001,3.1953415870666504
944,1,444,2297,106.52999877929688,105.06978554061648,0.001,3.1613781452178955
945,1,445,801,107.377685546875,105.07367788747955,0.001,3.082432746887207
946,1,446,2652,105.9189224243164,105.07463862648818,0.001,2.9829046726226807
947,1,447,1463,91.50900268554688,105.0609811472159,0.001,3.882481813430786
948,1,448,1706,107.9136734008789,105.06786234740657,0.001,3.083223581314087
949,1,449,863,93.51461029052734,105.03975785502989,0.001,3.0664780139923096
950,1,450,1817,86.59652709960938,105.01926308541493,0.001,3.0929620265960693
951,1,451,2152,93.58442687988281,104.99200476137096,0.001,3.1892707347869873
952,1,452,77,101.71992492675781,104.98404830957776,0.001,4.152621507644653
953,1,453,2546,85.0667953491211,104.93671772591738,0.001,3.0998775959014893
954,1,454,870,96.43878936767578,104.92217378286942,0.001,3.0847792625427246
955,1,455,403,91.81134796142578,104.9000349983653,0.001,3.22733998298645
956,1,456,852,99.29367065429688,104.88681862937639,0.001,4.412142992019653
957,1,457,727,113.28359985351562,104.89619739277809,0.001,3.0696802139282227
958,1,458,2293,95.81730651855469,104.87413704681812,0.001,2.9892849922180176
959,1,459,2064,97.78561401367188,104.85716036623897,0.001,2.9782755374908447
960,1,460,350,102.424072265625,104.85137276092313,0.001,3.252976655960083
961,1,461,1196,97.72367858886719,104.84402609866083,0.001,3.7858686447143555
962,1,462,1768,104.30132293701172,104.8434205765026,0.001,3.243319272994995
963,1,463,2673,94.82799530029297,104.8195074832435,0.001,3.321843385696411
964,1,464,453,107.11856842041016,104.82332914372995,0.001,3.1022558212280273
965,1,465,2610,111.6053695678711,104.83091931054668,0.001,3.550798177719116
966,1,466,834,95.30726623535156,104.8012803418412,0.001,3.1205005645751953
967,1,467,56,107.6015625,104.80781128164008,0.001,3.0050787925720215
968,1,468,858,102.01587677001953,104.80500452359715,0.001,2.9033570289611816
969,1,469,447,117.3498764038086,104.81907670369586,0.001,2.9653332233428955
970,1,470,424,104.20793151855469,104.81811202714634,0.001,3.7783658504486084
971,1,471,1571,100.49510192871094,104.80480278672945,0.001,3.0979883670806885
972,1,472,1828,100.99352264404297,104.79281117162763,0.001,3.33634352684021
973,1,473,1317,102.27207946777344,104.79004757975406,0.001,3.0110175609588623
974,1,474,94,96.30985260009766,104.7655407528243,0.001,3.877945899963379
975,1,475,770,88.46121215820312,104.72758558564863,0.001,3.330981492996216
976,1,476,1339,125.4359359741211,104.75054315523334,0.001,3.0055036544799805
977,1,477,759,108.7071304321289,104.7594979839491,0.001,3.079810619354248
978,1,478,523,105.61189270019531,104.76211280147479,0.001,3.0248947143554688
979,1,479,2000,91.54065704345703,104.74794394865015,0.001,3.6213605403900146
980,1,480,274,94.78499603271484,104.72567124960273,0.001,2.9741599559783936
981,1,481,694,97.16978454589844,104.70287787478506,0.001,2.959118127822876
982,1,482,69,97.77308654785156,104.68182702735025,0.001,3.0839908123016357
983,1,483,2067,102.46871948242188,104.67817797881742,0.001,3.086988925933838
984,1,484,721,96.79812622070312,104.66571560624283,0.001,3.875544548034668
985,1,485,2911,88.38307189941406,104.64956683381527,0.001,3.164529323577881
986,1,486,989,109.53422546386719,104.66050373486041,0.001,3.01885724067688
987,1,487,719,87.42771911621094,104.60903531560255,0.001,2.9967753887176514
988,1,488,367,122.08917999267578,104.63657446383478,0.001,3.694931745529175
989,1,489,432,96.1666259765625,104.61805383803446,0.001,3.272052764892578
990,1,490,481,102.79828643798828,104.61400897924133,0.001,3.224090814590454
991,1,491,920,99.3109359741211,104.59811867303776,0.001,2.9424636363983154
992,1,492,377,116.83544921875,104.61747482624376,0.001,3.093212366104126
993,1,493,507,103.17304992675781,104.61641447369944,0.001,4.187283992767334
994,1,494,2476,105.1100845336914,104.61693603881561,0.001,3.1299803256988525
995,1,495,873,98.34402465820312,104.61113424399707,0.001,2.94875431060791
996,1,496,1626,97.6314697265625,104.60404516709639,0.001,2.9889156818389893
997,1,497,803,107.59767150878906,104.60710286519137,0.001,3.555759906768799
998,1,498,250,86.47595977783203,104.58804624532358,0.001,3.1334657669067383
999,1,499,1807,90.29127502441406,104.5467572527732,0.001,3.0009164810180664
1000,2,0,382,101.69325256347656,101.69325256347656,0.001,3.0767548084259033
1001,2,1,913,102.26940155029297,102.04233831755192,0.001,4.326021194458008
1002,2,2,2584,92.10359954833984,96.76546530841067,0.001,3.4594266414642334
1003,2,3,1514,99.8790512084961,97.2598660708234,0.001,3.0037622451782227
1004,2,4,2569,101.8924331665039,98.15454680551211,0.001,3.2050228118896484
1005,2,5,1900,121.79238891601562,100.91753456540457,0.001,3.145153760910034
1006,2,6,471,94.63327026367188,99.40813680238239,0.001,3.6423890590667725
1007,2,7,519,101.69440460205078,99.85611161744889,0.001,2.9850168228149414
1008,2,8,1682,93.8600082397461,99.09255167046999,0.001,3.045454263687134
1009,2,9,601,95.27076721191406,98.53697313803558,0.001,3.036510705947876
1010,2,10,1797,111.75821685791016,99.20296719737343,0.001,3.442833662033081
1011,2,11,808,96.84089660644531,98.9828954310284,0.001,3.317664623260498
1012,2,12,2427,86.19670867919922,97.90578899956533,0.001,3.006321430206299
1013,2,13,2722,90.79631042480469,97.64653871071499,0.001,3.0525095462799072
1014,2,14,707,93.84219360351562,97.51089055306711,0.001,3.055025339126587
1015,2,15,2529,98.49052429199219,97.5849647086866,0.001,3.604651689529419
1016,2,16,2613,109.71552276611328,98.40997603886433,0.001,3.007559061050415
1017,2,17,2229,91.47798919677734,98.1271186637576,0.001,3.045945644378662
1018,2,18,2460,95.84777069091797,98.05768448760331,0.001,2.9414901733398438
1019,2,19,977,102.81266021728516,98.25977970570638,0.001,3.111342191696167
1020,2,20,38,95.12039947509766,98.12705082677623,0.001,3.5323832035064697
1021,2,21,962,90.89480590820312,97.83346588575867,0.001,3.008636713027954
1022,2,22,954,100.42369079589844,97.90107319596588,0.001,2.985719680786133
1023,2,23,611,93.29644775390625,97.73020200509522,0.001,3.053311824798584
1024,2,24,966,93.41659545898438,97.57633087597027,0.001,3.0693933963775635
1025,2,25,1484,102.59121704101562,97.8217602609735,0.001,4.433344602584839
1026,2,26,1360,112.11972045898438,98.13520913967938,0.001,3.1896800994873047
1027,2,27,2861,78.8113021850586,97.25504179256521,0.001,3.0540528297424316
1028,2,28,2422,83.09959411621094,96.95618142802161,0.001,3.018043041229248
1029,2,29,455,89.15153503417969,96.83200127933421,0.001,3.55843448638916
1030,2,30,825,97.16275024414062,96.83855947092205,0.001,3.00181245803833
1031,2,31,2672,99.92991638183594,97.00610267668068,0.001,3.0817172527313232
1032,2,32,2538,99.78828430175781,97.05873837887883,0.001,3.018192768096924
1033,2,33,986,94.27104949951172,96.95073392719335,0.001,3.104590892791748
1034,2,34,2494,90.99967956542969,96.73399487221751,0.001,3.8559279441833496
1035,2,35,522,91.32514953613281,96.48071528264963,0.001,3.0131654739379883
1036,2,36,492,81.0458755493164,95.79138087652315,0.001,3.1071290969848633
1037,2,37,814,89.28276824951172,95.68662493676084,0.001,3.014218807220459
1038,2,38,2219,105.50696563720703,95.82897447079253,0.001,3.556907892227173
1039,2,39,374,86.32978057861328,95.43752870103985,0.001,3.2136001586914062
1040,2,40,361,91.95794677734375,95.30547796442886,0.001,3.076646327972412
1041,2,41,991,106.04046630859375,95.45295990070369,0.001,3.0789108276367188
1042,2,42,2523,96.75084686279297,95.5021436996852,0.001,3.113621950149536
1043,2,43,1596,98.57524871826172,95.56180683713632,0.001,4.092488527297974
1044,2,44,728,92.93104553222656,95.49037481965526,0.001,2.961235284805298
1045,2,45,1568,99.74960327148438,95.60186851696183,0.001,3.160176992416382
1046,2,46,441,96.14811706542969,95.6158753920272,0.001,2.9294545650482178
1047,2,47,1642,103.31346893310547,95.80596069152443,0.001,3.339148759841919
1048,2,48,1878,98.54389953613281,95.85351224759947,0.001,3.340303897857666
1049,2,49,2617,98.57079315185547,95.93933063323205,0.001,3.054687976837158
1050,2,50,469,98.06916046142578,96.00472291659545,0.001,2.920302391052246
1051,2,51,488,105.85083770751953,96.29617028049111,0.001,2.8836207389831543
1052,2,52,2782,95.97074127197266,96.2866282005623,0.001,3.597050666809082
1053,2,53,705,87.41607666015625,96.03261709205378,0.001,3.3707151412963867
1054,2,54,788,93.6285400390625,95.96652349337543,0.001,3.1068665981292725
1055,2,55,2225,100.24951934814453,96.0805868007485,0.001,3.1562283039093018
1056,2,56,616,95.43155670166016,96.06387427657994,0.001,3.0113558769226074
1057,2,57,2060,95.26363372802734,96.0484861851222,0.001,3.6874141693115234
1058,2,58,459,102.49693298339844,96.10623000823662,0.001,3.1526196002960205
1059,2,59,811,90.08028411865234,96.05625717693098,0.001,3.0497965812683105
1060,2,60,2595,125.33692932128906,96.31399322324759,0.001,3.214099407196045
1061,2,61,32,90.81965637207031,96.17847436460019,0.001,3.627366781234741
1062,2,62,789,95.31837463378906,96.1631763343035,0.001,3.9215340614318848
1063,2,63,446,92.09776306152344,96.09244390939278,0.001,2.9726715087890625
1064,2,64,344,98.85478973388672,96.11538323954406,0.001,3.0851657390594482
1065,2,65,742,92.03169250488281,96.0224316616159,0.001,3.1165082454681396
1066,2,66,521,101.61722564697266,96.06712999453583,0.001,3.730017900466919
1067,2,67,401,99.18473052978516,96.11887314479327,0.001,3.1111605167388916
1068,2,68,682,114.53649139404297,96.51446676705491,0.001,3.1798152923583984
1069,2,69,904,97.6304702758789,96.52579035395034,0.001,2.944660186767578
1070,2,70,2585,95.81124114990234,96.51471163180008,0.001,3.17041015625
1071,2,71,771,93.07052612304688,96.46143414175134,0.001,3.6348869800567627
1072,2,72,468,90.54955291748047,96.34238422997952,0.001,3.1887052059173584
1073,2,73,1519,99.64588928222656,96.39292279234571,0.001,3.0095694065093994
1074,2,74,1434,101.06146240234375,96.45963963636639,0.001,3.036768674850464
1075,2,75,773,108.87432098388672,96.64073382460293,0.001,3.4537250995635986
1076,2,76,1814,96.98114776611328,96.64555940672452,0.001,3.006192922592163
1077,2,77,2596,107.19528198242188,96.75272594941356,0.001,2.8611984252929688
1078,2,78,972,97.7633285522461,96.76664765527275,0.001,3.152851104736328
1079,2,79,990,82.96430969238281,96.57115451772961,0.001,3.2300844192504883
1080,2,80,73,105.30661010742188,96.62907180696557,0.001,4.406386375427246
1081,2,81,74,102.70752716064453,96.66807146904699,0.001,3.1457931995391846
1082,2,82,1903,95.46954345703125,96.65667583815214,0.001,3.122720241546631
1083,2,83,1317,98.87616729736328,96.67085722708494,0.001,3.0934104919433594
1084,2,84,1482,101.65182495117188,96.70214879553544,0.001,3.7549688816070557
1085,2,85,1802,107.58248901367188,96.8449861629336,0.001,3.1439356803894043
1086,2,86,1310,90.7436294555664,96.73903501441853,0.001,3.142608165740967
1087,2,87,1111,94.06423950195312,96.70493175353002,0.001,3.269885778427124
1088,2,88,1846,93.88612365722656,96.66964101377255,0.001,3.0640857219696045
1089,2,89,1642,101.88416290283203,96.73375964222835,0.001,3.8573622703552246
1090,2,90,1155,105.8653335571289,96.78861607629392,0.001,3.152611255645752
1091,2,91,1686,107.50582122802734,96.96257346209217,0.001,3.166759729385376
1092,2,92,178,99.52499389648438,96.99271958484972,0.001,3.041698932647705
1093,2,93,1265,98.87954711914062,97.00352464624218,0.001,3.3057103157043457
1094,2,94,1355,89.70153045654297,96.91661740506163,0.001,3.085054636001587
1095,2,95,1503,90.88179779052734,96.86992883252981,0.001,3.0823862552642822
1096,2,96,1473,93.43280792236328,96.8449740726602,0.001,3.1577460765838623
1097,2,97,1793,96.39610290527344,96.83818764932478,0.001,3.1694045066833496
1098,2,98,1909,96.14910125732422,96.82794176407656,0.001,4.196001768112183
1099,2,99,1434,100.51786041259766,96.86782398877325,0.001,3.334610939025879
1100,2,100,1858,98.97567749023438,96.8909107602157,0.001,3.0728981494903564
1101,2,101,1649,83.13650512695312,96.7398983473748,0.001,3.005709648132324
1102,2,102,1577,99.22018432617188,96.76664130930868,0.001,3.0760319232940674
1103,2,103,1617,95.62572479248047,96.75094678790187,0.001,3.5998802185058594
1104,2,104,1817,80.78559875488281,96.67277654622183,0.001,3.1205105781555176
1105,2,105,1551,100.05116271972656,96.70889756268785,0.001,3.197413682937622
1106,2,106,1523,108.7677230834961,96.76913092856316,0.001,3.19585919380188
1107,2,107,1088,89.83887481689453,96.69883707990567,0.001,3.8498213291168213
1108,2,108,1648,103.17642974853516,96.74630266340026,0.001,3.228163480758667
1109,2,109,1570,85.84441375732422,96.69259202834371,0.001,3.032101631164551
1110,2,110,1399,95.75635528564453,96.6798031051217,0.001,3.21247935295105
1111,2,111,1797,106.79488372802734,96.72919863005457,0.001,3.2929656505584717
1112,2,112,1109,87.12171173095703,96.60659670304614,0.001,3.612102746963501
1113,2,113,1602,95.4783706665039,96.60308559710862,0.001,3.002376079559326
1114,2,114,1779,108.43917083740234,96.75666662396947,0.001,3.098062515258789
1115,2,115,1938,92.5675277709961,96.7379736286974,0.001,3.102813482284546
1116,2,116,177,96.38068389892578,96.73458402701299,0.001,3.9666943550109863
1117,2,117,1828,96.02831268310547,96.72544505137652,0.001,3.206150531768799
1118,2,118,1470,99.15904998779297,96.7477501833254,0.001,3.0970382690429688
1119,2,119,1333,98.20222473144531,96.76133877057067,0.001,2.9252514839172363
1120,2,120,1090,96.29940032958984,96.75832518376859,0.001,3.083889961242676
1121,2,121,1838,96.44760131835938,96.75552287254916,0.001,3.753603935241699
1122,2,122,1368,106.8197250366211,96.82240842958132,0.001,3.222501754760742
1123,2,123,1370,82.24903869628906,96.6898407461114,0.001,2.9805335998535156
1124,2,124,2163,95.41578674316406,96.67813807425999,0.001,3.0767619609832764
1125,2,125,1440,91.91686248779297,96.63679986030574,0.001,3.4403069019317627
1126,2,126,1262,97.6011962890625,96.64079779468439,0.001,3.142059803009033
1127,2,127,1806,87.871826171875,96.53848557398265,0.001,3.06178879737854
1128,2,128,1306,81.37639617919922,96.36448833562808,0.001,3.031055450439453
1129,2,129,1844,106.35138702392578,96.40085759775862,0.001,3.056194543838501
1130,2,130,1951,101.6224136352539,96.44546078902125,0.001,3.800574541091919
1131,2,131,2040,102.79479217529297,96.51774012022305,0.001,3.0038022994995117
1132,2,132,1365,109.09180450439453,96.56815990771248,0.001,2.9661014080047607
1133,2,133,1762,99.02188873291016,96.58854130667794,0.001,3.0404040813446045
1134,2,134,2216,103.99304962158203,96.61477738890422,0.001,2.9518418312072754
1135,2,135,1174,94.76988220214844,96.5995487409915,0.001,3.9410362243652344
1136,2,136,1714,89.50715637207031,96.54308677309717,0.001,3.3981292247772217
1137,2,137,1093,89.7515869140625,96.47129560247294,0.001,2.9933810234069824
1138,2,138,1620,97.98062133789062,96.47516798323969,0.001,3.1434011459350586
1139,2,139,1532,97.48558807373047,96.48584156154857,0.001,3.6225826740264893
1140,2,140,1326,107.59260559082031,96.52722546087585,0.001,3.1307766437530518
1141,2,141,1878,96.132080078125,96.52502363287866,0.001,3.1391074657440186
1142,2,142,1250,87.91537475585938,96.49314633828627,0.001,3.1008665561676025
1143,2,143,1823,88.81916809082031,96.41168014965281,0.001,3.049900770187378
1144,2,144,2060,93.05487060546875,96.38560614222874,0.001,3.806932210922241
1145,2,145,1395,111.88191223144531,96.44331914027144,0.001,2.935764789581299
1146,2,146,2117,97.8722152709961,96.45397142816078,0.001,3.0239810943603516
1147,2,147,1259,89.01333618164062,96.41443260564267,0.001,3.107182502746582
1148,2,148,2192,92.23866271972656,96.40179999776919,0.001,3.1945013999938965
1149,2,149,2095,94.34972381591797,96.3816705698984,0.001,3.8689944744110107
1150,2,150,2098,97.66279602050781,96.38794727386546,0.001,2.9641568660736084
1151,2,151,1699,99.26596069335938,96.40282767862932,0.001,3.044400453567505
1152,2,152,1453,94.69027709960938,96.3972069715078,0.001,2.9213919639587402
1153,2,153,1098,95.9342269897461,96.3947481117827,0.001,4.09448766708374
1154,2,154,1764,96.51676177978516,96.39595658320155,0.001,3.181931734085083
1155,2,155,2243,104.0101547241211,96.46938551365416,0.001,3.123929500579834
1156,2,156,2034,94.43783569335938,96.4503062739635,0.001,3.0803349018096924
1157,2,157,1196,92.18812561035156,96.43703619224084,0.001,2.824404001235962
1158,2,158,1151,97.09770202636719,96.44026024119748,0.001,3.9159915447235107
1159,2,159,1481,95.43672180175781,96.43310185951695,0.001,2.981710910797119
1160,2,160,1945,92.72323608398438,96.39855579608475,0.001,3.1013052463531494
1161,2,161,2071,99.62320709228516,96.41442680352235,0.001,3.039876699447632
1162,2,162,2064,93.05411529541016,96.39099440835169,0.001,3.238752841949463
1163,2,163,2196,104.6571273803711,96.4153692994814,0.001,3.330705165863037
1164,2,164,1575,99.30750274658203,96.43557393453807,0.001,3.137786865234375
1165,2,165,2229,88.52163696289062,96.40234865633833,0.001,3.0255026817321777
1166,2,166,1099,95.09003448486328,96.39053078494895,0.001,3.0041980743408203
1167,2,167,2341,92.53620910644531,96.35596728933554,0.001,3.7622995376586914
1168,2,168,1149,77.2291259765625,96.22793230172915,0.001,3.180002450942993
1169,2,169,1756,91.1069564819336,96.1947503211258,0.001,3.004824161529541
1170,2,170,2191,96.34196472167969,96.19545504297373,0.001,2.9697675704956055
1171,2,171,2278,91.42559051513672,96.16391103810152,0.001,3.088932991027832
1172,2,172,2270,90.4257583618164,96.11396847206058,0.001,4.078566551208496
1173,2,173,1814,93.44369506835938,96.09708068717876,0.001,3.3657989501953125
1174,2,174,2387,101.74974060058594,96.1229138645835,0.001,3.2252140045166016
1175,2,175,1311,87.11972045898438,96.04709217265894,0.001,3.0354020595550537
1176,2,176,2343,95.9993896484375,96.04688007041798,0.001,3.660557985305786
1177,2,177,2413,97.89659118652344,96.0586258490325,0.001,3.1317195892333984
1178,2,178,1495,102.10842895507812,96.09646582690071,0.001,2.8905861377716064
1179,2,179,1363,86.69331359863281,96.0384204746426,0.001,3.0510103702545166
1180,2,180,2000,86.95906066894531,96.01206515765776,0.001,2.9849770069122314
1181,2,181,2149,87.01419067382812,95.9560882360152,0.001,4.257298707962036
1182,2,182,1105,81.60151672363281,95.91262552151593,0.001,2.9579052925109863
1183,2,183,1346,104.11764526367188,95.97660290625181,0.001,3.1264026165008545
1184,2,184,1360,107.71480560302734,96.00943030658254,0.001,3.13800311088562
1185,2,185,2448,87.66557312011719,95.94308437025705,0.001,3.8519248962402344
1186,2,186,2166,94.33223724365234,95.93624666133643,0.001,2.9666872024536133
1187,2,187,1502,92.58697509765625,95.90940330000143,0.001,2.9933414459228516
1188,2,188,1527,90.78550720214844,95.87940303034641,0.001,3.030634641647339
1189,2,189,2298,86.59986114501953,95.85408405369226,0.001,3.21525239944458
1190,2,190,2233,97.44358825683594,95.86069733053257,0.001,3.7909862995147705
1191,2,191,1120,80.2430648803711,95.79879577685112,0.001,3.3028247356414795
1192,2,192,1700,96.98281860351562,95.80397246154385,0.001,3.090479612350464
1193,2,193,1627,102.11285400390625,95.8406681259871,0.001,3.0735673904418945
1194,2,194,2293,87.32115173339844,95.79065526470457,0.001,3.161855697631836
1195,2,195,1832,100.77986907958984,95.82855691504366,0.001,3.591831684112549
1196,2,196,2152,89.41354370117188,95.7926096110633,0.001,3.113940477371216
1197,2,197,1925,122.3109130859375,95.86316067669769,0.001,3.0510787963867188
1198,2,198,1118,91.85650634765625,95.84076202173647,0.001,3.1097159385681152
1199,2,199,2067,97.4149398803711,95.84719585736235,0.001,3.7011709213256836
1200,2,200,1441,86.87841033935547,95.82284785495266,0.001,3.012881278991699
1201,2,201,2427,82.99515533447266,95.75322069612245,0.001,3.0412118434906006
1202,2,202,1181,104.753173828125,95.80168364427952,0.001,2.9359984397888184
1203,2,203,2325,98.70902252197266,95.81766683524941,0.001,2.9389660358428955
1204,2,204,273,98.5412368774414,95.83265271148747,0.001,3.5375473499298096
1205,2,205,1921,91.23148345947266,95.80773751260882,0.001,3.054600238800049
1206,2,206,1864,95.10346221923828,95.80590849128815,0.001,3.028801202774048
1207,2,207,2051,94.05158233642578,95.79641106481142,0.001,3.1117992401123047
1208,2,208,1751,95.99553680419922,95.79717513885787,0.001,3.006159782409668
1209,2,209,1263,98.89035034179688,95.81364337736028,0.001,4.249630451202393
1210,2,210,266,105.10139465332031,95.87930529470643,0.001,3.409397840499878
1211,2,211,1879,99.48344421386719,95.89311326019315,0.001,2.893847703933716
1212,2,212,1585,90.73701477050781,95.85754855478041,0.001,3.023930072784424
1213,2,213,1737,91.66173553466797,95.82924135425941,0.001,3.7248408794403076
1214,2,214,1342,99.97994232177734,95.85032715379107,0.001,2.8880505561828613
1215,2,215,1915,96.74771118164062,95.85359719217149,0.001,3.0486834049224854
1216,2,216,1480,100.77058410644531,95.86545680136966,0.001,2.9431867599487305
1217,2,217,1768,98.269775390625,95.87129694746537,0.001,3.238128662109375
1218,2,218,1083,102.55422973632812,95.9155942603334,0.001,3.7095844745635986
1219,2,219,2450,97.61470794677734,95.92405136768866,0.001,3.127119779586792
1220,2,220,1443,87.19459533691406,95.86574435403442,0.001,3.1805686950683594
1221,2,221,2443,87.28431701660156,95.82305952665217,0.001,3.1002094745635986
1222,2,222,2546,82.63774108886719,95.75781738946746,0.001,2.976411819458008
1223,2,223,1766,94.0984115600586,95.7550104820679,0.001,3.6800966262817383
1224,2,224,38,88.59223175048828,95.72942675573653,0.001,2.9461071491241455
1225,2,225,1488,87.50697326660156,95.67860115037786,0.001,3.0594568252563477
1226,2,226,1596,95.72696685791016,95.67876700356207,0.001,3.22503924369812
1227,2,227,1772,91.20626831054688,95.6491980133257,0.001,3.7596819400787354
1228,2,228,2328,89.07980346679688,95.6260865378074,0.001,3.281306266784668
1229,2,229,1571,95.81177520751953,95.62727945603753,0.001,3.091238260269165
1230,2,230,2533,83.74604797363281,95.58563917824905,0.001,3.097273826599121
1231,2,231,1902,88.7619400024414,95.5528738826862,0.001,3.0046815872192383
1232,2,232,1127,93.80992126464844,95.54680422099607,0.001,3.544663190841675
1233,2,233,1463,85.94229888916016,95.52781356454247,0.001,2.9868457317352295
1234,2,234,2565,93.18412780761719,95.52241543159784,0.001,2.988664388656616
1235,2,235,2552,97.87191009521484,95.5334298616868,0.001,3.0288631916046143
1236,2,236,2432,88.56792449951172,95.51758979720893,0.001,3.1657204627990723
1237,2,237,2008,122.30142211914062,95.571363465039,0.001,3.6552748680114746
1238,2,238,256,91.03443908691406,95.55631784285364,0.001,3.2370007038116455
1239,2,239,2401,89.29689025878906,95.5266397653701,0.001,2.940335988998413
1240,2,240,1324,91.65581512451172,95.50285679894347,0.001,3.064107894897461
1241,2,241,1777,93.25188446044922,95.49259455040702,0.001,3.8097927570343018
1242,2,242,2538,95.40122985839844,95.49239327470275,0.001,3.0820391178131104
1243,2,243,2181,108.68301391601562,95.52142207108125,0.001,3.1341681480407715
1244,2,244,1153,92.89127349853516,95.50523953970081,0.001,3.082630157470703
1245,2,245,2294,97.2557144165039,95.50892394658408,0.001,3.0298569202423096
1246,2,246,1569,91.04252624511719,95.48848512775939,0.001,3.611302137374878
1247,2,247,2585,90.53609466552734,95.46649858537202,0.001,3.4646332263946533
1248,2,248,1089,96.00794219970703,95.46974267636432,0.001,2.9667279720306396
1249,2,249,2202,93.602294921875,95.45853002209263,0.001,3.0547049045562744
1250,2,250,2144,90.82647705078125,95.44878453890216,0.001,3.5893704891204834
1251,2,251,2584,86.86463928222656,95.3981650095215,0.001,3.5462899208068848
1252,2,252,2184,103.43553161621094,95.4237911341175,0.001,3.268173933029175
1253,2,253,2172,83.12260437011719,95.36872274488259,0.001,2.9351847171783447
1254,2,254,2219,99.10331726074219,95.37606024367382,0.001,2.9890148639678955
1255,2,255,2223,89.16780853271484,95.33965180616121,0.001,4.376647710800171
1256,2,256,2066,94.5376968383789,95.33503316491718,0.001,3.0063672065734863
1257,2,257,1812,88.05339050292969,95.29262119655802,0.001,3.0506234169006348
1258,2,258,2205,97.52149963378906,95.30236669282431,0.001,3.0851659774780273
1259,2,259,1676,89.80780029296875,95.27081754434482,0.001,3.83723521232605
1260,2,260,2479,95.23622131347656,95.27067516270628,0.001,3.2570743560791016
1261,2,261,1692,93.6004638671875,95.26127883923733,0.001,3.118088483810425
1262,2,262,1097,99.96044158935547,95.27047091646587,0.001,2.980644941329956
1263,2,263,1675,89.16610717773438,95.25230801543367,0.001,3.1059072017669678
1264,2,264,1514,94.06929016113281,95.24995818012538,0.001,4.320829391479492
1265,2,265,2174,81.1606216430664,95.17359129659512,0.001,3.2504630088806152
1266,2,266,37,88.62820434570312,95.1374969625141,0.001,3.0839390754699707
1267,2,267,2113,95.74253845214844,95.14003566951932,0.001,3.227165937423706
1268,2,268,2080,87.58248138427734,95.09827757916082,0.001,3.4235479831695557
1269,2,269,1540,93.3050537109375,95.09474210072432,0.001,3.2503278255462646
1270,2,270,1918,84.40264129638672,95.03633484750539,0.001,3.2204291820526123
1271,2,271,1626,86.41175842285156,95.02013302005935,0.001,3.1791179180145264
1272,2,272,2547,88.74126434326172,94.9945454932153,0.001,3.164522409439087
1273,2,273,1397,78.90833282470703,94.90687247137629,0.001,3.786397695541382
1274,2,274,1126,93.20809936523438,94.89774171050433,0.001,3.018584966659546
1275,2,275,2706,86.69916534423828,94.88286224490459,0.001,2.9895715713500977
1276,2,276,1506,86.45858001708984,94.86761964254042,0.001,2.972120761871338
1277,2,277,2482,94.21846008300781,94.86414008593644,0.001,3.1883273124694824
1278,2,278,1615,97.48960876464844,94.87433823714898,0.001,4.246756076812744
1279,2,279,1541,91.2845458984375,94.8681758407202,0.001,3.0192813873291016
1280,2,280,1092,88.26028442382812,94.8334019772529,0.001,3.0022881031036377
1281,2,281,1576,102.96900177001953,94.84839387424759,0.001,3.0991616249084473
1282,2,282,2569,99.42877197265625,94.86118720426157,0.001,4.1427998542785645
1283,2,283,1264,94.45182037353516,94.86040954734193,0.001,3.0967838764190674
1284,2,284,1117,98.9863052368164,94.87679053976247,0.001,3.3452677726745605
1285,2,285,1122,85.940185546875,94.85158086980053,0.001,3.087049722671509
1286,2,286,2595,115.1417236328125,94.8887828708378,0.001,3.3065145015716553
1287,2,287,1807,87.36712646484375,94.85057019640145,0.001,3.481760025024414
1288,2,288,2588,95.19611358642578,94.85236029071197,0.001,2.980031967163086
1289,2,289,2832,84.81787872314453,94.80366859633673,0.001,3.2863411903381348
1290,2,290,1586,90.84793090820312,94.78345920950768,0.001,3.1398353576660156
1291,2,291,29,91.40113067626953,94.77072864530257,0.001,3.750396966934204
1292,2,292,2793,88.32727813720703,94.73780310044732,0.001,2.970911741256714
1293,2,293,2179,87.8322982788086,94.71901257171447,0.001,3.040894031524658
1294,2,294,2013,104.60902404785156,94.7363905227276,0.001,2.9625513553619385
1295,2,295,2720,100.67672729492188,94.74619017901966,0.001,2.953831434249878
1296,2,296,2513,96.94115447998047,94.750077337869,0.001,3.850797414779663
1297,2,297,1923,95.15190124511719,94.75160750441516,0.001,3.0859289169311523
1298,2,298,340,89.91877746582031,94.73362769341689,0.001,3.1834001541137695
1299,2,299,2534,107.1114273071289,94.7557412133098,0.001,3.1138179302215576
1300,2,300,2775,93.52438354492188,94.75125727142716,0.001,4.214911699295044
1301,2,301,1845,91.44374084472656,94.745784275025,0.001,3.2790403366088867
1302,2,302,2789,92.1684341430664,94.736356326906,0.001,2.9451305866241455
1303,2,303,274,88.70055389404297,94.7146341230404,0.001,3.1677751541137695
1304,2,304,2781,84.95643615722656,94.69234864174821,0.001,3.018669605255127
1305,2,305,1081,92.2065658569336,94.68329405586647,0.001,3.895249128341675
1306,2,306,1113,97.96643829345703,94.69912493963994,0.001,3.1247916221618652
1307,2,307,1616,102.15494537353516,94.72662271258434,0.001,3.111853837966919
1308,2,308,2203,105.02381134033203,94.7760189573836,0.001,3.204573154449463
1309,2,309,2673,88.48377227783203,94.75317723912514,0.001,4.13402795791626
1310,2,310,2548,87.41792297363281,94.72746678602786,0.001,3.0270886421203613
1311,2,311,1794,80.92726135253906,94.67930616628084,0.001,3.1581614017486572
1312,2,312,2147,88.62468719482422,94.65059807442202,0.001,3.1332526206970215
1313,2,313,2347,94.40324401855469,94.64972859014844,0.001,3.0557098388671875
1314,2,314,2772,89.30626678466797,94.63104265069339,0.001,3.579653739929199
1315,2,315,1373,80.1607894897461,94.59126296404979,0.001,3.104581356048584
1316,2,316,2449,82.76400756835938,94.54998836684575,0.001,3.0436313152313232
1317,2,317,2510,90.21197509765625,94.53008230318818,0.001,3.13804292678833
1318,2,318,392,92.72354125976562,94.52183733794237,0.001,3.2401621341705322
1319,2,319,2590,109.23161315917969,94.55694480937632,0.001,3.876535177230835
1320,2,320,2522,77.84558868408203,94.5000851519337,0.001,3.018112897872925
1321,2,321,2297,94.86451721191406,94.50135977337091,0.001,3.5062639713287354
1322,2,322,376,107.3945541381836,94.5226585818552,0.001,2.9227068424224854
1323,2,323,1274,91.56529235839844,94.51278546683176,0.001,3.8929443359375
1324,2,324,2435,86.605712890625,94.49959366816077,0.001,2.9595754146575928
1325,2,325,1343,90.65850067138672,94.49378468875923,0.001,2.978876829147339
1326,2,326,2274,87.81890869140625,94.47162009997929,0.001,3.025440216064453
1327,2,327,1128,80.59500885009766,94.42476966197165,0.001,3.132869243621826
1328,2,328,2861,75.3494644165039,94.36022734595845,0.001,3.5566093921661377
1329,2,329,374,80.23372650146484,94.29756245211723,0.001,3.205690622329712
1330,2,330,1302,88.57440185546875,94.27377048398024,0.001,2.925947904586792
1331,2,331,2204,88.95577239990234,94.25060195152399,0.001,3.0117297172546387
1332,2,332,2906,88.03006744384766,94.23010097211223,0.001,3.482835054397583
1333,2,333,2225,93.54228973388672,94.22708757971705,0.001,3.1645326614379883
1334,2,334,2614,86.5695571899414,94.19388754118499,0.001,3.047830820083618
1335,2,335,2613,103.02662658691406,94.22238544443309,0.001,3.0365638732910156
1336,2,336,2436,85.77003479003906,94.20914858462652,0.001,3.1753783226013184
1337,2,337,2075,81.88088989257812,94.18097139709545,0.001,4.011525392532349
1338,2,338,2335,103.24272155761719,94.19535426649367,0.001,2.948026180267334
1339,2,339,1900,109.73819732666016,94.21997082292206,0.001,3.0617921352386475
1340,2,340,2864,91.24729919433594,94.21302591201177,0.001,3.0862925052642822
1341,2,341,2452,97.90898895263672,94.22494769704721,0.001,3.1705331802368164
1342,2,342,342,84.20043182373047,94.18132947300244,0.001,3.4082067012786865
1343,2,343,378,100.92449188232422,94.21010534649818,0.001,2.9054317474365234
1344,2,344,336,85.76864624023438,94.17401104491645,0.001,3.12138295173645
1345,2,345,2462,90.73480987548828,94.15927119384759,0.001,3.044328212738037
1346,2,346,1313,81.3218002319336,94.10748419878989,0.001,3.6928369998931885
1347,2,347,175,99.54532623291016,94.11998166460009,0.001,3.0374515056610107
1348,2,348,2909,94.84140014648438,94.12226817330976,0.001,3.022292375564575
1349,2,349,372,91.60061645507812,94.1189606402567,0.001,3.022559642791748
1350,2,350,1791,86.3343734741211,94.10181482638447,0.001,2.992537260055542
1351,2,351,1769,88.12932586669922,94.0767436082785,0.001,3.7099621295928955
1352,2,352,2406,92.0497817993164,94.06827392669209,0.001,3.266688108444214
1353,2,353,1460,92.5327377319336,94.06486253551124,0.001,2.8818228244781494
1354,2,354,1173,99.4500503540039,94.07283904210068,0.001,3.0336337089538574
1355,2,355,2692,98.55510711669922,94.09122590568924,0.001,3.2875020503997803
1356,2,356,2221,90.64006042480469,94.08042538541271,0.001,3.851142644882202
1357,2,357,2583,92.32926940917969,94.07502482630018,0.001,3.223891496658325
1358,2,358,2460,87.58448028564453,94.06559017904331,0.001,3.4192395210266113
1359,2,359,1361,83.8635482788086,94.05077335146376,0.001,3.1247551441192627
1360,2,360,32,84.18010711669922,94.01004581728935,0.001,3.240738868713379
1361,2,361,496,83.9883041381836,93.98097055820183,0.001,3.2298202514648438
1362,2,362,377,101.99177551269531,93.99827920092073,0.001,3.008195400238037
1363,2,363,2476,96.4498291015625,94.00181850231496,0.001,3.0066120624542236
1364,2,364,1809,95.97122955322266,94.00956902342365,0.001,3.1898508071899414
1365,2,365,1439,91.53812408447266,93.99982532192143,0.001,3.4739487171173096
1366,2,366,2874,89.89691925048828,93.98781538801279,0.001,3.159790515899658
1367,2,367,2099,84.06949615478516,93.96660109977412,0.001,3.111410617828369
1368,2,368,2340,96.80680847167969,93.97485650292758,0.001,3.0046932697296143
1369,2,369,1965,87.91912078857422,93.9507554612079,0.001,3.201127529144287
1370,2,370,2494,80.14891815185547,93.91034691697843,0.001,3.290884017944336
1371,2,371,2596,101.19229888916016,93.92565368715339,0.001,3.200793743133545
1372,2,372,2709,102.24578094482422,93.93716258510918,0.001,3.065375328063965
1373,2,373,2619,90.41941833496094,93.93040944308464,0.001,3.049166202545166
1374,2,374,1123,90.16877746582031,93.92256035589315,0.001,3.8040413856506348
1375,2,375,616,90.43263244628906,93.90910961220932,0.001,3.2671823501586914
1376,2,376,453,101.3392562866211,93.92443129536895,0.001,2.98083758354187
1377,2,377,1839,88.69197082519531,93.91732994338629,0.001,3.0896360874176025
1378,2,378,2782,87.31949615478516,93.89157982720133,0.001,3.0520992279052734
1379,2,379,743,93.9737548828125,93.89169229169997,0.001,3.5382301807403564
1380,2,380,2235,92.61823272705078,93.88681766908209,0.001,3.094470262527466
1381,2,381,60,94.52610778808594,93.88812723765352,0.001,3.0045812129974365
1382,2,382,774,88.87779998779297,93.87374261740574,0.001,3.040788173675537
1383,2,383,1383,96.9816665649414,93.88019433142598,0.001,3.211033821105957
1384,2,384,2050,77.05265808105469,93.84649912514452,0.001,3.5108768939971924
1385,2,385,388,97.94728088378906,93.85183673362206,0.001,3.015979051589966
1386,2,386,742,85.92160034179688,93.82165507168122,0.001,3.0107429027557373
1387,2,387,2349,91.57276916503906,93.81321522864206,0.001,3.094303607940674
1388,2,388,2197,96.7666015625,93.8214989173684,0.001,3.672854423522949
1389,2,389,361,86.78766632080078,93.79639060966065,0.001,3.079414129257202
1390,2,390,2140,100.46876525878906,93.80493361467703,0.001,3.1028008460998535
1391,2,391,2603,80.01719665527344,93.75476254901668,0.001,3.0720579624176025
1392,2,392,2669,97.3378677368164,93.7595956870824,0.001,2.850867748260498
1393,2,393,507,99.9399642944336,93.7653232282858,0.001,3.939614772796631
1394,2,394,2767,84.6090087890625,93.73946909043829,0.001,2.931811571121216
1395,2,395,2834,87.44117736816406,93.71607909877785,0.001,3.4884519577026367
1396,2,396,1484,92.32203674316406,93.71218454540303,0.001,2.9550347328186035
1397,2,397,56,95.49846649169922,93.71711299191959,0.001,3.294795036315918
1398,2,398,2784,95.66840362548828,93.72429579275604,0.001,3.3500559329986572
1399,2,399,350,89.24354553222656,93.71192696935356,0.001,3.062269926071167
1400,2,400,2007,87.27911376953125,93.69443874947997,0.001,2.951871871948242
1401,2,401,773,101.55338287353516,93.71586539441189,0.001,2.997617244720459
1402,2,402,2564,78.94233703613281,93.67638955240035,0.001,3.582775831222534
1403,2,403,2157,86.17894744873047,93.64930772688923,0.001,3.0018019676208496
1404,2,404,721,90.01223754882812,93.64239867124462,0.001,3.0706915855407715
1405,2,405,2073,90.90189361572266,93.63901497207631,0.001,2.9240810871124268
1406,2,406,471,88.81834411621094,93.6218884105083,0.001,3.071406126022339
1407,2,407,689,91.30779266357422,93.61746291403892,0.001,3.682197332382202
1408,2,408,770,85.43357849121094,93.59522201936396,0.001,3.0310230255126953
1409,2,409,461,95.26666259765625,93.60111811569054,0.001,3.0513315200805664
1410,2,410,695,85.89485168457031,93.58042537171914,0.001,3.073625326156616
1411,2,411,788,86.2146224975586,93.55429840629016,0.001,3.114938497543335
1412,2,412,607,100.33979797363281,93.56252729875426,0.001,4.170145750045776
1413,2,413,803,104.04258728027344,93.57538359938536,0.001,2.993138551712036
1414,2,414,870,88.63611602783203,93.56604801374709,0.001,2.952258586883545
1415,2,415,2070,92.77377319335938,93.563273681005,0.001,3.0566861629486084
1416,2,416,2682,83.53860473632812,93.52772945091374,0.001,3.662753105163574
1417,2,417,2563,83.1281967163086,93.50822564483124,0.001,3.1851229667663574
1418,2,418,2901,95.505126953125,93.51203784795364,0.001,3.0057036876678467
1419,2,419,492,77.53767395019531,93.45648158587119,0.001,3.083648920059204
1420,2,420,2845,87.76502990722656,93.43681784459363,0.001,3.1147470474243164
1421,2,421,1493,89.23322296142578,93.42229017854747,0.001,3.4025723934173584
1422,2,422,694,85.17876434326172,93.39400493909288,0.001,3.0822577476501465
1423,2,423,1580,92.29654693603516,93.3919928404474,0.001,2.9413607120513916
1424,2,424,94,84.24181365966797,93.36251645271457,0.001,3.0090324878692627
1425,2,425,383,90.86573791503906,93.35427551316761,0.001,3.0271267890930176
1426,2,426,2763,100.1927490234375,93.3625273676211,0.001,3.553025007247925
1427,2,427,2055,90.18204498291016,93.35173707825021,0.001,3.0900721549987793
1428,2,428,1888,85.41802215576172,93.32534248195893,0.001,2.9922072887420654
1429,2,429,2694,108.68203735351562,93.3437267668501,0.001,3.0534074306488037
1430,2,430,1344,80.53766632080078,93.3116704733645,0.001,3.31669020652771
1431,2,431,469,92.03408813476562,93.30739701933315,0.001,3.8420355319976807
1432,2,432,852,93.18724060058594,93.30709841435835,0.001,3.480020761489868
1433,2,433,680,108.50187683105469,93.32506318111916,0.001,2.9601681232452393
1434,2,434,2398,83.95442962646484,93.29411988735343,0.001,3.0139060020446777
1435,2,435,522,80.76799774169922,93.25236324347173,0.001,3.807687282562256
1436,2,436,1393,90.23554229736328,93.24482173516644,0.001,3.0397098064422607
1437,2,437,832,77.73343658447266,93.19387331931462,0.001,3.1602823734283447
1438,2,438,986,82.70938873291016,93.1675337358187,0.001,2.9891886711120605
1439,2,439,719,80.8658447265625,93.12709126765033,0.001,3.48296856880188
1440,2,440,1182,81.0663070678711,93.09721413869826,0.001,3.5890486240386963
1441,2,441,1543,104.16361236572266,93.11034019023359,0.001,2.997593879699707
1442,2,442,819,88.3668212890625,93.09867441298668,0.001,2.973418712615967
1443,2,443,2249,89.76658630371094,93.09037757081418,0.001,3.0343360900878906
1444,2,444,707,87.5098648071289,93.08430732852864,0.001,3.7168025970458984
1445,2,445,2251,99.03001403808594,93.09488817898382,0.001,2.887361526489258
1446,2,446,962,80.16587829589844,93.07225352357402,0.001,3.121708393096924
1447,2,447,2464,65.13550567626953,93.03926364639894,0.001,2.9157490730285645
1448,2,448,1087,86.92288970947266,93.01988242497922,0.001,2.937727212905884
1449,2,449,834,89.79105377197266,93.00951440819622,0.001,4.156892776489258
1450,2,450,434,94.63128662109375,93.0111994054316,0.001,3.0604300498962402
1451,2,451,915,95.6605224609375,93.01412693647859,0.001,2.8845930099487305
1452,2,452,717,93.0475845336914,93.01423391042525,0.001,3.0967915058135986
1453,2,453,951,90.36799621582031,93.00791802889599,0.001,3.509742498397827
1454,2,454,2399,88.62158966064453,93.00344257190419,0.001,3.452465772628784
1455,2,455,2593,81.89532470703125,92.97638601501525,0.001,3.1254751682281494
1456,2,456,2392,89.27706146240234,92.97001888519175,0.001,3.1951143741607666
1457,2,457,264,87.48120880126953,92.95689731030794,0.001,3.092010974884033
1458,2,458,1636,75.92098999023438,92.90297035703149,0.001,3.64465069770813
1459,2,459,68,100.47454833984375,92.9160075343301,0.001,3.101466417312622
1460,2,460,1914,80.84284210205078,92.90244271626497,0.001,3.156261920928955
1461,2,461,2923,101.53559112548828,92.91653981306001,0.001,3.016679286956787
1462,2,462,447,104.27977752685547,92.92943595980704,0.001,2.928197145462036
1463,2,463,2871,76.67654418945312,92.87885030217802,0.001,3.569009304046631
1464,2,464,920,90.01321411132812,92.86978917653146,0.001,3.279311180114746
1465,2,465,1132,80.91064453125,92.8414446909003,0.001,2.9933512210845947
1466,2,466,2327,102.1006851196289,92.85657300753965,0.001,3.1623854637145996
1467,2,467,2455,101.23390197753906,92.86606495450691,0.001,3.495539665222168
1468,2,468,904,86.24777221679688,92.85634448329554,0.001,3.547734260559082
1469,2,469,808,88.931396484375,92.84731850747502,0.001,3.4217026233673096
1470,2,470,2458,85.78224182128906,92.83102670417063,0.001,3.0673739910125732
1471,2,471,991,100.86091613769531,92.83967161504351,0.001,3.0695390701293945
1472,2,472,458,87.29280853271484,92.83340287066352,0.001,3.7160592079162598
1473,2,473,436,93.78353118896484,92.8349400360101,0.001,3.071345329284668
1474,2,474,682,101.64860534667969,92.8617550631341,0.001,3.0984675884246826
1475,2,475,73,91.76936340332031,92.86054580756002,0.001,2.9998605251312256
1476,2,476,337,89.69558715820312,92.85585906142998,0.001,3.2079217433929443
1477,2,477,363,90.13046264648438,92.85290208197699,0.001,3.8341174125671387
1478,2,478,1161,88.7782974243164,92.848725062311,0.001,2.995933771133423
1479,2,479,693,89.8952407836914,92.83970535210388,0.001,3.1094472408294678
1480,2,480,488,94.45539093017578,92.84455399156522,0.001,3.029423236846924
1481,2,481,2188,88.65389251708984,92.83512590122419,0.001,3.8232715129852295
1482,2,482,250,82.12329864501953,92.82353633538838,0.001,2.951935291290283
1483,2,483,1679,82.39347839355469,92.80633759007243,0.001,2.867222547531128
1484,2,484,2241,96.9344711303711,92.81890749684749,0.001,3.171912670135498
1485,2,485,2505,87.44584655761719,92.81301629008605,0.001,2.9374477863311768
1486,2,486,858,95.03458404541016,92.81517345407788,0.001,4.024941682815552
1487,2,487,28,97.93263244628906,92.8206252959134,0.001,2.9447927474975586
1488,2,488,441,84.68855285644531,92.80241580523338,0.001,3.049539804458618
1489,2,489,77,90.00492095947266,92.79607668533755,0.001,3.01027250289917
1490,2,490,2610,92.30381774902344,92.79555149283888,0.001,3.548956871032715
1491,2,491,787,88.62537384033203,92.7910551342606,0.001,3.495943546295166
1492,2,492,966,85.63544464111328,92.77988762848788,0.001,3.1623919010162354
1493,2,493,523,93.95361328125,92.7833982560867,0.001,3.1557397842407227
1494,2,494,2425,87.8137435913086,92.77232946902056,0.001,3.2806098461151123
1495,2,495,1557,84.99217987060547,92.74925167775845,0.001,3.5242369174957275
1496,2,496,2535,100.19667053222656,92.7570804906643,0.001,3.1746954917907715
1497,2,497,514,103.80126190185547,92.77472226880117,0.001,3.079937696456909
1498,2,498,367,105.26580810546875,92.79412227489146,0.001,3.1417582035064697
1499,2,499,2758,99.97834014892578,92.80983776663585,0.001,3.2172632217407227
1500,3,0,407,90.2218246459961,90.2218246459961,0.001,2.981863260269165
1501,3,1,778,94.60260009765625,92.40331209943594,0.001,2.933990240097046
1502,3,2,861,98.5731430053711,94.0330787538339,0.001,2.858060359954834
1503,3,3,1706,103.4931869506836,96.5777822626187,0.001,4.203752517700195
1504,3,4,1693,87.59505462646484,94.20567253519462,0.001,3.0923941135406494
1505,3,5,2580,92.51806640625,93.85841226082016,0.001,3.417391777038574
1506,3,6,2722,77.40060424804688,92.78996995450402,0.001,3.00026535987854
1507,3,7,685,87.93516540527344,92.1730379416676,0.001,3.0329995155334473
1508,3,8,390,97.84774017333984,92.64006233995794,0.001,3.910292625427246
1509,3,9,827,94.17899322509766,92.74108240761934,0.001,3.1912648677825928
1510,3,10,771,86.1135482788086,92.08539954290036,0.001,3.0090560913085938
1511,3,11,344,87.75621032714844,91.8889470101288,0.001,3.003230094909668
1512,3,12,481,93.10913848876953,91.99478205554402,0.001,3.830329418182373
1513,3,13,368,82.10929870605469,91.18111771885819,0.001,3.1527459621429443
1514,3,14,2502,93.2098388671875,91.3775835173353,0.001,3.239603042602539
1515,3,15,74,97.38861846923828,91.57403706370886,0.001,2.9505693912506104
1516,3,16,710,86.60557556152344,91.25243160069054,0.001,3.166992425918579
1517,3,17,190,81.85066223144531,90.48511624493325,0.001,3.7211055755615234
1518,3,18,916,92.01639556884766,90.52820822091462,0.001,3.056889533996582
1519,3,19,1339,105.44712829589844,90.93586626528325,0.001,2.881139039993286
1520,3,20,1556,80.81859588623047,90.39257302742928,0.001,3.089308977127075
1521,3,21,2652,91.62765502929688,90.42270531028196,0.001,3.5293262004852295
1522,3,22,2523,92.04086303710938,90.52807648584698,0.001,3.077877998352051
1523,3,23,2543,85.61345672607422,90.29818183488003,0.001,3.1275155544281006
1524,3,24,2608,84.66388702392578,89.9633882121788,0.001,3.130803346633911
1525,3,25,1548,91.28497314453125,90.01666881688003,0.001,3.1197636127471924
1526,3,26,424,91.0120849609375,90.04425284254901,0.001,4.233250141143799
1527,3,27,977,89.77244567871094,90.0367803875809,0.001,3.071725368499756
1528,3,28,814,76.77605438232422,89.78430075026606,0.001,3.1459522247314453
1529,3,29,2929,89.23603820800781,89.76374742456551,0.001,3.121314287185669
1530,3,30,611,86.57379913330078,89.68199470334051,0.001,3.423372983932495
1531,3,31,851,85.23533630371094,89.47105650191041,0.001,3.4718735218048096
1532,3,32,1334,96.02135467529297,89.57593481883879,0.001,3.026580810546875
1533,3,33,1457,86.66786193847656,89.45025570312679,0.001,3.027897834777832
1534,3,34,2537,87.27273559570312,89.37975234731113,0.001,3.0707316398620605
1535,3,35,2654,88.73548889160156,89.35354585365354,0.001,3.4846434593200684
1536,3,36,972,91.05482482910156,89.40279981737137,0.001,2.99763560295105
1537,3,37,2529,90.32970428466797,89.42995973630089,0.001,2.9655778408050537
1538,3,38,705,80.59967803955078,89.1002297545802,0.001,2.899618625640869
1539,3,39,961,80.74506378173828,88.80533059928877,0.001,3.131711006164551
1540,3,40,2750,91.6346435546875,88.84042426788488,0.001,3.531064748764038
1541,3,41,408,79.35761260986328,88.6674833790401,0.001,3.0310583114624023
1542,3,42,2794,85.52195739746094,88.62886670512125,0.001,3.438887596130371
1543,3,43,728,82.61791229248047,88.47912095481777,0.001,3.110738754272461
1544,3,44,1690,74.24092864990234,88.31136840997164,0.001,3.3775734901428223
1545,3,45,789,84.09041595458984,88.21058462563265,0.001,4.2562055587768555
1546,3,46,1735,84.34761047363281,88.1666129076941,0.001,3.064997673034668
1547,3,47,521,88.18164825439453,88.16677979455821,0.001,3.1002745628356934
1548,3,48,2672,88.83207702636719,88.18704432388992,0.001,3.1564137935638428
1549,3,49,446,87.3536148071289,88.16868024618964,0.001,3.678196668624878
1550,3,50,2378,92.40222930908203,88.26166013401144,0.001,3.2650375366210938
1551,3,51,2498,100.55565643310547,88.44909814917348,0.001,3.119638681411743
1552,3,52,1568,86.39018249511719,88.40627678592055,0.001,3.0696723461151123
1553,3,53,400,93.86502075195312,88.47847564680015,0.001,3.3166513442993164
1554,3,54,1530,82.49327087402344,88.31811086415468,0.001,3.7595653533935547
1555,3,55,69,89.64921569824219,88.35317114648825,0.001,3.1233482360839844
1556,3,56,863,83.87008666992188,88.26647323747191,0.001,3.1511106491088867
1557,3,57,1896,82.72291564941406,88.16273107890092,0.001,3.2683322429656982
1558,3,58,1717,104.55139923095703,88.30678587505112,0.001,3.5517678260803223
1559,3,59,1554,88.44112396240234,88.30798599158017,0.001,3.1090924739837646
1560,3,60,706,82.98320007324219,88.26070279575072,0.001,2.9439475536346436
1561,3,61,1821,99.815185546875,88.36048284479077,0.001,2.939854145050049
1562,3,62,801,91.17002868652344,88.39547204994503,0.001,2.8807337284088135
1563,3,63,2617,86.93447875976562,88.36150960443176,0.001,3.9748733043670654
1564,3,64,405,89.85800170898438,88.38045235928477,0.001,3.20302152633667
1565,3,65,2660,93.9876708984375,88.50455056018676,0.001,3.210817575454712
1566,3,66,1372,82.96097564697266,88.41263492237171,0.001,3.0665109157562256
1567,3,67,919,85.53284454345703,88.34907460635829,0.001,3.4507925510406494
1568,3,68,2499,94.68830108642578,88.42215706364343,0.001,3.1473023891448975
1569,3,69,727,88.05811309814453,88.41942558089818,0.001,3.005178451538086
1570,3,70,403,81.82638549804688,88.34573205902427,0.001,3.04467511177063
1571,3,71,914,84.21395874023438,88.28167661795321,0.001,3.1066946983337402
1572,3,72,1549,92.52628326416016,88.32966123554833,0.001,3.5888030529022217
1573,3,73,490,88.47308349609375,88.33072536576614,0.001,3.190406322479248
1574,3,74,272,93.12982177734375,88.38281799200627,0.001,3.1421475410461426
1575,3,75,1682,80.21630859375,88.2616085825429,0.001,3.123445987701416
1576,3,76,401,86.56700134277344,88.23673581499872,0.001,3.386281967163086
1577,3,77,2668,96.01126098632812,88.35033961815545,0.001,3.768617868423462
1578,3,78,1516,85.5462646484375,88.31066977482328,0.001,3.2187459468841553
1579,3,79,989,94.92445373535156,88.4033401008309,0.001,3.7215068340301514
1580,3,80,64,100.81265258789062,88.48686659559729,0.001,3.1792211532592773
1581,3,81,601,87.72209930419922,88.47291268422383,0.001,4.311119556427002
1582,3,82,459,104.79490661621094,88.57784598614094,0.001,3.03637957572937
1583,3,83,448,97.7674331665039,88.70401928038606,0.001,3.083221197128296
1584,3,84,1848,83.36997985839844,88.60991837925461,0.001,3.0803403854370117
1585,3,85,2101,94.74935913085938,88.7168736427279,0.001,4.124722719192505
1586,3,86,956,86.17943572998047,88.67394875657864,0.001,3.2561166286468506
1587,3,87,432,82.05838775634766,88.59232676631622,0.001,3.0511839389801025
1588,3,88,2377,78.29523468017578,88.46492673839096,0.001,3.060901165008545
1589,3,89,686,77.1897201538086,88.3236223950237,0.001,3.114593982696533
1590,3,90,67,86.59703826904297,88.30268461903376,0.001,3.7227797508239746
1591,3,91,1519,89.23849487304688,88.31409461374632,0.001,3.105246067047119
1592,3,92,254,78.35702514648438,88.15844327051312,0.001,3.08459210395813
1593,3,93,2930,90.43177032470703,88.17084392563912,0.001,3.0208277702331543
1594,3,94,468,84.49525451660156,88.11484254246749,0.001,3.458214044570923
1595,3,95,2911,78.50389099121094,88.06618635730858,0.001,3.3863766193389893
1596,3,96,2927,82.40911102294922,88.03950416713431,0.001,3.3165977001190186
1597,3,97,1442,82.71708679199219,87.99695513610936,0.001,2.965330123901367
1598,3,98,699,79.13462829589844,87.89916168697827,0.001,3.146599531173706
1599,3,99,981,94.87364196777344,87.97664919908568,0.001,3.952807903289795
1600,3,100,2601,91.34814453125,88.0249216694803,0.001,3.1613407135009766
1601,3,101,1394,78.33326721191406,87.9201686772226,0.001,3.0393505096435547
1602,3,102,825,82.98375701904297,87.89552803240271,0.001,3.0622007846832275
1603,3,103,98,87.13209533691406,87.88468506938545,0.001,3.3829329013824463
1604,3,104,2272,86.06036376953125,87.86556788203829,0.001,3.5747311115264893
1605,3,105,2511,93.48532104492188,87.90787986517552,0.001,2.9912502765655518
1606,3,106,1862,77.8910903930664,87.85840951810924,0.001,3.051269292831421
1607,3,107,65,94.2506103515625,87.89051920890311,0.001,3.056206464767456
1608,3,108,2422,77.75904083251953,87.84097723654521,0.001,3.7068240642547607
1609,3,109,873,89.12654876708984,87.84647805431571,0.001,3.0202434062957764
1610,3,110,455,73.08834075927734,87.79165373286752,0.001,3.126446008682251
1611,3,111,811,73.92498016357422,87.72966790124791,0.001,3.216458797454834
1612,3,112,2282,82.29358673095703,87.70363342533929,0.001,3.100107192993164
1613,3,113,518,85.38945770263672,87.69252580699269,0.001,3.536790370941162
1614,3,114,1819,84.04837799072266,87.6750574756595,0.001,2.927420139312744
1615,3,115,382,81.57910919189453,87.64701924206636,0.001,3.0215237140655518
1616,3,116,913,84.26619720458984,87.62328054882975,0.001,3.317983627319336
1617,3,117,864,97.89007568359375,87.66875257497793,0.001,3.212083101272583
1618,3,118,325,80.4739990234375,87.59897591238715,0.001,3.797586441040039
1619,3,119,759,91.52071380615234,87.63638346618936,0.001,3.187861204147339
1620,3,120,954,78.07166290283203,87.59274215563411,0.001,3.150703191757202
1621,3,121,990,76.45865631103516,87.48447970613529,0.001,2.9698612689971924
1622,3,122,519,84.71253204345703,87.44964945935138,0.001,3.607757329940796
1623,3,123,1153,88.7125244140625,87.46537572073981,0.001,3.058730125427246
1624,3,124,1326,95.73836517333984,87.50117920114602,0.001,3.0276405811309814
1625,3,125,1896,82.03441619873047,87.45155755427386,0.001,3.075312614440918
1626,3,126,1457,85.75386810302734,87.43131171146133,0.001,2.875192642211914
1627,3,127,1181,98.7574462890625,87.53033483897913,0.001,3.6352145671844482
1628,3,128,1585,87.2694091796875,87.5272940462836,0.001,2.955634355545044
1629,3,129,1858,85.79851531982422,87.51229482526446,0.001,3.006608486175537
1630,3,130,1762,94.65895080566406,87.5742831093332,0.001,3.1679611206054688
1631,3,131,1453,92.20345306396484,87.59206621640028,0.001,3.5242526531219482
1632,3,132,1495,92.80147552490234,87.63701398831554,0.001,3.3633527755737305
1633,3,133,1111,87.22126007080078,87.63348489793638,0.001,3.032926082611084
1634,3,134,1557,84.50305938720703,87.59813646095797,0.001,3.2134666442871094
1635,3,135,1627,97.57506561279297,87.68211664171407,0.001,3.034550905227661
1636,3,136,1570,82.81036376953125,87.66261620035617,0.001,3.7124040126800537
1637,3,137,1383,93.81336212158203,87.69948787583976,0.001,3.151744842529297
1638,3,138,1596,91.95764923095703,87.72390102699558,0.001,3.4998421669006348
1639,3,139,2000,84.37177276611328,87.71098990607885,0.001,3.1006765365600586
1640,3,140,1149,71.55968475341797,87.57862645548425,0.001,3.013247013092041
1641,3,141,1113,91.03754425048828,87.61564012989984,0.001,4.203721046447754
1642,3,142,1088,86.02147674560547,87.60320270781912,0.001,2.9947056770324707
1643,3,143,1636,73.66963958740234,87.45633254529181,0.001,3.068239450454712
1644,3,144,2034,89.42568969726562,87.47651797033683,0.001,3.1147913932800293
1645,3,145,2071,95.00434112548828,87.51793401765622,0.001,3.625218391418457
1646,3,146,1083,94.78091430664062,87.59049653784865,0.001,3.2011866569519043
1647,3,147,1848,83.29561614990234,87.54678443588845,0.001,3.0377769470214844
1648,3,148,1699,88.45220184326172,87.55155409699245,0.001,3.139617681503296
1649,3,149,1394,78.06278991699219,87.48030957512671,0.001,2.971951961517334
1650,3,150,1514,90.72936248779297,87.49179562556155,0.001,3.517002820968628
1651,3,151,1794,78.35485076904297,87.42508960221123,0.001,3.157770872116089
1652,3,152,1551,94.65238189697266,87.47924277307733,0.001,2.9874794483184814
1653,3,153,1395,107.14143371582031,87.54913723530072,0.001,3.352592706680298
1654,3,154,1602,95.85070037841797,87.56828983003004,0.001,3.326169013977051
1655,3,155,1361,81.36164855957031,87.54672093914479,0.001,3.3616857528686523
1656,3,156,1902,87.7566909790039,87.54824573685158,0.001,3.058417797088623
1657,3,157,2007,85.2589340209961,87.53185937890784,0.001,2.9978885650634766
1658,3,158,2147,86.8561782836914,87.52539549946401,0.001,2.934586524963379
1659,3,159,1098,80.75434875488281,87.49074772298552,0.001,3.7092108726501465
1660,3,160,1777,84.25919342041016,87.46831700529572,0.001,2.979696035385132
1661,3,161,1118,85.67970275878906,87.45585577508339,0.001,2.999469518661499
1662,3,162,1399,84.46563720703125,87.42781685622563,0.001,3.152806043624878
1663,3,163,1692,88.3079833984375,87.43584803756637,0.001,3.128082275390625
1664,3,164,1556,80.03947448730469,87.38519083695248,0.001,3.695896625518799
1665,3,165,1311,78.14603424072266,87.30216459610897,0.001,3.078709125518799
1666,3,166,1488,80.97564697265625,87.24903150218121,0.001,2.9992849826812744
1667,3,167,1580,93.88428497314453,87.28057184576376,0.001,3.0036022663116455
1668,3,168,2070,90.61278533935547,87.30987604164568,0.001,3.9310877323150635
1669,3,169,1921,82.73074340820312,87.27985694944567,0.001,3.232327699661255
1670,3,170,1554,87.87657165527344,87.28174182691615,0.001,3.0873918533325195
1671,3,171,1346,98.73745727539062,87.37735589763527,0.001,3.0786807537078857
1672,3,172,1355,79.04728698730469,87.32336394669058,0.001,2.924941062927246
1673,3,173,1470,93.0687026977539,87.35922960138406,0.001,3.812417984008789
1674,3,174,2067,90.35760498046875,87.37321563179826,0.001,2.9808461666107178
1675,3,175,1569,89.18145751953125,87.38475043466468,0.001,3.034839153289795
1676,3,176,1864,92.66439056396484,87.40076596350345,0.001,3.1045567989349365
1677,3,177,1649,77.50335693359375,87.33846083500704,0.001,3.0165951251983643
1678,3,178,2073,85.76334381103516,87.3339521722491,0.001,3.757955551147461
1679,3,179,1828,81.78311920166016,87.2869965552274,0.001,3.183821678161621
1680,3,180,2184,96.83098602294922,87.32952177455431,0.001,2.999570369720459
1681,3,181,2008,115.46760559082031,87.40339712192615,0.001,3.0004498958587646
1682,3,182,1484,89.15538787841797,87.41423528992988,0.001,3.8062686920166016
1683,3,183,2075,76.52388000488281,87.36758612416752,0.001,3.4012179374694824
1684,3,184,177,90.12384033203125,87.38406583747957,0.001,3.015793561935425
1685,3,185,2216,91.72167205810547,87.39526808706148,0.001,2.8720390796661377
1686,3,186,1317,84.02909851074219,87.38561941170235,0.001,2.9603371620178223
1687,3,187,2251,97.33750915527344,87.42929591871852,0.001,3.651461362838745
1688,3,188,1682,78.95716094970703,87.37885755553317,0.001,3.0004072189331055
1689,3,189,1900,99.25564575195312,87.41335913267409,0.001,2.977715492248535
1690,3,190,1862,77.93350982666016,87.38654219772957,0.001,3.235621929168701
1691,3,191,1845,82.2492446899414,87.37288835799619,0.001,3.0130131244659424
1692,3,192,2113,89.08316802978516,87.38308507582947,0.001,3.8225600719451904
1693,3,193,1250,82.3590316772461,87.36921502004175,0.001,3.023954391479492
1694,3,194,1334,92.27587890625,87.38265178831199,0.001,3.106862783432007
1695,3,195,1793,91.42142486572266,87.41351034455893,0.001,3.025599956512451
1696,3,196,1879,85.91388702392578,87.40721132792741,0.001,3.740166664123535
1697,3,197,1344,79.7146224975586,87.36338267550538,0.001,3.082956314086914
1698,3,198,2335,98.08580017089844,87.39340525234799,0.001,3.0733327865600586
1699,3,199,2196,95.76002502441406,87.4139298382724,0.001,3.2163572311401367
1700,3,200,2203,98.00201416015625,87.4942631719782,0.001,3.078127145767212
1701,3,201,1339,100.56012725830078,87.5300307127981,0.001,3.6111738681793213
1702,3,202,1092,86.441650390625,87.5218642344381,0.001,3.0472757816314697
1703,3,203,1951,93.29357147216797,87.55415827529968,0.001,3.2761051654815674
1704,3,204,2174,75.72799682617188,87.46913447045202,0.001,2.9950129985809326
1705,3,205,1174,86.53163146972656,87.46394823083084,0.001,3.427931785583496
1706,3,206,2325,93.11788940429688,87.49503638227678,0.001,3.7855899333953857
1707,3,207,2064,85.61404418945312,87.4846591894469,0.001,3.063812255859375
1708,3,208,1938,83.99295043945312,87.47593177334083,0.001,3.0718789100646973
1709,3,209,1802,95.18907165527344,87.51749671908794,0.001,3.164640426635742
1710,3,210,1903,86.3173828125,87.51294997126769,0.001,3.653724193572998
1711,3,211,1769,83.55609130859375,87.48443131486505,0.001,3.1111302375793457
1712,3,212,1128,74.32366180419922,87.41429013378054,0.001,2.9509716033935547
1713,3,213,1817,68.23693084716797,87.36739046634476,0.001,2.990415334701538
1714,3,214,1809,89.71812438964844,87.38361158783337,0.001,3.0599448680877686
1715,3,215,2392,86.64958190917969,87.38082385814053,0.001,3.416254758834839
1716,3,216,1373,76.00801086425781,87.33407246086493,0.001,3.106065273284912
1717,3,217,2204,91.33040618896484,87.3613431381386,0.001,3.140011787414551
1718,3,218,1807,86.162353515625,87.35319962340705,0.001,3.026589870452881
1719,3,219,1434,90.64393615722656,87.36951510325466,0.001,3.6286368370056152
1720,3,220,1481,82.51373291015625,87.34438761148057,0.001,3.179769515991211
1721,3,221,1182,77.23042297363281,87.29254812991215,0.001,2.9943058490753174
1722,3,222,1779,94.9900131225586,87.3442321178811,0.001,3.128749132156372
1723,3,223,1797,80.18785858154297,87.32670857980342,0.001,2.943941831588745
1724,3,224,1365,95.56427001953125,87.34647309015705,0.001,3.4767510890960693
1725,3,225,1523,88.23269653320312,87.34859309363705,0.001,3.060828447341919
1726,3,226,1586,88.34834289550781,87.35528083861402,0.001,3.144317150115967
1727,3,227,2298,75.69549560546875,87.32838264446124,0.001,3.531158924102783
1728,3,228,1751,86.4874267578125,87.32540276836522,0.001,3.0698957443237305
1729,3,229,1888,80.72718048095703,87.28281986173873,0.001,4.205776214599609
1730,3,230,1463,81.80287170410156,87.27166572124602,0.001,3.1594793796539307
1731,3,231,2425,87.39769744873047,87.27228380424573,0.001,2.890606641769409
1732,3,232,2117,91.65225982666016,87.2930620060787,0.001,3.1107022762298584
1733,3,233,2340,89.73503112792969,87.30461475606246,0.001,3.7101056575775146
1734,3,234,2293,75.30394744873047,87.24547624765852,0.001,3.028069496154785
1735,3,235,1568,83.96637725830078,87.22987623080549,0.001,3.0528481006622314
1736,3,236,1097,96.67230987548828,87.25077557296177,0.001,3.0775198936462402
1737,3,237,1263,95.76091766357422,87.29120627073652,0.001,3.278393030166626
1738,3,238,1945,80.91939544677734,87.25100334377315,0.001,3.5523412227630615
1739,3,239,1196,86.99108123779297,87.2504677359205,0.001,2.987511157989502
1740,3,240,1549,92.57939910888672,87.26887873325946,0.001,2.980605363845825
1741,3,241,2095,86.02609252929688,87.26128381972813,0.001,2.993135452270508
1742,3,242,2221,89.56961822509766,87.27222565336422,0.001,2.998328447341919
1743,3,243,1363,85.29965209960938,87.26311479460331,0.001,3.7341349124908447
1744,3,244,1700,88.54434204101562,87.2675685635038,0.001,2.9941608905792236
1745,3,245,2464,62.14982986450195,87.21132896892996,0.001,3.0129008293151855
1746,3,246,2498,97.73797607421875,87.24575228417172,0.001,3.090207815170288
1747,3,247,2327,101.36006927490234,87.29100312400544,0.001,3.122185230255127
1748,3,248,1173,96.68899536132812,87.31154071014682,0.001,3.2815144062042236
1749,3,249,2406,89.12598419189453,87.32261710511288,0.001,3.08404803276062
1750,3,250,1342,87.38809204101562,87.3229072775711,0.001,2.929081916809082
1751,3,251,1126,83.11997985839844,87.29768043724374,0.001,3.058213472366333
1752,3,252,1502,81.82759857177734,87.26467820905934,0.001,3.7689311504364014
1753,3,253,1262,88.83982849121094,87.2679678445722,0.001,3.0256199836730957
1754,3,254,1368,89.900634765625,87.27648353969225,0.001,3.1148581504821777
1755,3,255,2398,81.93856811523438,87.24537918853717,0.001,3.13785982131958
1756,3,256,2013,101.02371215820312,87.27378487645004,0.001,2.9237864017486572
1757,3,257,2535,93.08521270751953,87.28593316519438,0.001,3.519575357437134
1758,3,258,1460,89.49312591552734,87.29286606574945,0.001,3.10691499710083
1759,3,259,1819,85.15557098388672,87.28838251063686,0.001,3.023334264755249
1760,3,260,273,90.22089385986328,87.30125513204663,0.001,2.950082540512085
1761,3,261,2272,85.42059326171875,87.29311731173463,0.001,3.0046865940093994
1762,3,262,2522,77.0039291381836,87.24915674439376,0.001,3.6142921447753906
1763,3,263,190,78.28649139404297,87.19667142141132,0.001,3.0309805870056152
1764,3,264,1571,92.0584716796875,87.22422283401076,0.001,3.3164267539978027
1765,3,265,1766,88.05586242675781,87.22542552645939,0.001,3.019507884979248
1766,3,266,1527,86.06551361083984,87.22053796799665,0.001,3.207754135131836
1767,3,267,1806,79.8752212524414,87.17916508036018,0.001,2.9886081218719482
1768,3,268,2432,77.32124328613281,87.15919702577268,0.001,3.1010148525238037
1769,3,269,2328,80.25086212158203,87.13824226271831,0.001,3.0027220249176025
1770,3,270,2552,91.12129974365234,87.15471789118872,0.001,2.923285484313965
1771,3,271,1264,89.2732162475586,87.15900426375846,0.001,2.8302810192108154
1772,3,272,1302,86.12999725341797,87.15368029820448,0.001,2.2501814365386963
1773,3,273,1259,79.05284881591797,87.13025084537963,0.001,1.729508876800537
1774,3,274,254,76.87141418457031,87.07427090304,0.001,2.232715368270874
1775,3,275,2235,88.39584350585938,87.08145076362567,0.001,1.8949155807495117
1776,3,276,2462,87.53497314453125,87.08394385850751,0.001,2.3969993591308594
1777,3,277,1122,77.3111343383789,87.05518126702748,0.001,1.80330228805542
1778,3,278,1918,79.55769348144531,87.01475646708833,0.001,2.4243741035461426
1779,3,279,1714,75.18932342529297,86.9684200807243,0.001,2.3609530925750732
1780,3,280,1506,80.48062133789062,86.95666194093221,0.001,2.298290967941284
1781,3,281,2610,86.27631378173828,86.95536209707026,0.001,2.7052204608917236
1782,3,282,1737,86.81983184814453,86.95466205564776,0.001,2.2113430500030518
1783,3,283,1439,87.98954772949219,86.96005739543205,0.001,2.1910204887390137
1784,3,284,1441,78.18948364257812,86.94316734252736,0.001,2.5062859058380127
1785,3,285,1764,88.3602523803711,86.95074117823292,0.001,2.932527780532837
1786,3,286,2534,101.95365905761719,86.97914499282405,0.001,2.6819915771484375
1787,3,287,2399,90.08467864990234,86.98433865869772,0.001,2.912407398223877
1788,3,288,1626,75.18568420410156,86.96308353554143,0.001,2.921189546585083
1789,3,289,1161,84.1668701171875,86.95818910454527,0.001,3.135011911392212
1790,3,290,2476,93.8780517578125,86.97108439475592,0.001,3.6978464126586914
1791,3,291,1832,97.1122055053711,87.02357828257563,0.001,3.0485072135925293
1792,3,292,2619,87.3933334350586,87.02451349242743,0.001,3.002925395965576
1793,3,293,2225,90.01730346679688,87.03983866707976,0.001,3.2178189754486084
1794,3,294,2205,93.1659927368164,87.0637202390973,0.001,3.6474978923797607
1795,3,295,2593,78.35948181152344,87.02978169902435,0.001,3.0568459033966064
1796,3,296,1081,91.69953155517578,87.04757306352887,0.001,3.05529522895813
1797,3,297,2098,89.8886947631836,87.05464903953988,0.001,3.041544198989868
1798,3,298,1617,88.09461975097656,87.05970434617633,0.001,3.12046480178833
1799,3,299,2223,84.5946044921875,87.04727275190749,0.001,3.5886898040771484
1800,3,300,2706,79.1460189819336,87.0338670737636,0.001,3.107144832611084
1801,3,301,2564,80.18656158447266,87.00872518400729,0.001,3.3957905769348145
1802,3,302,1686,91.45064544677734,87.0307020189278,0.001,3.189584732055664
1803,3,303,1109,83.00285339355469,87.01152180718633,0.001,3.1742823123931885
1804,3,304,2601,90.18684387207031,87.02684353911258,0.001,3.6850924491882324
1805,3,305,1706,103.51560974121094,87.08710353611771,0.001,2.902597665786743
1806,3,306,38,82.77560424804688,87.07574745049284,0.001,2.9789466857910156
1807,3,307,2782,80.27366638183594,87.04237928045865,0.001,3.0256173610687256
1808,3,308,2099,78.21776580810547,87.01938193086389,0.001,3.74926495552063
1809,3,309,2157,80.77465057373047,86.98928992135642,0.001,3.0362539291381836
1810,3,310,2140,96.75752258300781,87.00535450785266,0.001,3.088865280151367
1811,3,311,2543,85.79788970947266,87.00098539499436,0.001,3.0558125972747803
1812,3,312,1155,95.3768310546875,87.01555056558892,0.001,3.072751045227051
1813,3,313,266,99.59272003173828,87.07554699252165,0.001,3.6545212268829346
1814,3,314,2152,86.36214447021484,87.07303252886777,0.001,2.9394326210021973
1815,3,315,1324,89.01630401611328,87.08213428255641,0.001,3.0436530113220215
1816,3,316,2181,99.2170181274414,87.10264085469584,0.001,2.9567089080810547
1817,3,317,2347,85.24262237548828,87.09609661525747,0.001,3.103461980819702
1818,3,318,2537,84.42387390136719,87.08650325803538,0.001,3.8310530185699463
1819,3,319,2617,84.46504974365234,87.07436359595008,0.001,3.1911284923553467
1820,3,320,1679,75.1595687866211,87.04408053835755,0.001,3.282590866088867
1821,3,321,1127,88.7118148803711,87.048308563967,0.001,3.150968551635742
1822,3,322,1132,76.371826171875,87.0107423311357,0.001,3.807612419128418
1823,3,323,1473,85.4266586303711,87.00733311865245,0.001,2.9052016735076904
1824,3,324,256,80.56367492675781,86.9916441750682,0.001,2.948366641998291
1825,3,325,37,81.65705108642578,86.96734968703794,0.001,2.8995583057403564
1826,3,326,1117,91.63956451416016,86.98363179315454,0.001,2.825474739074707
1827,3,327,1482,90.4500961303711,86.98920111408763,0.001,3.8786063194274902
1828,3,328,1370,73.44224548339844,86.94275682175864,0.001,3.074125051498413
1829,3,329,2668,94.23046112060547,86.96776661367295,0.001,3.037653923034668
1830,3,330,2608,86.15940856933594,86.9640558299327,0.001,2.8831491470336914
1831,3,331,1915,81.71820831298828,86.95156541141941,0.001,3.0187487602233887
1832,3,332,2080,79.48182678222656,86.9179445879116,0.001,3.6040775775909424
1833,3,333,1575,98.03755950927734,86.95598549318878,0.001,2.9741268157958984
1834,3,334,2502,90.9698486328125,86.97396881445037,0.001,2.9926998615264893
1835,3,335,1925,112.5324935913086,87.01399873682452,0.001,3.094611167907715
1836,3,336,2450,86.30231475830078,87.01168591749025,0.001,3.7052628993988037
1837,3,337,1772,85.8418960571289,87.00646326651307,0.001,3.0160319805145264
1838,3,338,1823,82.00424194335938,86.9840744797662,0.001,3.4513115882873535
1839,3,339,2603,75.271728515625,86.93431126639763,0.001,2.9655065536499023
1840,3,340,2793,81.38915252685547,86.90984789359419,0.001,3.1191446781158447
1841,3,341,2427,79.64617919921875,86.88678153068379,0.001,3.7122716903686523
1842,3,342,340,82.71517181396484,86.8732610031396,0.001,3.0554845333099365
1843,3,343,368,82.06517028808594,86.85724952813536,0.001,3.092496633529663
1844,3,344,2443,88.06262969970703,86.86109086499759,0.001,3.0451149940490723
1845,3,345,1648,96.43550872802734,86.88295282766434,0.001,3.1550161838531494
1846,3,346,1151,91.4884033203125,86.89308397373249,0.001,3.605170249938965
1847,3,347,344,84.95731353759766,86.89013269134917,0.001,2.864499568939209
1848,3,348,1814,78.40995788574219,86.86352741788953,0.001,3.0825438499450684
1849,3,349,1846,85.83346557617188,86.8602876761443,0.001,3.0958080291748047
1850,3,350,2927,84.8118896484375,86.85760858015662,0.001,3.1717417240142822
1851,3,351,2901,92.34440612792969,86.8702818897099,0.001,3.7440969944000244
1852,3,352,377,89.98530578613281,86.87730166187085,0.001,2.9894657135009766
1853,3,353,1265,93.58432006835938,86.88739421210492,0.001,2.9253251552581787
1854,3,354,336,82.1628646850586,86.86750401565786,0.001,3.034975051879883
1855,3,355,2050,74.25843048095703,86.83984196132657,0.001,3.919926643371582
1856,3,356,2513,100.68783569335938,86.8603350371772,0.001,2.878793478012085
1857,3,357,2909,85.989990234375,86.85759995011458,0.001,2.93017840385437
1858,3,358,382,78.94168090820312,86.84620711313529,0.001,3.0070080757141113
1859,3,359,2436,86.56847381591797,86.84579306153265,0.001,2.9662222862243652
1860,3,360,1440,91.25390625,86.8591480945328,0.001,3.542213201522827
1861,3,361,2590,101.839599609375,86.89119616530932,0.001,2.9933948516845703
1862,3,362,342,81.40766906738281,86.86834507511057,0.001,3.081022262573242
1863,3,363,1548,91.12950897216797,86.8809059478601,0.001,3.1312777996063232
1864,3,364,1839,80.07636260986328,86.87117917969454,0.001,3.2011122703552246
1865,3,365,2580,89.58079528808594,86.8819567305459,0.001,3.3479013442993164
1866,3,366,2832,78.77117156982422,86.85065976473616,0.001,2.9489378929138184
1867,3,367,1493,84.32068634033203,86.84042392325642,0.001,3.0600109100341797
1868,3,368,2583,90.40794372558594,86.85127102860521,0.001,3.0090105533599854
1869,3,369,2460,81.65585327148438,86.84382529524385,0.001,3.6710898876190186
1870,3,370,383,89.64436340332031,86.85468367712448,0.001,3.0644586086273193
1871,3,371,2278,87.74633026123047,86.85739302062399,0.001,3.053873062133789
1872,3,372,2233,93.59272003173828,86.87169655818668,0.001,2.9687838554382324
1873,3,373,1343,86.32125854492188,86.87096533603378,0.001,2.94051456451416
1874,3,374,2923,94.14754486083984,86.88596704746399,0.001,3.9511165618896484
1875,3,375,2547,86.01439666748047,86.88337288176987,0.001,3.3809354305267334
1876,3,376,1693,88.7505874633789,86.89070620076873,0.001,2.9482786655426025
1877,3,377,1675,87.6005859375,86.89218523863045,0.001,3.0119283199310303
1878,3,378,2720,92.36262512207031,86.89928212469201,0.001,2.9756064414978027
1879,3,379,1812,83.37271118164062,86.88532532565912,0.001,3.7422454357147217
1880,3,380,2794,86.19778442382812,86.88435438309597,0.001,2.966796875
1881,3,381,67,85.56134796142578,86.88048623343799,0.001,2.983985662460327
1882,3,382,2654,87.62910461425781,86.88340276024401,0.001,3.0253145694732666
1883,3,383,2614,79.70111083984375,86.85586572146633,0.001,3.9019429683685303
1884,3,384,2149,80.80039978027344,86.83810489189297,0.001,3.0146143436431885
1885,3,385,441,81.70890045166016,86.82334750600072,0.001,3.023042917251587
1886,3,386,2413,90.29508972167969,86.83346020101857,0.001,2.911871910095215
1887,3,387,2282,83.16152954101562,86.82845484217427,0.001,2.850440502166748
1888,3,388,1393,88.59846496582031,86.83354920596192,0.001,3.527951717376709
1889,3,389,2660,90.94229125976562,86.84885149732798,0.001,3.0089924335479736
1890,3,390,1310,82.08014678955078,86.83069778205943,0.001,2.8882784843444824
1891,3,391,481,90.34455108642578,86.84064289094091,0.001,3.119178295135498
1892,3,392,1090,86.6008529663086,86.84016549756842,0.001,3.1518962383270264
1893,3,393,74,97.13815307617188,86.85381813107944,0.001,3.6672141551971436
1894,3,394,2499,92.93689727783203,86.86608444755315,0.001,2.9956789016723633
1895,3,395,2270,84.65670776367188,86.8577269877705,0.001,3.0154664516448975
1896,3,396,69,88.90249633789062,86.86541515218184,0.001,3.182420015335083
1897,3,397,1540,95.91395568847656,86.87753490413827,0.001,3.3271067142486572
1898,3,398,1717,102.34379577636719,86.89782630642279,0.001,3.9835755825042725
1899,3,399,455,69.31938171386719,86.87995256243607,0.001,3.0002787113189697
1900,3,400,2673,84.7944564819336,86.87407126781234,0.001,2.9644768238067627
1901,3,401,2694,102.43765258789062,86.89448177932815,0.001,3.1063730716705322
1902,3,402,2479,85.6971664428711,86.89127953631017,0.001,3.722639560699463
1903,3,403,2767,83.66101837158203,86.88224399031687,0.001,3.1526939868927
1904,3,404,32,79.201904296875,86.85358888607075,0.001,3.0847971439361572
1905,3,405,2596,94.85091400146484,86.86924386549265,0.001,3.05188250541687
1906,3,406,1360,98.87793731689453,86.88445791143738,0.001,3.009040355682373
1907,3,407,461,92.75509643554688,86.9056348090078,0.001,3.7554357051849365
1908,3,408,2387,96.99201202392578,86.92529839616823,0.001,3.004554271697998
1909,3,409,496,80.86553192138672,86.90953577734493,0.001,2.870290994644165
1910,3,410,2845,84.87062072753906,86.90218525161256,0.001,2.9949803352355957
1911,3,411,727,83.02877807617188,86.89726851014349,0.001,3.263613700866699
1912,3,412,376,102.7627944946289,86.91797913961908,0.001,3.8024520874023438
1913,3,413,2274,87.3244857788086,86.91905352008598,0.001,3.0333151817321777
1914,3,414,2523,91.65373992919922,86.93602248933172,0.001,3.1067516803741455
1915,3,415,2055,82.01251983642578,86.91846179284354,0.001,2.946357011795044
1916,3,416,2229,84.06948852539062,86.91376411081526,0.001,3.634091377258301
1917,3,417,721,90.04166412353516,86.91961923603792,0.001,3.072917938232422
1918,3,418,1333,103.09172058105469,86.96269407584795,0.001,3.00577712059021
1919,3,419,459,107.88392639160156,86.98893269731433,0.001,3.051772356033325
1920,3,420,2510,81.05998992919922,86.96819998572516,0.001,3.0228772163391113
1921,3,421,2652,89.45673370361328,86.97127506289084,0.001,3.7414004802703857
1922,3,422,522,76.55872344970703,86.93460080505342,0.001,2.982447624206543
1923,3,423,2569,100.64012908935547,86.96024972456844,0.001,2.9425721168518066
1924,3,424,2505,86.01273345947266,86.95903948677407,0.001,2.933806896209717
1925,3,425,514,99.56437683105469,86.98295087469384,0.001,3.3159520626068115
1926,3,426,607,96.6222915649414,86.99449294714047,0.001,3.2860207557678223
1927,3,427,2040,86.25127410888672,86.99187691044045,0.001,3.0809054374694824
1928,3,428,1503,82.5079345703125,86.98419437653646,0.001,2.9013640880584717
1929,3,429,2060,81.92573547363281,86.97099163841025,0.001,3.0519142150878906
1930,3,430,2906,84.06214904785156,86.96348631195339,0.001,3.5997395515441895
1931,3,431,2482,86.470947265625,86.96177623007085,0.001,2.960378885269165
1932,3,432,680,104.74446105957031,86.98337595296475,0.001,3.2095742225646973
1933,3,433,2448,81.97281646728516,86.9663218496148,0.001,3.127291679382324
1934,3,434,706,80.09146118164062,86.95778860685724,0.001,2.937774658203125
1935,3,435,2341,81.07984161376953,86.93760731489647,0.001,3.9223055839538574
1936,3,436,2563,76.37857818603516,86.91830707324402,0.001,3.0386476516723633
1937,3,437,363,89.91775512695312,86.92192922921116,0.001,3.023946523666382
1938,3,438,2682,80.69204711914062,86.90054081948057,0.001,2.8667147159576416
1939,3,439,825,80.79878997802734,86.8933574257859,0.001,2.972595453262329
1940,3,440,1965,85.15287780761719,86.88744248916154,0.001,3.2229249477386475
1941,3,441,94,78.7352523803711,86.86163135607471,0.001,2.9773802757263184
1942,3,442,453,99.3132553100586,86.8838081907464,0.001,2.9657561779022217
1943,3,443,378,96.21382141113281,86.91501205184456,0.001,3.0636041164398193
1944,3,444,873,88.8592758178711,86.9170518077124,0.001,3.1845626831054688
1945,3,445,774,86.67797088623047,86.91645390413504,0.001,3.880596876144409
1946,3,446,2595,96.51589965820312,86.92777127773387,0.001,3.0484986305236816
1947,3,447,2834,82.43692779541016,86.91282264110879,0.001,3.0516180992126465
1948,3,448,519,81.6299819946289,86.89528510335646,0.001,3.0150418281555176
1949,3,449,1123,89.66793823242188,86.90017118323964,0.001,3.995861768722534
1950,3,450,788,81.94364166259766,86.88382735473827,0.001,3.0171689987182617
1951,3,451,616,89.07019805908203,86.89092487008661,0.001,3.012083053588867
1952,3,452,803,102.85314178466797,86.90909282555083,0.001,3.0387189388275146
1953,3,453,2585,81.98046875,86.897253521586,0.001,3.0210444927215576
1954,3,454,699,77.60640716552734,86.87490681036216,0.001,3.7821481227874756
1955,3,455,2192,91.91609954833984,86.87982156912778,0.001,2.800929307937622
1956,3,456,175,91.0241928100586,86.8871862661969,0.001,2.9834070205688477
1957,3,457,834,90.1467514038086,86.89772596784088,0.001,2.934983015060425
1958,3,458,65,92.44487762451172,86.90428365716961,0.001,3.3069043159484863
1959,3,459,2297,86.22930908203125,86.90261468721644,0.001,3.423630952835083
1960,3,460,374,75.10070037841797,86.86487342775368,0.001,2.9969441890716553
1961,3,461,1372,79.33193969726562,86.84683185418055,0.001,3.010610342025757
1962,3,462,954,74.65438842773438,86.83289410895681,0.001,3.0178062915802
1963,3,463,2874,87.6712417602539,86.83486410535853,0.001,3.6056487560272217
1964,3,464,2692,88.68346405029297,86.84074941033245,0.001,2.963848114013672
1965,3,465,77,86.46399688720703,86.83983970835305,0.001,3.0261318683624268
1966,3,466,2781,77.18335723876953,86.82545229541132,0.001,2.9655208587646484
1967,3,467,682,93.65758514404297,86.84692378186656,0.001,3.190153121948242
1968,3,468,685,86.7480697631836,86.84669289116337,0.001,3.753220796585083
1969,3,469,2202,88.65381622314453,86.8524195328301,0.001,2.9772162437438965
1970,3,470,695,85.52471923828125,86.84926581725584,0.001,2.8984315395355225
1971,3,471,972,88.71627807617188,86.85357036868513,0.001,2.9474971294403076
1972,3,472,1768,93.26824951171875,86.86069643607705,0.001,2.9722487926483154
1973,3,473,2401,78.79804992675781,86.84155564372907,0.001,3.927255630493164
1974,3,474,521,84.14884185791016,86.83857120160437,0.001,2.935297966003418
1975,3,475,2066,93.73358154296875,86.85988743728007,0.001,2.962188959121704
1976,3,476,719,80.62975311279297,86.84055712958815,0.001,3.0884974002838135
1977,3,477,325,82.44473266601562,86.83039777096016,0.001,3.6320271492004395
1978,3,478,56,88.74097442626953,86.83481796620406,0.001,2.9884865283966064
1979,3,479,801,86.76266479492188,86.8347024238586,0.001,3.0017473697662354
1980,3,480,2546,84.56877899169922,86.82952274389918,0.001,3.0649781227111816
1981,3,481,1443,78.21795654296875,86.80329317150857,0.001,3.0756473541259766
1982,3,482,1838,75.67105865478516,86.77821566265494,0.001,3.7651636600494385
1983,3,483,1313,83.96875762939453,86.77001450855497,0.001,3.0849878787994385
1984,3,484,2784,88.46350860595703,86.77518203972997,0.001,3.032198429107666
1985,3,485,2533,67.53472900390625,86.74333448867478,0.001,3.0654685497283936
1986,3,486,1576,96.53740692138672,86.7537641690626,0.001,3.2331924438476562
1987,3,487,1690,76.38124084472656,86.74246110094046,0.001,3.3172342777252197
1988,3,488,819,84.64081573486328,86.73767858963647,0.001,3.193208694458008
1989,3,489,1735,80.20301818847656,86.73057336572644,0.001,2.996894359588623
1990,3,490,916,90.03675842285156,86.73419348338292,0.001,3.0508060455322266
1991,3,491,448,96.90971374511719,86.75766773978332,0.001,3.5262138843536377
1992,3,492,2343,86.29364013671875,86.75693102097601,0.001,3.27165150642395
1993,3,493,913,83.57803344726562,86.75184820822916,0.001,3.0262439250946045
1994,3,494,808,86.88533782958984,86.75214505587607,0.001,2.9704980850219727
1995,3,495,870,86.68497467041016,86.75203743652092,0.001,3.0446345806121826
1996,3,496,920,86.63788604736328,86.75169309573289,0.001,3.851266384124756
1997,3,497,693,86.28633880615234,86.75030595519259,0.001,3.187577962875366
1998,3,498,990,76.343994140625,86.72665734245962,0.001,2.9407365322113037
1999,3,499,2758,99.9608154296875,86.75584763048832,0.001,2.928314447402954
2000,4,0,2772,80.44959259033203,80.44959259033203,0.001,3.107597827911377
2001,4,1,966,82.11678314208984,81.1374218227401,0.001,3.8828237056732178
2002,4,2,2188,88.10760498046875,83.7090019060545,0.001,2.883728265762329
2003,4,3,178,81.39593505859375,83.09294746846346,0.001,3.028402328491211
2004,4,4,250,85.93582153320312,83.42069880090531,0.001,3.050537109375
2005,4,5,1087,85.14327239990234,83.83447627116048,0.001,3.866833448410034
2006,4,6,2422,78.12401580810547,83.37529513699081,0.001,3.254074811935425
2007,4,7,1516,83.08171844482422,83.33316451411093,0.001,3.112318992614746
2008,4,8,64,98.24980163574219,84.30534083373476,0.001,3.0766234397888184
2009,4,9,337,80.0953598022461,83.96745059354976,0.001,3.0337584018707275
2010,4,10,2435,85.63314819335938,84.06314029946654,0.001,3.4702556133270264
2011,4,11,68,94.8338623046875,84.90956883233498,0.001,2.9019277095794678
2012,4,12,2775,87.53118896484375,85.16176430865735,0.001,2.9684817790985107
2013,4,13,1530,80.85498809814453,84.6666717543997,0.001,3.1197948455810547
2014,4,14,814,74.40145111083984,84.2508251112698,0.001,2.953359842300415
2015,4,15,986,77.56727600097656,83.73185142619865,0.001,3.287017822265625
2016,4,16,1306,75.62020874023438,82.98424109873008,0.001,3.0361547470092773
2017,4,17,962,75.39942169189453,82.62345195591692,0.001,3.028829336166382
2018,4,18,981,92.04167175292969,83.20807153537228,0.001,3.0117599964141846
2019,4,19,1120,80.54913330078125,83.10059023763976,0.001,2.947476387023926
2020,4,20,1844,103.73119354248047,83.6069671523464,0.001,3.405001163482666
2021,4,21,388,97.41352081298828,83.96279494609087,0.001,3.0849156379699707
2022,4,22,1532,94.60633087158203,84.70391521027565,0.001,3.294146776199341
2023,4,23,707,86.39383697509766,84.74261201164248,0.001,2.9660160541534424
2024,4,24,405,90.61134338378906,84.95481491109942,0.001,3.817734956741333
2025,4,25,2197,94.92371368408203,85.4220004151779,0.001,3.051438808441162
2026,4,26,2294,94.47946166992188,85.61466766418367,0.001,2.9304192066192627
2027,4,27,424,88.84886932373047,85.71300801620976,0.001,3.031559705734253
2028,4,28,1616,93.6895523071289,86.06222122817213,0.001,2.8781847953796387
2029,4,29,2722,73.25201416015625,85.82551251274016,0.001,3.5687992572784424
2030,4,30,771,85.35575103759766,85.80668525572581,0.001,3.0195794105529785
2031,4,31,904,79.14988708496094,85.641278999252,0.001,2.8869760036468506
2032,4,32,492,79.70919799804688,85.34523474870437,0.001,3.092097043991089
2033,4,33,770,89.10067749023438,85.48238145306723,0.001,2.908658981323242
2034,4,34,832,76.07146453857422,85.05364856919142,0.001,4.013705492019653
2035,4,35,2588,87.76570892333984,85.17376759129186,0.001,2.964470624923706
2036,4,36,272,89.47523498535156,85.27293298401045,0.001,2.929213762283325
2037,4,37,350,82.38706970214844,85.18263008884765,0.001,3.129262685775757
2038,4,38,991,98.93287658691406,85.37882371984713,0.001,3.396561861038208
2039,4,39,1878,86.88898468017578,85.41077089062296,0.001,3.402165412902832
2040,4,40,98,88.65145111083984,85.53591381143583,0.001,2.9780774116516113
2041,4,41,2166,84.43740844726562,85.51386506999206,0.001,3.003269672393799
2042,4,42,2538,93.87903594970703,85.62513519510728,0.001,3.0148165225982666
2043,4,43,1519,87.33567810058594,85.67236059792559,0.001,3.713240385055542
2044,4,44,2241,100.1717300415039,86.184225031013,0.001,2.9978291988372803
2045,4,45,1914,84.22223663330078,86.16011537820037,0.001,3.1200666427612305
2046,4,46,1099,89.44349670410156,86.26968418215657,0.001,3.0513195991516113
2047,4,47,2494,75.15310668945312,86.00109005185078,0.001,3.025621175765991
2048,4,48,2584,82.6556167602539,85.89617981633279,0.001,3.7162747383117676
2049,4,49,1756,90.46685028076172,85.99984274836767,0.001,3.0350019931793213
2050,4,50,2051,83.86093139648438,85.95134242491663,0.001,2.929746389389038
2051,4,51,827,94.04914093017578,86.05834938908276,0.001,2.9630556106567383
2052,4,52,787,88.2951431274414,86.08211248094032,0.001,3.011270046234131
2053,4,53,1577,87.2191162109375,86.10647748103749,0.001,3.715916872024536
2054,4,54,851,85.49211883544922,86.08894312909946,0.001,2.973477840423584
2055,4,55,1620,85.24810028076172,86.08337941271306,0.001,3.0109238624572754
2056,4,56,29,81.63034057617188,85.99330606992085,0.001,3.0009098052978516
2057,4,57,401,82.990966796875,85.93333819395939,0.001,3.6250839233398438
2058,4,58,1543,100.2826919555664,86.07040721476871,0.001,2.9914164543151855
2059,4,59,2529,89.41513061523438,86.13669270965532,0.001,3.373527765274048
2060,4,60,507,99.28449249267578,86.22066156626725,0.001,3.0168168544769287
2061,4,61,403,82.61266326904297,86.17221255438551,0.001,3.05639910697937
2062,4,62,689,89.87154388427734,86.22155425105993,0.001,3.5637612342834473
2063,4,63,469,90.51326751708984,86.32579336491914,0.001,3.056720733642578
2064,4,64,2750,85.24781799316406,86.31656811023421,0.001,2.982595682144165
2065,4,65,2249,88.72004699707031,86.36018200466721,0.001,2.9070568084716797
2066,4,66,863,82.40330505371094,86.29053179688837,0.001,3.020090103149414
2067,4,67,2449,79.43204498291016,86.17260577252632,0.001,3.4768753051757812
2068,4,68,2864,85.35384368896484,86.16257797765508,0.001,2.910632610321045
2069,4,69,1541,80.53019714355469,86.1214535315608,0.001,3.137300491333008
2070,4,70,434,89.15340423583984,86.14331825450677,0.001,3.010427236557007
2071,4,71,2458,78.84028625488281,86.02358707436841,0.001,2.9848649501800537
2072,4,72,390,95.01338958740234,86.12535626780443,0.001,3.24749493598938
2073,4,73,372,80.44996643066406,86.0870266735823,0.001,3.1320698261260986
2074,4,74,1791,81.17857360839844,86.03186518977817,0.001,3.0926530361175537
2075,4,75,601,86.36736297607422,86.03885628292825,0.001,3.1035120487213135
2076,4,76,2172,84.16764831542969,86.0095674049095,0.001,3.8201987743377686
2077,4,77,490,87.75670623779297,86.02253952981323,0.001,3.3351595401763916
2078,4,78,2789,87.02031707763672,86.03750273514699,0.001,3.064565420150757
2079,4,79,1821,99.23506164550781,86.1311356273646,0.001,2.8505756855010986
2080,4,80,2613,98.13880157470703,86.30575202613193,0.001,3.07373046875
2081,4,81,2191,93.56983947753906,86.38302766670319,0.001,3.5424907207489014
2082,4,82,2243,86.99820709228516,86.39477437252839,0.001,2.937160015106201
2083,4,83,1923,86.63159942626953,86.39818485441177,0.001,2.9390439987182617
2084,4,84,956,83.4219970703125,86.3435126799277,0.001,3.0331215858459473
2085,4,85,264,90.47364807128906,86.40020013461908,0.001,2.9802989959716797
2086,4,86,518,82.12200164794922,86.37247047115609,0.001,3.5870344638824463
2087,4,87,743,85.11642456054688,86.36447077995244,0.001,2.957016944885254
2088,4,88,778,92.8888168334961,86.45044954020702,0.001,3.0099518299102783
2089,4,89,447,96.42635345458984,86.51392548141953,0.001,3.0233500003814697
2090,4,90,951,89.99331665039062,86.55913407029668,0.001,3.1294167041778564
2091,4,91,436,88.20431518554688,86.57404423557304,0.001,3.5601959228515625
2092,4,92,773,96.99960327148438,86.7069382435694,0.001,3.013326406478882
2093,4,93,2455,101.40706634521484,86.79758256264782,0.001,2.996190071105957
2094,4,94,392,90.16712188720703,86.85304162436326,0.001,3.106265068054199
2095,4,95,686,74.36006927490234,86.69599201745665,0.001,3.8334364891052246
2096,4,96,2929,86.11289978027344,86.6888994436974,0.001,3.3802387714385986
2097,4,97,1909,87.41007995605469,86.70023297514348,0.001,3.163942575454712
2098,4,98,2144,91.64295959472656,86.72794901514412,0.001,3.1661877632141113
2099,4,99,361,85.29534912109375,86.70664420239189,0.001,3.141741991043091
2100,4,100,1615,88.05189514160156,86.72190356272309,0.001,3.66501522064209
2101,4,101,1105,78.84925842285156,86.67697660829879,0.001,3.0738134384155273
2102,4,102,2101,93.50273895263672,86.7811169404038,0.001,2.8615148067474365
2103,4,103,919,85.92599487304688,86.76817452353202,0.001,3.1084144115448
2104,4,104,2930,87.46521759033203,86.77178105944769,0.001,3.2197587490081787
2105,4,105,400,89.94757843017578,86.79421023658726,0.001,3.500978946685791
2106,4,106,2669,98.12201690673828,86.85421568307223,0.001,3.0406715869903564
2107,4,107,611,88.25067901611328,86.86489774702147,0.001,3.0914759635925293
2108,4,108,408,74.70467376708984,86.77193045914956,0.001,3.128922939300537
2109,4,109,1397,80.89389038085938,86.68745230325592,0.001,4.263922214508057
2110,4,110,861,93.15461730957031,86.73635040340844,0.001,3.0315372943878174
2111,4,111,864,95.40339660644531,86.77746324961035,0.001,3.1343512535095215
2112,4,112,73,83.13685607910156,86.75907870897585,0.001,3.1193881034851074
2113,4,113,2763,95.34123229980469,86.80135532764989,0.001,2.9516658782958984
2114,4,114,2377,75.80282592773438,86.68837896140458,0.001,3.7346739768981934
2115,4,115,1442,83.07245635986328,86.6622703591093,0.001,3.087935447692871
2116,4,116,367,97.0986328125,86.73708543384504,0.001,3.002755880355835
2117,4,117,2219,90.12210845947266,86.75239946854938,0.001,2.9775655269622803
2118,4,118,1093,83.92108917236328,86.71539790225874,0.001,3.4304845333099365
2119,4,119,2871,74.72032165527344,86.55864070924264,0.001,2.99410343170166
2120,4,120,811,73.51117706298828,86.50214534316629,0.001,3.047574520111084
2121,4,121,1480,87.32188415527344,86.50589979019126,0.001,2.9649643898010254
2122,4,122,961,79.08362579345703,86.41091478669395,0.001,3.0095646381378174
2123,4,123,446,88.15229797363281,86.4274179063245,0.001,3.6286489963531494
2124,4,124,407,85.34400939941406,86.4171674642072,0.001,3.052445888519287
2125,4,125,694,82.56221771240234,86.36920577400332,0.001,3.0370404720306396
2126,4,126,742,82.64962768554688,86.32323207201038,0.001,2.913741111755371
2127,4,127,2672,85.2394027709961,86.30998051157648,0.001,2.988189458847046
2128,4,128,2452,100.54639434814453,86.43854140232291,0.001,3.472872495651245
2129,4,129,2349,82.84374237060547,86.39600300532469,0.001,3.0892670154571533
2130,4,130,759,87.04981231689453,86.4017281051971,0.001,2.992452383041382
2131,4,131,914,83.55565643310547,86.37685698135066,0.001,2.99487042427063
2132,4,132,488,87.84284210205078,86.39363623295296,0.001,3.15796160697937
2133,4,133,789,81.03408813476562,86.3477203201773,0.001,3.930436372756958
2134,4,134,2861,79.22102355957031,86.2865786038622,0.001,3.0641448497772217
2135,4,135,458,83.53425598144531,86.27514392235916,0.001,3.005390167236328
2136,4,136,1642,83.85497283935547,86.25506484610189,0.001,2.9529755115509033
2137,4,137,2709,99.83169555664062,86.3085894334882,0.001,3.4350736141204834
2138,4,138,28,96.46702575683594,86.34878739312727,0.001,3.164778232574463
2139,4,139,1274,85.50878143310547,86.34196814795352,0.001,3.071429967880249
2140,4,140,2179,92.19685363769531,86.37686542226923,0.001,2.9671380519866943
2141,4,141,710,84.43877410888672,86.36112294681297,0.001,3.0268805027008057
2142,4,142,977,86.2688980102539,86.36060398494857,0.001,4.206643104553223
2143,4,143,432,78.85477447509766,86.30128570645154,0.001,3.136509895324707
2144,4,144,989,90.87199401855469,86.33773148418022,0.001,3.0923409461975098
2145,4,145,2511,87.7864990234375,86.34605585103985,0.001,3.0411105155944824
2146,4,146,2565,80.42015075683594,86.32334300807345,0.001,3.2768404483795166
2147,4,147,2548,85.7910385131836,86.31922992215317,0.001,3.5144684314727783
2148,4,148,60,87.5862045288086,86.32627806012039,0.001,3.0264880657196045
2149,4,149,523,89.7935562133789,86.36233687332157,0.001,3.04787278175354
2150,4,150,1676,84.46305847167969,86.34282026733095,0.001,3.0517749786376953
2151,4,151,2163,80.75372314453125,86.29928522166814,0.001,3.450582504272461
2152,4,152,2378,89.1183853149414,86.32075670816107,0.001,3.3084464073181152
2153,4,153,915,96.36792755126953,86.35538201960776,0.001,3.063323736190796
2154,4,154,705,81.50456237792969,86.30655994544239,0.001,3.0349786281585693
2155,4,155,728,81.90580749511719,86.27400096882678,0.001,3.0150246620178223
2156,4,156,852,92.27983093261719,86.31752396615286,0.001,3.605449914932251
2157,4,157,471,87.21308135986328,86.32609796974005,0.001,3.1794936656951904
2158,4,158,717,89.88455200195312,86.36016125446679,0.001,2.9468741416931152
2159,4,159,2911,78.7812728881836,86.3362313504516,0.001,2.9385673999786377
2160,4,160,468,85.35687255859375,86.32705887720819,0.001,3.1079299449920654
2161,4,161,858,92.92967224121094,86.3472049259345,0.001,3.8674890995025635
2162,4,162,1089,88.53797912597656,86.36764118050414,0.001,3.050971269607544
2163,4,163,274,87.75625610351562,86.37714618383168,0.001,2.985738754272461
2164,4,164,1636,72.3788070678711,86.24814238912819,0.001,3.0148227214813232
2165,4,165,1921,80.42705535888672,86.20835596085014,0.001,3.645102024078369
2166,4,166,1551,93.71040344238281,86.26020250910986,0.001,3.011019229888916
2167,4,167,1250,82.87993621826172,86.249422444748,0.001,2.996764898300171
2168,4,168,1575,98.69026184082031,86.33512060394213,0.001,2.9756572246551514
2169,4,169,1334,87.70127868652344,86.33941081774522,0.001,2.9443564414978027
2170,4,170,1488,80.65423583984375,86.29199811296506,0.001,4.16518235206604
2171,4,171,1675,87.59081268310547,86.29807401447498,0.001,3.037919044494629
2172,4,172,1620,85.07340240478516,86.29549673330146,0.001,2.9540441036224365
2173,4,173,1434,89.69039154052734,86.3170181808853,0.001,3.024397373199463
2174,4,174,1888,78.8475112915039,86.25320025455622,0.001,3.1023435592651367
2175,4,175,1965,85.07783508300781,86.24300183531098,0.001,4.069756746292114
2176,4,176,1543,100.03715515136719,86.28590343803937,0.001,2.923837900161743
2177,4,177,1370,73.51901245117188,86.2037212666835,0.001,3.1010091304779053
2178,4,178,1265,93.5437240600586,86.22607249626365,0.001,2.9651594161987305
2179,4,179,1333,104.17705535888672,86.3400029761668,0.001,3.7618191242218018
2180,4,180,1938,83.36991119384766,86.3313875969795,0.001,3.053586721420288
2181,4,181,1586,88.14102172851562,86.34661068348935,0.001,2.923973798751831
2182,4,182,1343,86.69418334960938,86.34757734587237,0.001,2.9586050510406494
2183,4,183,1530,80.78987121582031,86.30173296974472,0.001,2.9837350845336914
2184,4,184,1149,71.98443603515625,86.2127919137798,0.001,3.7325589656829834
2185,4,185,1903,85.830078125,86.21114394695526,0.001,3.156559944152832
2186,4,186,1111,87.57939147949219,86.21945105697252,0.001,3.0404129028320312
2187,4,187,1360,98.57710266113281,86.25415756027272,0.001,2.9780383110046387
2188,4,188,1128,74.00587463378906,86.1801413925428,0.001,3.1887733936309814
2189,4,189,1571,92.25206756591797,86.22846570224075,0.001,3.7409043312072754
2190,4,190,1812,83.21247100830078,86.20429978324562,0.001,2.9648802280426025
2191,4,191,1642,83.77470397949219,86.19015569353714,0.001,2.8448593616485596
2192,4,192,1615,87.82635498046875,86.1995618498794,0.001,3.0505523681640625
2193,4,193,1918,79.79557800292969,86.14969448515384,0.001,3.8182690143585205
2194,4,194,1766,87.74954223632812,86.15285408463777,0.001,3.005876302719116
2195,4,195,1676,84.46351623535156,86.13976177411,0.001,2.987119436264038
2196,4,196,2067,88.05741882324219,86.14781792930593,0.001,2.948875665664673
2197,4,197,1541,80.35423278808594,86.13342681830878,0.001,2.9548113346099854
2198,4,198,1089,88.54105377197266,86.151660423232,0.001,3.538065195083618
2199,4,199,1344,80.71768188476562,86.12120242157447,0.001,2.845500946044922
2200,4,200,1896,80.90255737304688,86.09205740694124,0.001,3.005047082901001
2201,4,201,1495,91.02436828613281,86.11977186259685,0.001,2.909395933151245
2202,4,202,1839,78.82144927978516,86.1007750456119,0.001,2.93284273147583
2203,4,203,1155,94.24603271484375,86.12272855458227,0.001,3.829873561859131
2204,4,204,1105,78.87519836425781,86.10281069778452,0.001,2.9234161376953125
2205,4,205,1493,83.65543365478516,86.08479746712807,0.001,3.081150770187378
2206,4,206,2034,88.5672607421875,86.10262334178807,0.001,3.0589687824249268
2207,4,207,1714,73.87812042236328,86.03779558900224,0.001,3.744983196258545
2208,4,208,1506,79.2547378540039,86.02116860998707,0.001,3.9104244709014893
2209,4,209,175,90.55062866210938,86.03901753459512,0.001,3.092393398284912
2210,4,210,1532,94.7463607788086,86.10092228082704,0.001,2.9654998779296875
2211,4,211,1762,95.93384552001953,86.15326385794171,0.001,3.1395013332366943
2212,4,212,1153,87.96607208251953,86.16617438307306,0.001,3.7072346210479736
2213,4,213,1310,82.21483612060547,86.13830748429629,0.001,2.9434525966644287
2214,4,214,1806,79.67000579833984,86.09315896111138,0.001,3.019333839416504
2215,4,215,178,81.02562713623047,86.06745067480537,0.001,2.9897890090942383
2216,4,216,2204,93.79456329345703,86.11983527481914,0.001,3.0794472694396973
2217,4,217,1127,89.04357147216797,86.13079770121158,0.001,3.797271966934204
2218,4,218,1692,88.00508880615234,86.14352285824374,0.001,3.0166726112365723
2219,4,219,2181,98.2120361328125,86.17290852122305,0.001,3.0298166275024414
2220,4,220,2075,75.81354522705078,86.13597077810755,0.001,3.0002503395080566
2221,4,221,190,76.46167755126953,86.06934842176855,0.001,3.363652229309082
2222,4,222,2174,74.7497787475586,85.99582745569833,0.001,3.228971242904663
2223,4,223,1717,101.73666381835938,86.0328493210135,0.001,2.986722707748413
2224,4,224,1900,93.49484252929688,86.05101113649741,0.001,2.88931941986084
2225,4,225,1395,107.26628112792969,86.10208110039615,0.001,2.9726431369781494
2226,4,226,2219,90.21676635742188,86.11121176180345,0.001,3.573368787765503
2227,4,227,1832,97.2650375366211,86.18462248715001,0.001,3.002920627593994
2228,4,228,1182,76.17570495605469,86.13510751644523,0.001,3.0197174549102783
2229,4,229,2140,95.93242645263672,86.15696523832533,0.001,2.993575096130371
2230,4,230,1120,80.89275360107422,86.13949669090087,0.001,2.958101987838745
2231,4,231,1514,91.78064727783203,86.15247124835248,0.001,3.8339693546295166
2232,4,232,1324,89.05821228027344,86.17105110317486,0.001,3.085641860961914
2233,4,233,1151,92.14606475830078,86.19086615436575,0.001,3.0273656845092773
2234,4,234,2055,80.53488159179688,86.15473338360071,0.001,2.933199882507324
2235,4,235,1439,87.75588989257812,86.1647620409914,0.001,3.0888562202453613
2236,4,236,1098,75.87018585205078,86.12953245316075,0.001,3.8960039615631104
2237,4,237,2203,95.66616821289062,86.18962546648697,0.001,2.9195995330810547
2238,4,238,1090,86.49653625488281,86.19064114241945,0.001,2.995297908782959
2239,4,239,1616,93.51052856445312,86.22564775478786,0.001,2.9244704246520996
2240,4,240,1126,81.08876037597656,86.19372639597646,0.001,3.7133841514587402
2241,4,241,1802,92.94402313232422,86.22481544423604,0.001,3.4194626808166504
2242,4,242,1923,86.44387817382812,86.22584634422448,0.001,2.936577320098877
2243,4,243,2341,80.30279541015625,86.18944685375007,0.001,3.1094884872436523
2244,4,244,1264,88.41647338867188,86.19438081467158,0.001,3.3960368633270264
2245,4,245,1769,82.11250305175781,86.1694425299872,0.001,3.577503204345703
2246,4,246,1117,90.64728546142578,86.19003696944065,0.001,2.946967363357544
2247,4,247,2235,87.69143676757812,86.19898901118584,0.001,3.0623457431793213
2248,4,248,1470,93.00341796875,86.22861223461489,0.001,2.9520316123962402
2249,4,249,2166,84.45632934570312,86.22300137328858,0.001,2.8798444271087646
2250,4,250,2192,92.01985931396484,86.23329807847983,0.001,3.852518081665039
2251,4,251,2251,96.46977996826172,86.26646786350733,0.001,2.8949010372161865
2252,4,252,2191,93.67911529541016,86.29038251936969,0.001,3.0187344551086426
2253,4,253,1549,94.24051666259766,86.31611433480693,0.001,3.1358072757720947
2254,4,254,2221,90.38053131103516,86.33427906012219,0.001,2.959801435470581
2255,4,255,1173,95.74403381347656,86.35399803528257,0.001,3.704896926879883
2256,4,256,1576,96.26114654541016,86.37427012659356,0.001,3.0155506134033203
2257,4,257,2241,100.70780181884766,86.45828673267455,0.001,3.1122803688049316
2258,4,258,1649,77.45265197753906,86.41926461848921,0.001,2.919099807739258
2259,4,259,1443,78.07181549072266,86.37170633964219,0.001,3.2615160942077637
2260,4,260,2073,82.23871612548828,86.36360224323971,0.001,3.180549383163452
2261,4,261,2197,94.91217803955078,86.39987856259658,0.001,3.0232772827148438
2262,4,262,1735,79.73704528808594,86.38623018564336,0.001,2.9680464267730713
2263,4,263,1902,89.90776824951172,86.40120096983776,0.001,3.0198187828063965
2264,4,264,1756,90.9136962890625,86.41995878725547,0.001,3.8761489391326904
2265,4,265,1259,78.04136657714844,86.39526430864416,0.001,3.146378517150879
2266,4,266,1123,89.96954345703125,86.40596015918429,0.001,2.9603219032287598
2267,4,267,1925,111.03269958496094,86.45463712294814,0.001,2.99344801902771
2268,4,268,2113,87.40984344482422,86.45867886724038,0.001,3.002843141555786
2269,4,269,2406,88.53240203857422,86.4702687592573,0.001,3.8094217777252197
2270,4,270,2179,92.60208892822266,86.48864544635602,0.001,2.9928789138793945
2271,4,271,1503,82.48646545410156,86.47776741351878,0.001,2.97373366355896
2272,4,272,1819,87.83221435546875,86.48044631307268,0.001,2.926377058029175
2273,4,273,2270,84.71052551269531,86.470670305889,0.001,2.9966681003570557
2274,4,274,1838,74.96788787841797,86.42454021530935,0.001,3.7342689037323
2275,4,275,2050,74.51835632324219,86.39057246326064,0.001,3.0062520503997803
2276,4,276,1481,80.62102508544922,86.36689053801051,0.001,3.098778009414673
2277,4,277,2152,86.95443725585938,86.3692389536417,0.001,2.9733633995056152
2278,4,278,1699,86.70195770263672,86.37017151581983,0.001,3.227623462677002
2279,4,279,2443,89.41495513916016,86.38228293538346,0.001,3.1107683181762695
2280,4,280,1161,82.6435317993164,86.37557650551216,0.001,3.0102155208587646
2281,4,281,1777,81.84493255615234,86.35777865603994,0.001,3.347363233566284
2282,4,282,2184,94.8079833984375,86.38199202915739,0.001,3.0013468265533447
2283,4,283,254,75.83011627197266,86.3266355903528,0.001,3.5681941509246826
2284,4,284,1602,97.84477996826172,86.34095518271126,0.001,3.0083436965942383
2285,4,285,1848,84.13566589355469,86.32936196195699,0.001,2.995396852493286
2286,4,286,1473,84.7540283203125,86.32551987808407,0.001,2.940962553024292
2287,4,287,2060,81.10235595703125,86.30501867419632,0.001,3.0162513256073
2288,4,288,1442,83.29590606689453,86.29675770100566,0.001,3.6211884021759033
2289,4,289,1580,96.7303695678711,86.32562723364053,0.001,2.9513168334960938
2290,4,290,266,99.07113647460938,86.39135936959225,0.001,2.9728198051452637
2291,4,291,250,86.89515686035156,86.39228672128192,0.001,2.8804638385772705
2292,4,292,1809,87.33138275146484,86.3969992199059,0.001,3.0067193508148193
2293,4,293,2117,91.44566345214844,86.41582717310271,0.001,3.4910523891448975
2294,4,294,2377,75.6431655883789,86.37498106015452,0.001,2.8504350185394287
2295,4,295,1088,86.82867431640625,86.37666562425031,0.001,2.8641514778137207
2296,4,296,2144,91.86021423339844,86.38645108507065,0.001,2.961233615875244
2297,4,297,2432,75.43633270263672,86.3665302726175,0.001,3.1613075733184814
2298,4,298,2399,91.91222381591797,86.37545844851962,0.001,3.5077877044677734
2299,4,299,1519,87.20722198486328,86.37864283850396,0.001,2.981206178665161
2300,4,300,2522,78.52760314941406,86.3495254110468,0.001,2.9186296463012695
2301,4,301,2340,87.6167984008789,86.35414886727219,0.001,3.028150796890259
2302,4,302,1263,96.3231201171875,86.39114942238166,0.001,2.993346929550171
2303,4,303,2458,78.29922485351562,86.36128504626569,0.001,2.9671289920806885
2304,4,304,2401,78.38843536376953,86.33146123477937,0.001,2.4036433696746826
2305,4,305,1122,76.01521301269531,86.30391779189341,0.001,1.8009099960327148
2306,4,306,264,90.9828872680664,86.32117989969443,0.001,2.0485639572143555
2307,4,307,2499,92.73397064208984,86.3379646205675,0.001,2.0196454524993896
2308,4,308,2537,83.74432373046875,86.32830619879103,0.001,1.801764726638794
2309,4,309,2335,96.22943878173828,86.34588990289105,0.001,2.400925874710083
2310,4,310,1093,84.00682067871094,86.33481221634753,0.001,2.3343605995178223
2311,4,311,1814,77.07283782958984,86.30188890501049,0.001,2.3010201454162598
2312,4,312,2534,101.21337127685547,86.32777634905126,0.001,2.8743042945861816
2313,4,313,1393,88.8630142211914,86.33692292280519,0.001,2.3608291149139404
2314,4,314,2343,86.1209487915039,86.33637796271631,0.001,2.1670379638671875
2315,4,315,2427,80.2603759765625,86.31516913736972,0.001,3.089601993560791
2316,4,316,2584,82.86544036865234,86.29890015158449,0.001,2.8814003467559814
2317,4,317,2095,85.37063598632812,86.2946122064816,0.001,3.0053884983062744
2318,4,318,1751,85.55284881591797,86.29274138915027,0.001,3.3984673023223877
2319,4,319,2229,84.5189208984375,86.28888992640941,0.001,3.1796178817749023
2320,4,320,2172,84.52794647216797,86.28261816309958,0.001,3.9392576217651367
2321,4,321,2378,89.03251647949219,86.29232403325808,0.001,3.114924907684326
2322,4,322,1779,92.36424255371094,86.32038011280267,0.001,3.0013949871063232
2323,4,323,38,83.36727142333984,86.31301322316756,0.001,3.145951747894287
2324,4,324,2462,87.61592864990234,86.31908708762086,0.001,3.210003614425659
2325,4,325,2425,88.03262329101562,86.32500238668119,0.001,3.5819644927978516
2326,4,326,1879,82.28203582763672,86.31493044264123,0.001,2.947693347930908
2327,4,327,1679,73.19535827636719,86.28221539775889,0.001,3.0226857662200928
2328,4,328,1846,85.6077651977539,86.27993606716787,0.001,3.1259803771972656
2329,4,329,2249,88.85258483886719,86.2888491157196,0.001,3.3539419174194336
2330,4,330,1326,91.61618041992188,86.29732652215105,0.001,3.232008218765259
2331,4,331,1548,91.42644500732422,86.31398948212257,0.001,3.0413219928741455
2332,4,332,2588,87.62429809570312,86.31993769901561,0.001,2.9921305179595947
2333,4,333,1368,87.26089477539062,86.32224059962174,0.001,2.9131052494049072
2334,4,334,2347,83.874755859375,86.31406503044614,0.001,3.666043758392334
2335,4,335,1626,74.587890625,86.29602444252991,0.001,3.116584539413452
2336,4,336,1355,77.31663513183594,86.26597582085628,0.001,2.9807815551757812
2337,4,337,2435,85.87712097167969,86.26534158309849,0.001,2.967951774597168
2338,4,338,2163,80.63459014892578,86.24619784978367,0.001,3.0427749156951904
2339,4,339,1951,92.59785461425781,86.26720602421796,0.001,3.726350784301758
2340,4,340,1361,80.64739990234375,86.25838961599445,0.001,3.0909056663513184
2341,4,341,2098,89.10311126708984,86.26453266834142,0.001,3.11643123626709
2342,4,342,1397,81.31542205810547,86.24266873869335,0.001,3.0989620685577393
2343,4,343,2460,81.14157104492188,86.23473566351748,0.001,3.504899024963379
2344,4,344,2535,88.89222717285156,86.23886451569459,0.001,3.1263089179992676
2345,4,345,2692,87.8936538696289,86.24602911339258,0.001,3.102595567703247
2346,4,346,2498,95.90889739990234,86.26836845718192,0.001,3.2698957920074463
2347,4,347,2188,88.26325988769531,86.27476558801384,0.001,2.9751079082489014
2348,4,348,2782,78.87142181396484,86.24266105549839,0.001,3.4207324981689453
2349,4,349,256,79.00067901611328,86.22624450879779,0.001,2.804908037185669
2350,4,350,2672,85.08271789550781,86.22133951203892,0.001,2.7422616481781006
2351,4,351,2297,85.27301788330078,86.21825101388501,0.001,2.9058268070220947
2352,4,352,2580,89.08909606933594,86.23013085684276,0.001,2.7514851093292236
2353,4,353,1862,79.7034683227539,86.2202700272992,0.001,3.6459765434265137
2354,4,354,1569,89.78673553466797,86.23161008020453,0.001,2.818345069885254
2355,4,355,1306,76.15045166015625,86.1894479828413,0.001,3.0917675495147705
2356,4,356,1097,96.10918426513672,86.20387729108567,0.001,2.7985074520111084
2357,4,357,2413,90.22809600830078,86.21665184049316,0.001,2.7997496128082275
2358,4,358,2479,85.0114974975586,86.21301414911174,0.001,3.5779552459716797
2359,4,359,1823,82.30472564697266,86.19644499741638,0.001,3.03035831451416
2360,4,360,2040,84.62751007080078,86.18988638891065,0.001,2.99902081489563
2361,4,361,2613,98.08326721191406,86.22613392102811,0.001,3.225761890411377
2362,4,362,2610,83.2843017578125,86.22180688975456,0.001,2.9266622066497803
2363,4,363,1828,78.1703109741211,86.18813786921851,0.001,4.037792444229126
2364,4,364,2906,83.85018920898438,86.18100844308157,0.001,3.0692944526672363
2365,4,365,2668,93.6592788696289,86.20408001445185,0.001,2.9891865253448486
2366,4,366,2927,86.64249420166016,86.2046313222334,0.001,3.1028435230255127
2367,4,367,2000,87.00464630126953,86.20577650530784,0.001,3.7669930458068848
2368,4,368,2861,79.74560546875,86.18605312137302,0.001,3.044820785522461
2369,4,369,2243,86.27503204345703,86.18641219680515,0.001,3.1720218658447266
2370,4,370,2452,100.94076538085938,86.23083146784735,0.001,3.182852268218994
2371,4,371,1596,92.00171661376953,86.24293177881313,0.001,3.1306326389312744
2372,4,372,1557,84.84264373779297,86.23731007221117,0.001,3.860212564468384
2373,4,373,1313,84.8951416015625,86.23219910457522,0.001,3.126213788986206
2374,4,374,2601,89.5280532836914,86.24502595931804,0.001,3.05423641204834
2375,4,375,2099,76.9290542602539,86.22521423588033,0.001,3.039255380630493
2376,4,376,1909,87.4393539428711,86.22992311187222,0.001,3.440642833709717
2377,4,377,2202,88.5170669555664,86.2389518101602,0.001,3.468477249145508
2378,4,378,2720,91.2435531616211,86.24542474140908,0.001,2.8693230152130127
2379,4,379,1383,91.79399108886719,86.2572194549412,0.001,3.017113208770752
2380,4,380,2722,72.98184967041016,86.2401293895359,0.001,2.9788146018981934
2381,4,381,1083,91.80891418457031,86.26124211867585,0.001,3.3402743339538574
2382,4,382,361,85.46172332763672,86.25829470643527,0.001,3.0649216175079346
2383,4,383,2008,113.35543060302734,86.29177800203014,0.001,2.9070348739624023
2384,4,384,2794,86.7962646484375,86.29248250913575,0.001,2.939329147338867
2385,4,385,2845,84.7138442993164,86.28641566071987,0.001,3.002816677093506
2386,4,386,2909,84.9246597290039,86.28246184975661,0.001,3.9231503009796143
2387,4,387,390,94.72990417480469,86.29934917776755,0.001,3.0993149280548096
2388,4,388,2278,88.21350860595703,86.3049148221588,0.001,3.150834798812866
2389,4,389,2564,82.1091537475586,86.2931406334424,0.001,2.9184024333953857
2390,4,390,1440,92.45396423339844,86.3103075804315,0.001,3.0045106410980225
2391,4,391,1484,88.65719604492188,86.31703667107328,0.001,3.5542256832122803
2392,4,392,1317,80.85304260253906,86.30967231977351,0.001,3.390371799468994
2393,4,393,2476,93.92216491699219,86.31997868426629,0.001,3.0125412940979004
2394,4,394,1196,87.23583984375,86.32111011608117,0.001,3.0873477458953857
2395,4,395,1794,78.87419128417969,86.30046370209728,0.001,3.6893835067749023
2396,4,396,2398,81.9252700805664,86.28422327786352,0.001,3.0518171787261963
2397,4,397,2706,79.1849594116211,86.275209472933,0.001,3.065995931625366
2398,4,398,1817,68.2066650390625,86.25188789045633,0.001,3.138258934020996
2399,4,399,2750,84.27136993408203,86.2492699750926,0.001,3.1141738891601562
2400,4,400,1570,86.28520202636719,86.2493183324658,0.001,3.6412603855133057
2401,4,401,2051,83.61447143554688,86.24192853570425,0.001,2.9014475345611572
2402,4,402,1540,97.53218078613281,86.25700748022051,0.001,3.00258207321167
2403,4,403,1399,81.71760559082031,86.23996985166426,0.001,2.924529790878296
2404,4,404,2923,92.08528137207031,86.25117800913529,0.001,3.0025558471679688
2405,4,405,1556,80.8843994140625,86.23629761357584,0.001,3.457066297531128
2406,4,406,383,90.2001724243164,86.25038033331812,0.001,2.9517786502838135
2407,4,407,2482,85.6990966796875,86.24834717629658,0.001,3.1074211597442627
2408,4,408,2682,80.64006805419922,86.22764593804972,0.001,3.165095806121826
2409,4,409,459,109.30384063720703,86.25737791615764,0.001,3.4628381729125977
2410,4,410,340,82.16619873046875,86.24622465421052,0.001,3.3970508575439453
2411,4,411,1482,90.9896011352539,86.25228293690692,0.001,3.110621452331543
2412,4,412,2789,86.87696838378906,86.25396878336558,0.001,2.982081651687622
2413,4,413,2196,95.7855224609375,86.26503047818541,0.001,2.995695114135742
2414,4,414,1686,89.6565933227539,86.27719680577242,0.001,3.592165231704712
2415,4,415,2547,86.32963562011719,86.27733821625145,0.001,2.9535605907440186
2416,4,416,2775,87.39840698242188,86.28030388013086,0.001,2.97853422164917
2417,4,417,403,83.22998046875,86.27453050226747,0.001,2.9716804027557373
2418,4,418,337,78.84053802490234,86.26169832671995,0.001,2.973633050918579
2419,4,419,1844,103.725830078125,86.28143022160782,0.001,3.6327881813049316
2420,4,420,1457,84.36065673828125,86.27468590866539,0.001,3.0771400928497314
2421,4,421,405,90.87400817871094,86.28360517375016,0.001,3.100980281829834
2422,4,422,2569,101.35379791259766,86.31203962580867,0.001,2.995981216430664
2423,4,423,2593,78.06566619873047,86.28979129138798,0.001,2.9452130794525146
2424,4,424,436,87.70938873291016,86.2924189604766,0.001,4.038952112197876
2425,4,425,2834,82.1186752319336,86.27773841585685,0.001,3.016258955001831
2426,4,426,273,89.0588150024414,86.28509216105796,0.001,3.1000750064849854
2427,4,427,1311,75.71891021728516,86.24839290443208,0.001,2.956347942352295
2428,4,428,2583,90.80254364013672,86.26034515221428,0.001,3.8819146156311035
2429,4,429,388,97.67855834960938,86.2739012587632,0.001,3.34704327583313
2430,4,430,342,81.71670532226562,86.25789833555483,0.001,3.014305353164673
2431,4,431,28,96.39149475097656,86.27033372379896,0.001,2.99621844291687
2432,4,432,441,81.17202758789062,86.25718808594281,0.001,3.0636489391326904
2433,4,433,2529,89.44136047363281,86.26558036080473,0.001,3.686352014541626
2434,4,434,607,95.91912078857422,86.27694902342775,0.001,3.0376901626586914
2435,4,435,1568,81.9198989868164,86.26584528531659,0.001,3.1083033084869385
2436,4,436,56,88.14173889160156,86.27064717968385,0.001,2.8462255001068115
2437,4,437,1700,87.94361877441406,86.27386804819848,0.001,3.055487632751465
2438,4,438,2763,95.07121276855469,86.28448161625778,0.001,3.6612141132354736
2439,4,439,2071,94.83908081054688,86.29992864172772,0.001,3.0002927780151367
2440,4,440,2101,93.48103332519531,86.32444603979346,0.001,3.0241637229919434
2441,4,441,680,104.4000473022461,86.34604979372773,0.001,3.0492162704467773
2442,4,442,1181,96.80475616455078,86.37188159841797,0.001,3.729299545288086
2443,4,443,1372,78.72559356689453,86.35268284615837,0.001,2.991417169570923
2444,4,444,695,85.79939270019531,86.35127848642293,0.001,2.9123892784118652
2445,4,445,458,83.46229553222656,86.3477239973263,0.001,2.9132542610168457
2446,4,446,363,90.31190490722656,86.35244002992849,0.001,2.957569122314453
2447,4,447,382,77.87223052978516,86.3426005406855,0.001,3.6115880012512207
2448,4,448,1797,72.72489929199219,86.3260197862873,0.001,2.9939374923706055
2449,4,449,392,90.15979766845703,86.33866078634743,0.001,3.060598611831665
2450,4,450,521,83.64045715332031,86.33547279629444,0.001,2.9937684535980225
2451,4,451,2652,89.09967803955078,86.33869269837123,0.001,2.9156055450439453
2452,4,452,2216,90.21653747558594,86.34281195300879,0.001,3.829223871231079
2453,4,453,689,89.90262603759766,86.34910565328968,0.001,2.8451266288757324
2454,4,454,1480,86.9153823852539,86.34976422172356,0.001,2.9478538036346436
2455,4,455,2080,78.82235717773438,86.32479358057908,0.001,3.2588326930999756
2456,4,456,1585,86.88732147216797,86.32661916597561,0.001,3.3277926445007324
2457,4,457,601,86.18370056152344,86.32615147845829,0.001,3.485748052597046
2458,4,458,2694,101.11001586914062,86.34329823468728,0.001,3.064640522003174
2459,4,459,507,99.61156463623047,86.35409076387761,0.001,2.868659496307373
2460,4,460,350,82.16436767578125,86.3437748334239,0.001,2.94954776763916
2461,4,461,492,80.46459197998047,86.32463535574276,0.001,4.0121986865997314
2462,4,462,2392,86.07782745361328,86.32420131069419,0.001,3.494786024093628
2463,4,463,2149,81.0662841796875,86.31125211798671,0.001,3.02537202835083
2464,4,464,2930,87.09268188476562,86.31213398011262,0.001,3.15950083732605
2465,4,465,1081,93.1209716796875,86.32862729118017,0.001,2.9505748748779297
2466,4,466,2911,78.8866195678711,86.32069961815105,0.001,4.055516004562378
2467,4,467,69,89.06653594970703,86.32959206638397,0.001,3.058824300765991
2468,4,468,448,96.95619201660156,86.35570814231222,0.001,3.1117382049560547
2469,4,469,1342,84.16094970703125,86.35054567299899,0.001,2.91886305809021
2470,4,470,2298,74.85685729980469,86.33776869710995,0.001,3.3995144367218018
2471,4,471,2272,85.05056762695312,86.33469835850502,0.001,3.1023049354553223
2472,4,472,1365,93.32421875,86.3426595966337,0.001,3.0274369716644287
2473,4,473,64,97.82392883300781,86.355859432599,0.001,2.9921958446502686
2474,4,474,1516,82.80115509033203,86.34746698657816,0.001,3.0288705825805664
2475,4,475,434,88.51031494140625,86.34968144062883,0.001,3.590747833251953
2476,4,476,1915,79.76565551757812,86.33865235968145,0.001,2.910738706588745
2477,4,477,710,84.41165161132812,86.33411941039515,0.001,3.1146132946014404
2478,4,478,1463,82.86309814453125,86.33071837134399,0.001,3.274214029312134
2479,4,479,2533,67.0440902709961,86.29762149864285,0.001,3.0355241298675537
2480,4,480,2654,87.76541900634766,86.30224165115425,0.001,3.6946730613708496
2481,4,481,2505,86.16915130615234,86.3020895204874,0.001,2.9001424312591553
2482,4,482,2608,87.38318634033203,86.30552932103075,0.001,3.0339934825897217
2483,4,483,2901,91.83079528808594,86.31496385250273,0.001,2.9749302864074707
2484,4,484,682,92.37413024902344,86.3336540274459,0.001,3.048658609390259
2485,4,485,2327,101.57659912109375,86.35851027452082,0.001,4.600764513015747
2486,4,486,811,73.6072769165039,86.34543696305944,0.001,3.5129449367523193
2487,4,487,2767,83.99504089355469,86.3399125515724,0.001,3.160677194595337
2488,4,488,400,89.51154327392578,86.3446106536401,0.001,3.0576279163360596
2489,4,489,788,81.53325653076172,86.3297654143977,0.001,3.863447666168213
2490,4,490,77,86.109619140625,86.32925224731528,0.001,3.185187578201294
2491,4,491,461,92.34185028076172,86.3474888142177,0.001,2.946287155151367
2492,4,492,2205,92.91090393066406,86.36277350369,0.001,2.9663312435150146
2493,4,493,727,80.95486450195312,86.3569666997064,0.001,3.0210511684417725
2494,4,494,447,95.51294708251953,86.3670499477209,0.001,3.6471848487854004
2495,4,495,686,73.93154907226562,86.33808627912208,0.001,3.0674901008605957
2496,4,496,2513,101.90259552001953,86.35487196960095,0.001,2.9741508960723877
2497,4,497,2422,78.54569244384766,86.34640468688565,0.001,3.011579751968384
2498,4,498,616,89.49921417236328,86.35584726529974,0.001,3.543637752532959
2499,4,499,705,81.76527404785156,86.34179023987987,0.001,3.1336474418640137
2500,5,0,2523,91.73544311523438,91.73544311523438,0.001,3.0142784118652344
2501,5,1,2548,85.99607849121094,89.30087508879843,0.001,2.956550121307373
2502,5,2,408,74.16423797607422,85.76378190882397,0.001,4.483035564422607
2503,5,3,814,74.661865234375,84.21883788006244,0.001,3.2037997245788574
2504,5,4,469,90.7227783203125,86.00275655940513,0.001,2.859966993331909
2505,5,5,2590,100.42513275146484,87.80637142570384,0.001,2.9338364601135254
2506,5,6,2552,90.11638641357422,88.1568196737461,0.001,3.0420825481414795
2507,5,7,2619,86.97811126708984,88.04948528599655,0.001,4.17296028137207
2508,5,8,1527,86.2096176147461,87.82580672338952,0.001,2.9629132747650146
2509,5,9,873,89.20526123046875,87.8930502027064,0.001,3.0242161750793457
2510,5,10,367,96.26825714111328,88.5282477756634,0.001,2.947197198867798
2511,5,11,2064,85.47854614257812,88.22908098578979,0.001,3.1753416061401367
2512,5,12,966,81.54617309570312,87.80423160330677,0.001,3.2816076278686523
2513,5,13,481,90.03239440917969,87.98965294109797,0.001,3.0674474239349365
2514,5,14,2871,74.80673217773438,86.67889270112266,0.001,3.084620952606201
2515,5,15,1087,85.41803741455078,86.56615457811942,0.001,2.968688726425171
2516,5,16,2864,85.29259490966797,86.50634045736942,0.001,3.5531816482543945
2517,5,17,694,82.77337646484375,86.20867413820342,0.001,3.0474627017974854
2518,5,18,65,92.07870483398438,86.37511464609315,0.001,3.051010847091675
2519,5,19,344,84.36034393310547,86.32064589654865,0.001,2.9603312015533447
2520,5,20,1363,86.41424560546875,86.32565036770487,0.001,3.0438191890716553
2521,5,21,1864,94.85603332519531,86.5395815861652,0.001,3.5735340118408203
2522,5,22,825,80.18238830566406,86.38908387913895,0.001,3.0735597610473633
2523,5,23,707,86.71624755859375,86.39636076075588,0.001,3.09242844581604
2524,5,24,2546,85.50477600097656,86.35433510741491,0.001,2.8827686309814453
2525,5,25,368,82.82588958740234,86.18915807319824,0.001,2.821898937225342
2526,5,26,2294,94.73448944091797,86.36386789311956,0.001,4.051297187805176
2527,5,27,699,77.55977630615234,85.9954289867689,0.001,3.010282516479492
2528,5,28,2781,76.68680572509766,85.75421942905332,0.001,3.037923574447632
2529,5,29,861,92.5228500366211,85.94888100258605,0.001,2.932717800140381
2530,5,30,2595,93.76624298095703,86.09467557422184,0.001,3.358772039413452
2531,5,31,2233,93.95825958251953,86.30937058684592,0.001,3.4288907051086426
2532,5,32,1807,86.6158447265625,86.32410972973416,0.001,3.083003044128418
2533,5,33,1118,84.25931549072266,86.25158415976465,0.001,2.921231508255005
2534,5,34,2538,94.32722473144531,86.38524152556933,0.001,2.9982900619506836
2535,5,35,2510,80.312255859375,86.11901167159766,0.001,3.925966739654541
2536,5,36,773,96.76701354980469,86.46075416955641,0.001,3.021841287612915
2537,5,37,1502,80.33018493652344,86.20571070041207,0.001,3.0753731727600098
2538,5,38,778,92.86502838134766,86.40287341451369,0.001,3.041334629058838
2539,5,39,2603,74.87731170654297,85.97234127311712,0.001,3.259087324142456
2540,5,40,73,82.19949340820312,85.92077329913594,0.001,3.505794048309326
2541,5,41,378,95.9107666015625,86.28472412407096,0.001,3.0381619930267334
2542,5,42,37,80.92113494873047,86.0972547347698,0.001,2.9750566482543945
2543,5,43,455,67.59232330322266,85.92092099847531,0.001,3.1109812259674072
2544,5,44,1460,89.15828704833984,85.98041991325452,0.001,3.4598605632781982
2545,5,45,2225,90.36874389648438,86.12511628021814,0.001,3.3018832206726074
2546,5,46,272,88.83007049560547,86.17244167602881,0.001,3.073610544204712
2547,5,47,401,82.41073608398438,86.08294319853958,0.001,2.902070999145508
2548,5,48,522,76.078369140625,85.77462334540577,0.001,3.0113420486450195
2549,5,49,1768,93.78910064697266,85.86105972900856,0.001,3.678389310836792
2550,5,50,954,73.86437225341797,85.73245829430901,0.001,3.2514147758483887
2551,5,51,2832,78.33438873291016,85.52663461329766,0.001,3.2021305561065674
2552,5,52,962,75.30047607421875,85.36772152941275,0.001,2.923015832901001
2553,5,53,819,84.50074768066406,85.34932843466001,0.001,3.021336078643799
2554,5,54,67,85.72784423828125,85.35716198059443,0.001,3.87450909614563
2555,5,55,981,91.36373138427734,85.47911640218267,0.001,2.945000410079956
2556,5,56,801,85.83509063720703,85.48404665029976,0.001,3.049541711807251
2557,5,57,1617,88.26910400390625,85.553883897856,0.001,3.024573564529419
2558,5,58,2013,101.34539794921875,85.69662262786815,0.001,3.1920766830444336
2559,5,59,990,76.62662506103516,85.52093179030409,0.001,3.392068862915039
2560,5,60,956,82.9216537475586,85.45717803655042,0.001,2.9111196994781494
2561,5,61,2147,87.26960754394531,85.50099509376976,0.001,3.0829830169677734
2562,5,62,2464,61.72254180908203,85.29440526890167,0.001,2.9936676025390625
2563,5,63,1099,89.36122131347656,85.38924068922655,0.001,3.5497820377349854
2564,5,64,2502,90.42674255371094,85.504831053224,0.001,2.9597668647766113
2565,5,65,407,84.9427490234375,85.49541202044476,0.001,3.1846134662628174
2566,5,66,1346,97.63278198242188,85.7514146548506,0.001,3.0643606185913086
2567,5,67,858,92.77765655517578,85.80079693134367,0.001,3.072340726852417
2568,5,68,919,86.36712646484375,85.81302416590422,0.001,3.7163949012756348
2569,5,69,770,90.08409881591797,85.88098132368728,0.001,3.099447727203369
2570,5,70,177,89.1709213256836,85.93108394847468,0.001,3.1034889221191406
2571,5,71,2282,84.3918228149414,85.91987341820943,0.001,2.8912322521209717
2572,5,72,2293,74.180419921875,85.73846065274016,0.001,2.8714962005615234
2573,5,73,914,83.56654357910156,85.70627822726195,0.001,4.196929216384888
2574,5,74,2585,81.66703796386719,85.64821244442504,0.001,3.080568552017212
2575,5,75,827,94.26146697998047,85.72258208155708,0.001,2.966740846633911
2576,5,76,376,102.98843383789062,85.84301596250225,0.001,3.363025426864624
2577,5,77,719,80.98506164550781,85.75120796018612,0.001,3.8147971630096436
2578,5,78,1339,94.60356903076172,85.8114113246339,0.001,3.1786575317382812
2579,5,79,2494,75.23734283447266,85.6659634524862,0.001,3.168539524078369
2580,5,80,1453,94.89490509033203,85.72237407800323,0.001,3.0308308601379395
2581,5,81,1373,75.46199798583984,85.612460999765,0.001,2.970059394836426
2582,5,82,1791,81.50483703613281,85.57342865532486,0.001,3.6342251300811768
2583,5,83,787,88.5152359008789,85.59248759056013,0.001,2.8981173038482666
2584,5,84,2436,87.569580078125,85.60514093539832,0.001,3.1374034881591797
2585,5,85,2758,100.216064453125,85.79652440688288,0.001,3.1090316772460938
2586,5,86,2563,75.44249725341797,85.69983383554234,0.001,3.021376848220825
2587,5,87,972,88.44155883789062,85.73445980710227,0.001,2.954463243484497
2588,5,88,2874,87.61481475830078,85.7578782009048,0.001,3.0958876609802246
2589,5,89,372,79.95369720458984,85.72719945586235,0.001,2.8806586265563965
2590,5,90,325,83.2576904296875,85.6964705339739,0.001,3.063326835632324
2591,5,91,1682,77.3597412109375,85.59392378516375,0.001,3.4507532119750977
2592,5,92,864,94.93185424804688,85.64554016500274,0.001,3.049852132797241
2593,5,93,2223,85.10835266113281,85.63683967374537,0.001,3.114248275756836
2594,5,94,915,96.59597778320312,85.69720897367021,0.001,3.157789707183838
2595,5,95,706,79.79291534423828,85.66312294610509,0.001,2.963169813156128
2596,5,96,1706,104.03531646728516,85.87886601247966,0.001,4.2886433601379395
2597,5,97,611,88.77839660644531,85.90267205526209,0.001,3.0357038974761963
2598,5,98,496,80.69831848144531,85.84506498671747,0.001,3.0081558227539062
2599,5,99,1262,88.20021057128906,85.85777221249676,0.001,3.250797986984253
2600,5,100,1523,86.64372253417969,85.86206243020406,0.001,3.2288362979888916
2601,5,101,2387,96.78426361083984,85.95073232380835,0.001,3.724862575531006
2602,5,102,2543,86.39141082763672,85.95570700311653,0.001,3.069993257522583
2603,5,103,951,90.16072845458984,86.00222145986717,0.001,2.964449882507324
2604,5,104,721,90.97459411621094,86.04066846693581,0.001,3.038576126098633
2605,5,105,98,89.3056869506836,86.08811291928423,0.001,3.587766408920288
2606,5,106,1878,86.65972137451172,86.09245425367152,0.001,2.9819555282592773
2607,5,107,471,87.30745697021484,86.10947810513694,0.001,3.2848572731018066
2608,5,108,519,80.6465835571289,86.03290740067266,0.001,2.983062744140625
2609,5,109,743,84.5118637084961,86.02541440039005,0.001,2.916949510574341
2610,5,110,446,88.44843292236328,86.05019299052448,0.001,4.059046506881714
2611,5,111,742,82.64102935791016,86.00377092131684,0.001,3.0102579593658447
2612,5,112,1577,86.9277114868164,86.01302597699589,0.001,2.9050443172454834
2613,5,113,1302,86.32433319091797,86.01688636711823,0.001,3.4228744506835938
2614,5,114,913,83.87969970703125,86.00187962141953,0.001,3.132047176361084
2615,5,115,518,81.6846694946289,85.98159146810798,0.001,3.554739475250244
2616,5,116,2660,89.82767486572266,86.03032720251827,0.001,3.009293794631958
2617,5,117,1737,87.1186752319336,86.04384797548046,0.001,2.98563551902771
2618,5,118,2274,88.01434326171875,86.06219738891045,0.001,3.1008119583129883
2619,5,119,2450,85.39632415771484,86.0560539312472,0.001,3.8271751403808594
2620,5,120,863,82.37379455566406,86.02151881064064,0.001,3.105849266052246
2621,5,121,1764,88.10454559326172,86.04755350404275,0.001,3.056588888168335
2622,5,122,1793,92.31090545654297,86.12245346005403,0.001,3.065159559249878
2623,5,123,1690,77.45436096191406,86.08480435955252,0.001,2.940142869949341
2624,5,124,2617,83.39537048339844,86.05294715564158,0.001,3.7088091373443604
2625,5,125,32,78.89350891113281,85.96709313315884,0.001,2.961756467819214
2626,5,126,1627,98.00007629394531,86.07333068443839,0.001,2.967472553253174
2627,5,127,916,89.8523178100586,86.08929401352982,0.001,3.1298696994781494
2628,5,128,728,82.00042724609375,86.05384551643374,0.001,3.157869815826416
2629,5,129,2565,80.08806610107422,86.0289815936354,0.001,3.5584495067596436
2630,5,130,374,74.88200378417969,85.90322627623182,0.001,2.795970916748047
2631,5,131,1914,84.92400360107422,85.8992769197361,0.001,2.8917484283447266
2632,5,132,1772,85.96170043945312,85.89998524605583,0.001,3.102374315261841
2633,5,133,693,85.91596984863281,85.9001626527163,0.001,3.947061777114868
2634,5,134,60,87.400634765625,85.90896645461524,0.001,2.998983383178711
2635,5,135,1132,75.2453384399414,85.82051358501951,0.001,3.128164768218994
2636,5,136,852,92.4163589477539,85.87341365729698,0.001,3.212130308151245
2637,5,137,2596,94.19581604003906,85.92126807923738,0.001,3.082821846008301
2638,5,138,870,86.78301239013672,85.9262082528594,0.001,3.706035852432251
2639,5,139,2793,80.6960678100586,85.87000973950181,0.001,3.070542573928833
2640,5,140,523,89.6474838256836,85.90986504119698,0.001,2.973202705383301
2641,5,141,432,78.65569305419922,85.85448763802812,0.001,3.002985954284668
2642,5,142,2929,85.9359130859375,85.85511688428207,0.001,3.501915454864502
2643,5,143,834,90.50023651123047,85.90238017687459,0.001,4.060918807983398
2644,5,144,1858,81.55943298339844,85.86979529273476,0.001,3.0392911434173584
2645,5,145,2709,99.92443084716797,85.91975396841603,0.001,2.9362270832061768
2646,5,146,1945,79.2885513305664,85.85352711459107,0.001,3.027749538421631
2647,5,147,1113,87.68866729736328,85.87164365411648,0.001,3.664700984954834
2648,5,148,1092,86.88128662109375,85.88153800014148,0.001,2.968585729598999
2649,5,149,2673,84.88318634033203,85.87415607458587,0.001,3.0312061309814453
2650,5,150,424,88.84867858886719,85.88879867085961,0.001,3.3292558193206787
2651,5,151,803,102.66361236572266,85.94496177556094,0.001,3.1024622917175293
2652,5,152,1441,78.92381286621094,85.9203522927481,0.001,3.863145351409912
2653,5,153,851,85.76666259765625,85.91885771119475,0.001,2.956615686416626
2654,5,154,2448,82.12200927734375,85.8833275575322,0.001,2.967479944229126
2655,5,155,2328,79.1414566040039,85.84908171541153,0.001,3.0984230041503906
2656,5,156,2066,94.27100372314453,85.92680119232685,0.001,3.495253562927246
2657,5,157,832,76.40703582763672,85.83975385205531,0.001,3.11955189704895
2658,5,158,514,98.49799346923828,85.90265973644858,0.001,2.9275805950164795
2659,5,159,488,87.52018737792969,85.91718009147043,0.001,2.954454183578491
2660,5,160,274,88.00545501708984,85.93105772584681,0.001,3.0009591579437256
2661,5,161,2614,79.10236358642578,85.87058908948677,0.001,3.535343647003174
2662,5,162,685,86.84455108642578,85.87697842858424,0.001,2.9472219944000244
2663,5,163,961,79.15584564208984,85.81817213412431,0.001,3.020230770111084
2664,5,164,1693,89.72130584716797,85.85206859525017,0.001,2.9980697631835938
2665,5,165,2157,79.84088897705078,85.80014200386475,0.001,3.1186084747314453
2666,5,166,490,88.00265502929688,85.80705437410109,0.001,3.3732447624206543
2667,5,167,1174,85.92794799804688,85.80783256583985,0.001,2.988356113433838
2668,5,168,336,81.97450256347656,85.77509087886516,0.001,3.2281429767608643
2669,5,169,2070,89.35221862792969,85.8051169532918,0.001,2.8010411262512207
2670,5,170,991,98.84868621826172,85.843337534918,0.001,2.8205790519714355
2671,5,171,453,99.14112091064453,85.90230522414335,0.001,3.8357579708099365
2672,5,172,2449,79.38423919677734,85.86170487261872,0.001,3.1105940341949463
2673,5,173,2784,87.83492279052734,85.87801403188108,0.001,2.9405477046966553
2674,5,174,904,78.44490051269531,85.84913697143584,0.001,2.841784715652466
2675,5,175,1821,99.35148620605469,85.8884334519011,0.001,3.2623283863067627
2676,5,176,977,86.09481811523438,85.88930652987887,0.001,3.431699275970459
2677,5,177,94,78.09561920166016,85.82998272955079,0.001,2.9846954345703125
2678,5,178,74,97.52970886230469,85.86318029685238,0.001,3.0253257751464844
2679,5,179,2772,79.74740600585938,85.8265803129522,0.001,3.0468952655792236
2680,5,180,29,81.22565460205078,85.79929358418394,0.001,3.8047378063201904
2681,5,181,1554,87.2750015258789,85.80353198987035,0.001,2.9345703125
2682,5,182,2007,84.4742431640625,85.79571068111652,0.001,3.1392836570739746
2683,5,183,1648,96.87043762207031,85.84220511696829,0.001,2.998350143432617
2684,5,184,1274,85.42617797851562,85.83981624782791,0.001,2.9802026748657227
2685,5,185,789,80.93734741210938,85.81135901935632,0.001,3.51167631149292
2686,5,186,808,87.02871704101562,85.81834939353342,0.001,3.1463544368743896
2687,5,187,989,90.53910064697266,85.8454682897496,0.001,3.274219512939453
2688,5,188,68,94.25074005126953,85.88057252396639,0.001,3.002631425857544
2689,5,189,759,86.56181335449219,85.8844162225287,0.001,2.829225540161133
2690,5,190,986,77.26360321044922,85.83473329504645,0.001,3.5840039253234863
2691,5,191,2455,101.56966400146484,85.87802598221485,0.001,2.951076030731201
2692,5,192,377,87.57038116455078,85.884833428916,0.001,3.1350669860839844
2693,5,193,920,86.43216705322266,85.88896616833482,0.001,3.1028242111206055
2694,5,194,774,86.93314361572266,85.8947744047787,0.001,3.5235729217529297
2695,5,195,2349,82.34857177734375,85.86884404954641,0.001,3.0693655014038086
2696,5,196,2325,92.27716064453125,85.90408412022839,0.001,2.9101126194000244
2697,5,197,2669,98.41851043701172,85.93712216748834,0.001,2.9429144859313965
2698,5,198,717,89.84932708740234,85.96543924872616,0.001,3.0401217937469482
2699,5,199,771,85.46051025390625,85.96272832172976,0.001,4.247098445892334
2700,5,200,1845,79.06810760498047,85.946043188195,0.001,3.063823699951172
2701,5,201,2511,87.07331085205078,85.95041910007158,0.001,3.0503251552581787
2702,5,202,468,85.57235717773438,85.94775823687391,0.001,3.07498836517334
2703,5,203,1394,78.02422332763672,85.90574717464195,0.001,2.960268020629883
2704,5,204,1109,84.32720947265625,85.89504936877314,0.001,3.9119067192077637
2705,5,205,1182,76.11058807373047,85.84336616651848,0.001,3.0312094688415527
2706,5,206,1440,92.51534271240234,85.87739057327896,0.001,2.97330641746521
2707,5,207,1097,96.09101104736328,85.90197745879026,0.001,2.9541714191436768
2708,5,208,1346,97.64200592041016,85.97993734919024,0.001,3.7154343128204346
2709,5,209,1858,81.42627716064453,85.956794047084,0.001,3.1912405490875244
2710,5,210,1648,96.9153823852539,85.99676912242299,0.001,3.0427563190460205
2711,5,211,1311,75.64518737792969,85.92676773586786,0.001,2.948131561279297
2712,5,212,1174,85.94397735595703,85.9268550685657,0.001,3.035095691680908
2713,5,213,1306,76.25106811523438,85.86221773387837,0.001,3.670480966567993
2714,5,214,1846,85.58729553222656,85.86085490565578,0.001,2.997154712677002
2715,5,215,1326,91.3318099975586,85.87365966895283,0.001,2.920219659805298
2716,5,216,2034,88.4976577758789,85.89074092463795,0.001,3.0564069747924805
2717,5,217,1264,88.31108856201172,85.89654908029185,0.001,3.009141683578491
2718,5,218,1087,85.39730834960938,85.89333744610795,0.001,3.331873655319214
2719,5,219,1395,107.39546966552734,85.94433594598414,0.001,3.1240031719207764
2720,5,220,1463,82.8543930053711,85.93806815924445,0.001,3.216170072555542
2721,5,221,1569,89.82970428466797,85.95713024391908,0.001,3.0821962356567383
2722,5,222,1580,97.00318908691406,85.99531909829953,0.001,3.199795722961426
2723,5,223,1900,92.80339050292969,86.01139944100105,0.001,3.3196632862091064
2724,5,224,1118,84.25141906738281,86.002957397567,0.001,3.3737597465515137
2725,5,225,1777,81.73267364501953,85.98278806397562,0.001,2.977749824523926
2726,5,226,1113,87.63279724121094,85.99325793531715,0.001,2.923333168029785
2727,5,227,1896,80.86412811279297,85.96911593647263,0.001,3.6778788566589355
2728,5,228,1682,77.34988403320312,85.92855591327,0.001,3.3847899436950684
2729,5,229,1571,92.37898254394531,85.96874780109736,0.001,2.9424476623535156
2730,5,230,1909,87.44862365722656,85.97780645098838,0.001,3.0283002853393555
2731,5,231,1806,79.68936920166016,85.93890149433885,0.001,3.212491035461426
2732,5,232,1918,79.97123718261719,85.90219285459159,0.001,3.3982346057891846
2733,5,233,1370,73.62802124023438,85.8455728655555,0.001,2.9732518196105957
2734,5,234,1556,80.93535614013672,85.82308233107712,0.001,3.0087854862213135
2735,5,235,1250,83.02973175048828,85.81710139164625,0.001,2.987785816192627
2736,5,236,190,76.1972885131836,85.75769434907245,0.001,2.983316421508789
2737,5,237,1768,93.72126007080078,85.77470421462284,0.001,3.482177495956421
2738,5,238,1355,77.22584533691406,85.73610898753105,0.001,2.9775891304016113
2739,5,239,1548,91.50862121582031,85.76091937718934,0.001,2.8199267387390137
2740,5,240,1083,91.76819610595703,85.79565567341861,0.001,2.999932050704956
2741,5,241,1368,87.00849914550781,85.79957476551645,0.001,3.255851984024048
2742,5,242,1099,89.36090087890625,85.82055396321022,0.001,3.4335262775421143
2743,5,243,1938,83.43875122070312,85.81574225821488,0.001,3.0256078243255615
2744,5,244,1717,101.5755615234375,85.84828651981427,0.001,2.8499035835266113
2745,5,245,1807,86.60428619384766,85.8526273032086,0.001,3.136749505996704
2746,5,246,1690,77.58946990966797,85.8353557825548,0.001,3.5426013469696045
2747,5,247,2070,89.335205078125,85.855513530222,0.001,2.9467010498046875
2748,5,248,1551,93.6344223022461,85.8895935055712,0.001,2.9423751831054688
2749,5,249,1342,84.14281463623047,85.88223452844622,0.001,2.916496753692627
2750,5,250,1817,68.2219467163086,85.84739828220903,0.001,2.946401357650757
2751,5,251,1541,80.24979400634766,85.83702496376739,0.001,3.5338714122772217
2752,5,252,1111,87.75384521484375,85.8451605657337,0.001,3.0034945011138916
2753,5,253,2099,76.89314270019531,85.81789621496348,0.001,2.9980976581573486
2754,5,254,1769,82.0292739868164,85.79636465308496,0.001,2.9961299896240234
2755,5,255,1310,82.3012466430664,85.77670294100673,0.001,2.9386401176452637
2756,5,256,2008,113.34806823730469,85.82589377419448,0.001,4.0390708446502686
2757,5,257,1576,96.20149993896484,85.8462212690348,0.001,3.0334885120391846
2758,5,258,2067,87.81483459472656,85.85222133058917,0.001,2.830143928527832
2759,5,259,2192,92.03865051269531,85.8625027081626,0.001,3.0613813400268555
2760,5,260,2221,90.47572326660156,85.88198627762284,0.001,3.083202600479126
2761,5,261,1679,72.94403839111328,85.84302239616865,0.001,4.027968168258667
2762,5,262,2174,74.69976043701172,85.78366128882269,0.001,3.066208839416504
2763,5,263,2216,90.19950866699219,85.79139607024364,0.001,3.0182502269744873
2764,5,264,2191,93.72123718261719,85.815074127497,0.001,2.909392833709717
2765,5,265,1844,103.72978210449219,85.84604032023272,0.001,3.921294927597046
2766,5,266,2204,94.1817855834961,85.8904905993964,0.001,2.967940092086792
2767,5,267,1951,92.55564880371094,85.91749231603238,0.001,2.967944383621216
2768,5,268,2249,88.92472839355469,85.9298448466115,0.001,3.0996029376983643
2769,5,269,1686,89.54299926757812,85.94910772069174,0.001,3.126586675643921
2770,5,270,1864,94.79890441894531,85.96609507008318,0.001,3.732651948928833
2771,5,271,1802,92.74188232421875,85.99296846961005,0.001,2.915929079055786
2772,5,272,1481,80.52010345458984,85.97098018596975,0.001,2.8786377906799316
2773,5,273,1965,85.05609893798828,85.96612706532346,0.001,3.0105369091033936
2774,5,274,1923,86.35481262207031,85.96768865415613,0.001,3.0931107997894287
2775,5,275,1540,97.66161346435547,85.9896950789446,0.001,3.499004602432251
2776,5,276,1862,79.80485534667969,85.97815208845472,0.001,3.075936794281006
2777,5,277,1383,91.76026153564453,85.99452639772832,0.001,3.005141496658325
2778,5,278,2233,93.95344543457031,86.01656174205927,0.001,3.147308588027954
2779,5,279,1791,81.43659210205078,86.00405011644843,0.001,3.912598133087158
2780,5,280,1756,91.03121185302734,86.0231742503753,0.001,3.1057920455932617
2781,5,281,1503,82.47384643554688,86.01415869409992,0.001,2.945382833480835
2782,5,282,2149,81.06056213378906,85.99484052344356,0.001,3.020864248275757
2783,5,283,1823,82.31683349609375,85.97566631170837,0.001,2.99009370803833
2784,5,284,1516,82.79182434082031,85.96362191774499,0.001,3.898930072784424
2785,5,285,1527,86.16907501220703,85.96439664596623,0.001,2.914036512374878
2786,5,286,2270,84.71601867675781,85.95804417980708,0.001,2.9215478897094727
2787,5,287,1439,87.7567367553711,85.96693487641446,0.001,3.126972198486328
2788,5,288,1127,89.13368225097656,85.97558248788442,0.001,3.032076358795166
2789,5,289,1577,86.9266128540039,85.97911488242485,0.001,3.8007073402404785
2790,5,290,1814,76.89945220947266,85.94583443850992,0.001,2.943901538848877
2791,5,291,1543,99.86925506591797,85.97081560013623,0.001,3.101832151412964
2792,5,292,1128,74.07945251464844,85.92679346911565,0.001,2.986116647720337
2793,5,293,1793,92.31914520263672,85.95774927886085,0.001,3.4821395874023438
2794,5,294,2098,89.06332397460938,85.96523323543894,0.001,3.3612005710601807
2795,5,295,1302,86.3165054321289,85.96683470526983,0.001,3.0423073768615723
2796,5,296,2398,81.92169189453125,85.94740141217551,0.001,3.0015206336975098
2797,5,297,1173,95.7034683227539,85.96436478877689,0.001,2.982273817062378
2798,5,298,1627,98.0113525390625,86.00830677400273,0.001,4.154142379760742
2799,5,299,1365,93.3700180053711,86.02100118322961,0.001,3.102332830429077
2800,5,300,2152,86.99909210205078,86.02448613189833,0.001,3.1927053928375244
2801,5,301,1839,78.48601531982422,86.01184969952588,0.001,3.0714151859283447
2802,5,302,1649,77.4603042602539,85.98116479813937,0.001,3.2007291316986084
2803,5,303,2013,101.30583190917969,86.00680960487412,0.001,3.5889363288879395
2804,5,304,1554,87.27342987060547,86.00898987168414,0.001,2.9986963272094727
2805,5,305,2241,100.78196716308594,86.07980325461224,0.001,2.9894022941589355
2806,5,306,1482,91.0044937133789,86.08801122629818,0.001,2.969634532928467
2807,5,307,1636,72.33370971679688,86.02315103218896,0.001,3.67600154876709
2808,5,308,2051,83.61180114746094,86.01462334825835,0.001,3.028125286102295
2809,5,309,2449,79.38236236572266,85.99137391388702,0.001,2.9902143478393555
2810,5,310,1394,77.95869445800781,85.9633370616395,0.001,2.9779763221740723
2811,5,311,1120,81.03194427490234,85.95165774730624,0.001,2.9494009017944336
2812,5,312,1751,85.50424194335938,85.95054522258646,0.001,3.7352445125579834
2813,5,313,2117,91.44007110595703,85.96909213654774,0.001,2.917034864425659
2814,5,314,2347,83.79591369628906,85.96160773243805,0.001,2.9005277156829834
2815,5,315,1706,103.984130859375,86.023326214711,0.001,3.064554452896118
2816,5,316,2450,85.41571807861328,86.02128324067573,0.001,3.036457061767578
2817,5,317,2448,82.10758209228516,86.00358979664081,0.001,4.090693712234497
2818,5,318,2335,96.1950454711914,86.02053996075375,0.001,3.023200511932373
2819,5,319,2458,78.17601013183594,85.9940070446626,0.001,3.04123854637146
2820,5,320,2000,86.86662292480469,85.99539832905288,0.001,2.9003779888153076
2821,5,321,1675,87.58615112304688,85.99919665160935,0.001,3.136275053024292
2822,5,322,1105,78.88507843017578,85.98730369585721,0.001,3.159658432006836
2823,5,323,2225,90.30614471435547,86.006611280389,0.001,2.870790719985962
2824,5,324,1714,73.7235336303711,85.96650299061285,0.001,2.9497344493865967
2825,5,325,1575,98.8291015625,86.01043265509279,0.001,3.046849250793457
2826,5,326,2436,87.39624786376953,86.01264909965236,0.001,3.673311471939087
2827,5,327,37,80.9737319946289,85.99048133323518,0.001,3.041224241256714
2828,5,328,1514,91.86888122558594,85.99968040947388,0.001,2.9231576919555664
2829,5,329,1324,89.07144927978516,86.01307170574663,0.001,2.9395151138305664
2830,5,330,1360,98.50812530517578,86.03209692023133,0.001,2.9528470039367676
2831,5,331,2505,86.09317779541016,86.0321946496316,0.001,4.241849422454834
2832,5,332,2184,94.77811431884766,86.0528710746772,0.001,2.957235097885132
2833,5,333,2460,81.12379455566406,86.04519562354929,0.001,2.976747751235962
2834,5,334,1317,80.89018249511719,86.03718552550303,0.001,3.162754535675049
2835,5,335,1794,78.79039001464844,86.01397230564801,0.001,3.634774923324585
2836,5,336,1493,83.53596496582031,86.0032259809137,0.001,3.708418846130371
2837,5,337,2427,80.2627182006836,85.98504802668779,0.001,3.0402650833129883
2838,5,338,2095,85.35123443603516,85.9823783063872,0.001,2.9331116676330566
2839,5,339,1262,88.2379379272461,85.98578135556674,0.001,3.0036284923553467
2840,5,340,2064,85.41194152832031,85.98392091941184,0.001,3.7961089611053467
2841,5,341,2498,95.89521026611328,86.00651505750702,0.001,2.949079751968384
2842,5,342,2197,94.90662384033203,86.03470617112146,0.001,3.0712926387786865
2843,5,343,1915,79.9590072631836,86.02104935167792,0.001,3.0074949264526367
2844,5,344,29,81.25345611572266,86.00602940318207,0.001,3.1083879470825195
2845,5,345,1903,85.78844451904297,86.00554563529877,0.001,3.836425542831421
2846,5,346,1888,78.67282104492188,85.975227588557,0.001,3.078768730163574
2847,5,347,1602,97.88928985595703,85.98703328541197,0.001,3.0613090991973877
2848,5,348,254,75.78533172607422,85.94460607012427,0.001,3.046264886856079
2849,5,349,1373,75.46544647216797,85.91886364740628,0.001,3.204843521118164
2850,5,350,1838,74.92815399169922,85.88519668433742,0.001,3.1337194442749023
2851,5,351,2181,98.09618377685547,85.90335687279352,0.001,3.1001009941101074
2852,5,352,1642,83.5213394165039,85.89607067456889,0.001,3.072871208190918
2853,5,353,175,90.42771911621094,85.9063024097683,0.001,2.974825382232666
2854,5,354,2522,78.63421630859375,85.88406987880127,0.001,3.4217467308044434
2855,5,355,2422,78.42959594726562,85.87311795943461,0.001,3.224958896636963
2856,5,356,2325,92.30136108398438,85.8929183704481,0.001,3.159635543823242
2857,5,357,1495,90.97457885742188,85.90855759058327,0.001,3.270205020904541
2858,5,358,1779,92.23468780517578,85.93422266124864,0.001,2.994034767150879
2859,5,359,2387,96.79159545898438,85.95787298875715,0.001,3.820610523223877
2860,5,360,1460,89.10787963867188,85.96473563780808,0.001,2.998110294342041
2861,5,361,2144,91.94159698486328,85.97328096422201,0.001,2.957031726837158
2862,5,362,2343,86.08674621582031,85.97352315965036,0.001,3.038909435272217
2863,5,363,1617,88.1900634765625,85.98212651661777,0.001,3.213092088699341
2864,5,364,2596,94.18115997314453,85.99972879408934,0.001,3.502476930618286
2865,5,365,1344,80.88722229003906,85.98453146999891,0.001,3.02833890914917
2866,5,366,2529,89.42874908447266,85.99506890434049,0.001,2.896141290664673
2867,5,367,1568,81.85718536376953,85.98281855724956,0.001,3.027822971343994
2868,5,368,1819,87.96807861328125,85.98565575058613,0.001,3.9814751148223877
2869,5,369,2443,89.52332305908203,85.99607457550874,0.001,3.0769076347351074
2870,5,370,250,87.1008071899414,85.99763827815443,0.001,2.878690719604492
2871,5,371,2399,92.0688705444336,86.00530804795604,0.001,2.921926736831665
2872,5,372,1557,84.78436279296875,86.00047905182684,0.001,3.551544189453125
2873,5,373,1093,84.03690338134766,85.99293104776159,0.001,3.61543345451355
2874,5,374,2585,81.73316955566406,85.98069497659604,0.001,3.10969877243042
2875,5,375,2669,98.35404968261719,85.99815818484468,0.001,3.054149866104126
2876,5,376,2060,81.0433349609375,85.98362841998122,0.001,2.999638557434082
2877,5,377,2229,84.55524444580078,85.98106032536359,0.001,3.2918570041656494
2878,5,378,1434,89.64261627197266,85.99132114696944,0.001,3.993699312210083
2879,5,379,1484,88.65055084228516,85.99909290383127,0.001,3.1740715503692627
2880,5,380,2499,92.71434783935547,86.01297789965933,0.001,3.031237840652466
2881,5,381,2533,67.09187316894531,85.97329789886057,0.001,3.0351572036743164
2882,5,382,2050,74.5171127319336,85.95019496611971,0.001,3.8592188358306885
2883,5,383,2510,80.38046264648438,85.92909427249042,0.001,3.1208841800689697
2884,5,384,1088,86.84783172607422,85.93166462861332,0.001,3.1496989727020264
2885,5,385,2590,100.644287109375,85.96071827729115,0.001,3.363290309906006
2886,5,386,2564,81.90827941894531,85.94939294635256,0.001,3.398059606552124
2887,5,387,1443,78.01641845703125,85.91959654720856,0.001,3.482084274291992
2888,5,388,2593,78.04936981201172,85.89689115381135,0.001,3.3363444805145264
2889,5,389,1109,84.1486587524414,85.89055832698055,0.001,2.9778695106506348
2890,5,390,2563,75.6045913696289,85.86985694288373,0.001,3.0787789821624756
2891,5,391,1921,80.30867004394531,85.85430450163041,0.001,3.865861177444458
2892,5,392,2511,87.42179107666016,85.85747337227907,0.001,2.9809811115264893
2893,5,393,2603,74.87670135498047,85.8177093700583,0.001,3.0413897037506104
2894,5,394,1925,111.0038070678711,85.85073707372005,0.001,2.8245413303375244
2895,5,395,1699,86.70721435546875,85.85239297245106,0.001,2.951035737991333
2896,5,396,2272,85.0594253540039,85.85019985580493,0.001,3.977205276489258
2897,5,397,2608,87.17825317382812,85.8551790346069,0.001,3.0054092407226562
2898,5,398,32,78.9059066772461,85.8292537864692,0.001,3.1755688190460205
2899,5,399,1596,91.90337371826172,85.84087847812008,0.001,3.055105447769165
2900,5,400,2601,89.54856872558594,85.85415667181756,0.001,3.741203546524048
2901,5,401,2709,99.90006256103516,85.87218650811646,0.001,3.120004415512085
2902,5,402,1196,87.19612884521484,85.87376305928251,0.001,3.092947483062744
2903,5,403,2278,88.14987182617188,85.88004624416575,0.001,3.002429723739624
2904,5,404,2482,85.74083709716797,85.87953874776308,0.001,3.044341802597046
2905,5,405,1772,85.94786834716797,85.87978848164683,0.001,3.7630057334899902
2906,5,406,1700,87.93555450439453,85.88396104437652,0.001,2.9370474815368652
2907,5,407,2706,79.1755599975586,85.87579637569748,0.001,2.9425957202911377
2908,5,408,2775,87.38452911376953,85.87979018301439,0.001,2.9736719131469727
2909,5,409,1372,78.73663330078125,85.86076631892568,0.001,3.464477062225342
2910,5,410,38,83.38899993896484,85.85601460506086,0.001,3.752338409423828
2911,5,411,2782,78.874755859375,85.83098564896562,0.001,2.9848930835723877
2912,5,412,2619,87.00109100341797,85.83301835158883,0.001,3.0460548400878906
2913,5,413,2789,86.86845397949219,85.83575185662406,0.001,2.9905128479003906
2914,5,414,2479,85.04566192626953,85.83373315601521,0.001,3.887748956680298
2915,5,415,1620,84.9664306640625,85.83300385235,0.001,2.8723361492156982
2916,5,416,2349,82.50773620605469,85.82140393950904,0.001,3.0438954830169678
2917,5,417,1570,86.18403625488281,85.82186275732806,0.001,2.923286199569702
2918,5,418,2613,98.07601928710938,85.85358036174208,0.001,3.0285496711730957
2919,5,419,2340,87.54013061523438,85.8578926784225,0.001,3.7117834091186523
2920,5,420,1259,78.02444458007812,85.84359426479374,0.001,3.068618059158325
2921,5,421,2196,95.78502655029297,85.85471134453618,0.001,2.8908631801605225
2922,5,422,2750,84.32664489746094,85.8528325633925,0.001,3.055903673171997
2923,5,423,2378,88.97089385986328,85.86101993892628,0.001,2.999016046524048
2924,5,424,2455,101.54261779785156,85.88081605223775,0.001,3.6443612575531006
2925,5,425,2425,88.076904296875,85.88652064289991,0.001,2.972106695175171
2926,5,426,1393,88.90415954589844,85.89435200039102,0.001,2.938194990158081
2927,5,427,1155,94.05455780029297,85.90454010205013,0.001,2.9599506855010986
2928,5,428,1914,84.9147720336914,85.90332791944743,0.001,3.423377752304077
2929,5,429,2569,101.36123657226562,85.93161227228391,0.001,3.3674468994140625
2930,5,430,1488,80.69563293457031,85.91480645526235,0.001,3.030973196029663
2931,5,431,2758,100.14754486083984,85.95099778064716,0.001,3.049412488937378
2932,5,432,264,91.10940551757812,85.96422410977017,0.001,3.164353609085083
2933,5,433,1692,88.01719665527344,85.97115202284874,0.001,3.80295467376709
2934,5,434,2874,87.59827423095703,85.97519035178829,0.001,3.0969014167785645
2935,5,435,1442,83.31536865234375,85.970447567583,0.001,2.949962854385376
2936,5,436,1453,94.6129150390625,85.98012701516824,0.001,3.007549524307251
2937,5,437,2476,93.91737365722656,85.98969878210465,0.001,2.9692962169647217
2938,5,438,2203,95.59477233886719,86.02197919377184,0.001,3.8395113945007324
2939,5,439,1334,87.34783172607422,86.02353738387748,0.001,3.209817886352539
2940,5,440,2930,87.18270874023438,86.02489079107426,0.001,3.1879842281341553
2941,5,441,2073,82.215087890625,86.0205276069726,0.001,3.1682846546173096
2942,5,442,1693,89.65731048583984,86.03259349851533,0.001,3.486640691757202
2943,5,443,2377,75.61375427246094,86.00674525952057,0.001,3.6824350357055664
2944,5,444,378,95.9625015258789,86.03971583930763,0.001,2.9816365242004395
2945,5,445,2294,94.65824127197266,86.04956293109313,0.001,2.8725550174713135
2946,5,446,2692,87.88306427001953,86.05559793790748,0.001,3.4770052433013916
2947,5,447,1126,81.00321960449219,86.03895324991294,0.001,3.8540396690368652
2948,5,448,2494,75.15599060058594,86.01242749692507,0.001,3.0741207599639893
2949,5,449,1845,79.1482925415039,86.00486150190042,0.001,3.0190517902374268
2950,5,450,2179,92.63626861572266,86.01662479147036,0.001,2.8928112983703613
2951,5,451,1363,86.26095581054688,86.01722065574116,0.001,3.538027048110962
2952,5,452,481,90.04837036132812,86.0270441572772,0.001,3.3996760845184326
2953,5,453,461,92.39309692382812,86.0474909950413,0.001,3.026005506515503
2954,5,454,1735,79.68489074707031,86.04006769989337,0.001,2.92413592338562
2955,5,455,266,99.05653381347656,86.08213050956499,0.001,3.039524793624878
2956,5,456,1523,86.60794830322266,86.0827370410992,0.001,3.6449406147003174
2957,5,457,1151,92.24394989013672,86.09296487317557,0.001,3.172544479370117
2958,5,458,2462,87.6329345703125,86.09797009772569,0.001,3.125107526779175
2959,5,459,401,82.5255126953125,86.08938904421771,0.001,3.0254576206207275
2960,5,460,492,80.3146743774414,86.07094076968004,0.001,3.075331926345825
2961,5,461,56,88.1211929321289,86.07583257506542,0.001,3.767099618911743
2962,5,462,1339,94.98065185546875,86.08609707652703,0.001,3.026399612426758
2963,5,463,468,85.47307586669922,86.0841740815439,0.001,3.0354511737823486
2964,5,464,1945,79.30550384521484,86.06274868201363,0.001,2.9219839572906494
2965,5,465,1902,89.93861389160156,86.07192118723256,0.001,3.1388282775878906
2966,5,466,344,84.44141387939453,86.07008368067652,0.001,3.661043882369995
2967,5,467,1117,90.58541870117188,86.0809099154249,0.001,3.124559164047241
2968,5,468,2080,78.8385238647461,86.05810177573903,0.001,3.134225845336914
2969,5,469,272,88.94379425048828,86.06296068887909,0.001,2.895392417907715
2970,5,470,2682,80.6085433959961,86.04573839884415,0.001,3.8836612701416016
2971,5,471,2772,79.75294494628906,86.03112463801119,0.001,3.121242046356201
2972,5,472,2328,79.14318084716797,86.0195380781023,0.001,3.1592254638671875
2973,5,473,1343,86.8045654296875,86.020350656758,0.001,3.061307907104492
2974,5,474,1797,72.65814208984375,86.00527126760235,0.001,2.956193447113037
2975,5,475,65,92.04882049560547,86.01209941208523,0.001,4.293227195739746
2976,5,476,2584,82.93268585205078,86.0026394889734,0.001,2.90006685256958
2977,5,477,400,89.58697509765625,86.00793369666387,0.001,3.1001458168029785
2978,5,478,2219,90.3371353149414,86.01239652976854,0.001,3.1593475341796875
2979,5,479,1530,80.74998474121094,85.99628322016272,0.001,3.718869924545288
2980,5,480,1879,82.05734252929688,85.98971666665149,0.001,3.168870687484741
2981,5,481,382,77.8328628540039,85.98106439459538,0.001,3.0657882690429688
2982,5,482,436,87.61137390136719,85.98368337823693,0.001,2.998201370239258
2983,5,483,2906,83.84969329833984,85.97882694404079,0.001,3.4224162101745605
2984,5,484,2534,101.13983154296875,85.99550436855722,0.001,3.646156072616577
2985,5,485,2066,94.31417846679688,86.02058768167053,0.001,2.9795620441436768
2986,5,486,2901,91.8408432006836,86.03024232970353,0.001,3.0963778495788574
2987,5,487,374,74.86922454833984,85.996752183499,0.001,2.9259679317474365
2988,5,488,694,82.73834991455078,85.98696118920124,0.001,3.2510263919830322
2989,5,489,1263,96.42976379394531,86.01044088767038,0.001,3.4396159648895264
2990,5,490,372,79.98033905029297,86.00476984462955,0.001,2.880459785461426
2991,5,491,1441,78.97378540039062,85.99707566126254,0.001,3.0804901123046875
2992,5,492,1878,86.65045928955078,85.9981098702642,0.001,3.1470210552215576
2993,5,493,1132,75.16304779052734,85.97348528297789,0.001,3.648064374923706
2994,5,494,710,84.38615417480469,85.96995902383412,0.001,3.0216102600097656
2995,5,495,601,86.15715026855469,85.9705143990964,0.001,3.022205114364624
2996,5,496,2075,75.82635498046875,85.95467762400983,0.001,3.0189383029937744
2997,5,497,2513,101.87986755371094,85.97142895981307,0.001,3.0273022651672363
2998,5,498,1122,75.8581314086914,85.95515662877365,0.001,3.8719615936279297
2999,5,499,2864,85.29373168945312,85.95409981549544,0.001,2.8847768306732178
3000,6,0,2282,84.25916290283203,84.25916290283203,0.001,3.1021788120269775
3001,6,1,1470,93.04524230957031,90.16505988463415,0.001,3.1200098991394043
3002,6,2,611,88.78822326660156,89.71564097817722,0.001,3.043339490890503
3003,6,3,1502,80.32698059082031,86.09150140217503,0.001,4.23296046257019
3004,6,4,432,78.5955810546875,84.45181255897268,0.001,3.115713357925415
3005,6,5,742,82.64476013183594,84.03624592116219,0.001,3.0755038261413574
3006,6,6,1615,87.43209075927734,84.52494889507538,0.001,2.882561683654785
3007,6,7,2202,88.50498962402344,85.18087968059722,0.001,3.0390796661376953
3008,6,8,2694,101.05322265625,86.05159694098438,0.001,3.6589343547821045
3009,6,9,403,83.3915786743164,85.84987053026622,0.001,2.911799907684326
3010,6,10,789,80.92166900634766,85.37403958145148,0.001,2.9644110202789307
3011,6,11,682,92.38249969482422,86.17080285825755,0.001,2.9829869270324707
3012,6,12,2784,87.71957397460938,86.33051665489725,0.001,3.114044427871704
3013,6,13,2406,88.50003051757812,86.5342861847845,0.001,3.680481195449829
3014,6,14,2535,88.46548461914062,86.59634807019732,0.001,3.098936080932617
3015,6,15,2172,84.7394790649414,86.4770392094589,0.001,3.000681161880493
3016,6,16,2793,80.64022827148438,86.01639804471979,0.001,2.9501383304595947
3017,6,17,721,91.03558349609375,86.21356830022692,0.001,3.951046943664551
3018,6,18,458,83.43338012695312,86.13948851448669,0.001,3.067788600921631
3019,6,19,424,88.8658218383789,86.23670208168251,0.001,3.008600950241089
3020,6,20,325,83.28015899658203,86.0897228056371,0.001,3.255251407623291
3021,6,21,60,87.28424072265625,86.13070486796546,0.001,2.959580898284912
3022,6,22,2251,96.44036865234375,86.48135366673027,0.001,4.03015661239624
3023,6,23,2341,80.08379364013672,86.10500360796432,0.001,2.887451648712158
3024,6,24,2923,91.82612609863281,86.27345156665658,0.001,2.8901073932647705
3025,6,25,2548,85.99636840820312,86.26233012769926,0.001,2.951430320739746
3026,6,26,1585,86.90691375732422,86.29519942108172,0.001,3.3661577701568604
3027,6,27,2163,80.47252655029297,86.07268652710142,0.001,3.344452142715454
3028,6,28,2722,72.9238052368164,85.8607877908318,0.001,2.8244941234588623
3029,6,29,448,96.96099090576172,86.26186154941226,0.001,2.8681464195251465
3030,6,30,774,86.976806640625,86.28627427542494,0.001,2.9667439460754395
3031,6,31,388,97.79595947265625,86.4626691583723,0.001,3.6278717517852783
3032,6,32,2293,74.16706848144531,86.05397088393012,0.001,3.1110501289367676
3033,6,33,2763,94.89972686767578,86.1877092090358,0.001,2.919874668121338
3034,6,34,2672,84.98175811767578,86.13810928310383,0.001,2.9798150062561035
3035,6,35,727,80.85726165771484,86.06317330994949,0.001,2.9133756160736084
3036,6,36,490,88.11674499511719,86.09289933805096,0.001,3.997309446334839
3037,6,37,1762,96.22343444824219,86.38524586350009,0.001,2.955442428588867
3038,6,38,852,92.56189727783203,86.55717237428726,0.001,3.1073052883148193
3039,6,39,863,82.38136291503906,86.44216404976575,0.001,3.014530658721924
3040,6,40,94,77.99932098388672,86.16165809066057,0.001,2.9872348308563232
3041,6,41,1532,94.92083740234375,86.4581856508513,0.001,3.9270427227020264
3042,6,42,2113,87.31266021728516,86.47974898460666,0.001,2.873131513595581
3043,6,43,496,80.69263458251953,86.34500322286698,0.001,3.0631468296051025
3044,6,44,469,90.73503875732422,86.48244262197235,0.001,2.946484088897705
3045,6,45,2660,89.67660522460938,86.5778263427018,0.001,3.3906993865966797
3046,6,46,2413,90.22827911376953,86.66049167383535,0.001,3.36682391166687
3047,6,47,2720,91.09112548828125,86.70365865533874,0.001,2.9229624271392822
3048,6,48,507,99.68033599853516,86.79822740241855,0.001,3.006002187728882
3049,6,49,2546,85.53792572021484,86.77135939261368,0.001,3.0821211338043213
3050,6,50,2392,86.06758117675781,86.76059266424673,0.001,3.526129722595215
3051,6,51,177,89.1656723022461,86.80975714493047,0.001,3.033653497695923
3052,6,52,1153,87.97975158691406,86.84147562727239,0.001,3.101716995239258
3053,6,53,951,90.19204711914062,86.9075367239529,0.001,3.016235113143921
3054,6,54,2543,86.44121551513672,86.89843868428862,0.001,2.952059030532837
3055,6,55,273,88.95728302001953,86.93793498431711,0.001,4.337153434753418
3056,6,56,1676,84.58743286132812,86.87939561789806,0.001,3.0277061462402344
3057,6,57,705,81.76914978027344,86.75421062670647,0.001,3.343003034591675
3058,6,58,2614,79.03942108154297,86.57397346326952,0.001,2.9837586879730225
3059,6,59,69,89.08961486816406,86.63235054140107,0.001,3.3168373107910156
3060,6,60,728,82.08565521240234,86.55500082843064,0.001,3.309626340866089
3061,6,61,685,86.8736343383789,86.560243321548,0.001,3.0748257637023926
3062,6,62,808,87.0778579711914,86.56866612228711,0.001,2.9720821380615234
3063,6,63,770,90.00857543945312,86.62499558457397,0.001,3.0095417499542236
3064,6,64,1821,99.41194915771484,86.72223455788391,0.001,3.4208455085754395
3065,6,65,441,81.1162109375,86.6339971437876,0.001,2.9932363033294678
3066,6,66,2668,93.63609313964844,86.74390387528796,0.001,3.0076727867126465
3067,6,67,2583,90.89395904541016,86.80779362536212,0.001,2.9828224182128906
3068,6,68,2595,93.73489379882812,86.85744762938302,0.001,3.0165622234344482
3069,6,69,2845,84.70659637451172,86.81486031572543,0.001,3.5665414333343506
3070,6,70,1473,84.67041015625,86.79519592636403,0.001,3.279064893722534
3071,6,71,956,82.96316528320312,86.72162993903027,0.001,2.9099185466766357
3072,6,72,1123,90.04059600830078,86.75544245488373,0.001,2.9549546241760254
3073,6,73,811,73.60059356689453,86.67293763065368,0.001,2.903613328933716
3074,6,74,514,98.39714813232422,86.79240097119295,0.001,3.6130435466766357
3075,6,75,2464,61.71051788330078,86.6219070034442,0.001,2.938577175140381
3076,6,76,870,86.82344818115234,86.62390232195916,0.001,2.9671332836151123
3077,6,77,819,84.49382781982422,86.59469899420752,0.001,2.9526941776275635
3078,6,78,392,90.16160583496094,86.65785358739265,0.001,3.194334030151367
3079,6,79,972,88.44129943847656,86.68100675528116,0.001,3.330252170562744
3080,6,80,1457,84.33021545410156,86.64064707707487,0.001,3.0270256996154785
3081,6,81,1181,96.7774658203125,86.76774734827933,0.001,2.9828643798828125
3082,6,82,2007,84.4655532836914,86.7387239197944,0.001,2.983289957046509
3083,6,83,459,109.48149871826172,86.87414852589886,0.001,3.4655144214630127
3084,6,84,1399,81.662841796875,86.7867605676706,0.001,3.365583896636963
3085,6,85,368,82.770263671875,86.73597646964339,0.001,2.965421438217163
3086,6,86,1092,86.92485046386719,86.73901337793102,0.001,3.089484453201294
3087,6,87,98,89.35154724121094,86.7804746285096,0.001,2.967700242996216
3088,6,88,2552,90.14297485351562,86.81946166719327,0.001,3.627702236175537
3089,6,89,2794,86.8260269165039,86.81949851178288,0.001,3.0031301975250244
3090,6,90,274,88.09374237060547,86.83392947546973,0.001,2.9416496753692627
3091,6,91,1149,72.18550109863281,86.66565993915331,0.001,3.0552849769592285
3092,6,92,771,85.43843841552734,86.65193606051753,0.001,3.112243413925171
3093,6,93,2327,101.55679321289062,86.76859468167305,0.001,3.657738447189331
3094,6,94,1161,82.46367645263672,86.74716024595332,0.001,3.2841994762420654
3095,6,95,803,102.65977478027344,86.82868360949789,0.001,2.943531036376953
3096,6,96,405,90.90641784667969,86.86134740484391,0.001,2.8346803188323975
3097,6,97,616,89.42416381835938,86.89792351208405,0.001,3.2613918781280518
3098,6,98,2537,83.6751937866211,86.86270877874264,0.001,3.9509780406951904
3099,6,99,518,81.66973876953125,86.836292274284,0.001,3.016570568084717
3100,6,100,521,83.5990219116211,86.82005989248344,0.001,2.9867305755615234
3101,6,101,2432,75.3116683959961,86.7617338298459,0.001,3.053337574005127
3102,6,102,2452,100.91099548339844,86.90909111836677,0.001,3.7692859172821045
3103,6,103,74,97.54110717773438,86.96086277691172,0.001,3.064265489578247
3104,6,104,2523,91.71894836425781,87.02583612124768,0.001,2.953592300415039
3105,6,105,832,76.40894317626953,86.88381440619968,0.001,3.144163131713867
3106,6,106,787,88.46944427490234,86.89150057452704,0.001,2.9629056453704834
3107,6,107,2435,85.93097686767578,86.88679237441984,0.001,3.244058847427368
3108,6,108,523,89.6335220336914,86.92322429678896,0.001,2.798290967941284
3109,6,109,367,96.47714233398438,86.98918827723698,0.001,2.911755084991455
3110,6,110,1764,88.10640716552734,87.00385586453781,0.001,2.665123701095581
3111,6,111,778,92.85110473632812,87.05935773806645,0.001,2.72578763961792
3112,6,112,680,104.40931701660156,87.13727112326775,0.001,3.264045476913452
3113,6,113,834,90.50272369384766,87.17941869366814,0.001,2.9284000396728516
3114,6,114,2274,88.0027084350586,87.18694915496395,0.001,3.0661046504974365
3115,6,115,336,81.97472381591797,87.12253406509966,0.001,3.148813486099243
3116,6,116,2617,83.38957977294922,87.07755334647557,0.001,3.041815757751465
3117,6,117,67,85.6676254272461,87.06483512562141,0.001,4.251049995422363
3118,6,118,64,97.85179138183594,87.1115471101907,0.001,2.9534034729003906
3119,6,119,1626,74.53538513183594,87.05978935547147,0.001,3.1707541942596436
3120,6,120,1809,87.25800323486328,87.06208030870104,0.001,3.0535295009613037
3121,6,121,913,83.85398864746094,87.04204525924813,0.001,3.477196455001831
3122,6,122,759,86.58072662353516,87.03807190987834,0.001,3.083573818206787
3123,6,123,342,81.72430419921875,86.97616480349424,0.001,2.954155683517456
3124,6,124,962,75.27169799804688,86.90408979961755,0.001,2.950899362564087
3125,6,125,1274,85.42573547363281,86.89180539180572,0.001,3.1374053955078125
3126,6,126,1480,86.92160034179688,86.89192335601261,0.001,3.552785634994507
3127,6,127,488,87.52128601074219,86.89886154468843,0.001,3.254934072494507
3128,6,128,914,83.54603576660156,86.87119438484726,0.001,2.899045705795288
3129,6,129,1586,88.12864685058594,86.8850325077757,0.001,3.060404062271118
3130,6,130,825,80.21421813964844,86.85976847230766,0.001,3.0766913890838623
3131,6,131,2588,87.57979583740234,86.86760716206952,0.001,3.9040439128875732
3132,6,132,363,90.31018829345703,86.88072437603135,0.001,2.9848415851593018
3133,6,133,2166,84.46430969238281,86.86699738167512,0.001,3.041151285171509
3134,6,134,2871,74.75968933105469,86.73999886191943,0.001,2.984238862991333
3135,6,135,920,86.43663787841797,86.73679013736674,0.001,4.136105298995972
3136,6,136,851,85.77439880371094,86.72662048675583,0.001,3.0729563236236572
3137,6,137,2673,84.88288879394531,86.71223604084214,0.001,2.925177574157715
3138,6,138,1397,81.43229675292969,86.65807333465712,0.001,3.1885743141174316
3139,6,139,1828,78.15887451171875,86.57090609345862,0.001,3.0445706844329834
3140,6,140,607,95.8826904296875,86.60287741662863,0.001,3.805868148803711
3141,6,141,2205,92.91685485839844,86.65068145983196,0.001,3.0103507041931152
3142,6,142,689,89.8971939086914,86.66779796086335,0.001,2.8919677734375
3143,6,143,2652,89.08409881591797,86.6761388191312,0.001,3.037628650665283
3144,6,144,337,78.6913833618164,86.63824812707723,0.001,3.008007287979126
3145,6,145,1265,93.54450988769531,86.66239969356961,0.001,3.4349899291992188
3146,6,146,1766,87.7792739868164,86.66516928110697,0.001,3.216893196105957
3147,6,147,706,79.78742980957031,86.64095434719013,0.001,2.888944387435913
3148,6,148,2040,84.58751678466797,86.62097917723236,0.001,2.9119272232055664
3149,6,149,1519,87.16178894042969,86.62491925562784,0.001,3.4140100479125977
3150,6,150,2157,79.80982971191406,86.56055083049014,0.001,3.1698172092437744
3151,6,151,2243,86.25609588623047,86.55769625604772,0.001,2.987265110015869
3152,6,152,1089,88.46437072753906,86.5753485595344,0.001,3.2327260971069336
3153,6,153,2580,89.06434631347656,86.5977064605126,0.001,3.0892059803009033
3154,6,154,2565,79.9738540649414,86.57567921697648,0.001,3.7007014751434326
3155,6,155,873,89.1501693725586,86.58306462188656,0.001,2.903231143951416
3156,6,156,1812,83.16554260253906,86.55178673221778,0.001,3.013242721557617
3157,6,157,990,76.57821655273438,86.48300620607667,0.001,2.9799110889434814
3158,6,158,471,87.3343505859375,86.49051247658915,0.001,3.0387752056121826
3159,6,159,2861,79.81282043457031,86.44591399602159,0.001,3.543567657470703
3160,6,160,350,82.13893127441406,86.41733180598817,0.001,3.1126177310943604
3161,6,161,743,84.44319152832031,86.4111962815598,0.001,3.209014892578125
3162,6,162,986,77.22727966308594,86.35025666336607,0.001,2.9924540519714355
3163,6,163,1098,75.39518737792969,86.29891756121515,0.001,3.228428363800049
3164,6,164,2235,87.61869049072266,86.31020659260568,0.001,3.4606244564056396
3165,6,165,699,77.54220581054688,86.25497299536636,0.001,3.2517104148864746
3166,6,166,2781,76.65071105957031,86.21666748125214,0.001,2.9814817905426025
3167,6,167,2223,85.119140625,86.20735593936854,0.001,3.1397244930267334
3168,6,168,447,95.49247741699219,86.23555407359399,0.001,4.09888482093811
3169,6,169,717,89.84264373779297,86.26558988031017,0.001,3.141096353530884
3170,6,170,686,73.91342163085938,86.18723102367015,0.001,3.047429323196411
3171,6,171,446,88.54679870605469,86.20167710762784,0.001,3.1208386421203613
3172,6,172,1616,93.38645935058594,86.24674145866612,0.001,2.8903725147247314
3173,6,173,73,82.10051727294922,86.23451615584723,0.001,4.158630132675171
3174,6,174,361,85.51575469970703,86.22898244717628,0.001,3.0070483684539795
3175,6,175,991,98.83795166015625,86.26451422347465,0.001,3.0415518283843994
3176,6,176,916,89.81554412841797,86.27489223025066,0.001,3.0190744400024414
3177,6,177,2147,87.26054382324219,86.28280624156822,0.001,3.668193817138672
3178,6,178,1832,97.38971710205078,86.37081934080295,0.001,3.1048035621643066
3179,6,179,1333,104.77521514892578,86.47966584994589,0.001,3.0748603343963623
3180,6,180,2188,88.33578491210938,86.49046690497073,0.001,3.136551856994629
3181,6,181,814,74.67272186279297,86.45664370497377,0.001,3.080580234527588
3182,6,182,977,85.99950408935547,86.45479798120593,0.001,3.3213016986846924
3183,6,183,28,96.33981323242188,86.48201613646852,0.001,3.1470448970794678
3184,6,184,904,78.22444915771484,86.45181100859664,0.001,3.0656533241271973
3185,6,185,961,79.2140121459961,86.3966305297213,0.001,3.0042779445648193
3186,6,186,2767,84.00886535644531,86.38280241316565,0.001,2.9901986122131348
3187,6,187,455,67.49824523925781,86.34350934042317,0.001,3.5418853759765625
3188,6,188,340,82.11859130859375,86.3195054532587,0.001,2.975590944290161
3189,6,189,178,80.7035903930664,86.28861334447329,0.001,3.1453139781951904
3190,6,190,408,74.13140106201172,86.24034700715553,0.001,2.988283157348633
3191,6,191,2654,87.78439331054688,86.25186513564745,0.001,3.556997060775757
3192,6,192,2055,79.94365692138672,86.20533017907532,0.001,3.2685608863830566
3193,6,193,2140,95.73523712158203,86.22929188619379,0.001,3.0061821937561035
3194,6,194,1549,94.6039047241211,86.26310626374672,0.001,2.9905147552490234
3195,6,195,1506,78.90105438232422,86.24487341141105,0.001,3.118086099624634
3196,6,196,1090,86.52877044677734,86.24596531809388,0.001,3.6676418781280518
3197,6,197,864,94.84943389892578,86.2670862921613,0.001,2.876110076904297
3198,6,198,2909,84.78998565673828,86.25901382541352,0.001,2.8709256649017334
3199,6,199,1361,80.64361572265625,86.24457689631575,0.001,2.9791195392608643
3200,6,200,858,92.75816345214844,86.25972604816722,0.001,2.8489911556243896
3201,6,201,989,90.3276138305664,86.28148681516235,0.001,3.579164505004883
3202,6,202,773,96.7186279296875,86.33714580976756,0.001,2.985605239868164
3203,6,203,453,99.10601043701172,86.38517916819804,0.001,2.888798952102661
3204,6,204,2401,78.13066864013672,86.3409515326355,0.001,3.1090993881225586
3205,6,205,77,86.05609130859375,86.33943546513635,0.001,3.43430495262146
3206,6,206,919,86.42496490478516,86.34004018376653,0.001,3.497051954269409
3207,6,207,693,85.73902130126953,86.33586811384205,0.001,2.932016134262085
3208,6,208,2832,78.29712677001953,86.28331863796389,0.001,4.518407821655273
3209,6,209,377,87.1392822265625,86.28645600196377,0.001,3.2007362842559814
3210,6,210,2610,82.8111572265625,86.2779681865952,0.001,3.120452880859375
3211,6,211,2911,78.97772979736328,86.2615311755212,0.001,3.1384592056274414
3212,6,212,861,92.281005859375,86.28342813068485,0.001,3.2134151458740234
3213,6,213,383,90.48738098144531,86.31087246700581,0.001,3.86232590675354
3214,6,214,256,78.6247329711914,86.28355049151499,0.001,3.411527156829834
3215,6,215,2297,84.87174987792969,86.27632280963252,0.001,3.2049384117126465
3216,6,216,2298,74.85772705078125,86.24981446763624,0.001,3.0571672916412354
3217,6,217,788,81.46684265136719,86.21805689284173,0.001,4.07678747177124
3218,6,218,2547,86.48802947998047,86.21939491498878,0.001,3.113156795501709
3219,6,219,2927,87.134521484375,86.22125755975941,0.001,3.077970504760742
3220,6,220,1313,85.39285278320312,86.21607334571387,0.001,3.3798410892486572
3221,6,221,1081,93.4986801147461,86.25164370205883,0.001,3.8463175296783447
3222,6,222,801,85.66046142578125,86.24965195014842,0.001,3.09686541557312
3223,6,223,981,91.1632308959961,86.27346776646758,0.001,3.1754300594329834
3224,6,224,68,93.9547348022461,86.30043263077427,0.001,3.1319708824157715
3225,6,225,390,94.59497833251953,86.32816324829442,0.001,3.042630910873413
3226,6,226,827,94.33390808105469,86.35094621122775,0.001,3.7728445529937744
3227,6,227,407,84.81430053710938,86.34362170577559,0.001,2.9714457988739014
3228,6,228,2929,85.81758880615234,86.34112415654491,0.001,3.099490165710449
3229,6,229,695,86.02259826660156,86.3396072786509,0.001,3.1020829677581787
3230,6,230,434,88.22368621826172,86.34343519161416,0.001,2.9768600463867188
3231,6,231,2101,93.50629425048828,86.38854119193394,0.001,3.896111249923706
3232,6,232,1848,84.43892669677734,86.37640127789628,0.001,2.9309120178222656
3233,6,233,522,76.02239227294922,86.31234090075219,0.001,3.121479034423828
3234,6,234,707,86.93473815917969,86.31362185208431,0.001,3.042635679244995
3235,6,235,1737,87.30130767822266,86.31949793874489,0.001,3.645169496536255
3236,6,236,2502,90.40111541748047,86.34455109024087,0.001,2.999445915222168
3237,6,237,719,81.09451293945312,86.31279327979772,0.001,3.0759658813476562
3238,6,238,376,103.1071548461914,86.34950027487868,0.001,3.007683515548706
3239,6,239,954,73.69100189208984,86.32233861228863,0.001,3.4132163524627686
3240,6,240,2834,81.98226928710938,86.29628514787602,0.001,3.678582191467285
3241,6,241,519,80.32840728759766,86.26065157119689,0.001,2.8531410694122314
3242,6,242,2071,94.89641571044922,86.2878568330858,0.001,3.356825828552246
3243,6,243,966,81.3812026977539,86.2726414610793,0.001,2.9131131172180176
3244,6,244,2538,94.53657531738281,86.29007699624233,0.001,3.0703794956207275
3245,6,245,915,96.82847595214844,86.31142279008506,0.001,4.154727220535278
3246,6,246,1864,95.11181640625,86.33002152944258,0.001,3.0840771198272705
3247,6,247,1311,75.5656967163086,86.26736485389765,0.001,3.0245559215545654
3248,6,248,1355,77.11273193359375,86.22727121344573,0.001,2.998685598373413
3249,6,249,1693,90.09329986572266,86.24952824251467,0.001,3.9105217456817627
3250,6,250,1383,91.68394470214844,86.266553763083,0.001,2.9724280834198
3251,6,251,1360,98.43304443359375,86.29080659445142,0.001,3.015185594558716
3252,6,252,1453,95.18644714355469,86.30777911435355,0.001,2.942082166671753
3253,6,253,1700,87.94010162353516,86.31305395379596,0.001,2.9363937377929688
3254,6,254,1675,87.64096069335938,86.31706433488871,0.001,3.700493335723877
3255,6,255,1361,80.66382598876953,86.30558636862902,0.001,3.085721015930176
3256,6,256,1098,74.99774932861328,86.27088484532935,0.001,3.2239677906036377
3257,6,257,1596,92.17890167236328,86.28836732983257,0.001,3.1684389114379883
3258,6,258,1117,90.30329895019531,86.30563372615772,0.001,3.537945032119751
3259,6,259,1173,95.55509185791016,86.32430207180063,0.001,3.301088809967041
3260,6,260,1264,88.21549224853516,86.3281623593724,0.001,3.001911163330078
3261,6,261,1174,85.97908782958984,86.3266959579632,0.001,3.096245288848877
3262,6,262,1470,93.10609436035156,86.35423857599588,0.001,3.002561092376709
3263,6,263,2034,88.45863342285156,86.36570413185551,0.001,3.7051711082458496
3264,6,264,1580,97.38777160644531,86.39819921474877,0.001,3.1334609985351562
3265,6,265,1848,84.40362548828125,86.38721990142972,0.001,3.0464041233062744
3266,6,266,1648,97.02174377441406,86.41829656360301,0.001,3.0676820278167725
3267,6,267,1263,96.57931518554688,86.4597411746927,0.001,2.943394184112549
3268,6,268,2095,85.3786849975586,86.45399700495385,0.001,3.6635208129882812
3269,6,269,1819,88.60824584960938,86.45819029445215,0.001,3.0516016483306885
3270,6,270,1090,86.54655456542969,86.4584419797386,0.001,2.9546263217926025
3271,6,271,1161,82.2402572631836,86.45081106607203,0.001,3.0745787620544434
3272,6,272,1092,87.0239486694336,86.45388434489044,0.001,3.1239805221557617
3273,6,273,1902,90.29537200927734,86.46926944869476,0.001,3.402963638305664
3274,6,274,1442,83.6288070678711,86.46128216937184,0.001,2.971297264099121
3275,6,275,1440,92.73323822021484,86.48565626229293,0.001,3.2970874309539795
3276,6,276,1570,86.62696838378906,86.4859259445993,0.001,3.1072139739990234
3277,6,277,1806,79.7219467163086,86.45029267454564,0.001,3.7911064624786377
3278,6,278,1393,89.06657409667969,86.46062838022148,0.001,3.0057623386383057
3279,6,279,1844,103.74234771728516,86.48931780561406,0.001,3.384197235107422
3280,6,280,1099,89.364501953125,86.50431050862551,0.001,3.071431875228882
3281,6,281,1945,79.16942596435547,86.46632424103566,0.001,3.0460493564605713
3282,6,282,1862,80.01197052001953,86.454407381875,0.001,4.138785362243652
3283,6,283,1506,78.89743041992188,86.4412048653039,0.001,3.110072612762451
3284,6,284,2067,87.71875762939453,86.4448066337426,0.001,2.9082820415496826
3285,6,285,1126,80.7627944946289,86.41565781596886,0.001,2.9256751537323
3286,6,286,2008,113.27777099609375,86.4594692818732,0.001,3.2964394092559814
3287,6,287,1903,85.87279510498047,86.45789465171929,0.001,3.377598524093628
3288,6,288,2098,88.98323059082031,86.46420996510247,0.001,3.068331718444824
3289,6,289,1399,81.62540435791016,86.43939032762313,0.001,2.9705355167388916
3290,6,290,1480,86.74407958984375,86.43993083347617,0.001,3.0861129760742188
3291,6,291,1132,75.09164428710938,86.39650363352868,0.001,3.6645262241363525
3292,6,292,1791,81.51482391357422,86.38359260537071,0.001,3.132117509841919
3293,6,293,1764,88.09233093261719,86.39227663441197,0.001,2.97929048538208
3294,6,294,1097,96.0721435546875,86.40900949999256,0.001,2.9058849811553955
3295,6,295,2203,95.40772247314453,86.45369928626936,0.001,3.0206708908081055
3296,6,296,1495,90.94731903076172,86.47040916186243,0.001,3.3019514083862305
3297,6,297,1514,92.136474609375,86.48030047898561,0.001,2.9780759811401367
3298,6,298,1793,92.43050384521484,86.5090892251086,0.001,3.0559279918670654
3299,6,299,1772,86.01544189453125,86.50664359990391,0.001,3.0527889728546143
3300,6,300,2197,94.91618347167969,86.53710141585,0.001,2.9505257606506348
3301,6,301,1363,86.45243835449219,86.53679460561516,0.001,3.801776647567749
3302,6,302,1443,78.06141662597656,86.49618147965157,0.001,3.1969480514526367
3303,6,303,1441,79.064697265625,86.48312215051278,0.001,3.1737992763519287
3304,6,304,1756,91.14930725097656,86.49962311114405,0.001,3.0174672603607178
3305,6,305,1259,77.92304992675781,86.47810939346526,0.001,3.669445753097534
3306,6,306,1577,86.87135314941406,86.47950806694527,0.001,3.088602066040039
3307,6,307,2174,74.70077514648438,86.42518928347839,0.001,3.0765810012817383
3308,6,308,1797,72.0535888671875,86.40037689486489,0.001,3.12241268157959
3309,6,309,1460,89.14961242675781,86.40736172052141,0.001,2.9964797496795654
3310,6,310,1346,97.63823699951172,86.45827943089662,0.001,3.7590978145599365
3311,6,311,1586,88.16886901855469,86.46634502526416,0.001,3.003558874130249
3312,6,312,2191,93.76041412353516,86.48498651988416,0.001,3.0224132537841797
3313,6,313,1938,83.47808074951172,86.48015899018078,0.001,2.933206796646118
3314,6,314,1627,98.11248016357422,86.52100803090627,0.001,2.9291164875030518
3315,6,315,2229,84.68356323242188,86.51706427441876,0.001,3.4621410369873047
3316,6,316,1333,104.77201843261719,86.58042214770221,0.001,3.3924453258514404
3317,6,317,1556,80.9723129272461,86.5609822177001,0.001,2.963390350341797
3318,6,318,1503,82.48455810546875,86.55174123716193,0.001,2.928581476211548
3319,6,319,1858,81.38347625732422,86.53419949670668,0.001,3.477078914642334
3320,6,320,2073,81.97044372558594,86.5270514113237,0.001,3.267669916152954
3321,6,321,1519,87.15397644042969,86.52923187466978,0.001,3.0209014415740967
3322,6,322,2278,88.26036071777344,86.53521226437431,0.001,2.9995923042297363
3323,6,323,1105,78.90776824951172,86.52237763343216,0.001,2.986912965774536
3324,6,324,2235,87.61066436767578,86.52726539624481,0.001,4.227967262268066
3325,6,325,2147,87.24641418457031,86.5305137861025,0.001,3.119764566421509
3326,6,326,2270,84.73389434814453,86.52239816177965,0.001,2.954939603805542
3327,6,327,2328,79.09830474853516,86.50445171608342,0.001,2.9544122219085693
3328,6,328,2204,94.24337768554688,86.53827421653749,0.001,2.9989287853240967
3329,6,329,1122,75.84221649169922,86.51250418983633,0.001,3.719665288925171
3330,6,330,1615,87.39884185791016,86.51537607520338,0.001,3.029675006866455
3331,6,331,1128,74.1207275390625,86.47444648439325,0.001,3.0026633739471436
3332,6,332,1488,80.7369384765625,86.4508228716771,0.001,2.9302775859832764
3333,6,333,1548,91.52751159667969,86.46679742730798,0.001,3.3833768367767334
3334,6,334,1344,80.96907043457031,86.44901308073199,0.001,3.29524564743042
3335,6,335,1532,94.8956527709961,86.48538986908747,0.001,3.03985595703125
3336,6,336,1262,88.1996841430664,86.4879997523241,0.001,2.98907732963562
3337,6,337,2181,97.99928283691406,86.50582036505399,0.001,2.8682947158813477
3338,6,338,1951,92.55130004882812,86.52537691240902,0.001,3.454691171646118
3339,6,339,1120,81.15410614013672,86.5136044414881,0.001,2.9131393432617188
3340,6,340,2066,94.34321594238281,86.54691704396278,0.001,2.937185049057007
3341,6,341,1692,88.02813720703125,86.55320695053275,0.001,3.0084264278411865
3342,6,342,1921,80.16996765136719,86.53291087006512,0.001,2.3322536945343018
3343,6,343,1250,83.02264404296875,86.52765796650075,0.001,1.9781289100646973
3344,6,344,2080,78.80416870117188,86.49483858767925,0.001,2.587090253829956
3345,6,345,2050,74.58562469482422,86.4684575439534,0.001,2.44655704498291
3346,6,346,2000,87.00285339355469,86.46925089366673,0.001,2.466189384460449
3347,6,347,1766,87.78526306152344,86.47065962885407,0.001,1.8336105346679688
3348,6,348,2188,88.29798126220703,86.47635413136662,0.001,2.0081100463867188
3349,6,349,1523,86.61800384521484,86.47656620392966,0.001,2.3939220905303955
3350,6,350,2216,90.20502471923828,86.48155403851823,0.001,3.1226823329925537
3351,6,351,1302,86.32891082763672,86.4809597706824,0.001,2.656261682510376
3352,6,352,1682,77.31954193115234,86.45253056834117,0.001,2.706369400024414
3353,6,353,175,90.39046478271484,86.46144453718087,0.001,3.0694479942321777
3354,6,354,2341,80.15304565429688,86.43525117506523,0.001,2.8143770694732666
3355,6,355,2378,88.92821502685547,86.44301874671658,0.001,3.2226178646087646
3356,6,356,2387,96.78643798828125,86.46577634954025,0.001,2.5106353759765625
3357,6,357,1717,101.59423065185547,86.48763224572983,0.001,2.8600635528564453
3358,6,358,2196,95.81365966796875,86.49989859852138,0.001,2.9310553073883057
3359,6,359,2449,79.37967681884766,86.47811558199551,0.001,3.0968432426452637
3360,6,360,1888,78.60009765625,86.44663989944829,0.001,3.8667712211608887
3361,6,361,1482,91.02747344970703,86.45318925571516,0.001,3.3345425128936768
3362,6,362,2436,87.46528625488281,86.45466418576349,0.001,3.077047109603882
3363,6,363,2499,92.70608520507812,86.46822057888079,0.001,3.017385482788086
3364,6,364,1823,82.30570220947266,86.45109688779924,0.001,3.067434787750244
3365,6,365,2349,82.38662719726562,86.43490670105997,0.001,3.6839895248413086
3366,6,366,1551,93.639892578125,86.45684500471029,0.001,3.150757312774658
3367,6,367,1313,84.86740112304688,86.45078737317682,0.001,3.078460931777954
3368,6,368,2179,92.7835922241211,86.46443950463396,0.001,3.0368151664733887
3369,6,369,1317,80.79594421386719,86.45642821193186,0.001,3.171788215637207
3370,6,370,1768,93.6593246459961,86.46655198364206,0.001,2.9644322395324707
3371,6,371,37,80.94619750976562,86.44489760182171,0.001,2.9365553855895996
3372,6,372,272,88.89580535888672,86.45009617832807,0.001,3.0045976638793945
3373,6,373,2163,80.551513671875,86.43228436580242,0.001,3.0538341999053955
3374,6,374,1616,93.4405288696289,86.45331463661577,0.001,3.5056686401367188
3375,6,375,2443,89.546875,86.46229300798635,0.001,3.512115478515625
3376,6,376,1602,97.97679901123047,86.47288686291598,0.001,3.105602741241455
3377,6,377,1557,84.7977066040039,86.46634583762392,0.001,3.1314404010772705
3378,6,378,2476,93.93415832519531,86.47672464085917,0.001,2.9921069145202637
3379,6,379,2241,100.79505157470703,86.53270727011842,0.001,3.7377865314483643
3380,6,380,2223,85.06670379638672,86.52703064389738,0.001,3.5176379680633545
3381,6,381,2249,88.87297821044922,86.53391116666393,0.001,3.42732310295105
3382,6,382,1530,80.7547607421875,86.51185503381481,0.001,3.368260145187378
3383,6,383,2422,78.43640899658203,86.50084127399784,0.001,3.010977029800415
3384,6,384,1751,85.4989013671875,86.49879331312384,0.001,3.037344455718994
3385,6,385,2327,101.53899383544922,86.52884005511915,0.001,4.242341995239258
3386,6,386,2401,78.33118438720703,86.50522297473984,0.001,3.0333251953125
3387,6,387,2325,92.30657958984375,86.52170086946451,0.001,3.1305148601531982
3388,6,388,1527,86.14009857177734,86.52062935607336,0.001,2.9378459453582764
3389,6,389,1543,99.90276336669922,86.53888071430822,0.001,3.1288087368011475
3390,6,390,1554,87.27022552490234,86.53987508477181,0.001,4.126471757888794
3391,6,391,2282,84.09112548828125,86.53660202381067,0.001,3.081861972808838
3392,6,392,1676,84.52946472167969,86.52904406251201,0.001,3.221320390701294
3393,6,393,2455,101.53782653808594,86.5494949186541,0.001,2.829951524734497
3394,6,394,2529,89.4117202758789,86.55766965364089,0.001,3.64052152633667
3395,6,395,1123,89.95813751220703,86.56441701761474,0.001,3.155792713165283
3396,6,396,1878,86.71037292480469,86.56470334358102,0.001,2.8884775638580322
3397,6,397,2377,75.6091079711914,86.53444512298522,0.001,2.9581351280212402
3398,6,398,1372,78.72298431396484,86.51294813407729,0.001,3.1963510513305664
3399,6,399,1093,84.01884460449219,86.50395543563354,0.001,4.160421133041382
3400,6,400,1699,86.69952392578125,86.50432991884271,0.001,3.0562844276428223
3401,6,401,1571,92.30036163330078,86.52543556906696,0.001,2.9777307510375977
3402,6,402,2510,80.37508392333984,86.50323768236431,0.001,3.0344066619873047
3403,6,403,2564,81.93008422851562,86.49100204575164,0.001,3.9174094200134277
3404,6,404,2040,84.73768615722656,86.48457994469695,0.001,2.9077844619750977
3405,6,405,1569,89.74667358398438,86.49346150362008,0.001,3.03137469291687
3406,6,406,1149,72.06243133544922,86.45415825269653,0.001,3.0911355018615723
3407,6,407,2243,86.39280700683594,86.45393790584932,0.001,3.1099421977996826
3408,6,408,1155,94.08679962158203,86.46386659358713,0.001,3.664680242538452
3409,6,409,250,86.93965148925781,86.46447579228568,0.001,3.061317205429077
3410,6,410,1493,83.5345458984375,86.45401302098487,0.001,2.9585323333740234
3411,6,411,178,80.90422058105469,86.43957904264487,0.001,3.0516414642333984
3412,6,412,1914,84.84434509277344,86.43755876023451,0.001,2.987903118133545
3413,6,413,1617,88.16026306152344,86.44344139595125,0.001,3.6256611347198486
3414,6,414,1109,84.1683349609375,86.43570221936812,0.001,3.001093626022339
3415,6,415,1481,80.55604553222656,86.4200030851987,0.001,3.035144567489624
3416,6,416,2543,86.31082916259766,86.4197141964171,0.001,3.1099157333374023
3417,6,417,1434,89.64496612548828,86.42788000676042,0.001,3.2511558532714844
3418,6,418,2494,75.14595031738281,86.39860765597966,0.001,3.844568967819214
3419,6,419,2335,96.22201538085938,86.41114202587562,0.001,2.8900818824768066
3420,6,420,2392,86.0856704711914,86.41052855248903,0.001,3.022991180419922
3421,6,421,2596,94.2275161743164,86.42504785208668,0.001,2.9550931453704834
3422,6,422,2399,91.96025085449219,86.43118878658639,0.001,3.6209957599639893
3423,6,423,2522,78.5582275390625,86.41096694929139,0.001,3.094550609588623
3424,6,424,1585,86.84113311767578,86.41243108730474,0.001,3.118438482284546
3425,6,425,274,87.8822250366211,86.41615850950394,0.001,3.0402679443359375
3426,6,426,2668,93.6982421875,86.43509528489561,0.001,3.0384328365325928
3427,6,427,2071,94.83148193359375,86.45037085708985,0.001,3.772615671157837
3428,6,428,2075,75.81060791015625,86.43123129545779,0.001,3.0717756748199463
3429,6,429,1568,81.94316101074219,86.41984318675176,0.001,3.0277466773986816
3430,6,430,256,79.09375762939453,86.40665381078482,0.001,2.95745587348938
3431,6,431,2152,86.9247055053711,86.40795897336666,0.001,3.541250467300415
3432,6,432,1326,91.57354736328125,86.41411750718292,0.001,3.4691121578216553
3433,6,433,2583,90.74337768554688,86.4251735621553,0.001,3.003645420074463
3434,6,434,2202,88.5477066040039,86.43237142503746,0.001,2.7839412689208984
3435,6,435,2294,94.63615417480469,86.44190948470039,0.001,2.9278616905212402
3436,6,436,1540,97.33698272705078,86.45508232521549,0.001,3.8146133422851562
3437,6,437,2660,89.9692153930664,86.46661427456262,0.001,3.182523250579834
3438,6,438,1439,87.73905181884766,86.47080636740868,0.001,3.0538387298583984
3439,6,439,177,89.20134735107422,86.47753046898832,0.001,3.0118625164031982
3440,6,440,2603,74.87535095214844,86.43998364070951,0.001,3.0147366523742676
3441,6,441,1343,86.75037384033203,86.44032743114037,0.001,3.624122142791748
3442,6,442,1846,85.60087585449219,86.43826322881634,0.001,2.9441018104553223
3443,6,443,2064,85.3927230834961,86.43564670705942,0.001,3.0207114219665527
3444,6,444,1636,72.30438995361328,86.38905832935605,0.001,2.9691622257232666
3445,6,445,1679,73.18769836425781,86.36536789236585,0.001,3.118767023086548
3446,6,446,2782,78.91352844238281,86.34073677403381,0.001,3.6478192806243896
3447,6,447,2617,83.45369720458984,86.33138259052902,0.001,3.0474328994750977
3448,6,448,2672,85.08589172363281,86.32731032645542,0.001,3.047253131866455
3449,6,449,2157,79.88078308105469,86.30642777462464,0.001,3.1418685913085938
3450,6,450,2452,100.77349853515625,86.3414831859926,0.001,3.634540319442749
3451,6,451,1113,87.75377655029297,86.34602946340424,0.001,3.184528112411499
3452,6,452,1777,81.83259582519531,86.33530882659664,0.001,2.9745264053344727
3453,6,453,2172,84.5408935546875,86.33092215678352,0.001,3.0314512252807617
3454,6,454,1762,96.02708435058594,86.35412103083728,0.001,2.8802294731140137
3455,6,455,2781,76.7237548828125,86.33968859762,0.001,3.994290828704834
3456,6,456,264,91.01873779296875,86.35093979968133,0.001,2.9883546829223633
3457,6,457,344,84.47164916992188,86.34879807163567,0.001,2.9730937480926514
3458,6,458,2775,87.38325500488281,86.35122804116742,0.001,3.0373239517211914
3459,6,459,1965,85.06779479980469,86.34713297427065,0.001,3.0622963905334473
3460,6,460,1394,77.90583801269531,86.32714644183322,0.001,3.7379307746887207
3461,6,461,337,78.9986343383789,86.31595246250401,0.001,2.9405999183654785
3462,6,462,2538,94.19892120361328,86.32483657163147,0.001,2.9539051055908203
3463,6,463,2297,85.3753662109375,86.3225511702177,0.001,2.951120376586914
3464,6,464,2595,94.30181121826172,86.3314230935289,0.001,3.651183605194092
3465,6,465,2427,80.23046112060547,86.31739958452133,0.001,3.0714688301086426
3466,6,466,254,75.79935455322266,86.28473762217011,0.001,3.1219353675842285
3467,6,467,2923,92.21324157714844,86.2943336485274,0.001,2.92669415473938
3468,6,468,2593,78.04700469970703,86.27470071535845,0.001,3.0328660011291504
3469,6,469,1817,68.04899597167969,86.25515679066115,0.001,3.7062792778015137
3470,6,470,2007,84.4836196899414,86.2510641359998,0.001,3.055846691131592
3471,6,471,1339,95.02096557617188,86.26090752329182,0.001,3.202080726623535
3472,6,472,1463,82.65396118164062,86.25743942010409,0.001,2.9777636528015137
3473,6,473,1368,87.18336486816406,86.25900166581405,0.001,2.977935552597046
3474,6,474,2563,75.56597137451172,86.24130027947282,0.001,4.046449184417725
3475,6,475,2909,84.97821044921875,86.23836254943208,0.001,3.2271535396575928
3476,6,476,1111,87.68737030029297,86.24168496970947,0.001,3.1936864852905273
3477,6,477,1370,73.55342864990234,86.21236684294911,0.001,3.045042037963867
3478,6,478,1839,78.51773834228516,86.20413633029852,0.001,3.749034881591797
3479,6,479,1274,85.43004608154297,86.20240103097261,0.001,3.1084072589874268
3480,6,480,2272,85.04884338378906,86.19977174222011,0.001,2.8957669734954834
3481,6,481,2720,91.24622344970703,86.20483808042877,0.001,3.207058906555176
3482,6,482,2435,85.91748046875,86.20451704189375,0.001,2.9011597633361816
3483,6,483,32,78.8927230834961,86.18198540547216,0.001,3.7962727546691895
3484,6,484,1153,87.95331573486328,86.18737353697075,0.001,3.0004000663757324
3485,6,485,2347,83.76924896240234,86.18192261868619,0.001,3.1074604988098145
3486,6,486,2251,96.46968078613281,86.19887427376001,0.001,3.1932945251464844
3487,6,487,2927,86.59580993652344,86.19924328553574,0.001,3.107883930206299
3488,6,488,388,97.71186828613281,86.21106275405987,0.001,3.4186275005340576
3489,6,489,2692,87.79689025878906,86.2158004023875,0.001,2.966479778289795
3490,6,490,1502,80.36660766601562,86.19810867640523,0.001,3.110170364379883
3491,6,491,1620,84.92754364013672,86.19720447697169,0.001,2.9333438873291016
3492,6,492,383,90.21104431152344,86.20875717122746,0.001,3.832491874694824
3493,6,493,2448,82.12334442138672,86.19672657319002,0.001,3.2189579010009766
3494,6,494,2565,80.02147674560547,86.19009011844554,0.001,2.9697093963623047
3495,6,495,1118,84.25956726074219,86.18583173672154,0.001,3.0621390342712402
3496,6,496,1809,87.21258544921875,86.18879807356646,0.001,2.8964993953704834
3497,6,497,455,67.6203384399414,86.17384259650022,0.001,3.7822682857513428
3498,6,498,2834,82.09327697753906,86.16182727176847,0.001,2.970393180847168
3499,6,499,2694,101.0844955444336,86.1773312951566,0.001,2.9942595958709717
3500,7,0,405,90.91789245605469,90.91789245605469,0.001,3.1030173301696777
3501,7,1,2901,91.83951568603516,91.37870407104492,0.001,3.391505479812622
3502,7,2,2221,90.48795318603516,91.01270246977853,0.001,4.571272611618042
3503,7,3,401,82.43282318115234,88.54568627672826,0.001,3.1466827392578125
3504,7,4,1686,89.53907775878906,88.82037690982378,0.001,2.9119858741760254
3505,7,5,1828,78.08051300048828,86.45056829489153,0.001,3.0961313247680664
3506,7,6,60,87.30960845947266,86.53940690979654,0.001,3.5072712898254395
3507,7,7,2767,83.98954010009766,86.21218451065715,0.001,3.027263641357422
3508,7,8,436,87.5238265991211,86.31920088867781,0.001,3.0944695472717285
3509,7,9,2794,86.85198974609375,86.34746724271926,0.001,2.973162889480591
3510,7,10,453,99.12650299072266,87.27141530885636,0.001,3.048787832260132
3511,7,11,2930,87.02562713623047,87.26026165997479,0.001,3.674962282180786
3512,7,12,1807,86.6354751586914,87.18922895469048,0.001,3.1880812644958496
3513,7,13,2450,85.31468963623047,87.0427258817887,0.001,2.88041353225708
3514,7,14,2709,100.00093078613281,87.51054614754877,0.001,2.890289306640625
3515,7,15,2750,84.01525115966797,87.3882668315249,0.001,2.8937504291534424
3516,7,16,2013,101.35424041748047,87.85656217107756,0.001,3.2964253425598145
3517,7,17,1265,93.54275512695312,88.04465534739789,0.001,2.9679019451141357
3518,7,18,2584,83.04902648925781,87.62373448071241,0.001,2.8540849685668945
3519,7,19,29,81.12794494628906,87.23881161934204,0.001,3.013561725616455
3520,7,20,2464,61.70983123779297,86.51902817053843,0.001,2.8999674320220947
3521,7,21,2479,84.93084716796875,86.43475853337003,0.001,3.619398832321167
3522,7,22,490,88.13431549072266,86.47890517511193,0.001,3.1030890941619873
3523,7,23,350,82.12383270263672,86.25644398160904,0.001,2.9850804805755615
3524,7,24,694,82.80394744873047,86.03799587595995,0.001,2.9503965377807617
3525,7,25,2654,87.79133605957031,86.14286704790018,0.001,3.111846923828125
3526,7,26,1879,81.86616516113281,86.00842601834539,0.001,4.133381366729736
3527,7,27,403,83.52938842773438,85.93481424803663,0.001,2.9538562297821045
3528,7,28,461,92.3141098022461,86.27016406928364,0.001,2.954598903656006
3529,7,29,1690,77.84361267089844,86.11226893125327,0.001,2.971116065979004
3530,7,30,1310,82.3568115234375,85.92553799074084,0.001,3.571716785430908
3531,7,31,518,81.58344268798828,85.84983509837059,0.001,3.0533807277679443
3532,7,32,2149,81.1395492553711,85.6818383223799,0.001,2.973660707473755
3533,7,33,2534,101.07349395751953,85.93838076250493,0.001,2.9824187755584717
3534,7,34,2192,92.05765533447266,86.0216944194431,0.001,3.103410482406616
3535,7,35,611,88.89000701904297,86.0887507978506,0.001,3.652162551879883
3536,7,36,2929,85.87654876708984,86.08190809476258,0.001,3.0917134284973145
3537,7,37,727,80.82669067382812,86.0036075012414,0.001,2.9980051517486572
3538,7,38,2588,87.54193115234375,86.06676237633509,0.001,3.218238115310669
3539,7,39,2298,74.85208892822266,85.91045245207546,0.001,3.0241498947143555
3540,7,40,496,80.6922378540039,85.7647183777579,0.001,3.557812452316284
3541,7,41,2482,85.56852722167969,85.75730652741076,0.001,3.048438787460327
3542,7,42,390,94.6585464477539,85.92790017356494,0.001,3.027143955230713
3543,7,43,742,82.65025329589844,85.81132631458574,0.001,2.89327335357666
3544,7,44,1397,81.64411926269531,85.66722546113431,0.001,3.511634588241577
3545,7,45,378,95.89079284667969,86.00531387783032,0.001,3.1066925525665283
3546,7,46,686,73.87792205810547,85.70573976459518,0.001,2.8727104663848877
3547,7,47,77,86.074462890625,85.714550283397,0.001,2.9139554500579834
3548,7,48,699,77.54773712158203,85.52914638263927,0.001,2.967926502227783
3549,7,49,2274,88.18797302246094,85.58798745659388,0.001,3.9239120483398438
3550,7,50,2219,90.44084167480469,85.63643193158468,0.001,3.059805393218994
3551,7,51,441,81.09815216064453,85.53748080701881,0.001,2.9931488037109375
3552,7,52,342,81.84086608886719,85.43127108795761,0.001,2.9560368061065674
3553,7,53,2652,89.05216217041016,85.46684660180527,0.001,2.9963626861572266
3554,7,54,2772,79.53211212158203,85.3451565163706,0.001,3.4474937915802
3555,7,55,2906,83.8351821899414,85.31481701444247,0.001,3.0025932788848877
3556,7,56,98,89.47225952148438,85.42414787160145,0.001,3.1095714569091797
3557,7,57,2590,100.39060974121094,85.62485266600653,0.001,2.9120430946350098
3558,7,58,2535,88.28463745117188,85.64914105164166,0.001,2.9605696201324463
3559,7,59,368,82.84681701660156,85.59464426356429,0.001,3.8667869567871094
3560,7,60,514,98.3044204711914,85.76552592388651,0.001,3.003350019454956
3561,7,61,719,80.99602508544922,85.65019058588038,0.001,3.099867582321167
3562,7,62,376,103.00825500488281,85.80086928566092,0.001,2.893739938735962
3563,7,63,717,89.8436279296875,85.89535862743884,0.001,2.992678165435791
3564,7,64,488,87.35950469970703,85.92848980919183,0.001,3.219573974609375
3565,7,65,1395,107.4461441040039,86.10552010159093,0.001,3.1329174041748047
3566,7,66,336,81.99764251708984,86.01386298532714,0.001,2.959780216217041
3567,7,67,819,84.49983215332031,85.98899456573712,0.001,2.912602424621582
3568,7,68,693,85.77969360351562,85.98450993893968,0.001,3.842230796813965
3569,7,69,1151,92.45561981201172,86.05495432476327,0.001,3.0278170108795166
3570,7,70,2099,76.78842163085938,85.95092236289267,0.001,2.9684016704559326
3571,7,71,2864,85.29136657714844,85.94355773385519,0.001,2.9348905086517334
3572,7,72,1812,83.1644287109375,85.88674749747133,0.001,2.9356863498687744
3573,7,73,73,81.99494171142578,85.85850953412678,0.001,4.072627782821655
3574,7,74,1769,81.98153686523438,85.78152247288575,0.001,2.9351966381073
3575,7,75,2343,86.03670501708984,85.7841490524237,0.001,3.308866024017334
3576,7,76,1649,77.49526977539062,85.66462414530567,0.001,2.889636278152466
3577,7,77,448,96.9726791381836,85.82863089306403,0.001,3.0363829135894775
3578,7,78,616,89.54212951660156,85.89687326965173,0.001,3.831726312637329
3579,7,79,2502,90.42320251464844,85.9801107117186,0.001,2.8593530654907227
3580,7,80,2462,87.68389129638672,86.01098951870966,0.001,2.8967549800872803
3581,7,81,601,86.13917541503906,86.01323988264953,0.001,2.9803576469421387
3582,7,82,2601,89.45027160644531,86.07157299526885,0.001,3.409341335296631
3583,7,83,1087,85.45549774169922,86.06129795718212,0.001,3.1904115676879883
3584,7,84,2861,79.99291229248047,85.98447728736413,0.001,2.9863979816436768
3585,7,85,2613,98.07955932617188,86.13281992352492,0.001,3.0195584297180176
3586,7,86,1575,99.03443908691406,86.2947653035081,0.001,3.052072286605835
3587,7,87,904,78.1631088256836,86.23223130985389,0.001,3.777499198913574
3588,7,88,67,85.74787139892578,86.22640248295679,0.001,2.966169595718384
3589,7,89,28,96.32591247558594,86.28362579399165,0.001,2.950955867767334
3590,7,90,273,88.93659210205078,86.31524621339038,0.001,2.9483802318573
3591,7,91,266,99.01817321777344,86.5125408097387,0.001,2.8471322059631348
3592,7,92,2537,83.64281463623047,86.47882188620572,0.001,3.7989516258239746
3593,7,93,1484,88.65491485595703,86.50378686139189,0.001,2.9792587757110596
3594,7,94,363,90.45039367675781,86.52492246295022,0.001,3.0213799476623535
3595,7,95,695,85.91517639160156,86.51805070279875,0.001,2.881265878677368
3596,7,96,65,92.0529556274414,86.54802348397641,0.001,3.0212242603302
3597,7,97,2460,81.01689910888672,86.51894535454866,0.001,3.2658140659332275
3598,7,98,977,85.98013305664062,86.51484913324656,0.001,3.09946608543396
3599,7,99,2051,83.54708862304688,86.48244980480919,0.001,2.9774515628814697
3600,7,100,1373,75.45892333984375,86.38927161119095,0.001,3.080897569656372
3601,7,101,680,104.3370361328125,86.47983618539332,0.001,3.1146368980407715
3602,7,102,954,73.80042266845703,86.4156144870815,0.001,4.000247955322266
3603,7,103,743,84.32696533203125,86.40514403047358,0.001,3.118783950805664
3604,7,104,2552,90.08447265625,86.44335157748355,0.001,3.15571665763855
3605,7,105,382,77.72322845458984,86.40123998019888,0.001,3.001847982406616
3606,7,106,481,90.03296661376953,86.4387291359783,0.001,3.5934393405914307
3607,7,107,986,77.18310546875,86.3425421920141,0.001,3.1624698638916016
3608,7,108,788,81.50172424316406,86.27727411413673,0.001,3.0903468132019043
3609,7,109,1832,97.41911315917969,86.42525526544459,0.001,3.1143486499786377
3610,7,110,773,96.71929168701172,86.52666555974405,0.001,3.0778114795684814
3611,7,111,1845,78.94697570800781,86.49328143653135,0.001,3.7732553482055664
3612,7,112,56,87.88813018798828,86.50682920061918,0.001,3.4023613929748535
3613,7,113,1365,93.20072937011719,86.53773309984993,0.001,2.916457414627075
3614,7,114,521,83.46598052978516,86.52372359730506,0.001,2.937866687774658
3615,7,115,803,102.60804748535156,86.59516303056685,0.001,3.4769375324249268
3616,7,116,827,94.29886627197266,86.63877195114041,0.001,3.0682828426361084
3617,7,117,190,76.03456115722656,86.50258359077762,0.001,2.968538999557495
3618,7,118,682,92.10961151123047,86.57154235628605,0.001,3.0774335861206055
3619,7,119,1925,110.63182067871094,86.67643496742834,0.001,2.9293696880340576
3620,7,120,1918,80.11331176757812,86.5962977023674,0.001,3.7112042903900146
3621,7,121,2619,86.97269439697266,86.59853287225614,0.001,3.0483860969543457
3622,7,122,1081,93.43898010253906,86.66019489682385,0.001,3.0064280033111572
3623,7,123,74,97.68718719482422,86.70661104190044,0.001,3.015211582183838
3624,7,124,2706,79.26293182373047,86.67655433714003,0.001,2.873812198638916
3625,7,125,2140,95.6561050415039,86.71293314512212,0.001,3.731292486190796
3626,7,126,2832,78.28440856933594,86.6188739289328,0.001,3.0262370109558105
3627,7,127,2580,89.00354766845703,86.64589014048047,0.001,3.0140380859375
3628,7,128,920,86.38838195800781,86.6429011064573,0.001,2.9439966678619385
3629,7,129,1516,82.73698425292969,86.6098583396492,0.001,3.084785223007202
3630,7,130,913,84.11024475097656,86.59480458894919,0.001,3.9886350631713867
3631,7,131,861,92.2451171875,86.62880096970197,0.001,2.9943249225616455
3632,7,132,607,95.64576721191406,86.66339617581171,0.001,2.970803737640381
3633,7,133,706,79.77706909179688,86.63557405826462,0.001,2.962054967880249
3634,7,134,1549,94.84849548339844,86.68565191967072,0.001,3.4756319522857666
3635,7,135,2511,86.60157775878906,86.68515046793297,0.001,3.0962750911712646
3636,7,136,447,95.19850158691406,86.71886125988983,0.001,2.8416569232940674
3637,7,137,2682,80.71754455566406,86.65293934444823,0.001,2.8676881790161133
3638,7,138,972,88.41548156738281,86.66688113598798,0.001,2.901848316192627
3639,7,139,2505,86.2634506225586,86.66530445155348,0.001,3.3913071155548096
3640,7,140,832,76.71746063232422,86.56050857670586,0.001,3.1506025791168213
3641,7,141,705,81.95702362060547,86.51149923475275,0.001,2.918336868286133
3642,7,142,811,73.70608520507812,86.46724002053733,0.001,2.953219413757324
3643,7,143,407,84.8174057006836,86.45441739983922,0.001,3.1115403175354004
3644,7,144,787,88.59292602539062,86.46241242927735,0.001,3.581115961074829
3645,7,145,372,79.79723358154297,86.44090527580455,0.001,2.988405704498291
3646,7,146,1457,84.3256607055664,86.41956650487982,0.001,3.134042739868164
3647,7,147,961,79.30607604980469,86.34816491426191,0.001,3.114792823791504
3648,7,148,471,87.524169921875,86.35979090899914,0.001,2.926023244857788
3649,7,149,432,78.47187805175781,86.30226435917291,0.001,3.9590725898742676
3650,7,150,458,83.38118743896484,86.29167241105789,0.001,2.9195337295532227
3651,7,151,966,81.39788055419922,86.26643002631278,0.001,2.9877593517303467
3652,7,152,2784,87.48101043701172,86.27829807649012,0.001,3.2075483798980713
3653,7,153,778,92.90229797363281,86.32589715618846,0.001,3.6373705863952637
3654,7,154,492,80.89336395263672,86.27383124117932,0.001,3.118023157119751
3655,7,155,523,89.41708374023438,86.3038866177198,0.001,2.91447114944458
3656,7,156,991,98.82783508300781,86.34520736122454,0.001,2.9384701251983643
3657,7,157,2432,74.98483276367188,86.30659967031865,0.001,2.947028875350952
3658,7,158,1626,74.47457885742188,86.26826202133748,0.001,3.849545955657959
3659,7,159,1714,73.61461639404297,86.18203338193848,0.001,3.168863534927368
3660,7,160,956,82.79718780517578,86.1508986214312,0.001,3.055111885070801
3661,7,161,2340,87.1652603149414,86.15772084398752,0.001,3.0691933631896973
3662,7,162,2547,86.49522399902344,86.16003311755028,0.001,2.9526278972625732
3663,7,163,2673,85.00433349609375,86.15207354883917,0.001,3.756831407546997
3664,7,164,1642,83.09902954101562,86.13179479046948,0.001,2.8631420135498047
3665,7,165,771,85.56637573242188,86.12803354756909,0.001,3.115079641342163
3666,7,166,64,97.6430892944336,86.16510584935763,0.001,2.9558942317962646
3667,7,167,981,91.14027404785156,86.19815173597064,0.001,3.888319730758667
3668,7,168,424,88.8939208984375,86.21023395384168,0.001,3.1480824947357178
3669,7,169,392,90.21044158935547,86.24479555386446,0.001,3.306011199951172
3670,7,170,434,88.2110366821289,86.25032544932832,0.001,2.956350326538086
3671,7,171,721,91.37212371826172,86.27368540671453,0.001,2.9136269092559814
3672,7,172,1089,88.42362976074219,86.29211282801974,0.001,3.7309587001800537
3673,7,173,325,83.6002197265625,86.27495357598247,0.001,3.0316925048828125
3674,7,174,2845,84.76463317871094,86.26219958226697,0.001,3.033017158508301
3675,7,175,2425,88.39116668701172,86.27567185364424,0.001,2.9401655197143555
3676,7,176,1900,92.10964965820312,86.29356272163933,0.001,2.9537346363067627
3677,7,177,2793,80.55390167236328,86.24508558497111,0.001,3.724320650100708
3678,7,178,2722,72.87652587890625,86.2085559190845,0.001,2.9560742378234863
3679,7,179,801,85.62631225585938,86.20605905548392,0.001,2.9182755947113037
3680,7,180,710,84.4476547241211,86.1953060235472,0.001,3.0490689277648926
3681,7,181,2513,102.17999267578125,86.24171454571355,0.001,3.134664297103882
3682,7,182,1737,87.31061553955078,86.2501456176922,0.001,3.5953452587127686
3683,7,183,789,80.89750671386719,86.21789737774611,0.001,3.0916073322296143
3684,7,184,1838,74.46455383300781,86.14849035206363,0.001,2.9990286827087402
3685,7,185,2293,74.22577667236328,86.07559213736357,0.001,2.9967551231384277
3686,7,186,2546,85.8704833984375,86.074384187855,0.001,4.086528062820435
3687,7,187,2398,82.02311706542969,86.04285725786919,0.001,2.8820083141326904
3688,7,188,1088,87.16181182861328,86.04927420688918,0.001,2.852112293243408
3689,7,189,1821,99.52704620361328,86.08664849963793,0.001,3.047498941421509
3690,7,190,2874,87.64772033691406,86.09553284785979,0.001,3.0208523273468018
3691,7,191,1196,87.3093032836914,86.09860414919027,0.001,4.058196306228638
3692,7,192,69,89.16747283935547,86.12233077687841,0.001,2.8732147216796875
3693,7,193,2406,88.46855926513672,86.14034604769807,0.001,2.889012575149536
3694,7,194,863,82.39383697509766,86.1189487432409,0.001,2.9952011108398438
3695,7,195,1909,87.5015640258789,86.12917431031684,0.001,3.015033483505249
3696,7,196,2763,94.77307891845703,86.15212051199234,0.001,3.4208271503448486
3697,7,197,852,92.71365356445312,86.18838026754692,0.001,2.9772326946258545
3698,7,198,989,90.21149444580078,86.21067007684317,0.001,3.0766913890838623
3699,7,199,834,90.7417984008789,86.2439202577677,0.001,3.040882110595703
3700,7,200,1334,86.49516296386719,86.24456677008716,0.001,3.264164447784424
3701,7,201,1802,92.51274108886719,86.27869745184998,0.001,3.3483667373657227
3702,7,202,915,96.80865478515625,86.30506578480775,0.001,2.9413363933563232
3703,7,203,2871,74.85342407226562,86.22283900037347,0.001,3.025317430496216
3704,7,204,2233,94.0512924194336,86.252869787561,0.001,3.0155084133148193
3705,7,205,2458,77.75698852539062,86.20743787975339,0.001,3.5026586055755615
3706,7,206,707,86.8785400390625,86.20903998146268,0.001,3.040163278579712
3707,7,207,38,83.69596099853516,86.19939476186433,0.001,2.9639487266540527
3708,7,208,951,90.25877380371094,86.22086535901461,0.001,3.0918116569519043
3709,7,209,469,90.79803466796875,86.25289828445737,0.001,3.2763450145721436
3710,7,210,962,75.32737731933594,86.211604276434,0.001,3.6723792552948
3711,7,211,2523,91.77188873291016,86.25029468310738,0.001,3.077908992767334
3712,7,212,689,89.9721908569336,86.26405064450404,0.001,2.986278533935547
3713,7,213,864,94.73603057861328,86.28382756567038,0.001,2.8915295600891113
3714,7,214,1127,89.26890563964844,86.29505533581822,0.001,3.0139827728271484
3715,7,215,446,88.7412338256836,86.30751409565562,0.001,3.381911039352417
3716,7,216,2117,91.55643463134766,86.33368039398407,0.001,2.9173498153686523
3717,7,217,814,74.73665618896484,86.30477218344124,0.001,2.8877909183502197
3718,7,218,2669,98.55668640136719,86.33482085138378,0.001,2.9291086196899414
3719,7,219,2610,82.8025131225586,86.32627355489909,0.001,3.135249376296997
3720,7,220,851,85.90808868408203,86.3234003388549,0.001,3.1107516288757324
3721,7,221,728,82.16352844238281,86.30249534926375,0.001,3.0190165042877197
3722,7,222,685,86.90140533447266,86.30544030821437,0.001,3.0487253665924072
3723,7,223,1794,79.08615112304688,86.27023469816797,0.001,3.3954312801361084
3724,7,224,2789,86.84491729736328,86.2730614188065,0.001,3.9157252311706543
3725,7,225,522,76.04009246826172,86.20591433570506,0.001,3.500655174255371
3726,7,226,2144,92.12423706054688,86.21956497212032,0.001,3.0544660091400146
3727,7,227,1473,84.60498809814453,86.2146630359523,0.001,2.939143419265747
3728,7,228,2113,87.28800201416016,86.21994293460251,0.001,3.004629373550415
3729,7,229,2608,87.5564193725586,86.22870278678829,0.001,3.581383466720581
3730,7,230,2758,100.26471710205078,86.29576431853332,0.001,3.079441785812378
3731,7,231,1541,80.2356948852539,86.28318453562198,0.001,3.068643808364868
3732,7,232,1779,91.95714569091797,86.319094585131,0.001,2.917743682861328
3733,7,233,870,86.8680648803711,86.32095777501075,0.001,3.2629551887512207
3734,7,234,1576,96.123046875,86.34269456681419,0.001,3.3391075134277344
3735,7,235,1706,104.0904312133789,86.4259616310396,0.001,2.8312501907348633
3736,7,236,519,80.4637222290039,86.38858392055035,0.001,3.070910930633545
3737,7,237,2101,93.48442840576172,86.43297422769972,0.001,2.972341775894165
3738,7,238,1181,96.76622009277344,86.47969818654542,0.001,3.815232992172241
3739,7,239,916,89.80599975585938,86.48714374126129,0.001,3.023145914077759
3740,7,240,2614,79.01679992675781,86.44177388934986,0.001,2.903613805770874
3741,7,241,914,83.56460571289062,86.42867027561186,0.001,2.8800909519195557
3742,7,242,873,89.2231216430664,86.43401104771176,0.001,3.121558427810669
3743,7,243,459,109.65248107910156,86.48395491453167,0.001,3.9038939476013184
3744,7,244,1814,76.6796875,86.44015403024844,0.001,2.9702351093292236
3745,7,245,1896,80.85432434082031,86.41512808173867,0.001,2.9469401836395264
3746,7,246,2533,66.97017669677734,86.35150400986164,0.001,2.9728221893310547
3747,7,247,2413,90.23072052001953,86.3691070713253,0.001,3.1064062118530273
3748,7,248,2060,80.8231430053711,86.34425348612041,0.001,3.656913995742798
3749,7,249,2585,81.66846466064453,86.32390601924678,0.001,3.219437837600708
3750,7,250,468,85.66278076171875,86.32005519769773,0.001,3.060359477996826
3751,7,251,990,76.64981842041016,86.2765933262025,0.001,2.981440544128418
3752,7,252,340,82.11243438720703,86.2583410825593,0.001,3.303659200668335
3753,7,253,68,94.07461547851562,86.28315594993477,0.001,3.521702527999878
3754,7,254,919,86.3829116821289,86.28374148459005,0.001,2.955562114715576
3755,7,255,2225,90.41197204589844,86.30740712966954,0.001,3.0913445949554443
3756,7,256,2548,86.04217529296875,86.30628777887999,0.001,2.8964924812316895
3757,7,257,2911,78.94478607177734,86.29238875864752,0.001,4.126342058181763
3758,7,258,367,96.14708709716797,86.32205754561933,0.001,2.9421334266662598
3759,7,259,377,87.27017974853516,86.32494046793563,0.001,2.974229335784912
3760,7,260,1923,86.30651092529297,86.32486063268011,0.001,3.379927635192871
3761,7,261,1182,76.08358764648438,86.28128803492115,0.001,2.9473843574523926
3762,7,262,94,77.97088623046875,86.23746295263378,0.001,3.9128615856170654
3763,7,263,2498,95.73290252685547,86.26578560104792,0.001,3.0445117950439453
3764,7,264,2166,84.51753997802734,86.26060274294468,0.001,3.043692111968994
3765,7,265,1342,83.918701171875,86.25105117736379,0.001,2.995225429534912
3766,7,266,1915,79.56806182861328,86.23148550914112,0.001,3.478942632675171
3767,7,267,774,87.013671875,86.23471626618607,0.001,3.133091688156128
3768,7,268,2070,89.30152893066406,86.25145866481957,0.001,2.998636484146118
3769,7,269,2569,101.6473388671875,86.29632318873433,0.001,2.978816032409668
3770,7,270,1306,76.41450500488281,86.24286925200207,0.001,2.9395787715911865
3771,7,271,2184,94.55647277832031,86.26718590686389,0.001,3.524021863937378
3772,7,272,1735,79.547119140625,86.25410762109402,0.001,2.966858386993408
3773,7,273,408,74.04718017578125,86.21924860831176,0.001,2.9461793899536133
3774,7,274,2205,92.89327239990234,86.24654394242685,0.001,3.0790791511535645
3775,7,275,2055,79.78475189208984,86.21207014452742,0.001,2.9071435928344727
3776,7,276,400,89.36627960205078,86.22012362162737,0.001,3.5519232749938965
3777,7,277,1083,91.57672882080078,86.24776909256272,0.001,3.0327067375183105
3778,7,278,825,80.08319854736328,86.23643367811209,0.001,2.99575138092041
3779,7,279,1324,89.12112426757812,86.25146427251741,0.001,2.9555907249450684
3780,7,280,808,87.15888977050781,86.25499680162316,0.001,2.9643616676330566
3781,7,281,858,92.7247314453125,86.26593738523904,0.001,3.7736597061157227
3782,7,282,770,90.26708984375,86.28178305882578,0.001,3.0112648010253906
3783,7,283,759,86.23442077636719,86.28160078766383,0.001,3.1784911155700684
3784,7,284,361,85.58914947509766,86.27820044324407,0.001,2.970435857772827
3785,7,285,507,99.79305267333984,86.29553227875837,0.001,3.1734907627105713
3786,7,286,374,74.84320831298828,86.23715829661506,0.001,3.165421485900879
3787,7,287,1482,91.17719268798828,86.24607444747215,0.001,3.0185844898223877
3788,7,288,1480,86.60730743408203,86.24672332598695,0.001,2.9837918281555176
3789,7,289,1313,85.33702850341797,86.24229409083357,0.001,3.037445306777954
3790,7,290,1250,83.15026092529297,86.23675714443911,0.001,3.777191400527954
3791,7,291,1081,93.45217895507812,86.26415720017677,0.001,3.4357428550720215
3792,7,292,1099,89.37041473388672,86.27982087698005,0.001,2.8723368644714355
3793,7,293,1502,80.19959259033203,86.24895958644495,0.001,2.8967034816741943
3794,7,294,1155,93.80127716064453,86.26266688275258,0.001,2.963832139968872
3795,7,295,1527,86.25432586669922,86.26263594427863,0.001,3.744049310684204
3796,7,296,1925,110.61421966552734,86.30540222075312,0.001,2.9719021320343018
3797,7,297,1442,83.66452026367188,86.29848137485693,0.001,3.2598578929901123
3798,7,298,1951,92.50312805175781,86.32148954132408,0.001,2.9823262691497803
3799,7,299,1909,87.4905014038086,86.32714734151361,0.001,2.96950364112854
3800,7,300,1083,91.54912567138672,86.35204375350692,0.001,3.9538180828094482
3801,7,301,1938,83.53975677490234,86.34731477267223,0.001,2.9222090244293213
3802,7,302,1470,93.10132598876953,86.37130971048398,0.001,3.013819694519043
3803,7,303,190,76.01070404052734,86.31996035729026,0.001,3.0677807331085205
3804,7,304,1098,75.04356384277344,86.29051140591368,0.001,3.452463150024414
3805,7,305,1105,78.93830108642578,86.27735076215286,0.001,3.104801654815674
3806,7,306,1488,80.80165100097656,86.25266303833938,0.001,3.0203723907470703
3807,7,307,1676,84.64025115966797,86.24490955563658,0.001,3.005370616912842
3808,7,308,1636,72.41010284423828,86.17901642234872,0.001,3.060270309448242
3809,7,309,2073,81.76667022705078,86.17184164777665,0.001,3.738372802734375
3810,7,310,1532,94.99263763427734,86.21322265625211,0.001,3.013861656188965
3811,7,311,1794,79.12943267822266,86.1886569691931,0.001,3.0093753337860107
3812,7,312,1802,92.5371322631836,86.21088213918235,0.001,3.0664072036743164
3813,7,313,175,90.22694396972656,86.22115233152462,0.001,3.159999370574951
3814,7,314,1306,76.4933090209961,86.17601704593943,0.001,3.544250249862671
3815,7,315,1923,86.26004791259766,86.17631582344177,0.001,3.062976121902466
3816,7,316,1342,83.79749298095703,86.16822250724664,0.001,2.8684427738189697
3817,7,317,2095,85.38115692138672,86.16467076860638,0.001,2.982419967651367
3818,7,318,2013,101.3963851928711,86.18924428567011,0.001,3.3097052574157715
3819,7,319,1918,80.13208770751953,86.16148264409925,0.001,3.4909305572509766
3820,7,320,1737,87.26598358154297,86.16637302939127,0.001,3.1446139812469482
3821,7,321,1118,84.19233703613281,86.15968294509742,0.001,3.0041918754577637
3822,7,322,1626,74.47488403320312,86.14140382689358,0.001,3.023226022720337
3823,7,323,1557,84.9844970703125,86.1361562622301,0.001,4.055140972137451
3824,7,324,1393,89.12220001220703,86.14627862532932,0.001,3.123568296432495
3825,7,325,1551,93.5819320678711,86.17166349004917,0.001,3.070725440979004
3826,7,326,1620,84.85528564453125,86.17025706132095,0.001,3.1571226119995117
3827,7,327,1109,84.5239486694336,86.1631794494549,0.001,2.9130990505218506
3828,7,328,1806,79.73858642578125,86.13463277921988,0.001,4.066325664520264
3829,7,329,1394,78.12776184082031,86.10809197521195,0.001,3.1626603603363037
3830,7,330,1310,82.40528106689453,86.09171162875994,0.001,3.0207011699676514
3831,7,331,1686,89.31657409667969,86.10581176690536,0.001,2.9361650943756104
3832,7,332,2157,79.72673034667969,86.07798959659311,0.001,3.7973105907440186
3833,7,333,1577,86.83869934082031,86.08045828486128,0.001,3.1177334785461426
3834,7,334,1346,97.62940216064453,86.12867630770583,0.001,3.3205888271331787
3835,7,335,2113,87.27865600585938,86.13244802031842,0.001,2.952545404434204
3836,7,336,1161,82.24295043945312,86.1268138281148,0.001,2.9944255352020264
3837,7,337,1682,77.36732482910156,86.09866708353826,0.001,3.72200345993042
3838,7,338,1915,79.4981689453125,86.08367549204787,0.001,2.9574244022369385
3839,7,339,1812,83.16619110107422,86.07108177554214,0.001,3.077369451522827
3840,7,340,1797,71.65827178955078,86.04869197615889,0.001,3.0188302993774414
3841,7,341,1262,88.16108703613281,86.0518538584484,0.001,2.960334300994873
3842,7,342,1264,88.22919464111328,86.05522018978051,0.001,3.5129241943359375
3843,7,343,2163,80.36681365966797,86.03668497162833,0.001,3.043853759765625
3844,7,344,1182,76.06634521484375,86.0048647571006,0.001,3.1051974296569824
3845,7,345,2191,93.82505798339844,86.0228940210229,0.001,2.913153648376465
3846,7,346,1846,85.58283996582031,86.0215207875593,0.001,3.423440456390381
3847,7,347,1343,87.0101547241211,86.02290507178456,0.001,3.011812448501587
3848,7,348,1945,79.1063461303711,85.99400903217504,0.001,3.056096076965332
3849,7,349,1173,95.55199432373047,86.00831679426253,0.001,2.9299590587615967
3850,7,350,1838,74.524169921875,85.97315095960859,0.001,2.976802110671997
3851,7,351,2144,92.18791198730469,85.98226629792401,0.001,3.9385557174682617
3852,7,352,1571,92.5053939819336,86.00913036358061,0.001,2.8840813636779785
3853,7,353,1586,88.22428894042969,86.0183143885056,0.001,2.970104217529297
3854,7,354,1519,87.14746856689453,86.02185277434516,0.001,3.037808656692505
3855,7,355,1481,80.46060180664062,86.00457978351257,0.001,2.9462027549743652
3856,7,356,1370,73.77478790283203,85.96693067919212,0.001,3.65852427482605
3857,7,357,1828,77.80335998535156,85.93306641128004,0.001,3.13716197013855
3858,7,358,2233,94.0548324584961,85.95061226137344,0.001,2.9378786087036133
3859,7,359,1766,87.85677337646484,85.95257709963035,0.001,3.005847692489624
3860,7,360,1548,91.66671752929688,85.9691920832587,0.001,2.98476505279541
3861,7,361,2297,84.84445190429688,85.96572532752086,0.001,3.8495373725891113
3862,7,362,2172,84.96275329589844,85.96265850033375,0.001,3.0018362998962402
3863,7,363,1506,78.75371551513672,85.9528755468819,0.001,2.94464111328125
3864,7,364,1473,84.55953979492188,85.95027597898587,0.001,2.9943816661834717
3865,7,365,2347,83.44149780273438,85.94279042471878,0.001,3.5785250663757324
3866,7,366,1123,90.1826400756836,85.95179680679846,0.001,3.0747201442718506
3867,7,367,2149,81.24783325195312,85.93760313858846,0.001,2.9966318607330322
3868,7,368,2040,84.13888549804688,85.93041037917105,0.001,2.9805471897125244
3869,7,369,1274,85.3559799194336,85.92874773318299,0.001,3.0569493770599365
3870,7,370,2340,87.16265869140625,85.93230080002213,0.001,3.6199073791503906
3871,7,371,1373,75.46399688720703,85.9081402574607,0.001,3.2985146045684814
3872,7,372,2243,85.90282440185547,85.90811947545834,0.001,3.0404438972473145
3873,7,373,1858,81.1165771484375,85.89429130695012,0.001,3.07729434967041
3874,7,374,1090,86.56440734863281,85.89566580230559,0.001,2.2085132598876953
3875,7,375,2060,80.6800537109375,85.88043917529512,0.001,2.4356186389923096
3876,7,376,2067,87.55221557617188,85.88398071933287,0.001,2.389371871948242
3877,7,377,1769,81.93025970458984,85.8686159698899,0.001,2.0330264568328857
3878,7,378,2272,85.01956939697266,85.8661755460399,0.001,2.2803542613983154
3879,7,379,1541,80.24730682373047,85.85917630312528,0.001,2.490715503692627
3880,7,380,2152,87.2630844116211,85.86316029854463,0.001,1.99617600440979
3881,7,381,1368,86.50055694580078,85.86448913986526,0.001,2.431062698364258
3882,7,382,1879,81.64252471923828,85.8557357241412,0.001,3.1182737350463867
3883,7,383,1648,97.08026123046875,85.87851423830068,0.001,2.0566599369049072
3884,7,384,2387,96.76014709472656,85.90064694059417,0.001,1.8175616264343262
3885,7,385,2251,96.37862396240234,85.92237064811948,0.001,2.1564083099365234
3886,7,386,1692,88.06668853759766,85.93042379224116,0.001,1.839749813079834
3887,7,387,2000,87.61661529541016,85.93266289638046,0.001,2.687086343765259
3888,7,388,1576,95.99586486816406,85.94595282911372,0.001,3.0233280658721924
3889,7,389,1174,86.00747680664062,85.94612626237473,0.001,2.101146936416626
3890,7,390,1791,81.77999877929688,85.93790464217403,0.001,2.435723066329956
3891,7,391,2341,79.86128234863281,85.91509613144207,0.001,2.7205350399017334
3892,7,392,1580,97.64688873291016,85.93841674321543,0.001,2.7358040809631348
3893,7,393,2327,101.65837097167969,85.96909123041183,0.001,2.8271050453186035
3894,7,394,2007,84.46622467041016,85.96494319651211,0.001,3.149190902709961
3895,7,395,2325,92.1827621459961,85.9821965566357,0.001,2.8161869049072266
3896,7,396,1675,87.6636734008789,85.98547776658181,0.001,2.8285388946533203
3897,7,397,1372,78.48348236083984,85.96490859881229,0.001,2.79292368888855
3898,7,398,2071,94.91256713867188,85.98234891587221,0.001,2.7462241649627686
3899,7,399,1679,72.47541046142578,85.95532976340138,0.001,3.2573401927948
3900,7,400,177,89.17769622802734,85.96402510596387,0.001,2.801368474960327
3901,7,401,2166,84.59436798095703,85.96136686290667,0.001,2.836052894592285
3902,7,402,1434,89.57752227783203,85.97087681747935,0.001,2.7544076442718506
3903,7,403,1089,88.41992950439453,85.97972829656223,0.001,2.95424747467041
3904,7,404,2202,88.4567642211914,85.98872132739217,0.001,3.169684886932373
3905,7,405,1122,75.73563385009766,85.96863940619433,0.001,2.8154332637786865
3906,7,406,1339,94.0160903930664,85.97913163011617,0.001,2.8565127849578857
3907,7,407,2432,74.8788070678711,85.9647445662087,0.001,2.67730712890625
3908,7,408,1903,86.04293823242188,85.96489222313478,0.001,3.1172738075256348
3909,7,409,1530,80.72698211669922,85.94621018601661,0.001,3.600348472595215
3910,7,410,1361,80.69973754882812,85.93953422834875,0.001,3.132631540298462
3911,7,411,2422,78.80619812011719,85.93045290607797,0.001,2.9664134979248047
3912,7,412,2413,90.24132537841797,85.94209163174958,0.001,3.157153606414795
3913,7,413,1128,74.28914642333984,85.91110281208344,0.001,3.012002468109131
3914,7,414,1516,82.728759765625,85.90272812604115,0.001,4.320016145706177
3915,7,415,1756,91.4408950805664,85.91712158966735,0.001,3.1094467639923096
3916,7,416,1344,81.27136993408203,85.9049867467393,0.001,2.963860273361206
3917,7,417,1807,86.7695541381836,85.90797491062996,0.001,3.141047716140747
3918,7,418,1263,96.67121124267578,85.93613081643595,0.001,3.7326900959014893
3919,7,419,2452,101.37036895751953,85.97644530928123,0.001,3.181295394897461
3920,7,420,1862,80.46952819824219,85.96959506185931,0.001,3.0222744941711426
3921,7,421,1821,99.54541778564453,85.9863924839991,0.001,2.9412403106689453
3922,7,422,1460,89.24209594726562,85.99246738229935,0.001,2.907377243041992
3923,7,423,2510,80.19683074951172,85.97260302613105,0.001,3.8756189346313477
3924,7,424,2282,84.67009735107422,85.97100098138745,0.001,3.0335195064544678
3925,7,425,1642,83.07942199707031,85.963639179668,0.001,3.0381383895874023
3926,7,426,1440,92.90128326416016,85.98112782309178,0.001,2.9557762145996094
3927,7,427,1896,80.8441390991211,85.9680198014792,0.001,2.886587619781494
3928,7,428,2225,90.47938537597656,85.98339371156314,0.001,3.6755850315093994
3929,7,429,2298,74.86052703857422,85.97018094018689,0.001,3.1123006343841553
3930,7,430,2498,95.66737365722656,85.98782911035588,0.001,2.9752891063690186
3931,7,431,2505,86.25389099121094,85.98815934491617,0.001,2.9950437545776367
3932,7,432,2448,82.22930145263672,85.97549781772177,0.001,3.2965638637542725
3933,7,433,1914,85.45614624023438,85.97487049797753,0.001,3.1682002544403076
3934,7,434,2546,85.76171112060547,85.97433515403357,0.001,2.9678125381469727
3935,7,435,2174,74.72286987304688,85.93752372989638,0.001,3.020979166030884
3936,7,436,2513,102.08808135986328,85.9568051220388,0.001,3.0644118785858154
3937,7,437,2548,86.09620666503906,85.95714996396849,0.001,3.660907030105591
3938,7,438,1690,78.01803588867188,85.94757868534758,0.001,3.092221975326538
3939,7,439,2547,86.44359588623047,85.94882506863986,0.001,3.0176641941070557
3940,7,440,1779,91.91722106933594,85.96864275255885,0.001,3.0552115440368652
3941,7,441,2328,79.05179595947266,85.95617682740158,0.001,3.2215657234191895
3942,7,442,2101,93.47518920898438,85.98129646359779,0.001,3.7023203372955322
3943,7,443,2464,61.68819808959961,85.95197730844608,0.001,2.996868848800659
3944,7,444,1503,82.46167755126953,85.94628546409824,0.001,2.9685606956481934
3945,7,445,1549,94.36669158935547,85.96158423253883,0.001,3.253521680831909
3946,7,446,2482,85.48973083496094,85.96001941317738,0.001,3.4360365867614746
3947,7,447,2443,89.25890350341797,85.96806533944994,0.001,3.6181862354278564
3948,7,448,2458,78.05000305175781,85.94871380320312,0.001,3.001232385635376
3949,7,449,2522,78.45721435546875,85.9305616625239,0.001,3.026517152786255
3950,7,450,273,88.72864532470703,85.93745058879132,0.001,2.968311309814453
3951,7,451,1585,86.6362533569336,85.93968927689696,0.001,3.62241530418396
3952,7,452,1441,78.65179443359375,85.93106599961865,0.001,3.0691215991973877
3953,7,453,1575,98.26026153564453,85.96164631402479,0.001,2.946997880935669
3954,7,454,2181,97.69401550292969,85.9752164176705,0.001,3.0569164752960205
3955,7,455,2601,89.2100830078125,85.98544487800393,0.001,3.183035373687744
3956,7,456,1823,81.88835144042969,85.97200730326001,0.001,3.8508822917938232
3957,7,457,1333,103.16857147216797,86.01335992461381,0.001,2.989924430847168
3958,7,458,1900,93.26873779296875,86.02184757430834,0.001,3.1799070835113525
3959,7,459,2617,83.16519927978516,86.01280614970132,0.001,3.037403106689453
3960,7,460,2235,87.1348648071289,86.01635523363157,0.001,3.724128484725952
3961,7,461,2080,78.41756439208984,85.9921500520803,0.001,3.114466667175293
3962,7,462,1439,87.04268646240234,85.99542148238993,0.001,2.863670587539673
3963,7,463,1772,84.9867935180664,85.99219961860544,0.001,2.959296464920044
3964,7,464,1864,92.34227752685547,85.99938204824007,0.001,3.0602493286132812
3965,7,465,1087,83.99174499511719,85.99320659064284,0.001,3.752476453781128
3966,7,466,1602,91.92486572265625,85.99758977950627,0.001,3.010209560394287
3967,7,467,2720,88.93012237548828,86.0006181292414,0.001,2.932783365249634
3968,7,468,2692,123.05677032470703,86.11598013494894,0.001,3.094224214553833
3969,7,469,1832,95.34378814697266,86.14468449935039,0.001,3.0868313312530518
3970,7,470,38,79.46065521240234,86.13349241755677,0.001,3.754486322402954
3971,7,471,1395,101.63240051269531,86.15092182897159,0.001,3.1086719036102295
3972,7,472,2377,73.96484375,86.12278086527364,0.001,3.161530017852783
3973,7,473,2750,83.19207763671875,86.11957588423839,0.001,3.202573299407959
3974,7,474,2270,80.37147521972656,86.1016875004306,0.001,3.5057480335235596
3975,7,475,1569,85.16291046142578,86.09951139507784,0.001,3.0916974544525146
3976,7,476,1111,80.52123260498047,86.08673208721197,0.001,3.0264034271240234
3977,7,477,2476,83.31966400146484,86.08369542834569,0.001,2.9764158725738525
3978,7,478,2529,83.60368347167969,86.07788449036512,0.001,3.068958282470703
3979,7,479,1845,75.45639038085938,86.06697271871558,0.001,3.4882748126983643
3980,7,480,2537,74.47077941894531,86.03991498359457,0.001,3.056623697280884
3981,7,481,1568,70.2201919555664,86.00414154352097,0.001,3.019461154937744
3982,7,482,2619,72.50672912597656,85.98407223269636,0.001,3.4305977821350098
3983,7,483,1113,77.8177719116211,85.9594059534094,0.001,2.8463830947875977
3984,7,484,2034,71.19312286376953,85.91557026645717,0.001,4.094091415405273
3985,7,485,2614,78.36054229736328,85.89305219859119,0.001,2.90720796585083
3986,7,486,1878,82.62326049804688,85.88786162283336,0.001,2.963726282119751
3987,7,487,1265,82.20721435546875,85.88390905159368,0.001,3.099752426147461
3988,7,488,2436,64.4652099609375,85.86082537524247,0.001,3.2707841396331787
3989,7,489,2569,71.91531372070312,85.83856130026281,0.001,3.6770219802856445
3990,7,490,2861,58.428836822509766,85.77685045955243,0.001,3.02624773979187
3991,7,491,1514,71.18841552734375,85.76145056957903,0.001,2.9034037590026855
3992,7,492,1311,61.934913635253906,85.690869639906,0.001,3.2089273929595947
3993,7,493,2929,67.53008270263672,85.65047335870945,0.001,3.8002288341522217
3994,7,494,2192,65.62434387207031,85.63271316221683,0.001,2.9872803688049316
3995,7,495,1848,57.08746337890625,85.54813759711952,0.001,3.1338748931884766
3996,7,496,2543,57.43600082397461,85.48563825822468,0.001,3.000609874725342
3997,7,497,28,64.13075256347656,85.46330580833502,0.001,3.105696201324463
3998,7,498,1355,57.86260223388672,85.4022281203909,0.001,3.3508193492889404
3999,7,499,29,58.36981964111328,85.34321820633083,0.001,3.120213508605957
4000,8,0,1793,63.01445388793945,63.01445388793945,0.001,2.9889416694641113
4001,8,1,1365,63.479530334472656,63.13828610082746,0.001,2.9976015090942383
4002,8,2,2534,70.458251953125,64.68953714237395,0.001,2.9413082599639893
4003,8,3,2610,63.97923278808594,64.56640043861965,0.001,3.9716928005218506
4004,8,4,1814,58.802242279052734,63.04661791998794,0.001,2.875851631164551
4005,8,5,1902,58.469791412353516,62.07951575125671,0.001,3.003249168395996
4006,8,6,2450,65.96427917480469,62.74576755347098,0.001,3.1232082843780518
4007,8,7,1616,68.92007446289062,63.68215896384187,0.001,3.459906816482544
4008,8,8,2294,63.69534683227539,63.68300232948403,0.001,3.0785648822784424
4009,8,9,1700,61.48044967651367,63.474463837951966,0.001,2.949608564376831
4010,8,10,325,51.95698547363281,62.192710059624126,0.001,3.050062894821167
4011,8,11,368,50.178043365478516,60.94965144800609,0.001,2.971937894821167
4012,8,12,2660,66.45244598388672,61.586105817013234,0.001,3.728034496307373
4013,8,13,2070,62.24237060546875,61.655258854139774,0.001,3.221944570541382
4014,8,14,403,56.97935104370117,61.40723695072882,0.001,2.9930031299591064
4015,8,15,2064,56.03982925415039,61.028781291986085,0.001,2.9388909339904785
4016,8,16,2349,61.74587631225586,61.08944706836384,0.001,2.976527452468872
4017,8,17,250,62.711544036865234,61.13741637102044,0.001,3.7096879482269287
4018,8,18,1965,55.33274841308594,60.69128816115414,0.001,3.387428045272827
4019,8,19,1693,56.62430953979492,60.40415836080579,0.001,3.0602433681488037
4020,8,20,2583,55.20732879638672,60.140096278105105,0.001,3.0386714935302734
4021,8,21,432,62.0368766784668,60.2295154531064,0.001,3.0640320777893066
4022,8,22,1617,62.1803092956543,60.34317665496147,0.001,3.211364507675171
4023,8,23,2117,64.20584869384766,60.50656846248751,0.001,2.8691518306732178
4024,8,24,272,54.54080581665039,60.326362484341544,0.001,2.9428186416625977
4025,8,25,2249,60.78865432739258,60.34536377111892,0.001,3.1414482593536377
4026,8,26,2398,53.67634963989258,60.00825565877504,0.001,3.6913161277770996
4027,8,27,1817,47.52874755859375,59.79215007472228,0.001,3.1361114978790283
4028,8,28,340,55.768985748291016,59.645993753503156,0.001,2.8744828701019287
4029,8,29,1324,54.57966995239258,59.4143683062011,0.001,2.9342377185821533
4030,8,30,446,50.56694030761719,59.120876778632294,0.001,3.049248695373535
4031,8,31,2203,70.90155792236328,59.62490477758253,0.001,3.7495083808898926
4032,8,32,2205,61.898929595947266,59.696587085158775,0.001,3.0457704067230225
4033,8,33,1570,55.996089935302734,59.64218006895178,0.001,3.1410746574401855
4034,8,34,2219,71.53079223632812,59.802323657443445,0.001,2.8357455730438232
4035,8,35,2669,56.83643341064453,59.759822814253944,0.001,3.031120538711548
4036,8,36,376,70.10858917236328,59.906274401669855,0.001,3.7786705493927
4037,8,37,2204,52.087158203125,59.616811943063205,0.001,3.2737388610839844
4038,8,38,1463,47.94828796386719,59.481958726131445,0.001,2.9742531776428223
4039,8,39,1317,46.70828628540039,59.31498710154063,0.001,3.0331759452819824
4040,8,40,2179,52.11954116821289,59.17451894865449,0.001,3.4807252883911133
4041,8,41,377,64.35411834716797,59.272422582522594,0.001,3.1247196197509766
4042,8,42,2584,59.9039306640625,59.29387238947052,0.001,2.971886396408081
4043,8,43,434,53.20446014404297,59.22749820841746,0.001,3.023190498352051
4044,8,44,492,51.46696472167969,58.97402169666201,0.001,2.8959972858428955
4045,8,45,367,64.08550262451172,59.06067789063261,0.001,3.7003233432769775
4046,8,46,1717,58.502418518066406,59.0544339834386,0.001,2.939765453338623
4047,8,47,2794,41.359954833984375,58.854011831598186,0.001,2.9524948596954346
4048,8,48,1839,47.22555160522461,58.727876284515,0.001,3.0148978233337402
4049,8,49,488,57.95977783203125,58.70500815369114,0.001,2.9545319080352783
4050,8,50,407,55.02349090576172,58.623811044957456,0.001,3.8287670612335205
4051,8,51,1093,51.8793830871582,58.434605194348876,0.001,2.964247226715088
4052,8,52,455,40.4681510925293,58.29509885447057,0.001,3.0777785778045654
4053,8,53,2184,61.67450714111328,58.34613525991038,0.001,2.9523110389709473
4054,8,54,1120,43.861656188964844,58.14265184186082,0.001,2.981290817260742
4055,8,55,2608,49.278778076171875,57.900605295119696,0.001,4.482556581497192
4056,8,56,2834,50.91917419433594,57.71777626149828,0.001,2.9997997283935547
4057,8,57,2499,53.21920394897461,57.65564028102611,0.001,2.9107327461242676
4058,8,58,2782,50.35105895996094,57.47058168638599,0.001,3.2197489738464355
4059,8,59,405,46.97750473022461,57.32835460937132,0.001,3.624717950820923
4060,8,60,2293,48.788455963134766,57.169199112692205,0.001,3.0540683269500732
4061,8,61,74,52.84980392456055,57.132576549849944,0.001,3.3510890007019043
4062,8,62,680,58.57227325439453,57.14472337050841,0.001,2.96662974357605
4063,8,63,1259,49.098670959472656,57.04524629007161,0.001,2.9129257202148438
4064,8,64,2378,60.04612350463867,57.09794276272475,0.001,3.6447038650512695
4065,8,65,1556,49.259429931640625,56.96355182692628,0.001,3.0243582725524902
4066,8,66,1334,48.78335189819336,56.89871889161894,0.001,3.1392931938171387
4067,8,67,56,55.88010025024414,56.881757378290104,0.001,3.0207977294921875
4068,8,68,2511,57.5042839050293,56.88916422244363,0.001,3.08099627494812
4069,8,69,2425,52.047996520996094,56.81047734154643,0.001,3.6809418201446533
4070,8,70,685,50.19517517089844,56.70652633300006,0.001,3.1076173782348633
4071,8,71,481,54.138553619384766,56.666278126209725,0.001,3.296983003616333
4072,8,72,1399,50.363487243652344,56.53529469513377,0.001,3.114100456237793
4073,8,73,2784,51.4881591796875,56.43360040509899,0.001,3.706688165664673
4074,8,74,408,41.20598602294922,56.273263770395545,0.001,3.001072406768799
4075,8,75,1844,57.82435989379883,56.28297981734945,0.001,3.005305290222168
4076,8,76,707,45.876068115234375,56.21476044833864,0.001,3.059877634048462
4077,8,77,742,42.687889099121094,55.95361006875543,0.001,3.2014176845550537
4078,8,78,1714,48.95996856689453,55.85666921760951,0.001,3.651036500930786
4079,8,79,2772,42.856895446777344,55.67507716575674,0.001,3.1136083602905273
4080,8,80,2673,51.95310592651367,55.62285317695566,0.001,3.104736328125
4081,8,81,453,51.40015411376953,55.5819350190071,0.001,3.1832897663116455
4082,8,82,392,50.221832275390625,55.48675754145882,0.001,3.753223419189453
4083,8,83,254,43.496543884277344,55.2766541300345,0.001,3.3651750087738037
4084,8,84,2722,50.89009475708008,55.25131966711783,0.001,3.0178890228271484
4085,8,85,2845,50.53194808959961,55.1702240327149,0.001,2.994019031524658
4086,8,86,693,49.31622314453125,55.07076023668026,0.001,3.3500306606292725
4087,8,87,2538,46.79840087890625,55.02097900756901,0.001,3.7251036167144775
4088,8,88,710,47.280765533447266,54.925101317222875,0.001,3.0549256801605225
4089,8,89,2075,43.846290588378906,54.829061902005805,0.001,2.9949958324432373
4090,8,90,2241,52.29926300048828,54.787583885882704,0.001,2.9160096645355225
4091,8,91,388,44.47291946411133,54.73074583023395,0.001,3.210244655609131
4092,8,92,1706,53.02669906616211,54.710492257232175,0.001,4.416062593460083
4093,8,93,1117,50.4354133605957,54.65916526015778,0.001,2.9865643978118896
4094,8,94,490,50.23499298095703,54.6339665689611,0.001,2.896444082260132
4095,8,95,1751,50.51388168334961,54.599680982536476,0.001,2.924099922180176
4096,8,96,337,38.26405715942383,54.477906810420855,0.001,3.721999168395996
4097,8,97,1088,47.513160705566406,54.40011121427037,0.001,3.0874195098876953
4098,8,98,1457,45.85701370239258,54.27332705820258,0.001,3.033668279647827
4099,8,99,1196,44.09165954589844,54.22358736506076,0.001,2.9394171237945557
4100,8,100,2930,40.829193115234375,54.1542074791874,0.001,3.008901357650757
4101,8,101,383,62.5427360534668,54.27305673754272,0.001,3.7142393589019775
4102,8,102,1768,59.02656173706055,54.2976099359346,0.001,3.1129415035247803
4103,8,103,2406,56.800048828125,54.33383558350996,0.001,3.031020402908325
4104,8,104,1649,39.85438537597656,54.17939315951948,0.001,3.0667994022369385
4105,8,105,1540,43.11006164550781,54.12317660057187,0.001,3.379807949066162
4106,8,106,336,39.75845718383789,53.92190566231415,0.001,3.0795605182647705
4107,8,107,699,41.22199249267578,53.79275226513548,0.001,3.0251123905181885
4108,8,108,2449,42.991092681884766,53.682208830103434,0.001,3.0128719806671143
4109,8,109,274,50.25209045410156,53.64804604197871,0.001,2.889116048812866
4110,8,110,728,48.909423828125,53.600410908374094,0.001,3.4740469455718994
4111,8,111,447,47.69547653198242,53.57202440857026,0.001,2.9912288188934326
4112,8,112,458,49.037445068359375,53.549992314203365,0.001,2.8821563720703125
4113,8,113,770,44.34757995605469,53.458255389028615,0.001,3.330629825592041
4114,8,114,2595,51.7678337097168,53.45044309931501,0.001,2.9258313179016113
4115,8,115,694,44.55240249633789,53.33604718736411,0.001,3.5513670444488525
4116,8,116,1443,47.14020919799805,53.257744476591014,0.001,3.065176248550415
4117,8,117,2197,50.618534088134766,53.23298092408634,0.001,3.024013042449951
4118,8,118,1092,44.72965621948242,53.12705400089508,0.001,3.0855093002319336
4119,8,119,378,53.75341796875,53.13475114512007,0.001,3.035896062850952
4120,8,120,436,47.006561279296875,53.09538288690716,0.001,3.724029779434204
4121,8,121,689,53.534095764160156,53.09822306858705,0.001,2.938220739364624
4122,8,122,60,43.5629997253418,53.036866196677195,0.001,3.1343681812286377
4123,8,123,601,48.691951751708984,52.98518664524018,0.001,3.073561429977417
4124,8,124,2593,40.08536911010742,52.86865071235376,0.001,3.1820805072784424
4125,8,125,1126,42.224281311035156,52.7441870607324,0.001,3.391832113265991
4126,8,126,2401,35.83091735839844,52.59557099019352,0.001,3.0743231773376465
4127,8,127,2399,38.03240203857422,52.54191316486809,0.001,3.077502489089966
4128,8,128,2789,39.40705871582031,52.42988092430811,0.001,3.0435423851013184
4129,8,129,2596,41.53229522705078,52.3637102643193,0.001,3.933558940887451
4130,8,130,1302,47.80805587768555,52.3158607998044,0.001,3.0843052864074707
4131,8,131,686,32.24563217163086,52.14468165566918,0.001,2.9815642833709717
4132,8,132,1888,46.82471466064453,52.08703702305475,0.001,2.9445509910583496
4133,8,133,2140,47.298667907714844,52.069085146079544,0.001,2.9475154876708984
4134,8,134,2535,43.75032043457031,52.036649495243765,0.001,3.9898149967193604
4135,8,135,424,48.33329391479492,52.016149927380916,0.001,3.140742063522339
4136,8,136,2216,39.47236251831055,51.97265482888489,0.001,3.1156041622161865
4137,8,137,774,40.412147521972656,51.87943415296703,0.001,3.008540391921997
4138,8,138,717,45.14730453491211,51.80793633614876,0.001,3.477137804031372
4139,8,139,1149,35.54495620727539,51.67814797735458,0.001,3.2548506259918213
4140,8,140,2706,40.283775329589844,51.63754012619203,0.001,3.029212474822998
4141,8,141,1495,45.64652633666992,51.590494897991746,0.001,2.93666934967041
4142,8,142,65,46.21407699584961,51.570096355523205,0.001,3.021897792816162
4143,8,143,1127,45.333396911621094,51.534897234196265,0.001,3.7973484992980957
4144,8,144,1360,45.8067512512207,51.51446159303494,0.001,2.985321521759033
4145,8,145,2758,47.196128845214844,51.48155004538603,0.001,2.9558603763580322
4146,8,146,519,36.680274963378906,51.331322860082025,0.001,3.0431103706359863
4147,8,147,961,38.01616287231445,51.19875145179351,0.001,3.082192897796631
4148,8,148,773,45.95362091064453,51.15969345342095,0.001,3.584890604019165
4149,8,149,2494,40.33066177368164,51.08029392918254,0.001,3.080767869949341
4150,8,150,2590,46.01097106933594,51.054479036263466,0.001,2.9989774227142334
4151,8,151,2278,47.05376434326172,51.02482642235469,0.001,3.1814980506896973
4152,8,152,469,43.57778549194336,50.953285855464415,0.001,3.188223361968994
4153,8,153,1809,38.345542907714844,50.83514323516513,0.001,3.5653133392333984
4154,8,154,811,40.8612060546875,50.803722969074045,0.001,2.9988415241241455
4155,8,155,2274,34.70482635498047,50.69172133764767,0.001,3.0808985233306885
4156,8,156,719,36.36452102661133,50.55739839357126,0.001,2.995887279510498
4157,8,157,1132,35.05865478515625,50.44765921433674,0.001,3.6406891345977783
4158,8,158,344,37.71308898925781,50.405393034584236,0.001,2.9610342979431152
4159,8,159,787,38.49587631225586,50.365559949818554,0.001,2.865863084793091
4160,8,160,2709,46.24223327636719,50.35217123564753,0.001,2.9658873081207275
4161,8,161,1615,38.30783462524414,50.271297461478554,0.001,3.1059670448303223
4162,8,162,1699,41.40444564819336,50.22915342543177,0.001,3.7553493976593018
4163,8,163,695,32.58314895629883,50.10849687047744,0.001,3.161654472351074
4164,8,164,2552,40.46915054321289,50.044221880543056,0.001,3.165788173675537
4165,8,165,1819,39.082515716552734,50.00890227618188,0.001,3.210815906524658
4166,8,166,2585,33.42776870727539,49.90046572546316,0.001,3.6701748371124268
4167,8,167,834,36.619384765625,49.783603757117106,0.001,3.3717408180236816
4168,8,168,904,49.393619537353516,49.781981816842794,0.001,3.072779417037964
4169,8,169,1493,43.189918518066406,49.72449428854855,0.001,2.896056890487671
4170,8,170,2874,39.76366424560547,49.66121436157538,0.001,2.942300796508789
4171,8,171,913,39.53253936767578,49.61471321866159,0.001,3.7209155559539795
4172,8,172,2565,30.381467819213867,49.5547978572932,0.001,2.9068784713745117
4173,8,173,523,43.670169830322266,49.50429695350725,0.001,2.91933536529541
4174,8,174,507,59.45011901855469,49.52530314480666,0.001,3.096569538116455
4175,8,175,2050,36.943851470947266,49.469412182429,0.001,2.9608776569366455
4176,8,176,2763,30.913156509399414,49.41398843809075,0.001,4.160776615142822
4177,8,177,1181,44.681297302246094,49.384970058937554,0.001,3.132850408554077
4178,8,178,2221,39.83954620361328,49.32427175118318,0.001,3.0547232627868652
4179,8,179,2460,36.623687744140625,49.28670036426819,0.001,3.009009599685669
4180,8,180,789,35.580711364746094,49.20225416753689,0.001,3.1387815475463867
4181,8,181,2196,43.39179229736328,49.18688627848279,0.001,3.5158331394195557
4182,8,182,2781,35.67368698120117,49.134952348571474,0.001,3.083524465560913
4183,8,183,98,37.54457092285156,49.040364015232264,0.001,2.9603142738342285
4184,8,184,2008,55.540401458740234,49.05718470043305,0.001,2.978814125061035
4185,8,185,73,40.38623809814453,49.0318501749525,0.001,3.413102626800537
4186,8,186,264,39.90393829345703,48.97653302980191,0.001,2.987471103668213
4187,8,187,2672,40.337284088134766,48.9073134950412,0.001,3.00961971282959
4188,8,188,954,49.434173583984375,48.908805952029056,0.001,3.033069133758545
4189,8,189,2435,31.275606155395508,48.85742294063418,0.001,3.136803150177002
4190,8,190,2767,41.359127044677734,48.81253909262229,0.001,3.5582852363586426
4191,8,191,382,29.631980895996094,48.76028466475905,0.001,2.939422607421875
4192,8,192,2533,24.634788513183594,48.65737925589188,0.001,3.1608517169952393
4193,8,193,374,29.565820693969727,48.510150119527,0.001,3.037585973739624
4194,8,194,2654,36.767616271972656,48.41940545328662,0.001,3.0974669456481934
4195,8,195,2392,32.435150146484375,48.35298934171088,0.001,3.6556220054626465
4196,8,196,951,36.53535461425781,48.28563547432259,0.001,2.9688212871551514
4197,8,197,496,37.155452728271484,48.22506992206148,0.001,3.0099146366119385
4198,8,198,607,39.91277313232422,48.20349915058169,0.001,2.921990394592285
4199,8,199,956,36.70602035522461,48.117548032743,0.001,3.1597979068756104
4200,8,200,2229,36.18096923828125,48.07620556009324,0.001,3.262125253677368
4201,8,201,2147,35.44804382324219,47.98188986292463,0.001,2.9296770095825195
4202,8,202,2462,35.4214973449707,47.888122206626605,0.001,2.9173502922058105
4203,8,203,361,34.76323318481445,47.79675051771546,0.001,3.3396763801574707
4204,8,204,2051,45.14486312866211,47.782193884911244,0.001,3.602017879486084
4205,8,205,814,28.749385833740234,47.73152659382678,0.001,3.060596227645874
4206,8,206,2427,34.476959228515625,47.66129046096245,0.001,3.0687062740325928
4207,8,207,808,35.26481246948242,47.595113876170736,0.001,2.967088222503662
4208,8,208,2588,35.15140914916992,47.5054050698151,0.001,3.011622905731201
4209,8,209,2775,35.158817291259766,47.440642968357835,0.001,3.795764923095703
4210,8,210,266,41.75889205932617,47.4005861874661,0.001,2.948249578475952
4211,8,211,705,28.525737762451172,47.2665841490375,0.001,3.0726613998413086
4212,8,212,2871,30.985445022583008,47.15420663278084,0.001,2.967996835708618
4213,8,213,441,35.83176803588867,47.095671384237946,0.001,2.9481403827667236
4214,8,214,1363,43.4686393737793,47.07702701115407,0.001,3.684330940246582
4215,8,215,2909,42.278564453125,47.05221401628036,0.001,3.0455870628356934
4216,8,216,852,39.14955139160156,47.012331400936205,0.001,2.9853830337524414
4217,8,217,1762,37.64223861694336,46.964910868981704,0.001,2.9805781841278076
4218,8,218,342,31.907594680786133,46.86214435777124,0.001,3.491875648498535
4219,8,219,2923,30.675167083740234,46.805839224234404,0.001,3.860077381134033
4220,8,220,2901,36.27764129638672,46.7673522629756,0.001,3.0177834033966064
4221,8,221,521,27.42769432067871,46.72160681027322,0.001,2.9975380897521973
4222,8,222,990,34.62267303466797,46.66011650826685,0.001,2.792038679122925
4223,8,223,759,33.229400634765625,46.594432846270394,0.001,3.445030927658081
4224,8,224,825,32.338443756103516,46.56181058027356,0.001,2.8926472663879395
4225,8,225,2652,22.426382064819336,46.50627732538702,0.001,3.1121068000793457
4226,8,226,471,27.73592758178711,46.38517664299726,0.001,2.9563064575195312
4227,8,227,989,31.126752853393555,46.31113326795015,0.001,3.0720021724700928
4228,8,228,1397,31.404787063598633,46.2139819423372,0.001,3.620737314224243
4229,8,229,1764,35.112850189208984,46.14156744681261,0.001,2.892265558242798
4230,8,230,721,33.297569274902344,46.098401635941826,0.001,2.9474525451660156
4231,8,231,514,38.39542007446289,46.071803544381766,0.001,3.1229827404022217
4232,8,232,2694,29.053312301635742,46.03352892429554,0.001,3.0519134998321533
4233,8,233,400,31.04328155517578,45.98803334615107,0.001,3.6058802604675293
4234,8,234,178,29.241910934448242,45.910878949488925,0.001,3.097301959991455
4235,8,235,962,35.67522430419922,45.87619088125376,0.001,2.9902310371398926
4236,8,236,2668,35.57158279418945,45.827389232955476,0.001,3.0176761150360107
4237,8,237,827,40.01296615600586,45.811257148343394,0.001,2.887106418609619
4238,8,238,1596,39.508636474609375,45.79079002736437,0.001,3.2423059940338135
4239,8,239,1151,33.05935287475586,45.750154905054764,0.001,3.0361487865448
4240,8,240,991,31.619298934936523,45.71968335780215,0.001,3.200885772705078
4241,8,241,2603,28.03229331970215,45.61387326763524,0.001,3.020648241043091
4242,8,242,832,27.619609832763672,45.50474404007416,0.001,3.7969579696655273
4243,8,243,77,30.60920524597168,45.4360785016176,0.001,2.9591684341430664
4244,8,244,2523,33.59744644165039,45.36453563753784,0.001,2.9077327251434326
4245,8,245,861,31.19244956970215,45.31882757574535,0.001,2.958220958709717
4246,8,246,2580,43.953983306884766,45.31084897705912,0.001,3.1290316581726074
4247,8,247,801,28.652536392211914,45.25922300582851,0.001,3.737194061279297
4248,8,248,1554,24.41568374633789,45.21435711819011,0.001,3.0462701320648193
4249,8,249,1153,30.172426223754883,45.12470846469367,0.001,3.1158838272094727
4250,8,250,448,35.74161148071289,45.082331823240686,0.001,3.136704921722412
4251,8,251,915,29.287246704101562,45.05038729202636,0.001,3.119467258453369
4252,8,252,873,30.201801300048828,45.02303625920305,0.001,3.543811082839966
4253,8,253,1453,32.053157806396484,44.997794379122915,0.001,3.048368453979492
4254,8,254,2066,35.344539642333984,44.94194724827384,0.001,3.0424327850341797
4255,8,255,32,34.98814392089844,44.883338831684725,0.001,2.980520486831665
4256,8,256,401,33.40876770019531,44.833729485960106,0.001,3.9160284996032715
4257,8,257,518,27.27902603149414,44.79753822644167,0.001,3.0862550735473633
4258,8,258,743,32.528785705566406,44.77257590540426,0.001,2.949208974838257
4259,8,259,870,28.803773880004883,44.72357877817723,0.001,2.934955358505249
4260,8,260,256,27.077119827270508,44.67033433529948,0.001,3.0791265964508057
4261,8,261,2682,25.5097599029541,44.56023673009923,0.001,3.512972593307495
4262,8,262,1383,30.08919906616211,44.515759851327765,0.001,3.022451162338257
4263,8,263,819,34.26597595214844,44.47230877128419,0.001,3.1281790733337402
4264,8,264,2613,38.31810760498047,44.446775451796576,0.001,2.954254388809204
4265,8,265,863,38.54221725463867,44.421898448138826,0.001,2.9595260620117188
4266,8,266,986,39.018524169921875,44.39900955660655,0.001,4.242642402648926
4267,8,267,727,31.240028381347656,44.373323334816675,0.001,3.0473439693450928
4268,8,268,2099,22.72433853149414,44.30892157847237,0.001,3.0579628944396973
4269,8,269,2479,25.740638732910156,44.23479558632857,0.001,2.9529950618743896
4270,8,270,69,36.0756721496582,44.189733003562765,0.001,3.7181801795959473
4271,8,271,2564,27.455272674560547,44.12247493667638,0.001,3.0197811126708984
4272,8,272,363,26.21048927307129,44.087824627243585,0.001,2.926378011703491
4273,8,273,778,37.60225296020508,44.06167072504033,0.001,2.929940700531006
4274,8,274,461,40.51561737060547,44.04272073527315,0.001,2.9858620166778564
4275,8,275,372,26.61115264892578,44.01329967108552,0.001,3.6233749389648438
4276,8,276,68,25.012075424194336,43.95758661999056,0.001,3.0317983627319336
4277,8,277,788,35.04172897338867,43.90985645334918,0.001,3.286109685897827
4278,8,278,94,32.23355484008789,43.85141308774464,0.001,3.0200977325439453
4279,8,279,864,26.526134490966797,43.82036047989546,0.001,2.9327552318573
4280,8,280,920,23.381542205810547,43.71111627953525,0.001,3.702934503555298
4281,8,281,1627,36.53949737548828,43.68262746723122,0.001,3.2697415351867676
4282,8,282,2343,28.428876876831055,43.640363905668465,0.001,3.0503053665161133
4283,8,283,1523,39.090065002441406,43.63184847249442,0.001,3.1090426445007324
4284,8,284,2455,27.981159210205078,43.6020343144368,0.001,3.784627676010132
4285,8,285,2927,47.908348083496094,43.60898000452983,0.001,3.1630806922912598
4286,8,286,1326,18.113933563232422,43.56232806978609,0.001,2.850332498550415
4287,8,287,2098,36.037357330322266,43.543111415049204,0.001,3.0977423191070557
4288,8,288,1484,30.484243392944336,43.49201304413249,0.001,2.8534984588623047
4289,8,289,2864,27.04391860961914,43.446139306022786,0.001,3.6883347034454346
4290,8,290,2911,32.52811050415039,43.427566311896044,0.001,3.0311384201049805
4291,8,291,2335,26.180522918701172,43.39513117079783,0.001,3.0514190196990967
4292,8,292,919,29.56574821472168,43.323367253332975,0.001,3.0597710609436035
4293,8,293,1097,21.96347427368164,43.28555091723683,0.001,3.006333112716675
4294,8,294,37,29.220407485961914,43.21458370245611,0.001,3.7048003673553467
4295,8,295,67,29.361221313476562,43.16203618789671,0.001,2.945815086364746
4296,8,296,459,26.877635955810547,43.13292644350874,0.001,2.935833215713501
4297,8,297,771,26.55828857421875,43.070840136730375,0.001,3.002403497695923
4298,8,298,981,27.50082015991211,43.012246971764796,0.001,3.2015023231506348
4299,8,299,522,28.198719024658203,42.938197404201574,0.001,3.669715642929077
4300,8,300,977,28.07518768310547,42.89981550025449,0.001,3.02270770072937
4301,8,301,851,26.083740234375,42.81474380991432,0.001,3.0964267253875732
4302,8,302,2906,26.835695266723633,42.75591645385564,0.001,3.0223989486694336
4303,8,303,972,22.757261276245117,42.6836865851206,0.001,3.4763927459716797
4304,8,304,616,27.752376556396484,42.61145886751379,0.001,3.138753652572632
4305,8,305,2832,25.037893295288086,42.5301154968222,0.001,2.9750843048095703
4306,8,306,803,28.4612979888916,42.50637771232584,0.001,2.9691927433013916
4307,8,307,1777,25.882822036743164,42.44696496422471,0.001,3.0634679794311523
4308,8,308,390,24.595563888549805,42.40201474484913,0.001,3.8052282333374023
4309,8,309,2793,26.591760635375977,42.324847232090576,0.001,3.1640801429748535
4310,8,310,64,26.74696159362793,42.29783329566742,0.001,3.03763747215271
4311,8,311,2502,23.570316314697266,42.20766046711344,0.001,3.1279520988464355
4312,8,312,2223,26.05544662475586,42.130483934943136,0.001,3.0088205337524414
4313,8,313,706,24.153539657592773,42.09957203718584,0.001,4.167094945907593
4314,8,314,916,18.773258209228516,42.05948448512151,0.001,3.327415704727173
4315,8,315,2055,24.629243850708008,41.97741072634813,0.001,3.006037473678589
4316,8,316,2188,39.46514892578125,41.96864418859278,0.001,3.220452070236206
4317,8,317,2563,20.401691436767578,41.91442322635492,0.001,3.9674031734466553
4318,8,318,682,32.57745361328125,41.87124248961471,0.001,2.851510524749756
4319,8,319,611,24.948474884033203,41.829837036113155,0.001,3.0542070865631104
4320,8,320,1735,17.44797134399414,41.78907565009753,0.001,3.079793691635132
4321,8,321,350,26.284912109375,41.73495722594937,0.001,3.112208127975464
4322,8,322,468,25.829309463500977,41.662488380907185,0.001,3.717850685119629
4323,8,323,858,27.52566909790039,41.64147179824247,0.001,2.8408915996551514
4324,8,324,1543,24.774555206298828,41.61342638996018,0.001,2.974964141845703
4325,8,325,914,27.417110443115234,41.56493817893261,0.001,3.0846540927886963
4326,8,326,966,23.285263061523438,41.521181187428645,0.001,3.8279335498809814
4327,8,327,1921,22.303972244262695,41.455795826957896,0.001,3.1882543563842773
4328,8,328,1642,22.90061378479004,41.39366594056508,0.001,3.0022547245025635
4329,8,329,1823,27.607839584350586,41.33010447443057,0.001,3.0105459690093994
4330,8,330,1263,26.536602020263672,41.28032444809653,0.001,2.9607393741607666
4331,8,331,1821,30.889883041381836,41.263729041859904,0.001,3.7610602378845215
4332,8,332,1372,24.75298309326172,41.20862976876479,0.001,3.022149085998535
4333,8,333,1575,28.30083465576172,41.164485635548296,0.001,2.97928786277771
4334,8,334,1577,26.260412216186523,41.11508251562794,0.001,3.0605106353759766
4335,8,335,1797,12.257485389709473,41.0684301461231,0.001,3.099334239959717
4336,8,336,1361,30.929651260375977,41.052412865572016,0.001,3.885862350463867
4337,8,337,1648,22.683454513549805,41.00906297897299,0.001,2.9499173164367676
4338,8,338,1343,21.377605438232422,40.980143011283374,0.001,2.9899044036865234
4339,8,339,1440,23.48387336730957,40.9237056646464,0.001,2.979773998260498
4340,8,340,2040,27.374675750732422,40.863663762104025,0.001,3.4752001762390137
4341,8,341,1951,25.750452041625977,40.814143236906325,0.001,3.222433567047119
4342,8,342,1846,26.703210830688477,40.768531395137245,0.001,3.042104721069336
4343,8,343,1516,26.840755462646484,40.72356848597138,0.001,3.080322027206421
4344,8,344,1434,31.514915466308594,40.69476594433559,0.001,3.0102272033691406
4345,8,345,1083,31.005084991455078,40.65411594414697,0.001,3.563948631286621
4346,8,346,190,19.370040893554688,40.56075201703711,0.001,3.0540590286254883
4347,8,347,1346,30.935060501098633,40.52115985196909,0.001,2.9416019916534424
4348,8,348,1864,26.12358283996582,40.4990843518388,0.001,3.095430374145508
4349,8,349,1714,23.180564880371094,40.44530992818045,0.001,3.09212589263916
4350,8,350,1443,25.728988647460938,40.38345054471355,0.001,3.771516799926758
4351,8,351,1568,23.367551803588867,40.3300423032902,0.001,3.345616102218628
4352,8,352,1888,27.201969146728516,40.27581308262877,0.001,3.0072073936462402
4353,8,353,1127,26.112964630126953,40.2433882230598,0.001,3.2406764030456543
4354,8,354,2098,29.390901565551758,40.22106142174875,0.001,3.6371102333068848
4355,8,355,1523,24.920690536499023,40.19821022802377,0.001,3.007300615310669
4356,8,356,1756,23.565881729125977,40.14717557822972,0.001,2.9304819107055664
4357,8,357,1151,22.883697509765625,40.11020210298521,0.001,2.9131386280059814
4358,8,358,1326,15.272979736328125,40.07397930862212,0.001,3.16627836227417
4359,8,359,1519,29.48411750793457,40.0405504714382,0.001,4.108494997024536
4360,8,360,1923,21.810012817382812,39.98297985621086,0.001,2.898434638977051
4361,8,361,1118,23.662260055541992,39.93291694396129,0.001,2.8979430198669434
4362,8,362,2050,19.922027587890625,39.88980678208389,0.001,2.991466760635376
4363,8,363,1365,22.10321807861328,39.863745277156696,0.001,3.0439484119415283
4364,8,364,1313,34.46287536621094,39.84266346187224,0.001,3.832345485687256
4365,8,365,1265,19.808574676513672,39.81344900215219,0.001,2.927665948867798
4366,8,366,178,22.672264099121094,39.762542965461506,0.001,3.0857889652252197
4367,8,367,1493,23.713430404663086,39.69753509097414,0.001,3.126894235610962
4368,8,368,1495,23.475297927856445,39.64828999584247,0.001,3.8189799785614014
4369,8,369,1262,14.520430564880371,39.61272213285353,0.001,2.980410099029541
4370,8,370,2000,17.8270320892334,39.581837152354055,0.001,3.1146347522735596
4371,8,371,2071,32.08929443359375,39.56586899417349,0.001,3.0861668586730957
4372,8,372,2067,21.078577041625977,39.52531694569888,0.001,3.05818510055542
4373,8,373,2060,34.30302047729492,39.50961129563857,0.001,3.95705509185791
4374,8,374,1344,20.759061813354492,39.454198577948056,0.001,3.11095929145813
4375,8,375,1806,19.460948944091797,39.37486357404606,0.001,2.920356512069702
4376,8,376,2204,22.73028564453125,39.31019996485263,0.001,2.9942872524261475
4377,8,377,1679,16.028806686401367,39.260095779155186,0.001,3.124587297439575
4378,8,378,1809,22.421030044555664,39.195303509948474,0.001,3.5723416805267334
4379,8,379,1938,19.246524810791016,39.1683895616779,0.001,2.93914532661438
4380,8,380,1791,21.55546760559082,39.13207012972908,0.001,3.0011093616485596
4381,8,381,1737,27.0780029296875,39.08642510871071,0.001,2.9916319847106934
4382,8,382,2219,21.519039154052734,39.06352222230626,0.001,3.477112293243408
4383,8,383,1768,29.79399871826172,39.05074593067726,0.001,3.1210618019104004
4384,8,384,1554,19.84450912475586,39.02379653573363,0.001,2.9016873836517334
4385,8,385,1098,20.46371078491211,38.98494196220512,0.001,2.9589576721191406
4386,8,386,1310,25.192626953125,38.93150209332027,0.001,3.0560946464538574
4387,8,387,2179,23.042720794677734,38.89832270809252,0.001,3.6047277450561523
4388,8,388,2223,25.037229537963867,38.84485741814478,0.001,3.280052661895752
4389,8,389,1802,27.702102661132812,38.8130662900498,0.001,2.7783408164978027
4390,8,390,1769,20.79975700378418,38.743834275436,0.001,2.8835103511810303
4391,8,391,1264,20.054901123046875,38.71798198265808,0.001,3.0353150367736816
4392,8,392,1093,26.804628372192383,38.673711690884545,0.001,3.713505506515503
4393,8,393,1397,30.711769104003906,38.64333267343054,0.001,3.094306468963623
4394,8,394,2152,30.718156814575195,38.62119583353804,0.001,2.9730026721954346
4395,8,395,1764,29.562641143798828,38.586605063537704,0.001,2.962052822113037
4396,8,396,2095,22.429691314697266,38.527444935555955,0.001,2.9639127254486084
4397,8,397,1692,28.022979736328125,38.48850289112206,0.001,3.6740763187408447
4398,8,398,1342,34.909889221191406,38.47873152834897,0.001,2.9913671016693115
4399,8,399,1363,42.35686111450195,38.489465553115096,0.001,3.0150623321533203
4400,8,400,2233,32.95751953125,38.478574103327,0.001,2.9815053939819336
4401,8,401,1556,22.2701416015625,38.433624575618815,0.001,3.323369026184082
4402,8,402,1616,20.625791549682617,38.383475541637054,0.001,3.235164165496826
4403,8,403,2328,20.4596004486084,38.34786217168428,0.001,2.9818739891052246
4404,8,404,1132,23.20191764831543,38.30572524187967,0.001,3.005429983139038
4405,8,405,1502,22.47512435913086,38.24727609339486,0.001,2.9560301303863525
4406,8,406,1838,18.077335357666016,38.1933120444245,0.001,3.72808575630188
4407,8,407,2196,28.05771827697754,38.18148843636741,0.001,3.22548246383667
4408,8,408,1735,20.548608779907227,38.15847316393419,0.001,2.9199600219726562
4409,8,409,1686,30.538135528564453,38.13103194168755,0.001,2.911027431488037
4410,8,410,1339,25.770654678344727,38.11487514638771,0.001,2.9067699909210205
4411,8,411,1317,18.764652252197266,38.09005135841669,0.001,3.9980928897857666
4412,8,412,1109,35.903038024902344,38.082481145497404,0.001,2.9678361415863037
4413,8,413,1921,27.70915412902832,38.054701037104905,0.001,3.0042800903320312
4414,8,414,2051,28.730249404907227,38.02960212392642,0.001,3.0549609661102295
4415,8,415,1690,18.462064743041992,38.00450444412675,0.001,2.904582977294922
4416,8,416,1794,17.839418411254883,37.95168190700946,0.001,3.654313802719116
4417,8,417,1699,27.419876098632812,37.93217456676021,0.001,3.1050527095794678
4418,8,418,1333,33.00998306274414,37.91908749924584,0.001,2.94071626663208
4419,8,419,1602,39.960758209228516,37.920791228845964,0.001,3.0836174488067627
4420,8,420,2398,26.944011688232422,37.88249117962599,0.001,3.6761457920074463
4421,8,421,2163,18.175640106201172,37.829216223501945,0.001,3.0698468685150146
4422,8,422,2347,19.382625579833984,37.780831679103564,0.001,2.9102425575256348
4423,8,423,1113,29.050609588623047,37.75037646650649,0.001,2.9254345893859863
4424,8,424,1532,23.621360778808594,37.70152558809146,0.001,2.923734188079834
4425,8,425,2075,21.036069869995117,37.67104785740814,0.001,4.083917617797852
4426,8,426,1081,30.542261123657227,37.65249920351547,0.001,3.0238656997680664
4427,8,427,1149,21.935832977294922,37.61139417786767,0.001,3.0688130855560303
4428,8,428,2413,20.278200149536133,37.56599255641868,0.001,3.0318634510040283
4429,8,429,1700,26.070526123046875,37.54365207896439,0.001,3.0921521186828613
4430,8,430,1596,33.18693161010742,37.53582641851161,0.001,3.5399444103240967
4431,8,431,2435,17.313737869262695,37.51031597789347,0.001,2.9176506996154785
4432,8,432,1675,21.270156860351562,37.48087396805424,0.001,2.9212942123413086
4433,8,433,1839,15.256394386291504,37.4542891868563,0.001,2.941744327545166
4434,8,434,1527,33.71737289428711,37.44479308107818,0.001,3.021895408630371
4435,8,435,2482,18.999122619628906,37.38153878888666,0.001,3.783025026321411
4436,8,436,1777,21.08235740661621,37.34071224056771,0.001,3.0869646072387695
4437,8,437,2450,22.342529296875,37.30339712368732,0.001,2.9301862716674805
4438,8,438,1557,26.163774490356445,37.26564189582406,0.001,2.962723731994629
4439,8,439,2401,17.622556686401367,37.21544386442514,0.001,3.4923179149627686
4440,8,440,1128,17.74508285522461,37.16644087686459,0.001,3.1591949462890625
4441,8,441,1914,14.616415977478027,37.13949642525004,0.001,3.049140214920044
4442,8,442,1569,34.264137268066406,37.13224840100119,0.001,3.0613553524017334
4443,8,443,2197,25.17336654663086,37.10256163053736,0.001,3.1890695095062256
4444,8,444,1814,16.236717224121094,37.05129783700311,0.001,3.475311517715454
4445,8,445,2192,33.191062927246094,37.047459214797136,0.001,3.0004327297210693
4446,8,446,2034,18.61212730407715,36.987368554507434,0.001,2.963409423828125
4447,8,447,1903,18.613914489746094,36.95538005618997,0.001,2.96429181098938
4448,8,448,1473,24.26504135131836,36.93584312805352,0.001,3.198474407196045
4449,8,449,2422,15.235787391662598,36.91028581898657,0.001,3.6207387447357178
4450,8,450,1636,19.649559020996094,36.853462197027966,0.001,3.0176448822021484
4451,8,451,2278,32.652469635009766,36.84298453454991,0.001,3.066056489944458
4452,8,452,1649,22.564823150634766,36.80791013447508,0.001,2.8841567039489746
4453,8,453,1153,19.85558319091797,36.75225959202086,0.001,3.9674477577209473
4454,8,454,1832,23.28717613220215,36.70850240258269,0.001,3.48858642578125
4455,8,455,2117,21.346101760864258,36.67208876429437,0.001,2.9747817516326904
4456,8,456,1355,20.57411766052246,36.63289248132832,0.001,2.940382242202759
4457,8,457,1571,20.306640625,36.580492591768696,0.001,3.056697368621826
4458,8,458,273,21.34008026123047,36.54344989088805,0.001,3.421233892440796
4459,8,459,2229,18.870542526245117,36.51719311927214,0.001,2.880129337310791
4460,8,460,2007,20.748992919921875,36.479565022547646,0.001,2.989149332046509
4461,8,461,1460,15.71505069732666,36.443885230686114,0.001,2.9849321842193604
4462,8,462,2341,17.994035720825195,36.384704435782275,0.001,3.4643073081970215
4463,8,463,1896,17.99433135986328,36.34119935449791,0.001,3.577378511428833
4464,8,464,2340,24.7196102142334,36.31418699633718,0.001,2.9586126804351807
4465,8,465,2529,19.465341567993164,36.27331360609081,0.001,2.9765708446502686
4466,8,466,2543,21.438138961791992,36.237998430571736,0.001,3.0162601470947266
4467,8,467,2188,36.90966796875,36.23957059628915,0.001,3.044912099838257
4468,8,468,2241,25.95492935180664,36.2069043937726,0.001,3.6066694259643555
4469,8,469,1373,21.342660903930664,36.17948467623159,0.001,3.065675973892212
4470,8,470,1617,26.94005012512207,36.15163887223749,0.001,3.0474560260772705
4471,8,471,1570,21.38880729675293,36.13502003982396,0.001,2.9157423973083496
4472,8,472,1182,16.4161434173584,36.088635944078895,0.001,3.7316150665283203
4473,8,473,2494,24.107337951660156,36.06097694102401,0.001,3.0371897220611572
4474,8,474,1453,21.627763748168945,36.046095186698416,0.001,2.906262159347534
4475,8,475,264,20.53975486755371,36.00989696528717,0.001,3.068512439727783
4476,8,476,1097,14.601553916931152,35.986929373325324,0.001,3.066225528717041
4477,8,477,2498,23.306190490722656,35.96602030013127,0.001,3.6540634632110596
4478,8,478,1484,21.507610321044922,35.932326873533164,0.001,3.02120304107666
4479,8,479,2462,20.481157302856445,35.88428832492593,0.001,2.9678516387939453
4480,8,480,2013,21.687103271484375,35.869008082088136,0.001,3.09773588180542
4481,8,481,1324,23.420223236083984,35.831298748345844,0.001,3.1155924797058105
4482,8,482,1762,21.79960823059082,35.79930304731038,0.001,3.644866704940796
4483,8,483,2113,19.087196350097656,35.760677058983426,0.001,2.8899776935577393
4484,8,484,1682,28.501859664916992,35.744200910825576,0.001,2.9899518489837646
4485,8,485,28,13.05036735534668,35.7197546333433,0.001,2.946568250656128
4486,8,486,1393,27.449127197265625,35.700887818429514,0.001,3.1096138954162598
4487,8,487,2191,26.187068939208984,35.685160689429644,0.001,3.5536582469940186
4488,8,488,1925,21.129161834716797,35.669641636397635,0.001,2.960169792175293
4489,8,489,2249,25.372543334960938,35.64594556280245,0.001,2.944486618041992
4490,8,490,2455,19.607479095458984,35.62834909232806,0.001,3.124882936477661
4491,8,491,2377,23.765287399291992,35.601773339335914,0.001,3.5243587493896484
4492,8,492,2449,17.985675811767578,35.56221065177635,0.001,3.044158935546875
4493,8,493,2055,16.054555892944336,35.5039989901648,0.001,2.9259836673736572
4494,8,494,2399,18.720006942749023,35.48799028434907,0.001,3.0710318088531494
4495,8,495,2166,23.15230941772461,35.46842952148721,0.001,2.9306535720825195
4496,8,496,1945,16.934038162231445,35.413391779071794,0.001,3.538583278656006
4497,8,497,1087,28.452903747558594,35.39317058105174,0.001,2.898042678833008
4498,8,498,1482,17.318876266479492,35.37433332766792,0.001,3.049079418182373
4499,8,499,2499,21.870298385620117,35.35294293391799,0.001,3.455350399017334
4500,9,0,2673,26.9140567779541,26.9140567779541,0.001,2.9699761867523193
4501,9,1,2464,22.078136444091797,25.347617613872703,0.001,4.276131868362427
4502,9,2,2387,41.42163848876953,30.5350045897362,0.001,3.101146936416626
4503,9,3,2425,29.067060470581055,30.077440443437993,0.001,2.975482702255249
4504,9,4,2184,29.310461044311523,29.93719495370674,0.001,2.864790916442871
4505,9,5,1828,15.510746955871582,26.231917221939522,0.001,3.0785024166107178
4506,9,6,1548,23.874284744262695,25.87035966901799,0.001,4.039743661880493
4507,9,7,2297,28.824827194213867,26.284587059096964,0.001,3.051187515258789
4508,9,8,2537,22.343032836914062,25.799686534634965,0.001,2.991011619567871
4509,9,9,2502,19.744409561157227,24.95542351778313,0.001,3.0059142112731934
4510,9,10,1399,27.98535919189453,25.327867192589615,0.001,3.623185634613037
4511,9,11,1845,19.13555145263672,25.085193932838923,0.001,3.0110204219818115
4512,9,12,1368,16.626232147216797,24.57923299523914,0.001,2.841998815536499
4513,9,13,1586,15.434847831726074,23.67126380651006,0.001,3.0836827754974365
4514,9,14,2432,15.218152046203613,23.380839615414445,0.001,2.9871034622192383
4515,9,15,1909,21.56538963317871,23.225229616937096,0.001,3.5217344760894775
4516,9,16,2758,21.244020462036133,23.104389477141403,0.001,2.88600754737854
4517,9,17,1626,11.093269348144531,22.77480875119108,0.001,2.995712995529175
4518,9,18,1580,22.530420303344727,22.7648516938609,0.001,2.860051155090332
4519,9,19,2294,14.65436840057373,22.5567225004385,0.001,2.9632716178894043
4520,9,20,256,21.933218002319336,22.5331403678787,0.001,3.675431728363037
4521,9,21,2511,26.70101547241211,22.68861734494143,0.001,3.0677056312561035
4522,9,22,2274,23.384695053100586,22.722155903338205,0.001,3.1295409202575684
4523,9,23,1620,33.065711975097656,22.881397038317797,0.001,3.101404905319214
4524,9,24,1848,22.064245223999023,22.831741828523494,0.001,3.0901360511779785
4525,9,25,2147,25.503032684326172,22.98515829632214,0.001,3.5992507934570312
4526,9,26,1334,13.4214448928833,22.79734243832782,0.001,2.8693978786468506
4527,9,27,38,16.952545166015625,22.62599745560252,0.001,2.8764891624450684
4528,9,28,2874,20.273191452026367,22.53570077117075,0.001,3.0115344524383545
4529,9,29,1706,26.2331485748291,22.67453059465088,0.001,3.557774782180786
4530,9,30,1173,21.675884246826172,22.656821647231073,0.001,3.1835238933563232
4531,9,31,1530,26.640050888061523,22.84405405516556,0.001,3.326493263244629
4532,9,32,2871,21.6989688873291,22.792871948795515,0.001,3.7161693572998047
4533,9,33,2585,17.104412078857422,22.61083211542458,0.001,3.1512131690979004
4534,9,34,1370,28.796911239624023,22.807625956451883,0.001,3.0773122310638428
4535,9,35,2335,18.144208908081055,22.73676258794019,0.001,3.006762981414795
4536,9,36,2073,15.859018325805664,22.640311768172065,0.001,3.2519748210906982
4537,9,37,1576,12.166032791137695,22.491881505326734,0.001,2.928840160369873
4538,9,38,1274,30.811527252197266,22.73138997183336,0.001,3.071094512939453
4539,9,39,2523,24.465229034423828,22.79682998882746,0.001,3.4631128311157227
4540,9,40,2436,21.728055953979492,22.78252410831525,0.001,2.9065401554107666
4541,9,41,2720,24.87650489807129,22.8079267674036,0.001,3.2225944995880127
4542,9,42,1480,20.23923110961914,22.77517398231379,0.001,2.8665931224823
4543,9,43,1676,22.084657669067383,22.750838806098994,0.001,3.607630968093872
4544,9,44,2538,12.237627029418945,22.620830184909213,0.001,3.1274874210357666
4545,9,45,1089,24.701017379760742,22.69020805089153,0.001,2.945533275604248
4546,9,46,1627,27.627872467041016,22.811845136580917,0.001,2.914583921432495
4547,9,47,2225,25.306743621826172,22.890399708782628,0.001,3.0078234672546387
4548,9,48,2584,23.12896156311035,22.89767291742258,0.001,3.6706466674804688
4549,9,49,2834,28.811307907104492,23.073844067248746,0.001,3.055640459060669
4550,9,50,1481,32.40166091918945,23.27947432472627,0.001,2.9917914867401123
4551,9,51,1540,30.895748138427734,23.35818378790217,0.001,2.921627998352051
4552,9,52,2654,27.4747371673584,23.473572846605833,0.001,2.9168336391448975
4553,9,53,2458,16.17290687561035,23.32434684302024,0.001,3.7216908931732178
4554,9,54,1772,18.70733070373535,23.199586251413013,0.001,3.0207366943359375
4555,9,55,2080,23.354015350341797,23.203613540108595,0.001,3.2408933639526367
4556,9,56,1751,22.14080810546875,23.189030105901047,0.001,2.906480550765991
4557,9,57,2617,19.56705665588379,23.099330150938915,0.001,3.1201822757720947
4558,9,58,403,14.71425724029541,22.989925094837485,0.001,4.184046268463135
4559,9,59,1541,13.741981506347656,22.91656133526389,0.001,3.0367610454559326
4560,9,60,2614,21.053115844726562,22.872517983611772,0.001,2.9642252922058105
4561,9,61,2008,24.7530574798584,22.88672232589397,0.001,3.089603900909424
4562,9,62,2596,17.461387634277344,22.81891459223316,0.001,3.7920656204223633
4563,9,63,2864,24.603256225585938,22.84118731823438,0.001,2.926199436187744
4564,9,64,2652,13.232503890991211,22.764078242183935,0.001,2.832381248474121
4565,9,65,2202,25.683650970458984,22.82980514731315,0.001,3.085432529449463
4566,9,66,1779,23.102455139160156,22.835753107295343,0.001,3.161860942840576
4567,9,67,2479,14.478299140930176,22.705280884644775,0.001,3.5994696617126465
4568,9,68,2181,19.631052017211914,22.68174296057928,0.001,3.006645679473877
4569,9,69,2668,22.658327102661133,22.68136950060544,0.001,2.9353294372558594
4570,9,70,1463,14.12825870513916,22.62579727970534,0.001,2.99007511138916
4571,9,71,2750,29.023181915283203,22.672777665307017,0.001,2.862891674041748
4572,9,72,1585,22.809064865112305,22.675513019851618,0.001,3.764559507369995
4573,9,73,1506,14.066238403320312,22.61663654944457,0.001,3.4022247791290283
4574,9,74,1111,26.330354690551758,22.671837293477473,0.001,3.019202470779419
4575,9,75,1858,22.07553482055664,22.663171129987415,0.001,3.108429431915283
4576,9,76,2392,16.304027557373047,22.596340336007916,0.001,3.793091297149658
4577,9,77,2066,19.87858772277832,22.54493827839794,0.001,3.1124629974365234
4578,9,78,336,16.799875259399414,22.4369968817901,0.001,3.1582024097442627
4579,9,79,32,18.168832778930664,22.357415977065894,0.001,3.0977611541748047
4580,9,80,2565,14.466744422912598,22.30528344716766,0.001,3.0331239700317383
4581,9,81,2930,12.055160522460938,22.240588452433364,0.001,3.744514226913452
4582,9,82,2588,15.55471134185791,22.120514117408966,0.001,2.950986623764038
4583,9,83,1900,30.95734977722168,22.177576266923882,0.001,3.046008586883545
4584,9,84,461,19.192895889282227,22.12629570410386,0.001,2.8466076850891113
4585,9,85,2510,20.35111427307129,22.09629857774188,0.001,2.953888177871704
4586,9,86,2832,18.224262237548828,22.034468758867284,0.001,3.4664230346679688
4587,9,87,453,19.415395736694336,22.01135023208274,0.001,2.935420036315918
4588,9,88,2427,17.790069580078125,21.960449122757105,0.001,3.0069007873535156
4589,9,89,1250,11.96865177154541,21.902876635558727,0.001,3.041494369506836
4590,9,90,1844,27.646678924560547,21.93250127838887,0.001,3.4374074935913086
4591,9,91,1470,18.02147102355957,21.886638349472808,0.001,2.9929986000061035
4592,9,92,377,14.113222122192383,21.820343869446695,0.001,2.894148349761963
4593,9,93,65,19.682464599609375,21.807980578370103,0.001,2.9413208961486816
4594,9,94,1259,14.800418853759766,21.750295321537187,0.001,3.165492057800293
4595,9,95,1918,16.27454948425293,21.665489403296366,0.001,3.5361361503601074
4596,9,96,1311,15.551088333129883,21.572696778585495,0.001,3.0330471992492676
4597,9,97,514,19.923248291015625,21.559176111114674,0.001,3.005730628967285
4598,9,98,372,15.498534202575684,21.530632936950827,0.001,2.8683574199676514
4599,9,99,2452,23.517919540405273,21.552763600186,0.001,2.906538248062134
4600,9,100,73,27.30249786376953,21.58348726248059,0.001,3.5578625202178955
4601,9,101,69,28.188508987426758,21.68046870290775,0.001,2.901188850402832
4602,9,102,2619,23.942394256591797,21.6965018467736,0.001,2.9615819454193115
4603,9,103,432,35.792877197265625,21.844824336848706,0.001,2.961901903152466
4604,9,104,2793,23.88373565673828,21.87404970099773,0.001,2.9878015518188477
4605,9,105,455,32.38917922973633,21.91447503297782,0.001,3.5210886001586914
4606,9,106,1717,16.897459030151367,21.88973573093091,0.001,2.9938268661499023
4607,9,107,56,20.187898635864258,21.872086663180127,0.001,3.058084011077881
4608,9,108,1793,28.60901641845703,21.962788051189445,0.001,3.013293981552124
4609,9,109,2101,34.187808990478516,22.128724383066846,0.001,2.920968770980835
4610,9,110,1766,41.41714859008789,22.194616902189658,0.001,4.418909072875977
4611,9,111,2593,19.866079330444336,22.1709437237069,0.001,2.9117074012756348
4612,9,112,607,18.490493774414062,22.15424892438167,0.001,2.983633518218994
4613,9,113,519,18.031002044677734,22.100235735241107,0.001,2.9788219928741455
4614,9,114,2172,16.682249069213867,22.046888801220714,0.001,3.8136348724365234
4615,9,115,518,24.238786697387695,22.056996126427546,0.001,2.9370477199554443
4616,9,116,1174,27.982351303100586,22.11373994065675,0.001,3.002977132797241
4617,9,117,685,14.446595191955566,22.04221527380906,0.001,3.0740082263946533
4618,9,118,1088,21.102540969848633,22.033593642011297,0.001,3.036914110183716
4619,9,119,1439,27.1578426361084,22.096016188812815,0.001,3.6980772018432617
4620,9,120,363,21.110652923583984,22.09171228522322,0.001,2.969306707382202
4621,9,121,2476,18.805465698242188,22.077295231657466,0.001,2.9691665172576904
4622,9,122,2443,14.907041549682617,22.01260228070987,0.001,3.0261330604553223
4623,9,123,340,17.297489166259766,21.970006159608833,0.001,2.997429847717285
4624,9,124,2672,21.55967903137207,21.965105690249175,0.001,3.6638240814208984
4625,9,125,2378,33.479103088378906,22.067842397404686,0.001,2.983228921890259
4626,9,126,743,23.00797462463379,22.071750632226696,0.001,3.0942611694335938
4627,9,127,68,19.726150512695312,22.056831439079524,0.001,3.054849624633789
4628,9,128,2669,25.835586547851562,22.07268652234871,0.001,3.5537102222442627
4629,9,129,368,19.553068161010742,22.050246255590245,0.001,3.288480281829834
4630,9,130,2706,17.480587005615234,22.032499602170226,0.001,3.108970880508423
4631,9,131,2927,46.25784683227539,22.118036140469833,0.001,3.0170786380767822
4632,9,132,2270,21.862762451171875,22.11512617693534,0.001,3.0233592987060547
4633,9,133,773,23.022859573364258,22.122737889728537,0.001,3.704486846923828
4634,9,134,1181,21.34258460998535,22.116401246207413,0.001,2.9283995628356934
4635,9,135,2763,12.019068717956543,22.07685083312099,0.001,3.0726993083953857
4636,9,136,2610,21.41353988647461,22.074238488567378,0.001,3.0477612018585205
4637,9,137,2923,20.830921173095703,22.067171645773538,0.001,2.953725576400757
4638,9,138,707,15.66336727142334,22.04382254740286,0.001,3.6092190742492676
4639,9,139,803,16.522552490234375,22.022976626048848,0.001,3.1081295013427734
4640,9,140,721,19.42256736755371,22.008183507480616,0.001,3.0178921222686768
4641,9,141,2564,18.06972312927246,21.977088911874453,0.001,3.073120355606079
4642,9,142,325,22.126131057739258,21.978272846454423,0.001,3.5932929515838623
4643,9,143,350,19.565067291259766,21.959058841314544,0.001,3.2364306449890137
4644,9,144,392,21.75218391418457,21.956920441566776,0.001,3.030733346939087
4645,9,145,272,15.159768104553223,21.918909093612214,0.001,3.0223474502563477
4646,9,146,771,15.454048156738281,21.86929621098602,0.001,2.896376609802246
4647,9,147,2784,20.265031814575195,21.85287777019667,0.001,4.070931911468506
4648,9,148,693,17.678985595703125,21.810585140191005,0.001,3.0641727447509766
4649,9,149,695,18.339073181152344,21.784295891965375,0.001,2.901627779006958
4650,9,150,2448,17.65560531616211,21.74361546633674,0.001,3.1409378051757812
4651,9,151,834,16.033205032348633,21.687655203840336,0.001,2.8579063415527344
4652,9,152,64,17.919797897338867,21.67431865245749,0.001,3.5191547870635986
4653,9,153,2692,19.5414981842041,21.653684494038135,0.001,3.1038339138031006
4654,9,154,374,16.603717803955078,21.605517237791876,0.001,3.024948835372925
4655,9,155,861,18.135345458984375,21.587756076664693,0.001,2.8677823543548584
4656,9,156,2140,19.6644287109375,21.581501957579253,0.001,3.020653247833252
4657,9,157,266,24.96178436279297,21.613405818491096,0.001,3.7568981647491455
4658,9,158,1383,18.246986389160156,21.596236141312183,0.001,2.9003567695617676
4659,9,159,1915,14.380584716796875,21.560560294218437,0.001,3.100839376449585
4660,9,160,920,15.849010467529297,21.507063611223764,0.001,3.1423866748809814
4661,9,161,274,17.782875061035156,21.481841143767024,0.001,3.4494175910949707
4662,9,162,521,11.533626556396484,21.44949182855522,0.001,3.1829018592834473
4663,9,163,717,17.050264358520508,21.40962802469943,0.001,2.973830461502075
4664,9,164,471,14.101691246032715,21.344614462150588,0.001,3.0168707370758057
4665,9,165,446,14.024040222167969,21.29599181195425,0.001,2.8857316970825195
4666,9,166,2580,21.570011138916016,21.298362483024576,0.001,3.6481614112854004
4667,9,167,177,15.032686233520508,21.257628283379173,0.001,2.8118793964385986
4668,9,168,689,26.214317321777344,21.280787072769776,0.001,2.692913293838501
4669,9,169,1196,14.693160057067871,21.26195864709067,0.001,2.8036086559295654
4670,9,170,759,12.65674114227295,21.20658950326078,0.001,2.872673749923706
4671,9,171,458,26.565603256225586,21.22359156730754,0.001,3.8518104553222656
4672,9,172,376,20.01905632019043,21.219829763434753,0.001,2.8714303970336914
4673,9,173,2929,20.404125213623047,21.214589262667744,0.001,3.013197422027588
4674,9,174,2906,23.581531524658203,21.22963583321309,0.001,2.966217041015625
4675,9,175,915,18.90795135498047,21.222856933715775,0.001,2.941218614578247
4676,9,176,1615,20.56487464904785,21.21878530569277,0.001,3.7363667488098145
4677,9,177,827,24.706134796142578,21.231833111890648,0.001,3.0445430278778076
4678,9,178,1879,22.51243782043457,21.23766452071267,0.001,3.0572574138641357
4679,9,179,788,23.099069595336914,21.253135810345135,0.001,2.95646595954895
4680,9,180,2709,28.895044326782227,21.275409569096016,0.001,2.961229085922241
4681,9,181,1394,23.238048553466797,21.287498715344018,0.001,3.5194082260131836
4682,9,182,852,21.023487091064453,21.28589904406663,0.001,2.912611246109009
4683,9,183,2298,11.696983337402344,21.25871220519137,0.001,3.0458486080169678
4684,9,184,825,20.790199279785156,21.257388409786373,0.001,3.161292791366577
4685,9,185,2343,16.029935836791992,21.235040251888325,0.001,2.9518463611602783
4686,9,186,2144,12.172401428222656,21.20921815465956,0.001,3.3584272861480713
4687,9,187,851,14.775400161743164,21.156588707930993,0.001,2.997749090194702
4688,9,188,2243,18.22507667541504,21.133295436068938,0.001,2.8766839504241943
4689,9,189,468,18.81342887878418,21.11521977443887,0.001,2.9411470890045166
4690,9,190,956,15.784814834594727,21.073757410907355,0.001,3.7606942653656006
4691,9,191,1092,21.76150894165039,21.079094540853806,0.001,3.0620241165161133
4692,9,192,2282,19.82677459716797,21.075648015364987,0.001,3.020700216293335
4693,9,193,408,12.050848007202148,21.0388202831458,0.001,2.863851308822632
4694,9,194,727,17.62478256225586,21.029597748099565,0.001,2.9953930377960205
4695,9,195,175,17.91419792175293,21.0165783630628,0.001,3.9580636024475098
4696,9,196,1117,22.296058654785156,21.0240020146778,0.001,2.974543809890747
4697,9,197,710,19.862443923950195,21.0174566389871,0.001,2.9947988986968994
4698,9,198,2590,20.97991943359375,21.017309967942317,0.001,2.94899320602417
4699,9,199,2595,13.142333984375,20.99636858046069,0.001,3.4367220401763916
4700,9,200,2505,13.221370697021484,20.975128411679783,0.001,3.6671156883239746
4701,9,201,2522,20.193233489990234,20.970805683529345,0.001,3.094627618789673
4702,9,202,2203,17.053117752075195,20.941789497264434,0.001,3.0158135890960693
4703,9,203,1395,14.56295394897461,20.924732498464596,0.001,2.972351551055908
4704,9,204,2794,11.965452194213867,20.900935482365643,0.001,3.8497471809387207
4705,9,205,67,26.701391220092773,20.932751130252534,0.001,3.2275023460388184
4706,9,206,728,17.99424171447754,20.91668568981787,0.001,3.1359848976135254
4707,9,207,488,17.387569427490234,20.89147406155281,0.001,3.0012316703796387
4708,9,208,361,19.321435928344727,20.88076536481089,0.001,2.9329609870910645
4709,9,209,742,15.591044425964355,20.842958572368378,0.001,3.615565776824951
4710,9,210,1812,18.9429931640625,20.82938062819657,0.001,3.1101601123809814
4711,9,211,1442,19.140914916992188,20.823094991785478,0.001,3.130361557006836
4712,9,212,2789,24.632047653198242,20.84302224786163,0.001,3.3800482749938965
4713,9,213,2157,18.874141693115234,20.829334921078924,0.001,3.176229953765869
4714,9,214,863,26.119571685791016,20.85696685704424,0.001,3.6720693111419678
4715,9,215,954,15.275117874145508,20.8432312664736,0.001,3.0319690704345703
4716,9,216,962,19.851049423217773,20.839546896518286,0.001,3.080259084701538
4717,9,217,787,24.41745376586914,20.848430301443766,0.001,2.9337949752807617
4718,9,218,2349,15.323339462280273,20.811020381004116,0.001,3.8106579780578613
4719,9,219,405,11.906728744506836,20.777914506238655,0.001,3.0179293155670166
4720,9,220,60,14.593480110168457,20.7555815833877,0.001,2.9202463626861572
4721,9,221,1105,14.779914855957031,20.74061025985308,0.001,3.3151228427886963
4722,9,222,961,14.02000904083252,20.695804995357136,0.001,2.8618147373199463
4723,9,223,1543,15.107878684997559,20.68226820826979,0.001,3.7155206203460693
4724,9,224,1488,20.00661849975586,20.67805063903186,0.001,3.005722761154175
4725,9,225,2251,20.404996871948242,20.677060256056212,0.001,2.9373674392700195
4726,9,226,870,16.223186492919922,20.66130098888113,0.001,3.045149087905884
4727,9,227,469,15.687577247619629,20.628835954431928,0.001,3.0507419109344482
4728,9,228,770,20.40526008605957,20.62772727393567,0.001,3.774240016937256
4729,9,229,864,18.847972869873047,20.62381477805321,0.001,3.0429394245147705
4730,9,230,2205,13.649969100952148,20.589393806312586,0.001,2.876631259918213
4731,9,231,2909,16.840038299560547,20.571124753148293,0.001,2.932375431060791
4732,9,232,1302,23.588947296142578,20.589198306916348,0.001,3.6995294094085693
4733,9,233,2583,14.984840393066406,20.56222216060295,0.001,3.125356674194336
4734,9,234,1122,10.872481346130371,20.528746483248298,0.001,2.8184516429901123
4735,9,235,1503,16.538623809814453,20.516278423473572,0.001,2.9381418228149414
4736,9,236,811,17.45498275756836,20.509880879373572,0.001,2.8728890419006348
4737,9,237,2608,16.983232498168945,20.487323921343236,0.001,3.5369327068328857
4738,9,238,496,25.507715225219727,20.509838770697595,0.001,3.07771372795105
4739,9,239,1862,11.832250595092773,20.49050326750539,0.001,2.9385483264923096
4740,9,240,1099,15.552806854248047,20.459839673711468,0.001,2.934842348098755
4741,9,241,1441,20.947303771972656,20.46093999574154,0.001,2.9000070095062256
4742,9,242,990,21.919044494628906,20.46782376216594,0.001,3.996840476989746
4743,9,243,390,18.668312072753906,20.46206425322327,0.001,3.1195778846740723
4744,9,244,814,10.826789855957031,20.44043684773761,0.001,2.8856234550476074
4745,9,245,367,19.182418823242188,20.436379450195908,0.001,2.958864688873291
4746,9,246,522,16.345443725585938,20.411500791881625,0.001,3.0570926666259766
4747,9,247,481,17.587080001831055,20.398728418558264,0.001,3.5961973667144775
4748,9,248,699,15.687298774719238,20.377837091354476,0.001,2.8813276290893555
4749,9,249,1807,32.7977180480957,20.45102514613957,0.001,3.1172404289245605
4750,9,250,601,23.434791564941406,20.468722354719706,0.001,3.1395812034606934
4751,9,251,383,25.465648651123047,20.49728930525484,0.001,4.006815195083618
4752,9,252,1155,17.389982223510742,20.49064007831431,0.001,2.990602493286133
4753,9,253,2064,15.597076416015625,20.468877268027057,0.001,2.9076080322265625
4754,9,254,401,22.892608642578125,20.47949935644567,0.001,3.0365521907806396
4755,9,255,986,30.19477081298828,20.522549977969057,0.001,3.0170552730560303
4756,9,256,1123,23.150983810424805,20.530683843644493,0.001,4.13864278793335
4757,9,257,686,11.654516220092773,20.491453619930063,0.001,3.05265474319458
4758,9,258,694,16.340850830078125,20.467684018919883,0.001,3.245321035385132
4759,9,259,2682,16.954132080078125,20.447372894717816,0.001,3.041895627975464
4760,9,260,424,18.562850952148438,20.441914743702725,0.001,3.0993432998657227
4761,9,261,1965,15.64336109161377,20.414566556719183,0.001,3.633894205093384
4762,9,262,2099,10.60605525970459,20.384820620568387,0.001,2.832735061645508
4763,9,263,2327,16.14897918701172,20.372306600284396,0.001,2.9846317768096924
4764,9,264,490,16.1888427734375,20.3637582171176,0.001,2.994232654571533
4765,9,265,2601,22.025230407714844,20.372863454827197,0.001,3.887012004852295
4766,9,266,342,17.148473739624023,20.35470130516103,0.001,3.0733444690704346
4767,9,267,801,15.145453453063965,20.339725653564475,0.001,3.0168073177337646
4768,9,268,832,14.04841423034668,20.305322052558832,0.001,2.9104175567626953
4769,9,269,904,31.33733558654785,20.333995416713623,0.001,2.973414659500122
4770,9,270,2694,11.000655174255371,20.315879756023694,0.001,4.403997182846069
4771,9,271,991,17.26458168029785,20.310055842342145,0.001,2.898327350616455
4772,9,272,2782,16.032747268676758,20.286574059971894,0.001,2.9330625534057617
4773,9,273,523,19.47340965270996,20.28213977166381,0.001,3.1784133911132812
4774,9,274,1902,17.932228088378906,20.27263867042978,0.001,3.1408255100250244
4775,9,275,2535,12.111284255981445,20.256992711275778,0.001,3.3489983081817627
4776,9,276,2901,13.49661636352539,20.23715098032033,0.001,2.938220500946045
4777,9,277,919,16.452056884765625,20.216664913883257,0.001,2.9896552562713623
4778,9,278,705,12.93216609954834,20.177459289006258,0.001,2.947850465774536
4779,9,279,2221,18.199188232421875,20.169479349846036,0.001,3.4322702884674072
4780,9,280,382,11.604052543640137,20.15382186723595,0.001,3.0249576568603516
4781,9,281,1120,14.696502685546875,20.139198143732,0.001,3.013218402862549
4782,9,282,2563,13.167442321777344,20.119575071259394,0.001,3.0773372650146484
4783,9,283,2845,16.738372802734375,20.101979087883667,0.001,3.0056357383728027
4784,9,284,1551,18.098735809326172,20.09405252776856,0.001,3.5740880966186523
4785,9,285,2552,17.019329071044922,20.082245789890163,0.001,2.8497302532196045
4786,9,286,2722,18.47089385986328,20.079502026028972,0.001,3.0498790740966797
4787,9,287,989,16.388303756713867,20.065299379654373,0.001,2.9556541442871094
4788,9,288,98,13.594870567321777,20.032043970173742,0.001,2.921694040298462
4789,9,289,778,15.945267677307129,20.016550926655064,0.001,3.717430591583252
4790,9,290,1549,15.35385513305664,20.00349197407862,0.001,2.8472397327423096
4791,9,291,706,16.452234268188477,19.996953876701753,0.001,3.109015703201294
4792,9,292,1360,11.6488676071167,19.98229279035788,0.001,2.944139003753662
4793,9,293,2781,28.092554092407227,20.001519120752643,0.001,2.8318843841552734
4794,9,294,37,23.844757080078125,20.020733349501093,0.001,4.088319540023804
4795,9,295,2272,18.937362670898438,20.016669329801697,0.001,3.3708131313323975
4796,9,296,1161,13.957730293273926,20.006487432379057,0.001,2.9133658409118652
4797,9,297,2861,15.144968032836914,19.988207747660326,0.001,3.0010006427764893
4798,9,298,400,24.772857666015625,19.999617281389938,0.001,3.7277700901031494
4799,9,299,913,16.172372817993164,19.989498691553912,0.001,3.0641651153564453
4800,9,300,2569,21.234434127807617,19.992785265573854,0.001,2.907626152038574
4801,9,301,916,11.945756912231445,19.978360061998334,0.001,3.056234836578369
4802,9,302,2603,19.33945083618164,19.97530168206144,0.001,2.9649500846862793
4803,9,303,2293,18.16236114501953,19.968493491704823,0.001,3.788369655609131
4804,9,304,250,25.537534713745117,19.978231926065604,0.001,2.8448092937469482
4805,9,305,873,17.771190643310547,19.974851401241132,0.001,2.9264090061187744
4806,9,306,1457,14.278361320495605,19.947482229917824,0.001,2.8680481910705566
4807,9,307,2775,20.364290237426758,19.948973205443128,0.001,3.043452024459839
4808,9,308,1306,21.99492645263672,19.958786914112114,0.001,3.7867746353149414
4809,9,309,94,17.33526039123535,19.946946053464178,0.001,2.9302027225494385
4810,9,310,1819,20.100141525268555,19.947209758530093,0.001,2.946688652038574
4811,9,311,2548,15.38186264038086,19.931160771819297,0.001,2.951450824737549
4812,9,312,914,19.405818939208984,19.929297048524802,0.001,2.979691982269287
4813,9,313,2547,33.80408477783203,19.978674348486216,0.001,3.6293885707855225
4814,9,314,1693,15.341694831848145,19.95691661388134,0.001,2.9429850578308105
4815,9,315,972,13.207355499267578,19.933608754046986,0.001,3.068965196609497
4816,9,316,1878,16.848102569580078,19.92596679818295,0.001,3.061206102371216
4817,9,317,611,16.049718856811523,19.916435457041093,0.001,3.427543878555298
4818,9,318,808,18.98401641845703,19.91320894904263,0.001,3.2851574420928955
4819,9,319,951,17.53911590576172,19.90497613122291,0.001,2.988823413848877
4820,9,320,2325,18.680065155029297,19.900720664514633,0.001,2.861686944961548
4821,9,321,2406,28.172727584838867,19.939127926811977,0.001,3.066115140914917
4822,9,322,680,17.719226837158203,19.93552427440414,0.001,3.694827079772949
4823,9,323,254,15.595352172851562,19.915783422233194,0.001,3.047814130783081
4824,9,324,2149,13.193960189819336,19.89248092053793,0.001,2.959526538848877
4825,9,325,1514,14.780071258544922,19.884241935150772,0.001,3.118067741394043
4826,9,326,388,14.110589027404785,19.875270040502816,0.001,2.9390742778778076
4827,9,327,441,15.851799964904785,19.86163797999148,0.001,4.028316020965576
4828,9,328,2235,17.982608795166016,19.853205841352814,0.001,2.99176287651062
4829,9,329,2513,13.399815559387207,19.842895717441483,0.001,3.0465009212493896
4830,9,330,977,12.725337028503418,19.826296490419107,0.001,2.9589061737060547
4831,9,331,2660,15.667040824890137,19.808089879782365,0.001,3.0262386798858643
4832,9,332,774,14.221818923950195,19.789414308769203,0.001,3.9763131141662598
4833,9,333,344,10.49898910522461,19.77462274424489,0.001,2.849442720413208
4834,9,334,2613,15.195899963378906,19.759598132648417,0.001,3.1098694801330566
4835,9,335,2460,14.227340698242188,19.750868675772914,0.001,2.966885805130005
4836,9,336,682,16.68791961669922,19.737472031209062,0.001,3.9737653732299805
4837,9,337,789,13.368481636047363,19.71657211529045,0.001,2.9367451667785645
4838,9,338,1126,14.369039535522461,19.693127337912156,0.001,3.017606258392334
4839,9,339,2772,12.740163803100586,19.670485113778405,0.001,3.0155563354492188
4840,9,340,1817,13.692538261413574,19.66150374983366,0.001,3.012070655822754
4841,9,341,436,16.521240234375,19.65432883142253,0.001,3.657528877258301
4842,9,342,1090,18.457914352416992,19.651591740642385,0.001,2.9842307567596436
4843,9,343,337,19.12297248840332,19.65048485734627,0.001,3.099607467651367
4844,9,344,448,17.010053634643555,19.641758409623954,0.001,2.9672837257385254
4845,9,345,447,11.373214721679688,19.628905072339975,0.001,3.388587713241577
4846,9,346,616,13.817240715026855,19.604256377124546,0.001,3.3933053016662598
4847,9,347,492,16.05941390991211,19.589115211026606,0.001,2.998276710510254
4848,9,348,719,15.5197172164917,19.57181822902671,0.001,3.0684421062469482
4849,9,349,966,15.162918090820312,19.562013610294077,0.001,2.9991302490234375
4850,9,350,507,46.21315002441406,19.590081701375187,0.001,3.5758473873138428
4851,9,351,2546,10.903641700744629,19.562822725663956,0.001,3.0814483165740967
4852,9,352,29,11.627035140991211,19.537955502291304,0.001,3.0420618057250977
4853,9,353,434,18.754560470581055,19.536891588712702,0.001,3.106807231903076
4854,9,354,459,14.89249038696289,19.529990177324095,0.001,2.990673303604126
4855,9,355,2534,12.657962799072266,19.51958327064325,0.001,3.9698400497436523
4856,9,356,407,14.70458984375,19.504511163674536,0.001,3.085731267929077
4857,9,357,2767,22.024137496948242,19.51248297041439,0.001,3.001254081726074
4858,9,358,77,17.11115074157715,19.50491978495886,0.001,3.1263959407806396
4859,9,359,2070,15.701934814453125,19.489246449976193,0.001,2.908759355545044
4860,9,360,981,17.289690017700195,19.482438819993632,0.001,3.4921152591705322
4861,9,361,378,17.66363525390625,19.47497650456195,0.001,2.936309337615967
4862,9,362,2533,11.02914810180664,19.45611951065885,0.001,2.9055120944976807
4863,9,363,819,17.67669677734375,19.45065018371194,0.001,2.86551570892334
4864,9,364,2174,25.802452087402344,19.475741067929548,0.001,3.1228578090667725
4865,9,365,858,16.699594497680664,19.47209592492593,0.001,3.4303293228149414
4866,9,366,2911,24.18122100830078,19.478406626079888,0.001,2.914039373397827
4867,9,367,74,13.751066207885742,19.470242721542135,0.001,3.0313777923583984
4868,9,368,2216,16.177698135375977,19.46598162388945,0.001,3.0602896213531494
4869,9,369,1306,13.667411804199219,19.442713911848273,0.001,3.985245704650879
4870,9,370,1482,10.779603958129883,19.4304335865185,0.001,2.9854860305786133
4871,9,371,1812,18.66079330444336,19.427317004769485,0.001,3.0582756996154785
4872,9,372,1173,15.401941299438477,19.421537725611945,0.001,2.982680559158325
4873,9,373,1263,13.821027755737305,19.404822211923126,0.001,2.95194673538208
4874,9,374,1093,18.098237991333008,19.399731552143347,0.001,3.555398941040039
4875,9,375,1921,14.650431632995605,19.385657599671003,0.001,3.0579755306243896
4876,9,376,1118,14.265066146850586,19.370561942835963,0.001,3.043764114379883
4877,9,377,1571,17.419628143310547,19.362918089693387,0.001,3.020673990249634
4878,9,378,1735,13.250480651855469,19.354270140991442,0.001,3.1569104194641113
4879,9,379,1768,20.38074493408203,19.355698491918922,0.001,3.5410337448120117
4880,9,380,1361,23.201278686523438,19.361070540507725,0.001,2.921396255493164
4881,9,381,1823,20.969097137451172,19.367482123531094,0.001,2.9198291301727295
4882,9,382,1105,14.016448974609375,19.359742390858894,0.001,3.0397746562957764
4883,9,383,1864,23.708431243896484,19.36582890269441,0.001,3.4700205326080322
4884,9,384,1111,25.473615646362305,19.383530664470396,0.001,3.5140533447265625
4885,9,385,1310,14.225895881652832,19.363509230468495,0.001,3.0034027099609375
4886,9,386,1460,15.202300071716309,19.354883745500157,0.001,3.0662572383880615
4887,9,387,1363,30.655336380004883,19.387373938449755,0.001,3.156839370727539
4888,9,388,1596,25.12102508544922,19.39887874641773,0.001,3.649174690246582
4889,9,389,1766,35.29308319091797,19.414388806065272,0.001,2.9624409675598145
4890,9,390,1700,22.87545394897461,19.421865651847263,0.001,3.0048365592956543
4891,9,391,2008,26.772037506103516,19.430828932232885,0.001,3.023075580596924
4892,9,392,1155,14.792463302612305,19.424403126606997,0.001,3.022221326828003
4893,9,393,1532,16.57514190673828,19.413648051866936,0.001,3.672301769256592
4894,9,394,1679,10.644074440002441,19.39547527876577,0.001,2.9063727855682373
4895,9,395,1333,21.457565307617188,19.401333382482463,0.001,3.0319082736968994
4896,9,396,1174,15.284964561462402,19.38966277844085,0.001,3.0409345626831055
4897,9,397,2117,17.712526321411133,19.385048873987518,0.001,3.338327169418335
4898,9,398,1120,15.673615455627441,19.377947049261103,0.001,3.7409799098968506
4899,9,399,1324,16.26884651184082,19.36642582668322,0.001,3.098482370376587
4900,9,400,1541,11.544464111328125,19.35693464549263,0.001,2.868990898132324
4901,9,401,1615,16.430191040039062,19.34893466998424,0.001,2.9881491661071777
4902,9,402,1123,20.513347625732422,19.35124550722309,0.001,3.577059268951416
4903,9,403,1393,19.96561050415039,19.35296253546573,0.001,2.9299631118774414
4904,9,404,1676,18.228458404541016,19.348781102018716,0.001,3.0020008087158203
4905,9,405,1556,19.6049747467041,19.34949148503625,0.001,2.8522722721099854
4906,9,406,1470,15.526986122131348,19.339240874968056,0.001,3.427380084991455
4907,9,407,1250,9.938735008239746,19.327078378744513,0.001,3.412679433822632
4908,9,408,2000,11.317684173583984,19.316729110819963,0.001,2.9706382751464844
4909,9,409,1126,12.533103942871094,19.291906983957997,0.001,2.9798197746276855
4910,9,410,1540,12.530268669128418,19.283043214217848,0.001,2.8687379360198975
4911,9,411,1262,7.977146148681641,19.268568599181048,0.001,2.8942079544067383
4912,9,412,2152,20.404687881469727,19.2716303500844,0.001,3.611154079437256
4913,9,413,1149,19.407739639282227,19.272003262697815,0.001,2.9035086631774902
4914,9,414,1488,20.10152244567871,19.27481558696449,0.001,3.0614657402038574
4915,9,415,1132,13.72352409362793,19.259611458330035,0.001,2.9049196243286133
4916,9,416,2040,14.377541542053223,19.24189423220144,0.001,2.9668171405792236
4917,9,417,1383,12.161991119384766,19.228118534203027,0.001,3.3775246143341064
4918,9,418,1434,17.86588478088379,19.224600022268802,0.001,2.930445432662964
4919,9,419,1569,25.50412368774414,19.241463277556974,0.001,2.994433879852295
4920,9,420,1097,11.592069625854492,19.23202427383341,0.001,2.839400291442871
4921,9,421,1440,15.486038208007812,19.222281115153518,0.001,3.0425541400909424
4922,9,422,1568,16.788658142089844,19.215874389596582,0.001,3.4361002445220947
4923,9,423,1626,8.84764575958252,19.20323181552653,0.001,3.05505108833313
4924,9,424,1365,13.626093864440918,19.19618878447934,0.001,2.9810116291046143
4925,9,425,1557,13.629867553710938,19.17651388835598,0.001,2.945897102355957
4926,9,426,2166,21.743654251098633,19.18131184125217,0.001,3.359804391860962
4927,9,427,2163,12.429974555969238,19.163137414789865,0.001,3.252890110015869
4928,9,428,1313,15.65733528137207,19.151431693497507,0.001,3.0454063415527344
4929,9,429,2051,15.899689674377441,19.142900589722924,0.001,2.982883930206299
4930,9,430,1439,16.193174362182617,19.13281364566483,0.001,3.03067684173584
4931,9,431,2067,15.645413398742676,19.12619948361879,0.001,3.64206862449646
4932,9,432,1311,9.864527702331543,19.09436274368587,0.001,2.9290518760681152
4933,9,433,2204,10.575395584106445,19.065545576297737,0.001,3.0148651599884033
4934,9,434,1360,12.796107292175293,19.05808557706123,0.001,2.9229671955108643
4935,9,435,1575,15.165303230285645,19.047861677949466,0.001,3.1404213905334473
4936,9,436,2080,19.633304595947266,19.04987077807561,0.001,4.134336233139038
4937,9,437,2060,30.29243278503418,19.078708880918896,0.001,2.9719462394714355
4938,9,438,2216,13.021184921264648,19.072117887087977,0.001,3.0887556076049805
4939,9,439,2233,17.367773056030273,19.069035160659677,0.001,2.8755483627319336
4940,9,440,1648,13.525030136108398,19.059005963551495,0.001,3.580368757247925
4941,9,441,1554,15.831157684326172,19.055056227300305,0.001,3.850867509841919
4942,9,442,1862,14.493280410766602,19.049548693839423,0.001,2.9526827335357666
4943,9,443,2278,22.176496505737305,19.057569227815918,0.001,3.3512966632843018
4944,9,444,1686,13.318614959716797,19.038341345477978,0.001,3.0773751735687256
4945,9,445,1264,13.140506744384766,19.031143139937658,0.001,3.7576353549957275
4946,9,446,1530,17.880197525024414,19.0273005333271,0.001,3.15322208404541
4947,9,447,2298,11.190385818481445,19.018189388930427,0.001,3.1493914127349854
4948,9,448,1879,14.837154388427734,19.010599361476146,0.001,3.1128478050231934
4949,9,449,2149,10.115643501281738,18.988100881795372,0.001,3.3470263481140137
4950,9,450,2196,12.52292251586914,18.98119568947982,0.001,3.002171277999878
4951,9,451,1923,11.51245403289795,18.962232922787372,0.001,2.9549641609191895
4952,9,452,1762,16.4322566986084,18.955980997161348,0.001,3.024060010910034
4953,9,453,1161,11.579097747802734,18.947798623976926,0.001,3.032221794128418
4954,9,454,1463,13.843128204345703,18.9425650079655,0.001,3.281855344772339
4955,9,455,1675,15.692132949829102,18.93689882167057,0.001,3.372480869293213
4956,9,456,1480,14.071856498718262,18.931276039113236,0.001,3.063444137573242
4957,9,457,2243,12.401082038879395,18.909841358117177,0.001,3.405317783355713
4958,9,458,2335,12.746710777282715,18.90245473213408,0.001,3.4317612648010254
4959,9,459,2013,16.755901336669922,18.899990727412828,0.001,3.6739752292633057
4960,9,460,2070,19.631860733032227,18.902369610213565,0.001,4.2726030349731445
4961,9,461,2274,13.074861526489258,18.888432081994424,0.001,3.049567937850952
4962,9,462,2377,18.877674102783203,18.888406027767886,0.001,2.9959523677825928
4963,9,463,1915,15.608683586120605,18.88278059186955,0.001,4.090435266494751
4964,9,464,1617,21.51106834411621,18.89096819406937,0.001,3.25404691696167
4965,9,465,1098,12.90748405456543,18.88054123693815,0.001,3.0662310123443604
4966,9,466,1580,19.967538833618164,18.882409531202374,0.001,3.0707387924194336
4967,9,467,1355,23.372053146362305,18.89326327616189,0.001,3.5939292907714844
4968,9,468,1127,16.800556182861328,18.889600036336414,0.001,2.9535858631134033
4969,9,469,1122,8.114389419555664,18.870857568397597,0.001,2.9171411991119385
4970,9,470,1502,15.24238109588623,18.85913211397195,0.001,3.0635266304016113
4971,9,471,1527,30.73345375061035,18.887262305066816,0.001,2.885638475418091
4972,9,472,2392,17.32234764099121,18.884570555398902,0.001,3.4913430213928223
4973,9,473,2422,10.274086952209473,18.87481465610668,0.001,3.0017926692962646
4974,9,474,1088,12.91179370880127,18.860970440524735,0.001,3.006554126739502
4975,9,475,1265,12.093242645263672,18.85331099589009,0.001,3.1827359199523926
4976,9,476,1903,14.305207252502441,18.845752865031418,0.001,3.100558280944824
4977,9,477,1896,13.094756126403809,18.832280036865857,0.001,4.239629507064819
4978,9,478,175,9.765650749206543,18.816707892467296,0.001,3.0174357891082764
4979,9,479,2347,12.293174743652344,18.8014060026573,0.001,3.2126166820526123
4980,9,480,1636,10.944330215454102,18.776803590083233,0.001,3.3297507762908936
4981,9,481,1772,11.244366645812988,18.75298795127432,0.001,3.5945076942443848
4982,9,482,1888,24.469083786010742,18.77044856164017,0.001,3.023423433303833
4983,9,483,2387,37.92537307739258,18.80230175372765,0.001,2.9529471397399902
4984,9,484,28,8.331443786621094,18.790783240143377,0.001,3.080446720123291
4985,9,485,1586,11.031445503234863,18.766658931762144,0.001,3.021953582763672
4986,9,486,1372,13.107588768005371,18.753655694392172,0.001,3.722193479537964
4987,9,487,2425,23.09564781188965,18.763698835503966,0.001,2.9057235717773438
4988,9,488,2184,25.782888412475586,18.77533500925255,0.001,2.930438280105591
4989,9,489,2436,17.352039337158203,18.773765574575553,0.001,3.027334451675415
4990,9,490,1938,14.08250904083252,18.768820411244356,0.001,2.916571855545044
4991,9,491,2050,12.236845016479492,18.758329149938145,0.001,3.650120973587036
4992,9,492,1756,16.06447982788086,18.752273018697373,0.001,2.970564365386963
4993,9,493,2427,15.951172828674316,18.746018362063225,0.001,3.0725390911102295
4994,9,494,2071,22.15313720703125,18.75151800705301,0.001,3.0144357681274414
4995,9,495,2460,16.87055778503418,18.749483342490745,0.001,3.520160675048828
4996,9,496,2225,18.74947738647461,18.749483324517637,0.001,3.531917095184326
4997,9,497,2513,12.534220695495605,18.742815161177614,0.001,3.056256055831909
4998,9,498,2270,21.432798385620117,18.751004285498666,0.001,2.906648874282837
4999,9,499,2179,16.370628356933594,18.747118786482392,0.001,3.070672035217285
5000,10,0,1764,17.674646377563477,17.674646377563477,0.001,4.409542560577393
5001,10,1,37,18.218721389770508,17.943375663293423,0.001,3.1130101680755615
5002,10,2,2452,18.59587860107422,18.12040100019646,0.001,3.020136594772339
5003,10,3,1602,24.78432273864746,18.644921530583225,0.001,2.9026734828948975
5004,10,4,1128,16.67841339111328,18.251246751239623,0.001,3.8865222930908203
5005,10,5,1900,26.56139373779297,18.990273907363168,0.001,3.020570993423462
5006,10,6,1794,15.007098197937012,18.385299788229144,0.001,2.8759772777557373
5007,10,7,2203,15.07407283782959,17.818418302385695,0.001,2.9546988010406494
5008,10,8,2499,13.550005912780762,17.459968925115636,0.001,3.0014894008636475
5009,10,9,1326,7.95829439163208,16.964319122453546,0.001,3.571946144104004
5010,10,10,1543,12.258774757385254,16.724309615126682,0.001,3.0929150581359863
5011,10,11,1828,14.001859664916992,16.38210202335234,0.001,3.060441493988037
5012,10,12,1706,16.5181884765625,16.393554875444092,0.001,3.1172282695770264
5013,10,13,2522,18.085113525390625,16.52418441280859,0.001,3.170391321182251
5014,10,14,2552,14.538317680358887,16.381858280766746,0.001,3.557448387145996
5015,10,15,2340,13.655966758728027,16.201671446583426,0.001,2.9621634483337402
5016,10,16,2144,9.537464141845703,15.99588977014732,0.001,3.2516181468963623
5017,10,17,2249,20.527202606201172,16.279640405994265,0.001,2.973165988922119
5018,10,18,1819,21.472143173217773,16.428313743982418,0.001,3.1747703552246094
5019,10,19,1181,17.341856002807617,16.4785958594695,0.001,3.9186320304870605
5020,10,20,1551,16.306610107421875,16.469276648766847,0.001,3.0131492614746094
5021,10,21,1951,11.428601264953613,16.213761494498527,0.001,3.066756248474121
5022,10,22,2202,13.985125541687012,16.071988509614865,0.001,2.8676252365112305
5023,10,23,2523,18.956974029541016,16.243694614480056,0.001,3.635831594467163
5024,10,24,1692,14.234691619873047,16.13135332042636,0.001,3.0281496047973633
5025,10,25,1797,9.387638092041016,15.996170158807423,0.001,2.9611101150512695
5026,10,26,1516,18.9605655670166,16.11279942320955,0.001,2.986379623413086
5027,10,27,2534,17.997722625732422,16.148130998837175,0.001,2.942927360534668
5028,10,28,1113,17.99777603149414,16.239199720459094,0.001,3.6648848056793213
5029,10,29,1693,15.959877967834473,16.226126464024993,0.001,3.1962637901306152
5030,10,30,2235,15.914040565490723,16.212178409038003,0.001,3.0093588829040527
5031,10,31,2614,17.729190826416016,16.276816578501993,0.001,3.105515241622925
5032,10,32,2147,13.209030151367188,16.149693901053563,0.001,3.2515604496002197
5033,10,33,1814,12.026411056518555,16.027886329965185,0.001,3.391646146774292
5034,10,34,2535,13.485114097595215,15.99213495153932,0.001,2.8551182746887207
5035,10,35,2569,17.714609146118164,16.027636689126467,0.001,2.9939796924591064
5036,10,36,2181,11.426508903503418,15.964885707138203,0.001,3.0947630405426025
5037,10,37,2547,29.304033279418945,16.336163675407285,0.001,3.755930185317993
5038,10,38,1339,12.062941551208496,16.279571411017635,0.001,2.8852338790893555
5039,10,39,273,15.974400520324707,16.271367526418203,0.001,3.0461316108703613
5040,10,40,2654,17.465085983276367,16.312484124064113,0.001,3.0251312255859375
5041,10,41,2432,10.041966438293457,16.23576707931076,0.001,3.089107036590576
5042,10,42,2613,15.277019500732422,16.212297889560322,0.001,4.099915981292725
5043,10,43,1523,11.623841285705566,16.1586453082732,0.001,3.050931692123413
5044,10,44,1399,23.194923400878906,16.384462282620085,0.001,3.204747438430786
5045,10,45,1109,18.084089279174805,16.43479548374219,0.001,2.9950122833251953
5046,10,46,2660,14.288833618164062,16.37216261434349,0.001,3.1642608642578125
5047,10,47,2750,17.130598068237305,16.38008038567151,0.001,3.5044243335723877
5048,10,48,256,13.78927993774414,16.34027494757275,0.001,3.1945674419403076
5049,10,49,1346,19.73872947692871,16.432802502026906,0.001,2.8509833812713623
5050,10,50,2282,13.518905639648438,16.40378509282007,0.001,3.036978006362915
5051,10,51,1878,12.843270301818848,16.35188858973458,0.001,3.319206476211548
5052,10,52,2494,19.21198272705078,16.409318316924733,0.001,3.181307792663574
5053,10,53,2192,28.8361873626709,16.508983441987574,0.001,3.3450138568878174
5054,10,54,2172,9.478464126586914,16.368310500047958,0.001,3.085814952850342
5055,10,55,2767,20.474037170410156,16.448633302136386,0.001,3.1501388549804688
5056,10,56,2482,15.535772323608398,16.42552956907146,0.001,3.6666548252105713
5057,10,57,2455,16.01805305480957,16.4218334831868,0.001,2.968742847442627
5058,10,58,1649,19.028230667114258,16.469633844080636,0.001,3.0402095317840576
5059,10,59,1503,18.079038619995117,16.488787335251423,0.001,3.056987762451172
5060,10,60,1909,14.134780883789062,16.43418463097975,0.001,3.0872721672058105
5061,10,61,2007,19.631332397460938,16.48935191588099,0.001,3.709277868270874
5062,10,62,2140,16.72088623046875,16.491168617314393,0.001,2.9970927238464355
5063,10,63,2221,17.28499984741211,16.5048580770796,0.001,2.8689606189727783
5064,10,64,2580,22.774089813232422,16.640151483901516,0.001,3.0643222332000732
5065,10,65,1457,14.896431922912598,16.60285296488029,0.001,3.9352407455444336
5066,10,66,2378,25.020715713500977,16.73852045778841,0.001,3.285332202911377
5067,10,67,2251,11.393904685974121,16.676970586158276,0.001,3.049384355545044
5068,10,68,1441,19.805843353271484,16.700795911270152,0.001,2.8765037059783936
5069,10,69,1153,12.708052635192871,16.618613101626604,0.001,3.098602771759033
5070,10,70,2709,23.45061492919922,16.66746198427079,0.001,3.6181161403656006
5071,10,71,1442,15.629327774047852,16.656448280355725,0.001,3.1342179775238037
5072,10,72,1493,14.49149227142334,16.61377820740002,0.001,2.9808754920959473
5073,10,73,2406,19.441194534301758,16.668808327877365,0.001,3.0682384967803955
5074,10,74,1081,21.503082275390625,16.737824880502846,0.001,3.025554656982422
5075,10,75,2706,13.045499801635742,16.71416894601393,0.001,3.7453982830047607
5076,10,76,1089,16.059293746948242,16.702048684187197,0.001,3.0728561878204346
5077,10,77,1809,11.265531539916992,16.604947308145796,0.001,2.987565279006958
5078,10,78,2543,15.173521995544434,16.585548035461695,0.001,2.970608711242676
5079,10,79,1397,13.495903968811035,16.530429381091356,0.001,3.631442070007324
5080,10,80,2399,10.025041580200195,16.49391955159656,0.001,3.071916103363037
5081,10,81,2533,10.60044002532959,16.438058912778548,0.001,3.117446184158325
5082,10,82,2188,30.069293975830078,16.611947051780508,0.001,2.975165605545044
5083,10,83,2588,15.102066040039062,16.586201181737582,0.001,2.9529292583465576
5084,10,84,1616,12.875503540039062,16.538831783527122,0.001,3.522503137588501
5085,10,85,29,10.378889083862305,16.46338462375981,0.001,2.9456756114959717
5086,10,86,2652,10.036327362060547,16.426537349329422,0.001,2.931763172149658
5087,10,87,2066,13.083971977233887,16.373083036158064,0.001,2.928809881210327
5088,10,88,1343,16.571130752563477,16.374141299312132,0.001,2.941648483276367
5089,10,89,2590,16.550493240356445,16.375594097848907,0.001,4.0969078540802
5090,10,90,2502,14.856121063232422,16.351639034663247,0.001,3.2960705757141113
5091,10,91,190,15.926849365234375,16.344953188508732,0.001,2.9507124423980713
5092,10,92,1902,15.512750625610352,16.33545535247961,0.001,2.981335163116455
5093,10,93,2413,13.03735637664795,16.29779845897654,0.001,3.2152233123779297
5094,10,94,2297,22.08614730834961,16.3636581476208,0.001,3.2863612174987793
5095,10,95,368,12.7407808303833,16.322438616470812,0.001,3.2268545627593994
5096,10,96,2505,10.98750114440918,16.294003790560538,0.001,2.9120166301727295
5097,10,97,1370,24.5689697265625,16.38425331551571,0.001,3.1199989318847656
5098,10,98,1092,25.146835327148438,16.509215599844737,0.001,3.6685104370117188
5099,10,99,1090,14.259833335876465,16.492424746602445,0.001,2.9318840503692627
5100,10,100,1368,8.994964599609375,16.434951531314656,0.001,3.0239648818969727
5101,10,101,2325,14.272109031677246,16.412389141466814,0.001,3.1386308670043945
5102,10,102,374,14.774462699890137,16.390101619093812,0.001,3.0479164123535156
5103,10,103,2906,19.98775291442871,16.426531903838097,0.001,3.6765050888061523
5104,10,104,2443,10.557849884033203,16.367961565297847,0.001,3.053736925125122
5105,10,105,2832,13.234773635864258,16.328453222010438,0.001,3.0394575595855713
5106,10,106,1807,34.86620330810547,16.56761170970423,0.001,2.9174811840057373
5107,10,107,2669,17.226022720336914,16.570711907518454,0.001,3.086566925048828
5108,10,108,2064,8.72937297821045,16.494079833327433,0.001,3.6703312397003174
5109,10,109,2694,11.673874855041504,16.472160282505147,0.001,3.0140843391418457
5110,10,110,2462,19.25026512145996,16.50780683653901,0.001,2.9663219451904297
5111,10,111,448,18.788341522216797,16.529748751677857,0.001,3.098738193511963
5112,10,112,2229,14.916974067687988,16.52043584152083,0.001,3.7939109802246094
5113,10,113,1334,12.100415229797363,16.501178719016544,0.001,3.386096239089966
5114,10,114,392,18.61311149597168,16.52683200654796,0.001,2.892430543899536
5115,10,115,1182,15.782017707824707,16.51998920439243,0.001,2.9065349102020264
5116,10,116,1918,13.469679832458496,16.483290561298475,0.001,3.1956772804260254
5117,10,117,1151,14.503778457641602,16.47110753406482,0.001,3.5379016399383545
5118,10,118,1925,12.863236427307129,16.455956816646307,0.001,3.0361452102661133
5119,10,119,455,27.24193000793457,16.49091988582674,0.001,2.969357967376709
5120,10,120,2763,9.513447761535645,16.461750010235875,0.001,3.003385066986084
5121,10,121,2099,8.824328422546387,16.413596821731467,0.001,3.1003193855285645
5122,10,122,177,14.9961576461792,16.401421575732147,0.001,3.8983821868896484
5123,10,123,1453,26.36261558532715,16.43975612957387,0.001,2.9409384727478027
5124,10,124,2601,17.479957580566406,16.451451063211508,0.001,3.1923487186431885
5125,10,125,38,12.9075927734375,16.42969909728947,0.001,2.9406814575195312
5126,10,126,2864,18.74154281616211,16.443840519980842,0.001,3.5286343097686768
5127,10,127,2911,21.86952018737793,16.464042654765418,0.001,3.3503217697143555
5128,10,128,382,8.781669616699219,16.434142574255382,0.001,2.982020616531372
5129,10,129,2930,6.641908645629883,16.395950512709813,0.001,2.885937452316284
5130,10,130,1806,10.314597129821777,16.328633512610647,0.001,2.955150604248047
5131,10,131,73,25.00056266784668,16.363146984135767,0.001,3.81673002243042
5132,10,132,2498,15.453070640563965,16.357824912441302,0.001,3.0840842723846436
5133,10,133,424,16.72483253479004,16.35985897348112,0.001,3.0797462463378906
5134,10,134,453,9.358542442321777,16.319645935760214,0.001,2.8578906059265137
5135,10,135,2511,15.86555290222168,16.316997808381686,0.001,3.094325304031372
5136,10,136,496,22.73623275756836,16.36617504333895,0.001,3.7680842876434326
5137,10,137,1443,13.072566986083984,16.331599499671622,0.001,3.0798447132110596
5138,10,138,522,11.362550735473633,16.27950430934561,0.001,3.067697286605835
5139,10,139,1769,10.957688331604004,16.2239362843192,0.001,2.9449100494384766
5140,10,140,2538,8.321924209594727,16.194802464041373,0.001,3.4294416904449463
5141,10,141,2328,12.315141677856445,16.173249578630436,0.001,3.22226619720459
5142,10,142,1846,15.258148193359375,16.16633299806428,0.001,3.0280303955078125
5143,10,143,2668,12.076932907104492,16.135039013969667,0.001,3.085188627243042
5144,10,144,336,11.230154037475586,16.085721841877564,0.001,3.0378293991088867
5145,10,145,403,11.334903717041016,16.06068930377154,0.001,3.428576707839966
5146,10,146,254,12.281218528747559,16.02369388081142,0.001,2.9000205993652344
5147,10,147,611,13.348536491394043,16.009906754173937,0.001,3.090066909790039
5148,10,148,2537,13.761093139648438,15.993158956532364,0.001,2.995511531829834
5149,10,149,2595,9.612872123718262,15.971272665757386,0.001,3.0945582389831543
5150,10,150,441,10.656089782714844,15.933027555577464,0.001,3.714587688446045
5151,10,151,507,44.270851135253906,16.00064357743586,0.001,2.9565322399139404
5152,10,152,2448,11.735008239746094,15.960374856495752,0.001,3.107490062713623
5153,10,153,325,17.4090576171875,15.970585969832001,0.001,3.0773375034332275
5154,10,154,1832,15.543599128723145,15.96659255931167,0.001,3.175487995147705
5155,10,155,2793,11.774956703186035,15.927150083496576,0.001,3.3987631797790527
5156,10,156,1965,13.078554153442383,15.900817270367346,0.001,2.9115021228790283
5157,10,157,616,13.062488555908203,15.875274314565406,0.001,2.9328701496124268
5158,10,158,1274,14.37381649017334,15.86531245727901,0.001,3.071199893951416
5159,10,159,2596,11.410155296325684,15.84389472110042,0.001,3.324756145477295
5160,10,160,468,14.010580062866211,15.827731648886976,0.001,3.146315336227417
5161,10,161,367,15.996223449707031,15.82852137705091,0.001,2.9445011615753174
5162,10,162,1802,13.898179054260254,15.815830601784901,0.001,3.115710973739624
5163,10,163,521,9.40567684173584,15.795837579800516,0.001,3.0310304164886475
5164,10,164,1945,11.182782173156738,15.755670296555303,0.001,3.8433010578155518
5165,10,165,2157,12.152388572692871,15.724598495333055,0.001,3.2057204246520996
5166,10,166,706,16.110776901245117,15.725803511224312,0.001,2.9974517822265625
5167,10,167,2546,9.699448585510254,15.687507005658935,0.001,2.916074514389038
5168,10,168,434,13.2557373046875,15.680807545262788,0.001,2.9602370262145996
5169,10,169,2458,14.577277183532715,15.673825118823384,0.001,4.11226749420166
5170,10,170,774,10.955731391906738,15.644027698928303,0.001,2.940739393234253
5171,10,171,2401,10.868746757507324,15.613676496310747,0.001,3.0212132930755615
5172,10,172,1577,15.759725570678711,15.614582001028896,0.001,2.9834277629852295
5173,10,173,2349,11.48019027709961,15.580717562022455,0.001,3.4920034408569336
5174,10,174,1099,11.352322578430176,15.54607761447421,0.001,3.256010055541992
5175,10,175,759,11.502323150634766,15.521701538899197,0.001,3.005215883255005
5176,10,176,686,9.082833290100098,15.48187660553311,0.001,2.96689510345459
5177,10,177,471,9.736454010009766,15.43632830174283,0.001,3.094299793243408
5178,10,178,1642,12.829500198364258,15.420987120309015,0.001,3.645991325378418
5179,10,179,2927,41.957794189453125,15.486221065109495,0.001,3.0275189876556396
5180,10,180,1196,10.285016059875488,15.472726872611988,0.001,3.106581687927246
5181,10,181,2479,13.910725593566895,15.463808183570004,0.001,2.9744925498962402
5182,10,182,2055,14.59608268737793,15.457026250995348,0.001,2.8925423622131348
5183,10,183,32,12.287911415100098,15.432015624127539,0.001,3.650000810623169
5184,10,184,2845,17.044219970703125,15.444399984153932,0.001,2.966852903366089
5185,10,185,2781,18.945199966430664,15.456991618109827,0.001,3.0909929275512695
5186,10,186,1259,16.056732177734375,15.45939311025226,0.001,3.02361798286438
5187,10,187,2398,15.424007415771484,15.459127509771461,0.001,3.1766304969787598
5188,10,188,2834,11.385541915893555,15.428378580396188,0.001,3.644422769546509
5189,10,189,2529,14.559428215026855,15.423393607680383,0.001,3.090277910232544
5190,10,190,743,14.858091354370117,15.42189814575514,0.001,2.8982036113739014
5191,10,191,2901,15.668469429016113,15.422901527470133,0.001,2.936446189880371
5192,10,192,94,13.201864242553711,15.407467229628514,0.001,3.784468173980713
5193,10,193,1817,9.438380241394043,15.392303267302744,0.001,4.284783601760864
5194,10,194,699,12.616959571838379,15.37731363101833,0.001,2.9071309566497803
5195,10,195,344,8.786680221557617,15.36009059865487,0.001,3.9954066276550293
5196,10,196,64,13.983572006225586,15.356465129825041,0.001,3.2437808513641357
5197,10,197,728,11.751748085021973,15.33683762106597,0.001,2.953946113586426
5198,10,198,694,15.232762336730957,15.336090750906948,0.001,3.1105098724365234
5199,10,199,518,11.528647422790527,15.326300041992047,0.001,3.7867579460144043
5200,10,200,400,12.206610679626465,15.315604721133209,0.001,3.159966468811035
5201,10,201,74,9.370656967163086,15.300682992882784,0.001,3.352114677429199
5202,10,202,2722,25.460338592529297,15.324506329992913,0.001,3.266313314437866
5203,10,203,2565,14.84052562713623,15.323260165855126,0.001,2.994755268096924
5204,10,204,1791,10.271463394165039,15.304430411523178,0.001,3.7295916080474854
5205,10,205,1117,16.293725967407227,15.309739122636836,0.001,2.9624757766723633
5206,10,206,962,16.033199310302734,15.312474684478845,0.001,3.046414852142334
5207,10,207,2219,20.856876373291016,15.325456726650822,0.001,3.0379843711853027
5208,10,208,1714,15.555533409118652,15.326625712121597,0.001,3.2584829330444336
5209,10,209,2293,18.231287002563477,15.342036616056145,0.001,3.297673463821411
5210,10,210,446,14.798684120178223,15.339256921447191,0.001,3.139097213745117
5211,10,211,705,15.507270812988281,15.340422143918522,0.001,2.951320171356201
5212,10,212,1087,21.055517196655273,15.378487730004991,0.001,2.9240477085113525
5213,10,213,1495,12.45826530456543,15.363640148016788,0.001,3.955979108810425
5214,10,214,469,13.688201904296875,15.352449546497517,0.001,3.4611716270446777
5215,10,215,2758,18.984596252441406,15.370534835926675,0.001,2.9602134227752686
5216,10,216,1845,11.285802841186523,15.36138097647343,0.001,3.128587007522583
5217,10,217,2205,11.409492492675781,15.3414251797483,0.001,3.0634000301361084
5218,10,218,981,15.298736572265625,15.341213802801347,0.001,3.8163251876831055
5219,10,219,771,12.962346076965332,15.329590080487371,0.001,3.0278542041778564
5220,10,220,693,10.400362014770508,15.297343610453597,0.001,3.0378682613372803
5221,10,221,2095,17.7713565826416,15.313046927127631,0.001,3.0022826194763184
5222,10,222,788,23.402700424194336,15.365206492146799,0.001,3.5961813926696777
5223,10,223,873,17.92587661743164,15.37036870363073,0.001,3.245439052581787
5224,10,224,408,9.81648063659668,15.351530926808243,0.001,3.1499693393707275
5225,10,225,436,14.74034595489502,15.349480345364418,0.001,3.175811290740967
5226,10,226,685,13.481073379516602,15.34071312884413,0.001,2.9821584224700928
5227,10,227,789,14.04564380645752,15.33460156651891,0.001,3.697397470474243
5228,10,228,1839,7.708240509033203,15.317787820859564,0.001,3.081517457962036
5229,10,229,2617,15.715413093566895,15.320261219489081,0.001,3.103421449661255
5230,10,230,916,9.843016624450684,15.307829650841217,0.001,3.1053361892700195
5231,10,231,250,24.38844871520996,15.328097567764393,0.001,3.1428496837615967
5232,10,232,742,11.191341400146484,15.30236139356112,0.001,3.8546245098114014
5233,10,233,1484,9.95959758758545,15.277419143030446,0.001,2.8929734230041504
5234,10,234,707,11.186234474182129,15.269000688188823,0.001,3.02388334274292
5235,10,235,990,21.680017471313477,15.299130643003524,0.001,3.020742416381836
5236,10,236,832,14.063789367675781,15.29165417910801,0.001,3.7249317169189453
5237,10,237,2476,8.53182315826416,15.276935433348752,0.001,2.947631359100342
5238,10,238,383,17.171255111694336,15.288013830157483,0.001,3.4563655853271484
5239,10,239,2191,15.61724853515625,15.289098606859161,0.001,3.1244547367095947
5240,10,240,2449,11.254520416259766,15.270958145659682,0.001,2.974177837371826
5241,10,241,986,22.5450496673584,15.304033051598605,0.001,3.7711002826690674
5242,10,242,337,12.760688781738281,15.29670541743169,0.001,2.987030506134033
5243,10,243,2929,12.216277122497559,15.283018831830395,0.001,3.101722240447998
5244,10,244,904,27.479061126708984,15.317134394156778,0.001,3.021409511566162
5245,10,245,870,13.519271850585938,15.311456882213921,0.001,3.201220750808716
5246,10,246,342,13.003671646118164,15.297744872293523,0.001,3.5582942962646484
5247,10,247,272,9.439715385437012,15.279334727315094,0.001,2.961306095123291
5248,10,248,432,16.20091438293457,15.28327138368385,0.001,3.1884264945983887
5249,10,249,808,20.896671295166016,15.307404828685915,0.001,3.0422616004943848
5250,10,250,401,17.1773738861084,15.315486161549746,0.001,3.667236566543579
5251,10,251,447,9.468141555786133,15.303344852126859,0.001,3.0692484378814697
5252,10,252,1777,13.51047134399414,15.295765675220293,0.001,3.028285503387451
5253,10,253,361,14.101357460021973,15.289298797846843,0.001,2.9039957523345947
5254,10,254,1751,14.68535327911377,15.287459815327631,0.001,3.0252885818481445
5255,10,255,377,9.655518531799316,15.27039613417925,0.001,3.550879716873169
5256,10,256,1317,12.52615737915039,15.264876163991362,0.001,3.1765573024749756
5257,10,257,1848,9.335609436035156,15.231484575464496,0.001,2.984072208404541
5258,10,258,388,15.433136940002441,15.231871062907548,0.001,3.012207508087158
5259,10,259,98,12.875885963439941,15.21868876009612,0.001,3.070554256439209
5260,10,260,689,24.375789642333984,15.245837923182869,0.001,3.5947329998016357
5261,10,261,1858,13.232964515686035,15.237581099303982,0.001,3.004429817199707
5262,10,262,1737,17.416275024414062,15.249236898853594,0.001,2.9689953327178955
5263,10,263,1506,14.561325073242188,15.247957093047948,0.001,3.0350186824798584
5264,10,264,2784,18.908199310302734,15.268027058750178,0.001,3.176288366317749
5265,10,265,376,20.579204559326172,15.27851901544885,0.001,3.6266677379608154
5266,10,266,695,10.653807640075684,15.25953429991153,0.001,3.062309741973877
5267,10,267,390,12.636734962463379,15.252125220275213,0.001,3.0640554428100586
5268,10,268,1914,10.417296409606934,15.24280619836846,0.001,3.033811330795288
5269,10,269,989,12.954197883605957,15.233594054571654,0.001,4.384946584701538
5270,10,270,863,25.652074813842773,15.27574656279355,0.001,2.926180839538574
5271,10,271,972,13.799574851989746,15.269949215905514,0.001,3.1302216053009033
5272,10,272,954,25.777700424194336,15.28991089623351,0.001,2.937490940093994
5273,10,273,1821,17.305702209472656,15.29372633779649,0.001,2.881680488586426
5274,10,274,727,14.366607666015625,15.29199435265503,0.001,3.5775930881500244
5275,10,275,1083,14.236712455749512,15.286561817545145,0.001,3.3284504413604736
5276,10,276,1627,16.890460968017578,15.292939399311464,0.001,2.9408469200134277
5277,10,277,680,11.183462142944336,15.285314735224096,0.001,2.943979024887085
5278,10,278,2464,21.74770164489746,15.297664653304105,0.001,3.580587148666382
5279,10,279,68,12.02953052520752,15.288339132492,0.001,3.13614559173584
5280,10,280,717,14.079384803771973,15.282060650093658,0.001,2.888690948486328
5281,10,281,851,13.70700740814209,15.273729911079982,0.001,2.894392490386963
5282,10,282,1690,8.681936264038086,15.261486768008355,0.001,2.928356170654297
5283,10,283,991,13.319375991821289,15.257992878213537,0.001,3.915637731552124
5284,10,284,2272,13.734878540039062,15.252139577032482,0.001,3.097169876098633
5285,10,285,864,14.101801872253418,15.250148206476478,0.001,3.055600881576538
5286,10,286,2672,13.681748390197754,15.242109925142495,0.001,2.994810104370117
5287,10,287,2341,10.579141616821289,15.218298926303238,0.001,2.897339344024658
5288,10,288,1576,6.353036403656006,15.202534845886127,0.001,3.685965061187744
5289,10,289,721,13.674083709716797,15.19847130189641,0.001,3.043076276779175
5290,10,290,2794,8.103351593017578,15.18555224664689,0.001,3.050649881362915
5291,10,291,961,12.530257225036621,15.1723066917616,0.001,2.8295302391052246
5292,10,292,825,19.395706176757812,15.179662057124215,0.001,3.0259644985198975
5293,10,293,56,11.712587356567383,15.166701212762396,0.001,3.7218596935272217
5294,10,294,490,12.586969375610352,15.162023770160454,0.001,2.917752981185913
5295,10,295,2548,11.16510009765625,15.147404398856423,0.001,3.0997226238250732
5296,10,296,2923,11.222143173217773,15.137321230570686,0.001,2.865123987197876
5297,10,297,2073,8.243123054504395,15.125653437754845,0.001,3.357475757598877
5298,10,298,770,12.395856857299805,15.115439394159868,0.001,3.367178440093994
5299,10,299,523,17.91730308532715,15.12927497151365,0.001,3.1627345085144043
5300,10,300,458,22.083940505981445,15.141747067707406,0.001,3.0113797187805176
5301,10,301,178,12.843477249145508,15.133559022408539,0.001,2.963531970977783
5302,10,302,801,12.54284381866455,15.127019332002632,0.001,3.6790411472320557
5303,10,303,1519,23.167104721069336,15.156731308973303,0.001,2.8644423484802246
5304,10,304,811,12.132499694824219,15.151898158418483,0.001,2.931920289993286
5305,10,305,2585,17.132057189941406,15.158906984911924,0.001,3.0557332038879395
5306,10,306,1373,20.609704971313477,15.174318746760493,0.001,3.1067962646484375
5307,10,307,340,17.60948944091797,15.183072927009007,0.001,3.8594648838043213
5308,10,308,1548,18.86821746826172,15.195727496909143,0.001,3.0155222415924072
5309,10,309,2223,14.46498966217041,15.192238632982576,0.001,2.983818531036377
5310,10,310,69,24.978307723999023,15.238826210123397,0.001,3.025832176208496
5311,10,311,2241,15.228198051452637,15.238775655823055,0.001,3.3850202560424805
5312,10,312,2603,13.141568183898926,15.22921493342048,0.001,3.6521878242492676
5313,10,313,601,17.533777236938477,15.2399325017468,0.001,3.691291570663452
5314,10,314,1779,12.323614120483398,15.22645802280007,0.001,3.044019937515259
5315,10,315,858,15.618194580078125,15.227044386638264,0.001,2.8079066276550293
5316,10,316,2720,10.789478302001953,15.220274951916442,0.001,3.3751003742218018
5317,10,317,1699,12.247627258300781,15.213122279730642,0.001,2.9835445880889893
5318,10,318,372,10.803321838378906,15.206760800345977,0.001,2.972651243209839
5319,10,319,607,14.590179443359375,15.20578855413162,0.001,3.0100371837615967
5320,10,320,2075,15.16913890838623,15.205700109167282,0.001,2.9724135398864746
5321,10,321,67,17.841358184814453,15.214734540635545,0.001,3.9822604656219482
5322,10,322,2789,13.595808029174805,15.209228779973133,0.001,3.03648042678833
5323,10,323,1620,21.999801635742188,15.216601746070273,0.001,2.993316173553467
5324,10,324,2197,18.98628807067871,15.229329056428462,0.001,3.062342882156372
5325,10,325,2435,8.295283317565918,15.217787522794437,0.001,3.28471302986145
5326,10,326,2174,16.39103126525879,15.22292471866726,0.001,3.5260586738586426
5327,10,327,778,13.557068824768066,15.217362417810227,0.001,3.097769260406494
5328,10,328,2782,11.74506950378418,15.201686672314457,0.001,2.9546432495117188
5329,10,329,2772,10.738081932067871,15.186828613326588,0.001,3.0148279666900635
5330,10,330,2682,13.295485496520996,15.178326940622474,0.001,3.7858059406280518
5331,10,331,459,10.11188793182373,15.170379854073953,0.001,3.084280490875244
5332,10,332,1682,18.314929962158203,15.180758137242167,0.001,2.9320735931396484
5333,10,333,1514,11.965838432312012,15.175739785568176,0.001,3.0305087566375732
5334,10,334,2909,13.622179985046387,15.170578888937495,0.001,3.007418394088745
5335,10,335,2510,12.189929008483887,15.157660247724085,0.001,3.8701512813568115
5336,10,336,915,10.306921005249023,15.150370321236792,0.001,3.0077977180480957
5337,10,337,861,10.806807518005371,15.140227489443621,0.001,3.0995898246765137
5338,10,338,488,10.538403511047363,15.120473407857773,0.001,3.0215682983398438
5339,10,339,264,13.036617279052734,15.113676048867726,0.001,3.5176548957824707
5340,10,340,350,12.47052001953125,15.105077582954245,0.001,3.2763831615448
5341,10,341,481,13.54699420928955,15.100063093942545,0.001,2.9726622104644775
5342,10,342,1344,12.888869285583496,15.093028721679685,0.001,2.9727535247802734
5343,10,343,266,12.37535285949707,15.08142840821216,0.001,2.9698750972747803
5344,10,344,1302,22.615020751953125,15.111349089037978,0.001,3.5844130516052246
5345,10,345,2343,13.91635799407959,15.1086720313425,0.001,2.9966280460357666
5346,10,346,819,13.600309371948242,15.10387345659416,0.001,3.0446407794952393
5347,10,347,65,12.367523193359375,15.09965794444208,0.001,2.934161424636841
5348,10,348,1473,13.215370178222656,15.095957679451848,0.001,3.1419646739959717
5349,10,349,919,12.702190399169922,15.085769184874774,0.001,4.50293755531311
5350,10,350,2563,11.720163345336914,15.078210591351478,0.001,3.1897811889648438
5351,10,351,2619,11.732612609863281,15.071366613738887,0.001,3.1249020099639893
5352,10,352,2775,14.508387565612793,15.069634382575988,0.001,3.0321896076202393
5353,10,353,834,10.168089866638184,15.049368004955486,0.001,3.6636340618133545
5354,10,354,2113,12.583158493041992,15.041630226901217,0.001,3.0659706592559814
5355,10,355,1844,21.092212677001953,15.049551115454818,0.001,3.0077908039093018
5356,10,356,710,10.801912307739258,15.036527164535187,0.001,3.1469414234161377
5357,10,357,2450,10.566803932189941,15.02304761826509,0.001,2.9990949630737305
5358,10,358,787,11.100923538208008,15.017236372346288,0.001,3.7369914054870605
5359,10,359,1481,11.410951614379883,15.006062567330527,0.001,3.20005202293396
5360,10,360,407,13.983890533447266,15.002945125471282,0.001,2.9815452098846436
5361,10,361,803,14.634291648864746,15.002424647993779,0.001,3.1656696796417236
5362,10,362,2583,13.183098793029785,14.996859187669076,0.001,3.066297769546509
5363,10,363,1585,12.7660493850708,14.987974079674428,0.001,3.6119258403778076
5364,10,364,977,13.836051940917969,14.98556505726508,0.001,2.96016263961792
5365,10,365,2593,16.915647506713867,14.991494896497066,0.001,3.2956788539886475
5366,10,366,682,17.05007553100586,14.999662425724832,0.001,3.2283570766448975
5367,10,367,2294,10.34765911102295,14.993247879040426,0.001,3.597551107406616
5368,10,368,920,14.701313018798828,14.992072069691098,0.001,2.910951614379883
5369,10,369,2874,12.45440673828125,14.984682403265301,0.001,3.221486806869507
5370,10,370,2101,15.548799514770508,14.986928112438983,0.001,2.9928619861602783
5371,10,371,814,8.503715515136719,14.977553117752901,0.001,2.9358160495758057
5372,10,372,77,14.864291191101074,14.977215167875409,0.001,3.8142926692962646
5373,10,373,1394,20.430023193359375,14.993236189154299,0.001,2.9204657077789307
5374,10,374,1342,14.06100845336914,14.990555374024037,0.001,2.9504616260528564
5375,10,375,2692,10.36494255065918,14.972576978639625,0.001,2.992142677307129
5376,10,376,773,12.301949501037598,14.964805998752176,0.001,3.0572102069854736
5377,10,377,951,11.561054229736328,14.954957995041285,0.001,3.906736373901367
5378,10,378,519,13.91323184967041,14.950925468788283,0.001,2.933608055114746
5379,10,379,405,9.3477783203125,14.939117956533497,0.001,2.9461965560913086
5380,10,380,1549,13.779989242553711,14.93666652482176,0.001,3.0320639610290527
5381,10,381,2564,13.799205780029297,14.933458681115932,0.001,3.1889076232910156
5382,10,382,2327,10.54368782043457,14.924644147943617,0.001,3.1735424995422363
5383,10,383,1395,7.797372341156006,14.91477888428886,0.001,3.1024813652038574
5384,10,384,2610,12.388080596923828,14.911334644568283,0.001,2.9337656497955322
5385,10,385,2098,21.911983489990234,14.924435690935223,0.001,3.0560343265533447
5386,10,386,2608,20.545724868774414,14.946133489343755,0.001,4.319995880126953
5387,10,387,461,15.204797744750977,14.94710060932366,0.001,3.098482847213745
5388,10,388,378,15.72549057006836,14.950027543438694,0.001,3.0216779708862305
5389,10,389,2584,15.772858619689941,14.953098431866053,0.001,2.9536023139953613
5390,10,390,1793,13.869889259338379,14.949110423032826,0.001,3.0634162425994873
5391,10,391,913,12.849113464355469,14.9449389730272,0.001,3.745913505554199
5392,10,392,2034,12.314022064208984,14.935325776803424,0.001,2.880574941635132
5393,10,393,1838,17.266277313232422,14.94168087616458,0.001,2.925170421600342
5394,10,394,1570,20.0963191986084,14.948556793854028,0.001,2.846933603286743
5395,10,395,2871,12.166914939880371,14.938374702723708,0.001,3.1691155433654785
5396,10,396,363,10.22767162322998,14.932220010183123,0.001,3.7720189094543457
5397,10,397,492,21.19533920288086,14.95520000452251,0.001,2.911531925201416
5398,10,398,2673,23.309688568115234,14.978435907078193,0.001,2.94984769821167
5399,10,399,719,18.689090728759766,14.991954851291112,0.001,2.982304334640503
5400,10,400,1717,13.076351165771484,14.98949789354336,0.001,3.6289210319519043
5401,10,401,274,12.835854530334473,14.983738134465252,0.001,2.9282279014587402
5402,10,402,956,18.644453048706055,14.996910951967358,0.001,2.954838991165161
5403,10,403,852,24.83369255065918,15.02320969117188,0.001,2.960020065307617
5404,10,404,514,23.296018600463867,15.03936386138682,0.001,3.136857748031616
5405,10,405,914,26.39219093322754,15.06977981491101,0.001,3.448819398880005
5406,10,406,827,20.569549560546875,15.078552974555901,0.001,3.1044862270355225
5407,10,407,60,8.143789291381836,15.065318138481905,0.001,3.107296943664551
5408,10,408,2861,16.700862884521484,15.069718059647542,0.001,3.023540496826172
5409,10,409,966,20.98113250732422,15.080754872107219,0.001,3.012299060821533
5410,10,410,1794,19.943248748779297,15.09347044582418,0.001,3.737837314605713
5411,10,411,1090,26.868438720703125,15.115495831268754,0.001,3.1128134727478027
5412,10,412,1259,13.584091186523438,15.11265699967483,0.001,3.347686529159546
5413,10,413,1925,9.180517196655273,15.105254688026259,0.001,2.9156494140625
5414,10,414,1443,22.723251342773438,15.131895001204994,0.001,3.0697696208953857
5415,10,415,1649,20.435699462890625,15.145883844376156,0.001,3.6024670600891113
5416,10,416,1313,18.56456184387207,15.157332259869621,0.001,2.930741786956787
5417,10,417,1845,11.44900131225586,15.152970872888126,0.001,3.175503969192505
5418,10,418,1453,16.728206634521484,15.154798364612544,0.001,3.116577625274658
5419,10,419,1828,20.714521408081055,15.17454493395123,0.001,3.7127459049224854
5420,10,420,1878,21.05351448059082,15.185337407713646,0.001,2.9778380393981934
5421,10,421,1575,17.88138771057129,15.192497632883015,0.001,2.945760488510132
5422,10,422,1923,12.429767608642578,15.185187714623032,0.001,2.9191789627075195
5423,10,423,1083,17.638816833496094,15.19341733276478,0.001,3.280813455581665
5424,10,424,1700,21.172367095947266,15.205016408441164,0.001,3.678443193435669
5425,10,425,1817,18.349166870117188,15.208739531637063,0.001,2.9242148399353027
5426,10,426,1372,11.800304412841797,15.2000389859355,0.001,2.976135015487671
5427,10,427,1862,11.213603019714355,15.195170968551835,0.001,2.9930269718170166
5428,10,428,1506,11.674799919128418,15.191100800510695,0.001,3.2448556423187256
5429,10,429,1858,28.72031021118164,15.225255103428683,0.001,3.2376906871795654
5430,10,430,1626,14.417879104614258,15.224307276749178,0.001,2.9327282905578613
5431,10,431,1693,18.86482810974121,15.236597568890756,0.001,2.9006707668304443
5432,10,432,1764,13.128891944885254,15.229345642436451,0.001,2.881087303161621
5433,10,433,1839,7.198712348937988,15.219868510934145,0.001,3.1083927154541016
5434,10,434,1806,15.260997772216797,15.220007007907434,0.001,3.3195877075195312
5435,10,435,1495,16.00312614440918,15.221985151782672,0.001,2.9406445026397705
5436,10,436,1262,10.740434646606445,15.216705423146424,0.001,2.951241970062256
5437,10,437,1772,12.133750915527344,15.20625751826617,0.001,3.022205352783203
5438,10,438,1549,14.661349296569824,15.205257247518881,0.001,3.477320671081543
5439,10,439,1105,8.832763671875,15.197381096963731,0.001,3.0611608028411865
5440,10,440,1113,13.018475532531738,15.190161951785011,0.001,3.0119006633758545
5441,10,441,1838,11.436038970947266,15.181010720661535,0.001,3.041649341583252
5442,10,442,1832,18.623964309692383,15.192373925264555,0.001,3.0805904865264893
5443,10,443,1532,13.056694030761719,15.185399705866512,0.001,3.8461203575134277
5444,10,444,1361,23.061599731445312,15.194625013849354,0.001,3.0257532596588135
5445,10,445,1109,19.842601776123047,15.20930160892948,0.001,3.035562753677368
5446,10,446,1617,16.518295288085938,15.213423698951528,0.001,2.901986598968506
5447,10,447,1302,20.522106170654297,15.229573513426935,0.001,3.0436248779296875
5448,10,448,2113,12.857751846313477,15.223726828887306,0.001,3.555760383605957
5449,10,449,1586,8.488707542419434,15.201787200490328,0.001,3.1047470569610596
5450,10,450,1699,11.991329193115234,15.196376054246908,0.001,3.106220245361328
5451,10,451,2067,10.370675086975098,15.187850052059156,0.001,3.119263172149658
5452,10,452,1503,14.716115951538086,15.187100816064229,0.001,3.041486978530884
5453,10,453,1543,9.973841667175293,15.181028638247948,0.001,3.334306240081787
5454,10,454,1551,15.05919361114502,15.18073096692064,0.001,1.7998032569885254
5455,10,455,1434,17.076080322265625,15.185118881186579,0.001,1.8064453601837158
5456,10,456,1457,12.111559867858887,15.17541736061394,0.001,1.9847028255462646
5457,10,457,2095,14.502817153930664,15.173321082424488,0.001,1.8179082870483398
5458,10,458,1768,12.30766773223877,15.170092220143948,0.001,2.3139684200286865
5459,10,459,1819,16.009090423583984,15.171049840825539,0.001,2.6609175205230713
5460,10,460,1951,7.7751688957214355,15.153477310465659,0.001,2.2537484169006348
5461,10,461,2197,16.42243194580078,15.15646093857589,0.001,1.7981183528900146
5462,10,462,2163,9.692461013793945,15.143223636038199,0.001,1.816730260848999
5463,10,463,2172,8.72360897064209,15.12785192716436,0.001,1.8391413688659668
5464,10,464,2055,10.555947303771973,15.11353577987766,0.001,1.783796787261963
5465,10,465,1111,19.36808204650879,15.123470174334573,0.001,1.753687858581543
5466,10,466,1571,10.850887298583984,15.110211296550922,0.001,1.750690221786499
5467,10,467,1480,10.471939086914062,15.105138853400744,0.001,2.197208881378174
5468,10,468,1118,15.24343490600586,15.105459406659474,0.001,1.7534668445587158
5469,10,469,1577,15.49329948425293,15.106355541279909,0.001,1.8122150897979736
5470,10,470,1902,15.572259902954102,15.107436479058476,0.001,2.429882764816284
5471,10,471,1676,13.552159309387207,15.102612504783403,0.001,2.6960227489471436
5472,10,472,1081,22.913009643554688,15.120635401131343,0.001,2.7906277179718018
5473,10,473,1342,15.78675365447998,15.12213826889371,0.001,3.8297314643859863
5474,10,474,1585,12.235138893127441,15.113425002245053,0.001,2.7542755603790283
5475,10,475,2270,9.257179260253906,15.095390205546126,0.001,2.863267660140991
5476,10,476,1527,24.940324783325195,15.117692251108164,0.001,2.6891860961914062
5477,10,477,2241,11.4765043258667,15.106520164992663,0.001,2.783754348754883
5478,10,478,2101,16.32257652282715,15.110225356650544,0.001,3.553877115249634
5479,10,479,2223,13.0910005569458,15.104103107156664,0.001,3.3917343616485596
5480,10,480,2298,9.046507835388184,15.0977559455217,0.001,3.1716363430023193
5481,10,481,2297,12.592323303222656,15.091993478934073,0.001,3.0600271224975586
5482,10,482,1570,16.440933227539062,15.093453762557722,0.001,2.984689950942993
5483,10,483,1620,21.182024002075195,15.097810342269094,0.001,4.227806806564331
5484,10,484,1355,12.819558143615723,15.092677120956209,0.001,3.018357515335083
5485,10,485,1812,17.06589698791504,15.098626149036491,0.001,2.976234197616577
5486,10,486,2099,11.826552391052246,15.09338673241823,0.001,2.8837294578552246
5487,10,487,1092,17.504737854003906,15.100553087238456,0.001,3.7531397342681885
5488,10,488,1823,10.434324264526367,15.086438473746282,0.001,2.961239814758301
5489,10,489,2294,8.661985397338867,15.0798786969646,0.001,2.8962159156799316
5490,10,490,1463,11.157612800598145,15.076277368562394,0.001,3.015232563018799
5491,10,491,1548,16.169361114501953,15.078597830336316,0.001,2.8642985820770264
5492,10,492,2179,15.423043251037598,15.0791478526337,0.001,3.6791768074035645
5493,10,493,1686,14.843052864074707,15.078456913034275,0.001,3.0459508895874023
5494,10,494,2325,8.884528160095215,15.064831077009966,0.001,3.1138417720794678
5495,10,495,1879,15.73497486114502,15.065897700142703,0.001,3.0411174297332764
5496,10,496,2147,20.079370498657227,15.080593629210952,0.001,3.344714641571045
5497,10,497,1311,13.907580375671387,15.077195812704497,0.001,3.822714328765869
5498,10,498,1093,16.36909294128418,15.08086784157534,0.001,3.039275646209717
5499,10,499,1274,13.777953147888184,15.078099977048142,0.001,3.1437807083129883
5500,11,0,2274,12.46820068359375,12.46820068359375,0.001,3.1416521072387695
5501,11,1,1675,18.868148803710938,15.146928762313214,0.001,3.0294153690338135
5502,11,2,1706,22.316089630126953,17.807778922174617,0.001,4.073596715927124
5503,11,3,1540,22.572404861450195,18.530354307231054,0.001,3.0221009254455566
5504,11,4,2188,29.47062873840332,21.141794654358883,0.001,2.9839046001434326
5505,11,5,1439,14.749691009521484,19.604416125211344,0.001,3.075685977935791
5506,11,6,1797,12.680130958557129,19.039340478237126,0.001,3.7379422187805176
5507,11,7,2064,11.61589527130127,17.96194498644956,0.001,3.4546003341674805
5508,11,8,1368,11.184799194335938,17.320153063855084,0.001,3.0789475440979004
5509,11,9,1569,25.607337951660156,18.278328923333895,0.001,3.0308547019958496
5510,11,10,175,13.680638313293457,17.922902587898978,0.001,2.972526788711548
5511,11,11,1914,13.387436866760254,17.705109283822438,0.001,3.8346431255340576
5512,11,12,1791,15.430892944335938,17.554340109502995,0.001,3.044447898864746
5513,11,13,1343,28.409486770629883,17.991581461020008,0.001,3.049708604812622
5514,11,14,1173,11.640851974487305,17.727959897874065,0.001,3.0015554428100586
5515,11,15,1821,12.506319999694824,17.521593506916748,0.001,3.258347988128662
5516,11,16,1473,10.634231567382812,17.182322088203236,0.001,3.4034554958343506
5517,11,17,1365,11.161834716796875,16.96306209176901,0.001,2.989537000656128
5518,11,18,2152,18.929351806640625,17.101129259303782,0.001,3.007716417312622
5519,11,19,2225,12.71563720703125,16.722988924290394,0.001,3.001906633377075
5520,11,20,1756,12.426247596740723,16.46556867576886,0.001,3.6723337173461914
5521,11,21,1802,11.690679550170898,16.19249482620991,0.001,3.187459707260132
5522,11,22,2341,12.378456115722656,15.919333784669847,0.001,3.0117392539978027
5523,11,23,2340,13.265482902526855,15.787816042313768,0.001,2.978231430053711
5524,11,24,2436,15.003792762756348,15.76919676138097,0.001,2.9823970794677734
5525,11,25,1127,9.750889778137207,15.559705332501833,0.001,3.6173317432403564
5526,11,26,1399,18.209186553955078,15.720524169644632,0.001,3.052391529083252
5527,11,27,2449,10.638984680175781,15.502221238047165,0.001,2.8806099891662598
5528,11,28,1122,6.15562629699707,15.219889416840397,0.001,3.0091564655303955
5529,11,29,1735,10.397069931030273,15.12529524684706,0.001,2.963355541229248
5530,11,30,1339,10.507349967956543,15.035905344600641,0.001,3.675999164581299
5531,11,31,1488,12.222249984741211,14.90150563580637,0.001,3.0299458503723145
5532,11,32,1807,29.214879989624023,15.58503471472802,0.001,3.096672296524048
5533,11,33,1766,31.378101348876953,15.777330560630105,0.001,2.9921789169311523
5534,11,34,2427,26.691160202026367,16.147387437093418,0.001,4.1627819538116455
5535,11,35,1087,22.302383422851562,16.414414474894063,0.001,3.4880764484405518
5536,11,36,2184,23.413034439086914,16.577665467069096,0.001,2.964063882827759
5537,11,37,2203,13.160560607910156,16.435981208600108,0.001,3.0560994148254395
5538,11,38,1502,13.50869083404541,16.3181308376182,0.001,2.982285261154175
5539,11,39,1265,11.449649810791016,16.24985836896657,0.001,3.6738357543945312
5540,11,40,1153,14.248601913452148,16.17390720275625,0.001,3.0941050052642822
5541,11,41,1530,16.772184371948242,16.19559441503954,0.001,2.9856550693511963
5542,11,42,1915,7.910294055938721,16.039276147122706,0.001,2.9589593410491943
5543,11,43,2448,10.848222732543945,15.86186011377425,0.001,2.9994869232177734
5544,11,44,2464,18.677837371826172,15.896745847885516,0.001,3.7345457077026367
5545,11,45,1580,19.006338119506836,15.952187063263779,0.001,2.8818604946136475
5546,11,46,2425,18.14628028869629,16.005946060213706,0.001,2.9671096801757812
5547,11,47,2458,14.087096214294434,15.960391586681432,0.001,3.0790205001831055
5548,11,48,2347,11.516180992126465,15.857161343512997,0.001,3.3034822940826416
5549,11,49,1097,7.375913619995117,15.76676604385275,0.001,3.2921142578125
5550,11,50,2202,12.739668846130371,15.676027077349081,0.001,3.037220001220703
5551,11,51,1442,17.79914665222168,15.708943760881933,0.001,3.0560989379882812
5552,11,52,2546,12.458635330200195,15.639583550952828,0.001,2.964599609375
5553,11,53,2523,18.97631072998047,15.732773532576871,0.001,3.828059673309326
5554,11,54,1751,15.1400785446167,15.724031115347406,0.001,3.1000874042510986
5555,11,55,1896,10.53266716003418,15.619942297728068,0.001,2.9594829082489014
5556,11,56,2249,18.15839385986328,15.671157888555822,0.001,2.9406371116638184
5557,11,57,2060,29.05784797668457,15.932282052854061,0.001,3.2377569675445557
5558,11,58,2505,8.125107765197754,15.859257543014248,0.001,3.6432900428771973
5559,11,59,2511,15.160187721252441,15.849676279779649,0.001,2.9846832752227783
5560,11,60,2502,9.646196365356445,15.695316443461426,0.001,3.0341696739196777
5561,11,61,2098,16.645694732666016,15.706708138214838,0.001,3.0261709690093994
5562,11,62,1909,16.5755558013916,15.72706202592871,0.001,3.2564094066619873
5563,11,63,2071,22.045944213867188,15.805944016007562,0.001,3.939016580581665
5564,11,64,272,12.060395240783691,15.759134427250839,0.001,2.9512202739715576
5565,11,65,2552,13.410650253295898,15.719378799150432,0.001,2.903225898742676
5566,11,66,2282,13.598732948303223,15.702296646697953,0.001,3.020129442214966
5567,11,67,1596,19.490015029907227,15.746588536320266,0.001,3.4375483989715576
5568,11,68,1809,19.70486068725586,15.83152214539193,0.001,2.9011921882629395
5569,11,69,1514,11.905054092407227,15.801330068154366,0.001,2.9384312629699707
5570,11,70,2075,10.88577651977539,15.745793076247583,0.001,2.9135611057281494
5571,11,71,1516,16.98892593383789,15.765348123298239,0.001,3.2893972396850586
5572,11,72,1690,10.426800727844238,15.725069394522919,0.001,3.938793659210205
5573,11,73,1903,8.61338996887207,15.647376471304739,0.001,2.9095466136932373
5574,11,74,2399,12.281851768493652,15.625197452312092,0.001,2.970773458480835
5575,11,75,2535,12.301974296569824,15.600954463960422,0.001,3.024667978286743
5576,11,76,2660,15.812063217163086,15.605099563723602,0.001,3.1055736541748047
5577,11,77,2476,7.902623176574707,15.550149468764161,0.001,3.719360113143921
5578,11,78,2462,13.979903221130371,15.519110827978052,0.001,3.041900396347046
5579,11,79,1714,17.782320022583008,15.550938644835098,0.001,3.096513271331787
5580,11,80,1460,14.80109691619873,15.54326162481448,0.001,3.0444016456604004
5581,11,81,1918,11.667518615722656,15.470704127959232,0.001,3.729952335357666
5582,11,82,1394,19.120975494384766,15.521125389542632,0.001,2.9815847873687744
5583,11,83,2452,15.021035194396973,15.514313627667885,0.001,2.9938676357269287
5584,11,84,177,9.600798606872559,15.435920301507057,0.001,3.0524697303771973
5585,11,85,1900,20.718515396118164,15.470362119690645,0.001,3.076127052307129
5586,11,86,1344,12.603304862976074,15.432905825841335,0.001,3.730076313018799
5587,11,87,1470,13.877730369567871,15.413190599641382,0.001,2.9500765800476074
5588,11,88,1557,15.03141975402832,15.406640208772219,0.001,2.9826438426971436
5589,11,89,2435,8.182580947875977,15.361583066693273,0.001,2.930328845977783
5590,11,90,2007,17.96757698059082,15.394114051418567,0.001,2.976633071899414
5591,11,91,2522,19.244503021240234,15.441402148112031,0.001,3.7783703804016113
5592,11,92,2000,13.597718238830566,15.430707690425908,0.001,3.0385334491729736
5593,11,93,2401,9.971200942993164,15.363310953115054,0.001,2.967775344848633
5594,11,94,2596,9.703787803649902,15.314561077106355,0.001,2.9722976684570312
5595,11,95,1717,9.75853443145752,15.283183082745326,0.001,3.228196859359741
5596,11,96,1346,19.61577796936035,15.349027468538946,0.001,3.912655830383301
5597,11,97,1493,12.202301979064941,15.300089169274528,0.001,3.015245199203491
5598,11,98,2758,12.718462944030762,15.27052676058158,0.001,2.9850215911865234
5599,11,99,1151,12.156238555908203,15.246075803068871,0.001,3.111767292022705
5600,11,100,1317,12.162290573120117,15.229439010985434,0.001,3.663900852203369
5601,11,101,2772,9.395895004272461,15.164184919530243,0.001,2.9994568824768066
5602,11,102,274,12.475093841552734,15.134816478755214,0.001,2.9552416801452637
5603,11,103,2073,7.191766738891602,15.09470958798146,0.001,3.025801181793213
5604,11,104,2832,12.228790283203125,15.055077221611384,0.001,2.9335570335388184
5605,11,105,2782,10.777715682983398,14.993219082353864,0.001,3.8316097259521484
5606,11,106,2750,25.576326370239258,15.046596942994048,0.001,2.962610960006714
5607,11,107,2672,14.52778148651123,15.039269260725717,0.001,3.135582208633423
5608,11,108,2387,35.7067985534668,15.193836113115871,0.001,3.448845148086548
5609,11,109,2775,16.08090591430664,15.202889309219533,0.001,3.7374448776245117
5610,11,110,1181,13.203652381896973,15.182895397117994,0.001,3.094914197921753
5611,11,111,1484,8.506461143493652,15.114561722060884,0.001,2.864914894104004
5612,11,112,1397,14.263375282287598,15.10308109541175,0.001,3.1218137741088867
5613,11,113,2080,17.299802780151367,15.132166490971017,0.001,2.9945366382598877
5614,11,114,1602,24.988100051879883,15.162687253768759,0.001,3.5425326824188232
5615,11,115,1441,21.32343864440918,15.192059833861018,0.001,2.9161853790283203
5616,11,116,2537,13.036091804504395,15.170696581181497,0.001,3.052070140838623
5617,11,117,2534,9.222500801086426,15.143021317290652,0.001,3.0605764389038086
5618,11,118,2529,12.60031795501709,15.11816795830975,0.001,2.992785930633545
5619,11,119,2781,19.256175994873047,15.14275665606534,0.001,3.9801290035247803
5620,11,120,2601,16.286273956298828,15.156811179047327,0.001,3.0591607093811035
5621,11,121,256,11.499077796936035,15.132754653323948,0.001,3.160996913909912
5622,11,122,2235,9.649057388305664,15.065716927213849,0.001,3.100236177444458
5623,11,123,367,12.807888984680176,15.051155091213138,0.001,3.6989686489105225
5624,11,124,2040,11.395156860351562,15.006562553066582,0.001,2.943493366241455
5625,11,125,1370,21.127851486206055,15.061740713439256,0.001,2.857163906097412
5626,11,126,1682,19.862937927246094,15.104232130313878,0.001,3.1001787185668945
5627,11,127,2564,12.773163795471191,15.084083386326492,0.001,2.9386417865753174
5628,11,128,1310,11.451702117919922,15.041754164930435,0.001,4.160460710525513
5629,11,129,2909,11.189166069030762,15.008257266462575,0.001,3.020641565322876
5630,11,130,1642,8.603147506713867,14.954304063730834,0.001,2.8210933208465576
5631,11,131,1383,8.912548065185547,14.917085824889252,0.001,2.986536741256714
5632,11,132,2584,10.538848876953125,14.868220519601106,0.001,3.130523443222046
5633,11,133,2157,11.498888969421387,14.830914787870128,0.001,3.724623441696167
5634,11,134,2593,14.134157180786133,14.82505538919046,0.001,3.018242120742798
5635,11,135,2070,16.511850357055664,14.843335721770874,0.001,2.984569787979126
5636,11,136,1846,11.515007972717285,14.816674331884878,0.001,3.036076307296753
5637,11,137,1089,11.288010597229004,14.779111736662198,0.001,3.6956710815429688
5638,11,138,390,8.229639053344727,14.742868354635258,0.001,3.1954333782196045
5639,11,139,405,6.791451454162598,14.696945950585354,0.001,3.018249988555908
5640,11,140,2911,19.628395080566406,14.714074910112112,0.001,3.133740186691284
5641,11,141,2547,28.991975784301758,14.825999093479336,0.001,3.138014316558838
5642,11,142,2479,12.063854217529297,14.805286385281573,0.001,3.7950429916381836
5643,11,143,273,11.606160163879395,14.780445514474412,0.001,3.098020553588867
5644,11,144,383,13.902982711791992,14.771808705876065,0.001,3.130725622177124
5645,11,145,1182,9.148914337158203,14.728930691713536,0.001,3.414975643157959
5646,11,146,2538,6.669750213623047,14.699948637536666,0.001,3.0024003982543945
5647,11,147,1576,5.643794536590576,14.668084226445233,0.001,3.4299819469451904
5648,11,148,2166,16.090425491333008,14.675632760443111,0.001,2.9894778728485107
5649,11,149,37,14.343833923339844,14.672378360257522,0.001,3.078554153442383
5650,11,150,1692,9.9778413772583,14.626684906617454,0.001,3.014444589614868
5651,11,151,178,8.104211807250977,14.580394970203242,0.001,3.5676426887512207
5652,11,152,458,22.39102554321289,14.608099523154031,0.001,3.127410411834717
5653,11,153,2927,41.46024703979492,14.688172442215018,0.001,2.9090042114257812
5654,11,154,2229,13.035411834716797,14.680830746828935,0.001,2.984010934829712
5655,11,155,368,8.735021591186523,14.636962170651653,0.001,2.9610257148742676
5656,11,156,2013,10.70583724975586,14.623862870617968,0.001,3.587094306945801
5657,11,157,29,8.226837158203125,14.578956502172346,0.001,2.99098539352417
5658,11,158,1965,9.306892395019531,14.529350814086534,0.001,2.937213897705078
5659,11,159,2192,27.259782791137695,14.564835803069645,0.001,2.945930004119873
5660,11,160,2513,8.090511322021484,14.543505108872402,0.001,2.922600030899048
5661,11,161,2834,7.239228248596191,14.476120614570181,0.001,4.115123271942139
5662,11,162,1848,7.469681739807129,14.412087857784469,0.001,3.0177204608917236
5663,11,163,2845,11.205049514770508,14.383187816732411,0.001,2.9255497455596924
5664,11,164,2450,8.6396484375,14.345296583234996,0.001,3.2728235721588135
5665,11,165,1360,8.259377479553223,14.326433581997085,0.001,3.1505072116851807
5666,11,166,2272,9.2520751953125,14.292688754583079,0.001,3.4790854454040527
5667,11,167,1326,6.597962379455566,14.268729632799191,0.001,2.933459758758545
5668,11,168,1568,11.191607475280762,14.248582749514622,0.001,3.0512335300445557
5669,11,169,1554,11.580057144165039,14.240119366840883,0.001,2.9307479858398438
5670,11,170,2443,8.639291763305664,14.203832743176841,0.001,3.7605865001678467
5671,11,171,2205,9.358932495117188,14.171870051468527,0.001,2.936227798461914
5672,11,172,65,11.107919692993164,14.16221542529632,0.001,3.1341631412506104
5673,11,173,469,9.445420265197754,14.122032730119624,0.001,2.9481489658355713
5674,11,174,453,14.822794914245605,14.125199510480057,0.001,3.0391743183135986
5675,11,175,2233,14.534507751464844,14.127048822027785,0.001,3.676271438598633
5676,11,176,1123,17.623132705688477,14.14279814298415,0.001,3.0161383152008057
5677,11,177,2482,13.216255187988281,14.134978065499102,0.001,2.981846332550049
5678,11,178,468,15.474321365356445,14.145977786274628,0.001,3.024141311645508
5679,11,179,2694,6.4280829429626465,14.123348345991719,0.001,3.0224320888519287
5680,11,180,376,14.495855331420898,14.124461727124395,0.001,3.4466028213500977
5681,11,181,2794,7.960873126983643,14.106147223836508,0.001,2.958726167678833
5682,11,182,374,11.910557746887207,14.088348904138119,0.001,3.339170455932617
5683,11,183,64,14.920377731323242,14.090796772289144,0.001,3.0174434185028076
5684,11,184,1393,18.81853485107422,14.11961303509748,0.001,3.556358575820923
5685,11,185,69,25.138643264770508,14.20869188926139,0.001,3.3628711700439453
5686,11,186,471,11.235981941223145,14.185289749829328,0.001,2.934154510498047
5687,11,187,522,10.24796199798584,14.154123103952472,0.001,2.9709577560424805
5688,11,188,388,16.11798667907715,14.159410583196117,0.001,2.895528554916382
5689,11,189,519,16.666240692138672,14.179065747896738,0.001,3.29838228225708
5690,11,190,1945,14.69123363494873,14.183036228250733,0.001,3.0662007331848145
5691,11,191,693,10.689523696899414,14.15606700026648,0.001,3.2889528274536133
5692,11,192,680,8.880866050720215,14.141773264448162,0.001,3.123170852661133
5693,11,193,2871,12.584966659545898,14.12999722640908,0.001,3.042184829711914
5694,11,194,60,12.73814582824707,14.124364845386454,0.001,4.111544132232666
5695,11,195,342,17.486774444580078,14.150042191611961,0.001,3.048759698867798
5696,11,196,2583,8.518733024597168,14.118233506481515,0.001,3.0385830402374268
5697,11,197,2494,12.94903564453125,14.111767648019892,0.001,3.0122768878936768
5698,11,198,254,15.533977508544922,14.122211069087708,0.001,3.6993837356567383
5699,11,199,2378,25.944869995117188,14.188004089558229,0.001,3.1793737411499023
5700,11,200,682,15.739907264709473,14.199230798387921,0.001,2.9671785831451416
5701,11,201,2149,7.826562881469727,14.164091992499792,0.001,2.9106991291046143
5702,11,202,2617,13.826041221618652,14.161675820804415,0.001,2.986643075942993
5703,11,203,2422,11.283656120300293,14.15429350138654,0.001,3.499709367752075
5704,11,204,1777,10.36470890045166,14.134303923815729,0.001,2.940007448196411
5705,11,205,1648,9.676206588745117,14.117365949736538,0.001,2.991269588470459
5706,11,206,706,10.34771728515625,14.107663267653638,0.001,2.8478009700775146
5707,11,207,2050,9.503935813903809,14.090560959954544,0.001,3.021099805831909
5708,11,208,2174,13.165966033935547,14.08425299009455,0.001,3.716928720474243
5709,11,209,28,7.618480205535889,14.068167705689808,0.001,2.934326648712158
5710,11,210,2181,13.077632904052734,14.065689392694338,0.001,2.9464144706726074
5711,11,211,1264,13.68668270111084,14.064728606452112,0.001,2.8625481128692627
5712,11,212,616,9.694645881652832,14.034790162854804,0.001,3.195614814758301
5713,11,213,392,9.540419578552246,14.00420333234095,0.001,3.6670944690704346
5714,11,214,1762,10.177241325378418,13.984636900170628,0.001,3.040228843688965
5715,11,215,382,9.346064567565918,13.973660929445403,0.001,2.911764144897461
5716,11,216,73,25.107484817504883,14.00105095600874,0.001,2.991185188293457
5717,11,217,2543,14.656848907470703,14.004400427716462,0.001,3.0390427112579346
5718,11,218,2293,14.293620109558105,14.005895242076768,0.001,3.573075532913208
5719,11,219,1250,6.794543743133545,13.988803992941683,0.001,3.2860753536224365
5720,11,220,2861,11.050596237182617,13.973981142986757,0.001,3.0477521419525146
5721,11,221,2595,7.363483428955078,13.958365242080276,0.001,3.0561211109161377
5722,11,222,2216,9.675559043884277,13.949241571105794,0.001,3.8166728019714355
5723,11,223,1395,9.518865585327148,13.938570889357349,0.001,2.927384853363037
5724,11,224,699,13.992534637451172,13.938833969239868,0.001,2.995509147644043
5725,11,225,2548,12.012996673583984,13.92949609785828,0.001,3.014143228530884
5726,11,226,1921,13.058382034301758,13.925230975090825,0.001,3.0056705474853516
5727,11,227,447,8.57320499420166,13.912609134161318,0.001,4.057232856750488
5728,11,228,2117,13.8949613571167,13.912525259880677,0.001,2.997187376022339
5729,11,229,446,10.203676223754883,13.894692084357004,0.001,2.9148669242858887
5730,11,230,695,14.538942337036133,13.897825911047372,0.001,3.0405304431915283
5731,11,231,1161,12.610175132751465,13.895048513153363,0.001,2.916630983352661
5732,11,232,1132,13.217899322509766,13.891756021285376,0.001,3.956092119216919
5733,11,233,1333,17.886085510253906,13.910835106512792,0.001,2.987086296081543
5734,11,234,400,14.385964393615723,13.912279852585323,0.001,3.0617430210113525
5735,11,235,825,21.771350860595703,13.929573334052627,0.001,2.9637179374694824
5736,11,236,685,13.037689208984375,13.925422189365964,0.001,3.5309998989105225
5737,11,237,727,14.923164367675781,13.92762753272848,0.001,2.996464967727661
5738,11,238,507,42.96228790283203,13.972922761000827,0.001,3.1152610778808594
5739,11,239,1636,7.953348159790039,13.93532739971287,0.001,2.871701955795288
5740,11,240,377,7.491195201873779,13.91388910985768,0.001,2.9453418254852295
5741,11,241,1120,16.778959274291992,13.922934000233218,0.001,3.533376932144165
5742,11,242,956,13.909069061279297,13.922849029826848,0.001,2.943915843963623
5743,11,243,1541,8.882495880126953,13.912791120591523,0.001,2.904594659805298
5744,11,244,459,9.362716674804688,13.902914530544793,0.001,2.9604039192199707
5745,11,245,2398,12.824776649475098,13.896411513298272,0.001,3.065810441970825
5746,11,246,694,11.780108451843262,13.883621859262394,0.001,3.751624345779419
5747,11,247,778,11.133770942687988,13.871297982093598,0.001,2.9370007514953613
5748,11,248,441,9.612818717956543,13.85217570015134,0.001,3.0583810806274414
5749,11,249,601,16.9672794342041,13.870733487052103,0.001,3.0815508365631104
5750,11,250,1679,8.417348861694336,13.853016196889193,0.001,3.102893829345703
5751,11,251,488,9.022514343261719,13.824763246776843,0.001,3.8356940746307373
5752,11,252,1263,7.795042514801025,13.798203085676377,0.001,3.121640920639038
5753,11,253,1126,9.45244026184082,13.772715926065594,0.001,3.1426451206207275
5754,11,254,1523,10.658170700073242,13.766211313937797,0.001,3.0313923358917236
5755,11,255,686,8.393135070800781,13.742293809270464,0.001,3.3682239055633545
5756,11,256,2510,11.583106994628906,13.72992885459186,0.001,3.3967390060424805
5757,11,257,2603,8.299454689025879,13.699520183858057,0.001,3.001832962036133
5758,11,258,1844,17.154159545898438,13.705808830755144,0.001,2.9161384105682373
5759,11,259,834,8.133493423461914,13.674095326127816,0.001,3.0618813037872314
5760,11,260,916,6.231515884399414,13.65871148625055,0.001,3.5395431518554688
5761,11,261,350,10.672372817993164,13.645937235665677,0.001,3.092693328857422
5762,11,262,2923,10.135872840881348,13.635638815034914,0.001,3.149442434310913
5763,11,263,2614,10.950777053833008,13.620682097578614,0.001,2.889730930328369
5764,11,264,2793,9.000513076782227,13.594447767495009,0.001,2.897355794906616
5765,11,265,481,10.428985595703125,13.581253597994447,0.001,3.4942939281463623
5766,11,266,2654,12.733654975891113,13.576547267617112,0.001,3.2446703910827637
5767,11,267,728,9.312236785888672,13.558880935384233,0.001,3.0372867584228516
5768,11,268,38,10.408093452453613,13.549541926558271,0.001,2.9562108516693115
5769,11,269,2051,17.870893478393555,13.567372263472938,0.001,3.516627788543701
5770,11,270,811,10.047335624694824,13.56101414559171,0.001,3.1691110134124756
5771,11,271,1174,12.226530075073242,13.555557052140555,0.001,3.123415231704712
5772,11,272,771,7.9980998039245605,13.533130529761864,0.001,2.9779698848724365
5773,11,273,920,8.980411529541016,13.508285874162226,0.001,3.028547525405884
5774,11,274,1627,15.200010299682617,13.515146600317332,0.001,3.5060300827026367
5775,11,275,1117,13.226598739624023,13.513969566219957,0.001,3.062296152114868
5776,11,276,344,8.315032958984375,13.50404453295943,0.001,3.0040283203125
5777,11,277,832,8.50597095489502,13.477689775211015,0.001,3.1290557384490967
5778,11,278,991,12.076934814453125,13.475099856525256,0.001,3.0162065029144287
5779,11,279,461,14.19343090057373,13.4788482062204,0.001,3.6257266998291016
5780,11,280,401,11.664188385009766,13.471703099827655,0.001,3.1739728450775146
5781,11,281,1769,14.176032066345215,13.475413842572383,0.001,3.0216434001922607
5782,11,282,2692,18.052846908569336,13.499141417524847,0.001,2.9649832248687744
5783,11,283,2335,15.192595481872559,13.502354468389282,0.001,3.139737367630005
5784,11,284,770,12.022481918334961,13.49654513027171,0.001,3.6735477447509766
5785,11,285,1440,12.631742477416992,13.493283117891862,0.001,2.853980302810669
5786,11,286,743,15.87806224822998,13.497624052989321,0.001,3.018965244293213
5787,11,287,2278,20.15276527404785,13.523523588474452,0.001,2.9733145236968994
5788,11,288,919,9.198960304260254,13.50118453239588,0.001,3.6668686866760254
5789,11,289,710,11.482197761535645,13.493555843929824,0.001,3.1984009742736816
5790,11,290,1098,15.75643539428711,13.499740451026156,0.001,3.119800567626953
5791,11,291,2720,14.20308780670166,13.500911952984943,0.001,2.8793890476226807
5792,11,292,2722,20.07377815246582,13.511827746655792,0.001,3.0170984268188477
5793,11,293,814,8.500292778015137,13.502587246408584,0.001,4.253805637359619
5794,11,294,1814,12.074002265930176,13.497299639701989,0.001,3.522495985031128
5795,11,295,68,13.38958740234375,13.497005839758522,0.001,2.926224946975708
5796,11,296,190,11.25291919708252,13.485589000985419,0.001,3.0396387577056885
5797,11,297,707,15.22087574005127,13.488467446814278,0.001,3.444357395172119
5798,11,298,2349,13.74710464477539,13.489736437820818,0.001,3.642193078994751
5799,11,299,803,9.360060691833496,13.482663252301219,0.001,3.031257152557373
5800,11,300,1155,9.86609935760498,13.476200781589448,0.001,3.0438232421875
5801,11,301,2613,12.292122840881348,13.471904308232007,0.001,2.919701337814331
5802,11,302,2196,13.633947372436523,13.472159339990311,0.001,3.6701409816741943
5803,11,303,2221,22.720577239990234,13.506615519639517,0.001,3.0844972133636475
5804,11,304,2377,14.529304504394531,13.51032557729986,0.001,2.9433135986328125
5805,11,305,67,17.938396453857422,13.526407399072099,0.001,2.9671666622161865
5806,11,306,514,12.381455421447754,13.52340619766043,0.001,2.94038462638855
5807,11,307,266,14.177577018737793,13.52655285576787,0.001,3.8803539276123047
5808,11,308,2610,11.199114799499512,13.522558885905676,0.001,2.9591338634490967
5809,11,309,490,11.914163589477539,13.519753684852322,0.001,3.0222504138946533
5810,11,310,904,25.461223602294922,13.546776012871668,0.001,2.945262908935547
5811,11,311,1324,11.46475887298584,13.536964751708346,0.001,3.0668601989746094
5812,11,312,1481,9.901979446411133,13.523889148351936,0.001,3.6201298236846924
5813,11,313,689,22.626718521118164,13.54684863608377,0.001,3.1913440227508545
5814,11,314,1482,6.452565670013428,13.535049211948447,0.001,3.0885541439056396
5815,11,315,2008,11.608904838562012,13.532152254665352,0.001,2.8677146434783936
5816,11,316,827,14.61191177368164,13.534413205323517,0.001,3.3562254905700684
5817,11,317,424,12.8264799118042,13.532722519656808,0.001,3.063089370727539
5818,11,318,2406,13.676511764526367,13.533399760722007,0.001,3.0385653972625732
5819,11,319,787,12.298752784729004,13.531317402610117,0.001,3.1011335849761963
5820,11,320,717,12.940817832946777,13.528581236643939,0.001,2.9189953804016113
5821,11,321,1099,15.358977317810059,13.53704992311504,0.001,3.647890567779541
5822,11,322,2243,16.826623916625977,13.552190244326844,0.001,2.967998504638672
5823,11,323,2585,8.83621883392334,13.53631062457309,0.001,2.985198736190796
5824,11,324,407,9.950493812561035,13.524041500222513,0.001,3.0613210201263428
5825,11,325,94,11.54096508026123,13.515552422685133,0.001,2.960663318634033
5826,11,326,2619,10.8889799118042,13.509713795144995,0.001,3.922563314437866
5827,11,327,788,12.946054458618164,13.507163312453669,0.001,2.9479422569274902
5828,11,328,74,6.600595474243164,13.496202666878606,0.001,3.0036654472351074
5829,11,329,977,9.827435493469238,13.4876328614712,0.001,3.0287342071533203
5830,11,330,2413,8.879842758178711,13.471942561460926,0.001,3.5386109352111816
5831,11,331,2652,6.920968055725098,13.461664983957052,0.001,3.25730037689209
5832,11,332,455,27.44840431213379,13.47876921848372,0.001,2.9426941871643066
5833,11,333,2034,9.302830696105957,13.460476475753255,0.001,3.005248546600342
5834,11,334,496,20.353721618652344,13.482414941868404,0.001,2.9914073944091797
5835,11,335,981,12.232295036315918,13.478263386525802,0.001,3.922391414642334
5836,11,336,1306,9.953010559082031,13.462803516591585,0.001,3.2780065536499023
5837,11,337,1088,10.731527328491211,13.454010058403544,0.001,3.024437189102173
5838,11,338,2673,17.176624298095703,13.466397955783245,0.001,2.9788928031921387
5839,11,339,2901,12.487218856811523,13.464058688362911,0.001,2.985485792160034
5840,11,340,961,10.409461975097656,13.450861782136096,0.001,3.833299160003662
5841,11,341,607,10.426947593688965,13.446362591601622,0.001,2.9825379848480225
5842,11,342,2533,8.365060806274414,13.43437281398906,0.001,2.9393904209136963
5843,11,343,962,12.751904487609863,13.432782245919254,0.001,2.98016619682312
5844,11,344,851,9.259451866149902,13.414439198186138,0.001,3.3671584129333496
5845,11,345,2569,14.361289024353027,13.416606578914019,0.001,3.4303014278411865
5846,11,346,2563,14.0411958694458,13.418041390988366,0.001,3.226689338684082
5847,11,347,264,10.78160285949707,13.409560943349987,0.001,3.1170029640197754
5848,11,348,403,7.565545082092285,13.396381021446196,0.001,2.994961977005005
5849,11,349,914,13.03389835357666,13.395232940285702,0.001,3.6913180351257324
5850,11,350,972,7.158501625061035,13.375838805216704,0.001,3.3709678649902344
5851,11,351,434,11.9282808303833,13.373863492183022,0.001,2.9498322010040283
5852,11,352,852,15.569000244140625,13.380717013105084,0.001,3.066244602203369
5853,11,353,98,10.470888137817383,13.368471117578867,0.001,3.0470354557037354
5854,11,354,864,16.10820960998535,13.372345022773112,0.001,3.8359663486480713
5855,11,355,2864,13.791048049926758,13.373290867388905,0.001,2.970553398132324
5856,11,356,2343,8.697882652282715,13.362992880693696,0.001,2.942941904067993
5857,11,357,1519,19.70671272277832,13.38311088654945,0.001,2.9702320098876953
5858,11,358,2580,12.518789291381836,13.379617277403943,0.001,3.4108541011810303
5859,11,359,2392,7.528334617614746,13.366532460296646,0.001,3.2180306911468506
5860,11,360,2565,6.777006149291992,13.356676013162936,0.001,2.9910593032836914
5861,11,361,705,8.434993743896484,13.336170183296403,0.001,3.1383183002471924
5862,11,362,966,12.375869750976562,13.33410692295154,0.001,2.9176032543182373
5863,11,363,801,6.335031986236572,13.319244541131726,0.001,3.3610830307006836
5864,11,364,340,8.547533988952637,13.304637068897089,0.001,3.2097606658935547
5865,11,365,2066,8.179398536682129,13.283968574236473,0.001,2.926571846008301
5866,11,366,2328,6.758371829986572,13.269648564916384,0.001,3.0244696140289307
5867,11,367,436,12.856525421142578,13.268770454605784,0.001,3.369309663772583
5868,11,368,954,14.316727638244629,13.270277476984216,0.001,3.562063694000244
5869,11,369,523,15.623615264892578,13.279813440730898,0.001,3.1390440464019775
5870,11,370,951,12.089698791503906,13.276250056004773,0.001,3.0353031158447266
5871,11,371,325,16.500946044921875,13.285871092214592,0.001,3.1228461265563965
5872,11,372,1556,8.739034652709961,13.272240006108701,0.001,3.223492383956909
5873,11,373,2219,9.123799324035645,13.26671150346359,0.001,3.6867377758026123
5874,11,374,1888,16.721586227416992,13.280172574852411,0.001,2.91766095161438
5875,11,375,759,9.834708213806152,13.270078257504917,0.001,2.958000421524048
5876,11,376,408,7.415892124176025,13.257847445172407,0.001,3.0104615688323975
5877,11,377,337,13.185379028320312,13.257709389646328,0.001,3.393704414367676
5878,11,378,2590,18.573884963989258,13.268541032546365,0.001,3.1638383865356445
5879,11,379,336,8.550298690795898,13.249976610815711,0.001,2.99285626411438
5880,11,380,2709,21.35008430480957,13.261125936738626,0.001,2.986856460571289
5881,11,381,2455,11.82300853729248,13.259080055299346,0.001,2.9935414791107178
5882,11,382,2682,14.625009536743164,13.264456056943953,0.001,3.574322462081909
5883,11,383,2204,10.980864524841309,13.255759487753314,0.001,3.0935137271881104
5884,11,384,873,12.48032283782959,13.254818531128402,0.001,3.1766836643218994
5885,11,385,1128,15.436677932739258,13.26112727890647,0.001,3.0525410175323486
5886,11,386,1737,20.91493797302246,13.2896907922851,0.001,3.017462730407715
5887,11,387,2460,15.878668785095215,13.293228852984086,0.001,3.581629514694214
5888,11,388,2767,14.683389663696289,13.297267484599104,0.001,3.090886116027832
5889,11,389,361,15.461899757385254,13.305109661526334,0.001,3.133852481842041
5890,11,390,2789,16.875038146972656,13.315235283674014,0.001,2.9979076385498047
5891,11,391,861,13.757660865783691,13.31613401572316,0.001,3.416175127029419
5892,11,392,1615,10.379508972167969,13.3079886110355,0.001,3.390282154083252
5893,11,393,2588,12.234519958496094,13.303902084724157,0.001,3.1890807151794434
5894,11,394,432,23.611257553100586,13.332361105840295,0.001,2.9772422313690186
5895,11,395,448,15.9424467086792,13.339855659393617,0.001,3.0380759239196777
5896,11,396,2668,11.796749114990234,13.335487970814444,0.001,3.7865936756134033
5897,11,397,742,10.55787467956543,13.325115903379492,0.001,2.971163034439087
5898,11,398,870,9.997659683227539,13.318490572370308,0.001,3.0658624172210693
5899,11,399,721,10.365097045898438,13.312729097183789,0.001,3.016903877258301
5900,11,400,1938,11.086976051330566,13.309893253558554,0.001,3.0156476497650146
5901,11,401,1373,14.777371406555176,13.31308391133207,0.001,3.701406717300415
5902,11,402,2144,6.754271507263184,13.304538777841886,0.001,2.907480239868164
5903,11,403,1363,22.683868408203125,13.330332608933269,0.001,3.195111036300659
5904,11,404,378,16.419734954833984,13.341650783668738,0.001,3.279379367828369
5905,11,405,1779,12.55386734008789,13.338784226527437,0.001,3.7584688663482666
5906,11,406,1149,14.41617202758789,13.341751882137885,0.001,3.094778060913086
5907,11,407,863,23.078683853149414,13.368432135849647,0.001,2.9878036975860596
5908,11,408,250,21.02837562561035,13.378372742723476,0.001,2.885645627975464
5909,11,409,858,14.839075088500977,13.380083544088766,0.001,3.0749118328094482
5910,11,410,915,10.904769897460938,13.377002601388341,0.001,4.01551079750061
5911,11,411,819,13.22043228149414,13.376577279180845,0.001,3.007617712020874
5912,11,412,2140,10.319957733154297,13.372815451754771,0.001,3.009272575378418
5913,11,413,1334,8.151202201843262,13.366224312089436,0.001,2.889707088470459
5914,11,414,808,15.505311012268066,13.37192971659385,0.001,3.0099689960479736
5915,11,415,2669,13.324681282043457,13.371868470000702,0.001,3.569544792175293
5916,11,416,1616,9.982443809509277,13.362580778173294,0.001,3.0043785572052
5917,11,417,2784,11.120100021362305,13.354565074693369,0.001,3.06793475151062
5918,11,418,492,13.543258666992188,13.355235478977558,0.001,2.9583287239074707
5919,11,419,1196,8.012572288513184,13.349035719891338,0.001,3.051907777786255
5920,11,420,2906,11.503599166870117,13.344162194652498,0.001,3.3954148292541504
5921,11,421,2327,9.532608985900879,13.337094629260811,0.001,2.917257785797119
5922,11,422,774,9.456620216369629,13.32684717416645,0.001,2.879993438720703
5923,11,423,989,10.40766716003418,13.319184237942924,0.001,3.0728464126586914
5924,11,424,77,12.42180347442627,13.316800014670683,0.001,3.668436050415039
5925,11,425,2432,5.9709153175354,13.307531976457582,0.001,3.004983901977539
5926,11,426,1793,9.054609298706055,13.292915971418358,0.001,3.148470878601074
5927,11,427,1864,11.95419692993164,13.291239742762453,0.001,2.9071903228759766
5928,11,428,990,16.475650787353516,13.29971782470895,0.001,2.984050989151001
5929,11,429,363,9.312243461608887,13.294808089205214,0.001,3.7831122875213623
5930,11,430,913,12.584000587463379,13.293496667574686,0.001,2.9638288021087646
5931,11,431,2498,12.482025146484375,13.291999354601794,0.001,3.101381301879883
5932,11,432,611,10.70089340209961,13.287297972954445,0.001,2.9345703125
5933,11,433,986,21.42427635192871,13.308619217973234,0.001,3.0564451217651367
5934,11,434,2608,8.659646987915039,13.292391496728154,0.001,3.4839954376220703
5935,11,435,2763,10.267480850219727,13.28872314822623,0.001,2.8693201541900635
5936,11,436,719,11.424798965454102,13.282362685196418,0.001,2.9783124923706055
5937,11,437,56,8.439620971679688,13.270014888630486,0.001,2.9810051918029785
5938,11,438,372,12.441193580627441,13.269132293850964,0.001,3.0091114044189453
5939,11,439,773,13.231012344360352,13.269035447558451,0.001,3.7435827255249023
5940,11,440,2499,14.001919746398926,13.27036595561754,0.001,3.004000186920166
5941,11,441,2930,7.751284599304199,13.263857991446418,0.001,3.3078057765960693
5942,11,442,789,16.07722282409668,13.270942393966514,0.001,2.957939624786377
5943,11,443,2191,17.74530029296875,13.279181031195687,0.001,3.154554605484009
5944,11,444,518,14.181772232055664,13.280268621202973,0.001,3.209718942642212
5945,11,445,2929,13.85673713684082,13.281718246280253,0.001,2.982179641723633
5946,11,446,32,11.896904945373535,13.27701090362671,0.001,2.9526591300964355
5947,11,447,521,9.53184986114502,13.272571913840935,0.001,3.0483927726745605
5948,11,448,2874,13.441890716552734,13.27298586482256,0.001,3.701371908187866
5949,11,449,2251,8.938060760498047,13.265094743818905,0.001,3.3904008865356445
5950,11,450,2706,10.735111236572266,13.262247443537829,0.001,2.8887763023376465
5951,11,451,1543,10.790285110473633,13.259278510634754,0.001,2.9373373985290527
5952,11,452,1182,7.432988166809082,13.244717751875983,0.001,3.0533711910247803
5953,11,453,1690,10.799088478088379,13.241811544490176,0.001,3.9180893898010254
5954,11,454,1326,10.18186092376709,13.238261894161463,0.001,3.220386266708374
5955,11,455,1794,11.84459400177002,13.234882819225621,0.001,3.043524742126465
5956,11,456,1083,13.431488037109375,13.235511378495573,0.001,2.8497469425201416
5957,11,457,1263,9.410317420959473,13.226142507034815,0.001,3.147336959838867
5958,11,458,1791,11.338281631469727,13.222890230263943,0.001,3.759887218475342
5959,11,459,1527,26.398130416870117,13.25487326312123,0.001,3.0311498641967773
5960,11,460,1173,13.16493034362793,13.254768172088811,0.001,2.9641268253326416
5961,11,461,1846,11.52525806427002,13.250595364464475,0.001,3.093254804611206
5962,11,462,1088,14.84664249420166,13.254389422603987,0.001,3.611048698425293
5963,11,463,1888,18.244197845458984,13.270237756281322,0.001,2.951294183731079
5964,11,464,1571,10.499686241149902,13.261354381382704,0.001,2.9373574256896973
5965,11,465,1473,11.053071975708008,13.25804360202896,0.001,2.9539308547973633
5966,11,466,1481,9.632864952087402,13.249220346945147,0.001,2.927813768386841
5967,11,467,1844,17.22511863708496,13.253261373152052,0.001,3.700279474258423
5968,11,468,1570,12.537982940673828,13.252435652002797,0.001,2.9538650512695312
5969,11,469,1769,10.51614761352539,13.243628647147451,0.001,3.0137720108032227
5970,11,470,1155,9.744213104248047,13.239580915526712,0.001,2.970914840698242
5971,11,471,2073,8.704903602600098,13.234637205023327,0.001,2.8846540451049805
5972,11,472,1265,8.382766723632812,13.229115017779227,0.001,3.845067024230957
5973,11,473,1460,9.235574722290039,13.222303435978441,0.001,3.038968086242676
5974,11,474,1109,13.737128257751465,13.22387410391186,0.001,3.0287251472473145
5975,11,475,1557,8.582862854003906,13.209162929556504,0.001,2.9230117797851562
5976,11,476,1399,19.182479858398438,13.228205780182664,0.001,3.5877537727355957
5977,11,477,1793,11.22927474975586,13.222028468082906,0.001,3.3918583393096924
5978,11,478,1779,10.8941011428833,13.214780802639208,0.001,3.2465808391571045
5979,11,479,1311,7.419543743133545,13.196794168000471,0.001,2.8993873596191406
5980,11,480,1580,14.29250717163086,13.198613917627718,0.001,2.9559531211853027
5981,11,481,1821,11.58116626739502,13.196826819641494,0.001,3.469623327255249
5982,11,482,1568,13.316617965698242,13.197103031258168,0.001,2.928762197494507
5983,11,483,1310,11.3261137008667,13.19129745296298,0.001,2.9236905574798584
5984,11,484,1714,13.99718189239502,13.193112458868294,0.001,2.8868465423583984
5985,11,485,1196,6.771814823150635,13.186641306482212,0.001,3.000025987625122
5986,11,486,1370,19.592357635498047,13.201489406232938,0.001,4.006802320480347
5987,11,487,1717,8.235974311828613,13.19611675852327,0.001,3.03422474861145
5988,11,488,1089,11.442337036132812,13.190763437839356,0.001,3.061906576156616
5989,11,489,1945,8.071455001831055,13.175148761804305,0.001,3.0342280864715576
5990,11,490,1541,8.036134719848633,13.170063265002678,0.001,2.9060263633728027
5991,11,491,1772,7.434350967407227,13.152384593638626,0.001,3.467578411102295
5992,11,492,1797,12.666397094726562,13.151847395626838,0.001,2.9361391067504883
5993,11,493,2157,10.327692985534668,13.143312653974007,0.001,2.9491255283355713
5994,11,494,2040,6.983544826507568,13.124517334268768,0.001,2.972259759902954
5995,11,495,1151,14.078262329101562,13.125997785304408,0.001,3.170705795288086
5996,11,496,1361,21.13246726989746,13.134584840444383,0.001,3.0639288425445557
5997,11,497,1596,15.904292106628418,13.138933648691888,0.001,2.33642840385437
5998,11,498,1823,8.758089065551758,13.125531420017795,0.001,2.8866782188415527
5999,11,499,1532,9.66279411315918,13.115267653029399,0.001,2.828721284866333
6000,12,0,1128,10.887473106384277,10.887473106384277,0.001,2.994196891784668
6001,12,1,1938,9.460134506225586,10.438514700907264,0.001,2.9040043354034424
6002,12,2,1480,11.229360580444336,10.63070638000784,0.001,4.254556894302368
6003,12,3,1373,11.556679725646973,10.898656109445973,0.001,3.088205337524414
6004,12,4,1488,11.390684127807617,11.05406069700221,0.001,3.0415685176849365
6005,12,5,1434,12.694798469543457,11.375098820954024,0.001,2.8788836002349854
6006,12,6,2229,12.531916618347168,11.503802143342593,0.001,3.2534751892089844
6007,12,7,2067,9.553561210632324,11.276818391234695,0.001,3.406855821609497
6008,12,8,1923,7.403011798858643,10.734686751138666,0.001,3.0187876224517822
6009,12,9,1530,9.598470687866211,10.559446525268648,0.001,2.9862070083618164
6010,12,10,2101,11.985950469970703,10.751649245995573,0.001,3.015469789505005
6011,12,11,1735,9.71955680847168,10.704240390430696,0.001,3.749122142791748
6012,12,12,2008,18.661741256713867,11.015491385508055,0.001,3.030946731567383
6013,12,13,2064,7.291069507598877,10.69893561634574,0.001,3.1048731803894043
6014,12,14,1097,6.922651290893555,10.557507174331038,0.001,3.0348057746887207
6015,12,15,2205,10.000957489013672,10.515203779464505,0.001,3.00758695602417
6016,12,16,1306,13.814982414245605,10.813413509987091,0.001,4.3314971923828125
6017,12,17,2272,8.715211868286133,10.679990208534651,0.001,2.9338414669036865
6018,12,18,1585,10.633062362670898,10.67635995863086,0.001,3.0314478874206543
6019,12,19,1514,9.666332244873047,10.649085424467179,0.001,3.0395524501800537
6020,12,20,177,9.8378324508667,10.60580830971616,0.001,3.1780283451080322
6021,12,21,1372,6.9155192375183105,10.41725956868602,0.001,3.548240900039673
6022,12,22,1441,15.93812084197998,10.55192601526618,0.001,3.020333766937256
6023,12,23,1111,15.863204002380371,10.804510656263794,0.001,2.9760489463806152
6024,12,24,2172,7.339050769805908,10.644205524253152,0.001,3.0078039169311523
6025,12,25,2251,9.127286911010742,10.595383312363682,0.001,3.7521519660949707
6026,12,26,2191,15.826445579528809,10.758314873531264,0.001,2.9092040061950684
6027,12,27,1900,30.51140594482422,11.16126521391349,0.001,2.863929271697998
6028,12,28,2095,10.141178131103516,11.108401725569163,0.001,3.0441462993621826
6029,12,29,1951,10.158690452575684,11.072145954997287,0.001,2.9698472023010254
6030,12,30,1915,13.079365730285645,11.124787525985223,0.001,3.785600185394287
6031,12,31,2340,16.530067443847656,11.314095773265954,0.001,2.96030330657959
6032,12,32,1576,7.038087368011475,11.243521122113643,0.001,2.973548173904419
6033,12,33,1463,11.273188591003418,11.243948252723543,0.001,3.011646032333374
6034,12,34,1556,8.661091804504395,11.156920453137905,0.001,3.1394665241241455
6035,12,35,1615,11.950530052185059,11.182155743549137,0.001,3.901836395263672
6036,12,36,1620,20.633399963378906,11.278905036176452,0.001,3.0255420207977295
6037,12,37,1519,20.829439163208008,11.58173575377032,0.001,3.1497788429260254
6038,12,38,1123,17.4521484375,11.709058411243106,0.001,3.048590660095215
6039,12,39,1814,6.894638538360596,11.56875236986368,0.001,3.6780221462249756
6040,12,40,1346,13.569598197937012,11.642024841346345,0.001,3.192946195602417
6041,12,41,1828,12.897104263305664,11.688910847682232,0.001,3.090773582458496
6042,12,42,1394,20.924728393554688,11.935372657397586,0.001,3.0151400566101074
6043,12,43,1548,15.874235153198242,12.033850655328337,0.001,3.0471584796905518
6044,12,44,2282,12.478802680969238,12.03928277677785,0.001,3.6448724269866943
6045,12,45,1925,8.49793529510498,11.996892620036304,0.001,2.934051513671875
6046,12,46,2341,10.915825843811035,11.961233678913237,0.001,2.915640115737915
6047,12,47,2113,14.073785781860352,12.01252677057601,0.001,3.036970615386963
6048,12,48,1575,11.81868839263916,12.00788744276509,0.001,3.2203354835510254
6049,12,49,1118,13.700002670288086,12.046406910861107,0.001,3.6392099857330322
6050,12,50,1540,15.037080764770508,12.078841837800812,0.001,3.1290509700775146
6051,12,51,1809,12.107162475585938,12.079655416840678,0.001,3.1278624534606934
6052,12,52,2458,9.662528038024902,12.027895031437996,0.001,3.0063180923461914
6053,12,53,2055,8.915131568908691,11.941174830274251,0.001,3.9837191104888916
6054,12,54,1368,7.2404093742370605,11.87067050143796,0.001,3.062166929244995
6055,12,55,1313,11.88435173034668,11.871020785969598,0.001,3.104379653930664
6056,12,56,1250,6.96118688583374,11.825137285580885,0.001,3.017944812774658
6057,12,57,2325,7.970452308654785,11.74988917581692,0.001,3.077767848968506
6058,12,58,1126,9.107315063476562,11.682815995912922,0.001,4.079786062240601
6059,12,59,2328,8.460580825805664,11.639193557067498,0.001,2.9629743099212646
6060,12,60,1692,9.072452545166016,11.576879915983252,0.001,3.0910162925720215
6061,12,61,1087,17.39131736755371,11.712714753929342,0.001,2.881941556930542
6062,12,62,2179,7.62699556350708,11.660617998291425,0.001,3.19169545173645
6063,12,63,1586,8.23847484588623,11.58151020892442,0.001,3.5315632820129395
6064,12,64,1626,6.1937174797058105,11.539157383754288,0.001,2.9568862915039062
6065,12,65,1918,9.633496284484863,11.496648400972678,0.001,3.0154011249542236
6066,12,66,1921,10.725358963012695,11.484008308976751,0.001,3.0663840770721436
6067,12,67,1756,9.461044311523438,11.451865628391397,0.001,3.658269166946411
6068,12,68,254,8.668201446533203,11.393450753044648,0.001,3.0100831985473633
6069,12,69,2498,15.44187068939209,11.43858281232684,0.001,2.948107957839966
6070,12,70,1383,9.734966278076172,11.419472943090218,0.001,2.946444511413574
6071,12,71,1365,9.645954132080078,11.406472143264855,0.001,2.899155855178833
6072,12,72,1879,10.579069137573242,11.397346593931074,0.001,3.70359206199646
6073,12,73,2392,9.074850082397461,11.372136029160297,0.001,3.0699846744537354
6074,12,74,2099,8.434879302978516,11.340823575629152,0.001,3.022698402404785
6075,12,75,1317,13.537967681884766,11.356229592769465,0.001,2.971189498901367
6076,12,76,1577,9.981630325317383,11.336339148453241,0.001,3.021528720855713
6077,12,77,1838,8.55474853515625,11.297157270610134,0.001,3.6789002418518066
6078,12,78,2144,7.7572479248046875,11.27339854568925,0.001,3.0448012351989746
6079,12,79,1502,10.271379470825195,11.254467390795465,0.001,3.0295331478118896
6080,12,80,2184,20.548078536987305,11.347123703867156,0.001,2.957251787185669
6081,12,81,1700,16.553258895874023,11.400819803715954,0.001,3.700763463973999
6082,12,82,1360,7.766237258911133,11.377958537922837,0.001,3.050077438354492
6083,12,83,2098,15.462875366210938,11.414106476250359,0.001,3.24678373336792
6084,12,84,190,8.559718132019043,11.362508947902246,0.001,3.0899670124053955
6085,12,85,2435,6.689686298370361,11.332356172179601,0.001,2.977919578552246
6086,12,86,1764,9.15890884399414,11.29419471676007,0.001,3.188281774520874
6087,12,87,2436,15.969696998596191,11.323015606075368,0.001,2.9844415187835693
6088,12,88,1395,8.995301246643066,11.308639578253839,0.001,2.974186420440674
6089,12,89,2204,7.574995517730713,11.247102749941169,0.001,2.8907885551452637
6090,12,90,1443,15.426797866821289,11.315511848636566,0.001,3.2789816856384277
6091,12,91,2249,15.482958793640137,11.367329820872923,0.001,3.372044563293457
6092,12,92,1344,8.488587379455566,11.332959868281923,0.001,3.0985705852508545
6093,12,93,2071,18.74856948852539,11.395753107566163,0.001,2.9171454906463623
6094,12,94,2564,14.578289031982422,11.432676665282122,0.001,3.124260902404785
6095,12,95,2223,15.490555763244629,11.495987655639377,0.001,3.023245096206665
6096,12,96,1132,10.930692672729492,11.489394734272455,0.001,3.5843889713287354
6097,12,97,2552,14.013835906982422,11.517785495274024,0.001,3.1133954524993896
6098,12,98,2070,12.901485443115234,11.53838240219699,0.001,3.0468647480010986
6099,12,99,1342,11.908095359802246,11.542398538864123,0.001,3.0640735626220703
6100,12,100,2216,7.826382637023926,11.524920490299394,0.001,3.26981258392334
6101,12,101,2152,15.192119598388672,11.564487280537564,0.001,3.688727378845215
6102,12,102,2188,26.387332916259766,11.722974125714272,0.001,3.0107319355010986
6103,12,103,28,7.011218547821045,11.699027089936129,0.001,2.9267258644104004
6104,12,104,2522,13.4981050491333,11.71793738180414,0.001,2.985775947570801
6105,12,105,2460,12.013914108276367,11.71942360193253,0.001,3.589238405227661
6106,12,106,1363,20.400840759277344,11.809928341603673,0.001,3.058220148086548
6107,12,107,1333,14.385883331298828,11.83662360085223,0.001,2.8593013286590576
6108,12,108,1686,13.822564125061035,11.86357912767955,0.001,3.006528615951538
6109,12,109,2462,12.154871940612793,11.867539668841514,0.001,3.166483163833618
6110,12,110,2225,9.109500885009766,11.831101162696143,0.001,3.87164568901062
6111,12,111,1482,5.9733171463012695,11.80387827406693,0.001,3.093602418899536
6112,12,112,1777,10.185942649841309,11.788273735805873,0.001,2.9565813541412354
6113,12,113,1181,12.289471626281738,11.793018494870322,0.001,3.0419764518737793
6114,12,114,2192,28.29163932800293,11.85664968640166,0.001,3.0476901531219482
6115,12,115,2583,9.104904174804688,11.830134590066002,0.001,3.5886738300323486
6116,12,116,1845,9.810678482055664,11.82149870152791,0.001,3.004275321960449
6117,12,117,2270,8.362550735473633,11.777658941799023,0.001,3.01554536819458
6118,12,118,1817,9.866991996765137,11.769421931276613,0.001,2.853811502456665
6119,12,119,2652,5.8693013191223145,11.74369796286259,0.001,4.028839588165283
6120,12,120,2669,10.670546531677246,11.738892778164464,0.001,2.906153678894043
6121,12,121,2343,7.772377967834473,11.71310371674005,0.001,3.055389165878296
6122,12,122,1832,13.628874778747559,11.736392850557431,0.001,3.024512529373169
6123,12,123,1679,14.038671493530273,11.751576171936719,0.001,2.9755983352661133
6124,12,124,1751,13.544425010681152,11.763112384323655,0.001,3.7345261573791504
6125,12,125,1676,10.65287971496582,11.749867449283292,0.001,3.0151400566101074
6126,12,126,1506,9.389690399169922,11.740433966233537,0.001,2.9523534774780273
6127,12,127,1682,18.896509170532227,11.80302252416108,0.001,3.2460293769836426
6128,12,128,1274,13.98464584350586,11.821612686621807,0.001,3.059177875518799
6129,12,129,2241,9.64767074584961,11.796389821693042,0.001,3.6484694480895996
6130,12,130,2347,7.162189483642578,11.756974529715881,0.001,2.9813151359558105
6131,12,131,1259,9.505218505859375,11.743636451832748,0.001,2.9958648681640625
6132,12,132,1122,5.923495292663574,11.708086674626998,0.001,2.9520931243896484
6133,12,133,2584,8.353524208068848,11.670973872130535,0.001,3.5545809268951416
6134,12,134,1636,9.970285415649414,11.652256174358735,0.001,3.2405433654785156
6135,12,135,1117,19.461139678955078,11.717183705890477,0.001,2.9390602111816406
6136,12,136,2750,18.042070388793945,11.741474854127885,0.001,2.96478533744812
6137,12,137,1393,15.716889381408691,11.77373184469065,0.001,3.2407026290893555
6138,12,138,1807,31.838115692138672,11.984487014437324,0.001,3.6895108222961426
6139,12,139,2603,12.401623725891113,11.98877116942788,0.001,3.027282953262329
6140,12,140,2413,11.053760528564453,11.981342934688394,0.001,2.9997613430023193
6141,12,141,1484,8.065364837646484,11.950595520470769,0.001,2.98823618888855
6142,12,142,2196,10.30815315246582,11.945135207098277,0.001,3.0119528770446777
6143,12,143,2464,20.12562370300293,11.975860493421937,0.001,3.604788303375244
6144,12,144,2709,25.29081153869629,12.024031392336568,0.001,3.016824245452881
6145,12,145,2274,8.377490997314453,11.996709614527516,0.001,3.119141101837158
6146,12,146,1339,12.552474021911621,11.998754492814392,0.001,2.9785289764404297
6147,12,147,1153,9.8335542678833,11.976839335761852,0.001,3.086087226867676
6148,12,148,2834,9.12173080444336,11.948348428282856,0.001,3.9048960208892822
6149,12,149,1902,13.399998664855957,11.959108343977256,0.001,3.0613298416137695
6150,12,150,1149,14.917360305786133,11.981042703536566,0.001,3.1365559101104736
6151,12,151,2511,13.032632827758789,11.986598605765028,0.001,2.9962191581726074
6152,12,152,1093,9.25878620147705,11.96076394973925,0.001,3.411776065826416
6153,12,153,2235,9.030203819274902,11.932862954534853,0.001,2.9794375896453857
6154,12,154,2911,20.634578704833984,11.960281520510053,0.001,2.96457839012146
6155,12,155,2401,10.68843936920166,11.951133098732317,0.001,2.866856336593628
6156,12,156,1264,12.659403800964355,11.953563364021441,0.001,2.9485349655151367
6157,12,157,2794,5.929391860961914,11.93310517870595,0.001,3.6279687881469727
6158,12,158,2682,8.06851577758789,11.896640893781079,0.001,2.8929076194763184
6159,12,159,1105,8.338221549987793,11.88438015269443,0.001,3.2358503341674805
6160,12,160,344,6.612797737121582,11.866929478704709,0.001,3.1074559688568115
6161,12,161,2535,9.17615795135498,11.85808255782558,0.001,3.2945008277893066
6162,12,162,350,12.14462947845459,11.860062452286552,0.001,3.539511203765869
6163,12,163,2502,10.150891304016113,11.844417330770858,0.001,2.9447479248046875
6164,12,164,1839,6.765434265136719,11.828354449751593,0.001,3.326098918914795
6165,12,165,2775,16.737302780151367,11.860960187603618,0.001,2.98952579498291
6166,12,166,2510,11.916390419006348,11.861449197724067,0.001,3.714564800262451
6167,12,167,2297,10.360937118530273,11.851287741436938,0.001,3.0654780864715576
6168,12,168,337,12.520332336425781,11.85414051316447,0.001,3.0807340145111084
6169,12,169,1965,7.869865894317627,11.819101597255337,0.001,2.94492769241333
6170,12,170,1334,6.223552227020264,11.80202218541611,0.001,3.0479977130889893
6171,12,171,2293,11.55667495727539,11.800395072032622,0.001,3.522306442260742
6172,12,172,340,7.539040565490723,11.772898412585869,0.001,2.940107822418213
6173,12,173,1439,12.347121238708496,11.777721167100387,0.001,3.0456700325012207
6174,12,174,2075,10.830398559570312,11.773494485702242,0.001,3.090358018875122
6175,12,175,392,8.54684829711914,11.746638016411259,0.001,2.9079906940460205
6176,12,176,1081,18.352596282958984,11.788070207639347,0.001,3.84962797164917
6177,12,177,2450,10.114705085754395,11.777851219492561,0.001,3.0410075187683105
6178,12,178,342,11.203999519348145,11.773054625795005,0.001,3.0994246006011963
6179,12,179,1693,11.32125186920166,11.769379914080114,0.001,2.91644024848938
6180,12,180,2533,8.045077323913574,11.752866673814378,0.001,3.562056303024292
6181,12,181,400,10.608017921447754,11.74841925447077,0.001,3.2987442016601562
6182,12,182,2221,11.39995288848877,11.746276517792896,0.001,2.9628655910491943
6183,12,183,2590,13.075119018554688,11.751804504735068,0.001,3.0425875186920166
6184,12,184,1161,7.060475826263428,11.739205384571816,0.001,2.759981155395508
6185,12,185,2789,10.912096977233887,11.734296933328906,0.001,3.845276117324829
6186,12,186,1766,32.14286804199219,11.775500925849057,0.001,3.0021231174468994
6187,12,187,1127,8.928810119628906,11.7632188500844,0.001,2.9477415084838867
6188,12,188,2523,15.345719337463379,11.79131244944477,0.001,2.9756011962890625
6189,12,189,2476,8.513442039489746,11.782136081506616,0.001,2.9436419010162354
6190,12,190,29,10.394156455993652,11.774107563727428,0.001,3.873095750808716
6191,12,191,2580,21.33826446533203,11.846147814913303,0.001,3.096071720123291
6192,12,192,2051,15.288652420043945,11.866044516068278,0.001,3.0614054203033447
6193,12,193,2906,9.611428260803223,11.853209854329231,0.001,3.1629066467285156
6194,12,194,2529,10.056899070739746,11.842773105620672,0.001,3.2246580123901367
6195,12,195,2909,10.628005981445312,11.835853019022512,0.001,3.6500961780548096
6196,12,196,1495,8.234195709228516,11.815536079083062,0.001,3.3091306686401367
6197,12,197,1113,9.731147766113281,11.80005940046729,0.001,2.9819114208221436
6198,12,198,455,25.672405242919922,11.82822323372575,0.001,2.933539628982544
6199,12,199,1457,8.95582389831543,11.807284307479712,0.001,3.3818018436431885
6200,12,200,367,10.924283027648926,11.803859505309216,0.001,2.9687349796295166
6201,12,201,424,13.419620513916016,11.809873280324085,0.001,3.435229539871216
6202,12,202,1812,13.62759017944336,11.823208332621993,0.001,3.016723155975342
6203,12,203,2781,17.050262451171875,11.840936702620796,0.001,3.0487403869628906
6204,12,204,1648,7.187769412994385,11.82303470018492,0.001,3.787745714187622
6205,12,205,2537,11.238504409790039,11.819825806286506,0.001,3.126708507537842
6206,12,206,2692,11.31927490234375,11.816271415338568,0.001,3.1272668838500977
6207,12,207,2060,26.667591094970703,11.895471126429358,0.001,3.086459159851074
6208,12,208,1864,12.149822235107422,11.896117006899319,0.001,3.508031129837036
6209,12,209,2720,7.924152374267578,11.886885090775852,0.001,3.3417370319366455
6210,12,210,1617,12.724043846130371,11.892534849293984,0.001,3.071901321411133
6211,12,211,1914,6.0778350830078125,11.878066854673818,0.001,3.042741537094116
6212,12,212,390,7.826172351837158,11.863373077433929,0.001,2.9807004928588867
6213,12,213,496,19.02112579345703,11.898894395521447,0.001,3.9127519130706787
6214,12,214,2327,8.597905158996582,11.886940582778411,0.001,2.974752902984619
6215,12,215,2763,8.287818908691406,11.878172727754398,0.001,2.873770236968994
6216,12,216,1858,9.428364753723145,11.865750445416822,0.001,3.19937801361084
6217,12,217,69,21.74483299255371,11.933400010159541,0.001,3.0226049423217773
6218,12,218,447,9.70674991607666,11.927949071393995,0.001,3.862494945526123
6219,12,219,2534,11.146239280700684,11.926038981561831,0.001,3.100979804992676
6220,12,220,1909,11.34971809387207,11.922228393472622,0.001,2.9775314331054688
6221,12,221,519,10.88137435913086,11.915258819929056,0.001,3.087745189666748
6222,12,222,383,13.753813743591309,11.92705496699037,0.001,3.593378782272339
6223,12,223,2181,9.400696754455566,11.921073063956825,0.001,3.1325552463531494
6224,12,224,2722,18.188901901245117,11.934705341478926,0.001,3.0567426681518555
6225,12,225,2432,5.437861919403076,11.919275767696156,0.001,3.1095752716064453
6226,12,226,2793,11.0007905960083,11.913173418710716,0.001,2.997516393661499
6227,12,227,2538,10.223952293395996,11.909232154746695,0.001,3.610905885696411
6228,12,228,2619,11.168061256408691,11.906870277153443,0.001,2.9858274459838867
6229,12,229,60,7.767608642578125,11.892552833389713,0.001,3.172236919403076
6230,12,230,2546,9.609947204589844,11.88161016450626,0.001,2.9514238834381104
6231,12,231,1737,14.256423950195312,11.896403408021134,0.001,2.894223690032959
6232,12,232,65,10.003449440002441,11.891983327367864,0.001,3.2358226776123047
6233,12,233,2923,12.085246086120605,11.892622703887033,0.001,2.742419481277466
6234,12,234,1120,13.411930084228516,11.897541960243968,0.001,2.7688794136047363
6235,12,235,2601,16.993505477905273,11.929132681585761,0.001,2.915344476699829
6236,12,236,2614,10.441678047180176,11.919883164774365,0.001,3.1633894443511963
6237,12,237,2163,7.971383094787598,11.900923789242432,0.001,4.266220569610596
6238,12,238,2422,7.5270256996154785,11.89118988216804,0.001,3.524449110031128
6239,12,239,471,7.265824317932129,11.862858384527701,0.001,3.1868302822113037
6240,12,240,2349,8.72072982788086,11.843648857903467,0.001,3.059295177459717
6241,12,241,518,7.577418327331543,11.834258173783201,0.001,3.7778587341308594
6242,12,242,2066,6.921503067016602,11.804465429945216,0.001,2.9634077548980713
6243,12,243,742,7.469501495361328,11.77807269596207,0.001,3.120453119277954
6244,12,244,705,5.84127950668335,11.741744430189003,0.001,3.064984083175659
6245,12,245,2585,7.347282886505127,11.722359249683846,0.001,3.0670251846313477
6246,12,246,1453,19.239601135253906,11.737324342138933,0.001,4.044906139373779
6247,12,247,695,6.407123565673828,11.713299156735447,0.001,2.9283206462860107
6248,12,248,2147,9.063589096069336,11.697504820998192,0.001,3.0264525413513184
6249,12,249,694,11.96863079071045,11.6990990761983,0.001,3.034252166748047
6250,12,250,2694,5.988659381866455,11.687201609873467,0.001,3.3161110877990723
6251,12,251,374,9.756866455078125,11.675989997570435,0.001,3.3128809928894043
6252,12,252,1819,19.11482810974121,11.691602153097655,0.001,3.0565567016601562
6253,12,253,2166,15.238102912902832,11.702585651114854,0.001,2.9430103302001953
6254,12,254,2758,10.99136734008789,11.699513037507419,0.001,2.9843289852142334
6255,12,255,699,11.372952461242676,11.698123981134339,0.001,3.8119945526123047
6256,12,256,1551,15.823586463928223,11.716164950658879,0.001,2.950188636779785
6257,12,257,693,10.643503189086914,11.710019333908383,0.001,2.9337141513824463
6258,12,258,68,9.32026195526123,11.702596066574754,0.001,3.0344655513763428
6259,12,259,436,11.644909858703613,11.702423914300352,0.001,2.9959237575531006
6260,12,260,2298,9.761297225952148,11.698598721580916,0.001,3.6686909198760986
6261,12,261,1896,10.61374282836914,11.69404676594569,0.001,2.924321174621582
6262,12,262,2929,8.774890899658203,11.681753851293664,0.001,3.0546481609344482
6263,12,263,490,10.730745315551758,11.679813486097146,0.001,3.0915396213531494
6264,12,264,1699,18.062618255615234,11.698422115891042,0.001,2.9900596141815186
6265,12,265,1302,21.230871200561523,11.74795365040031,0.001,3.522120714187622
6266,12,266,94,12.238031387329102,11.750505019933527,0.001,2.9635424613952637
6267,12,267,1442,11.492867469787598,11.74975434819833,0.001,2.8038341999053955
6268,12,268,852,15.299221992492676,11.764207600322344,0.001,2.9991655349731445
6269,12,269,1262,11.315290451049805,11.76334271204174,0.001,3.2140510082244873
6270,12,270,2767,13.76623821258545,11.77164781887673,0.001,3.4637374877929688
6271,12,271,363,7.629951000213623,11.763636635621667,0.001,3.267444133758545
6272,12,272,2608,12.883255004882812,11.769813626980516,0.001,3.164210081100464
6273,12,273,1355,11.746343612670898,11.769718271333703,0.001,3.070685863494873
6274,12,274,611,9.010579109191895,11.76190805444086,0.001,3.714794397354126
6275,12,275,434,14.14034652709961,11.766035154600633,0.001,3.3115952014923096
6276,12,276,507,42.37482452392578,11.806855159064817,0.001,3.004702568054199
6277,12,277,401,16.847457885742188,11.827053473080019,0.001,3.034614324569702
6278,12,278,870,10.46445369720459,11.823161718607194,0.001,3.033031702041626
6279,12,279,2596,8.828086853027344,11.81465499630807,0.001,3.743896961212158
6280,12,280,388,11.054648399353027,11.813277244613868,0.001,2.9863197803497314
6281,12,281,1706,12.636028289794922,11.816520160235788,0.001,2.9660518169403076
6282,12,282,773,10.208694458007812,11.810183049217109,0.001,2.898677110671997
6283,12,283,377,10.814826965332031,11.807387914847297,0.001,3.2167110443115234
6284,12,284,32,17.912065505981445,11.83978675891648,0.001,3.6975579261779785
6285,12,285,2203,13.46268081665039,11.848224670748245,0.001,3.0839428901672363
6286,12,286,601,17.48653793334961,11.877291405138601,0.001,3.2148663997650146
6287,12,287,1092,15.339676856994629,11.895093618598498,0.001,2.8885531425476074
6288,12,288,441,14.479207992553711,11.904985772636733,0.001,3.6516196727752686
6289,12,289,481,12.397852897644043,11.906867398117708,0.001,2.91727352142334
6290,12,290,2427,11.050519943237305,11.903676687433823,0.001,2.9929635524749756
6291,12,291,2569,11.17902660369873,11.90171779197244,0.001,3.0992367267608643
6292,12,292,774,9.651698112487793,11.893201060893002,0.001,2.8473453521728516
6293,12,293,710,10.234574317932129,11.886986487501602,0.001,4.21796178817749
6294,12,294,706,8.992368698120117,11.881719354230196,0.001,2.936903953552246
6295,12,295,2617,10.72064208984375,11.875964208740179,0.001,2.899092197418213
6296,12,296,432,14.157877922058105,11.88430888380082,0.001,2.99186635017395
6297,12,297,789,8.289520263671875,11.871003187168778,0.001,3.2239789962768555
6298,12,298,2927,41.07683181762695,11.915707235222909,0.001,3.452923059463501
6299,12,299,1174,10.572561264038086,11.910729886609738,0.001,2.93365216255188
6300,12,300,686,8.157853126525879,11.89661671874808,0.001,3.0561156272888184
6301,12,301,864,13.145941734313965,11.898685852488274,0.001,3.0338940620422363
6302,12,302,863,21.926668167114258,11.935653068394554,0.001,3.76665997505188
6303,12,303,2202,8.984198570251465,11.921219001959024,0.001,3.138479471206665
6304,12,304,607,8.978143692016602,11.916319756532747,0.001,3.033416509628296
6305,12,305,2050,8.291208267211914,11.90710000903917,0.001,2.9886937141418457
6306,12,306,178,8.755011558532715,11.895979181234791,0.001,3.040170192718506
6307,12,307,2930,5.290792465209961,11.88488247713176,0.001,3.9293179512023926
6308,12,308,1098,12.032098770141602,11.88526477337316,0.001,3.0839016437530518
6309,12,309,1903,9.288551330566406,11.878712889633228,0.001,3.0279057025909424
6310,12,310,1324,10.468610763549805,11.872051209076114,0.001,2.984175682067871
6311,12,311,2782,12.01140308380127,11.87271883667771,0.001,2.9790139198303223
6312,12,312,680,9.129792213439941,11.868128330534663,0.001,3.930907726287842
6313,12,313,916,6.140539169311523,11.858292933349952,0.001,2.98449444770813
6314,12,314,2784,7.832676887512207,11.839277482876085,0.001,2.987802743911743
6315,12,315,787,11.748703002929688,11.839123480676228,0.001,3.0447356700897217
6316,12,316,814,8.945365905761719,11.83414643717105,0.001,3.7254226207733154
6317,12,317,2378,22.442441940307617,11.871721550146964,0.001,2.9696624279022217
6318,12,318,250,21.776168823242188,11.888261749435701,0.001,3.041290760040283
6319,12,319,2548,8.453115463256836,11.876483704071209,0.001,2.9223580360412598
6320,12,320,2479,7.234794616699219,11.86089672462209,0.001,2.907771348953247
6321,12,321,1806,9.89153003692627,11.851799952098375,0.001,3.858133554458618
6322,12,322,2871,11.658421516418457,11.850917473942827,0.001,2.8619441986083984
6323,12,323,689,23.2135009765625,11.878691291728394,0.001,3.069629669189453
6324,12,324,2013,14.629009246826172,11.883106235586457,0.001,2.895591974258423
6325,12,325,2034,11.25548267364502,11.880293358886624,0.001,3.2517905235290527
6326,12,326,523,16.14646339416504,11.899791149791168,0.001,3.5726253986358643
6327,12,327,446,8.247247695922852,11.887522862590071,0.001,3.107609272003174
6328,12,328,272,10.47086238861084,11.884084619082198,0.001,2.9422607421875
6329,12,329,2660,12.839320182800293,11.888280574518003,0.001,3.0912258625030518
6330,12,330,2513,9.851218223571777,11.885041828673547,0.001,3.244746446609497
6331,12,331,1616,13.266404151916504,11.889768806869759,0.001,3.4113423824310303
6332,12,332,759,10.662505149841309,11.88571891800492,0.001,2.9329051971435547
6333,12,333,1440,9.972042083740234,11.879495451708173,0.001,2.9840543270111084
6334,12,334,1802,12.020079612731934,11.87995919548872,0.001,2.9439828395843506
6335,12,335,492,17.377836227416992,11.904178806631307,0.001,3.5441176891326904
6336,12,336,403,7.697628498077393,11.89439021137227,0.001,3.0924935340881348
6337,12,337,972,8.453694343566895,11.88331676390271,0.001,2.9043498039245605
6338,12,338,1090,8.343995094299316,11.875158554098263,0.001,3.071707010269165
6339,12,339,1569,23.854389190673828,11.914478443444947,0.001,3.041593074798584
6340,12,340,2000,9.664578437805176,11.911030878651289,0.001,3.739720582962036
6341,12,341,904,25.973278045654297,11.939906417590404,0.001,2.9779417514801025
6342,12,342,727,10.519462585449219,11.93774276775947,0.001,3.121269702911377
6343,12,343,2593,8.306233406066895,11.925749161168941,0.001,3.043900966644287
6344,12,344,961,10.746247291564941,11.920708477874179,0.001,3.1156322956085205
6345,12,345,2588,8.432249069213867,11.90562128723192,0.001,3.9331154823303223
6346,12,346,2387,34.172637939453125,11.95659457476042,0.001,2.928999185562134
6347,12,347,1627,13.446015357971191,11.961383623870107,0.001,2.9510416984558105
6348,12,348,913,7.948171138763428,11.952300361904744,0.001,2.972576379776001
6349,12,349,616,8.51358699798584,11.937912388991792,0.001,3.7065417766571045
6350,12,350,372,9.291252136230469,11.934411373435466,0.001,3.293581485748291
6351,12,351,2673,17.34250259399414,11.951729375565945,0.001,2.9737558364868164
6352,12,352,770,11.610002517700195,11.950639474030611,0.001,2.9704976081848145
6353,12,353,1602,25.497358322143555,11.964033691167124,0.001,2.985466718673706
6354,12,354,453,10.507814407348633,11.960802544633998,0.001,3.5900354385375977
6355,12,355,966,15.416200637817383,11.96836535916535,0.001,3.445300579071045
6356,12,356,405,6.29961633682251,11.955443541655914,0.001,3.073279857635498
6357,12,357,2861,8.98534107208252,11.946144836053467,0.001,2.9530718326568604
6358,12,358,1343,25.297456741333008,11.964614566116097,0.001,3.178978681564331
6359,12,359,1554,14.862820625305176,11.968951448126502,0.001,3.488396644592285
6360,12,360,1768,12.121400833129883,11.969174891700854,0.001,3.1258702278137207
6361,12,361,2149,11.785490036010742,11.968599516617687,0.001,3.132836103439331
6362,12,362,2595,9.948586463928223,11.965657588919168,0.001,2.9856388568878174
6363,12,363,458,25.2192325592041,11.985625318730603,0.001,3.2748847007751465
6364,12,364,858,17.56077766418457,11.993018918910119,0.001,2.980764150619507
6365,12,365,2832,11.624850273132324,11.991587848247216,0.001,2.9238922595977783
6366,12,366,408,6.582530498504639,11.979901274456413,0.001,2.97139048576355
6367,12,367,951,11.059535026550293,11.977105953568389,0.001,3.0729243755340576
6368,12,368,2174,12.453367233276367,11.978979038891659,0.001,3.327270030975342
6369,12,369,2377,13.380501747131348,11.983201472797948,0.001,3.1021382808685303
6370,12,370,2901,11.574504852294922,11.982300258351737,0.001,2.980950355529785
6371,12,371,469,7.8465895652771,11.965781868763605,0.001,3.2039129734039307
6372,12,372,991,13.39886474609375,11.967785599510986,0.001,3.0933313369750977
6373,12,373,919,10.936366081237793,11.963608407904818,0.001,3.4740376472473145
6374,12,374,2452,12.84364128112793,11.966230679906532,0.001,2.9498794078826904
6375,12,375,914,13.015180587768555,11.96933658647355,0.001,2.974302291870117
6376,12,376,2294,6.556064605712891,11.96193409268951,0.001,2.981595277786255
6377,12,377,37,12.594980239868164,11.964415950712754,0.001,2.9932727813720703
6378,12,378,771,7.16404914855957,11.950354261804943,0.001,3.3254122734069824
6379,12,379,2406,11.748507499694824,11.949556615207264,0.001,2.969183921813965
6380,12,380,2547,27.67380714416504,11.995724766323928,0.001,2.9243240356445312
6381,12,381,825,20.10887336730957,12.006732210961813,0.001,3.0563862323760986
6382,12,382,2845,12.159734725952148,12.007325444454338,0.001,2.993565082550049
6383,12,383,2443,7.107503890991211,11.993210322038955,0.001,3.2959141731262207
6384,12,384,1848,9.986952781677246,11.985445064440764,0.001,2.9133553504943848
6385,12,385,873,10.525361061096191,11.983678159302452,0.001,2.9717254638671875
6386,12,386,990,13.3150634765625,11.987602686205872,0.001,3.3517568111419678
6387,12,387,2448,12.246192932128906,11.988586090724953,0.001,3.593137502670288
6388,12,388,2499,13.883146286010742,11.992469583781888,0.001,3.1936779022216797
6389,12,389,986,26.524660110473633,12.034654237435891,0.001,3.1480026245117188
6390,12,390,64,13.303521156311035,12.036399968659213,0.001,3.0664377212524414
6391,12,391,682,12.596145629882812,12.038505033003297,0.001,2.9708590507507324
6392,12,392,803,13.12692928314209,12.039936318677698,0.001,3.490764856338501
6393,12,393,448,12.705967903137207,12.041863786407717,0.001,2.9907164573669434
6394,12,394,1675,11.694354057312012,12.041170852049515,0.001,2.9852867126464844
6395,12,395,1503,13.855539321899414,12.044536587906759,0.001,3.061802387237549
6396,12,396,273,14.107376098632812,12.050384051315852,0.001,3.0537235736846924
6397,12,397,2565,12.355339050292969,12.050798373852848,0.001,4.165217638015747
6398,12,398,707,8.858474731445312,12.046808640289134,0.001,3.0083975791931152
6399,12,399,2335,12.598909378051758,12.047563250334772,0.001,3.131230592727661
6400,12,400,2874,13.522164344787598,12.051595823918689,0.001,3.1386749744415283
6401,12,401,920,12.879117012023926,12.054705004975215,0.001,3.3891918659210205
6402,12,402,1099,11.562240600585938,12.052881356032167,0.001,3.208686590194702
6403,12,403,2449,7.555595874786377,12.040447973612892,0.001,3.0446107387542725
6404,12,404,407,9.835302352905273,12.0343734164715,0.001,3.0207931995391846
6405,12,405,461,11.234450340270996,12.031471929610792,0.001,2.942929744720459
6406,12,406,1878,10.414581298828125,12.028346786626697,0.001,3.5767180919647217
6407,12,407,861,7.5562238693237305,12.01960389351083,0.001,3.0184326171875
6408,12,408,2233,9.561963081359863,12.014834791961489,0.001,2.8964362144470215
6409,12,409,717,7.989872455596924,12.000250765132327,0.001,2.8777236938476562
6410,12,410,788,12.353910446166992,12.001531850142516,0.001,3.0642523765563965
6411,12,411,2219,11.029923439025879,12.000356426855257,0.001,3.3186330795288086
6412,12,412,74,6.097524642944336,11.992863811726131,0.001,2.9123449325561523
6413,12,413,522,7.809117317199707,11.97779132652497,0.001,2.914006471633911
6414,12,414,1493,9.122685432434082,11.967553014327443,0.001,2.879197120666504
6415,12,415,56,7.4455246925354,11.955453225835171,0.001,3.117001533508301
6416,12,416,73,24.604076385498047,11.971754614802089,0.001,3.9019200801849365
6417,12,417,514,11.240997314453125,11.970343025319954,0.001,2.9956159591674805
6418,12,418,851,9.000739097595215,11.959574932363937,0.001,3.0444793701171875
6419,12,419,2654,10.796150207519531,11.955450294571914,0.001,2.9360764026641846
6420,12,420,488,9.496041297912598,11.94688279335731,0.001,3.183868169784546
6421,12,421,378,14.80559253692627,11.956911248496477,0.001,3.6078073978424072
6422,12,422,827,19.80079460144043,11.96914796287158,0.001,2.971423387527466
6423,12,423,382,7.56207799911499,11.963800285480481,0.001,3.2466516494750977
6424,12,424,2197,13.072100639343262,11.966680389295595,0.001,3.1048128604888916
6425,12,425,468,13.611062049865723,11.972339641037227,0.001,3.6597650051116943
6426,12,426,98,9.589831352233887,11.964049435721062,0.001,2.9448752403259277
6427,12,427,728,9.683274269104004,11.958122637315773,0.001,3.2014431953430176
6428,12,428,685,9.792475700378418,11.952603063948024,0.001,2.9364664554595947
6429,12,429,2864,8.987255096435547,11.947082972322624,0.001,2.919179677963257
6430,12,430,1397,10.607860565185547,11.942439922953794,0.001,3.7220118045806885
6431,12,431,2494,14.911806106567383,11.94999100459691,0.001,2.9833710193634033
6432,12,432,521,6.0593976974487305,11.942842793406063,0.001,3.023507595062256
6433,12,433,2482,8.768834114074707,11.931942406426831,0.001,3.0135726928710938
6434,12,434,2117,16.650224685668945,11.943664517913415,0.001,3.1314003467559814
6435,12,435,2080,11.312870979309082,11.9415171964699,0.001,3.581220865249634
6436,12,436,721,8.99551773071289,11.936276512343444,0.001,2.9967615604400635
6437,12,437,2706,10.02212142944336,11.93408605413197,0.001,2.9865901470184326
6438,12,438,2399,7.051526069641113,11.928821502554504,0.001,2.9612298011779785
6439,12,439,361,10.044156074523926,11.922797638076931,0.001,3.5539119243621826
6440,12,440,1762,7.490947246551514,11.911691427422081,0.001,3.1668217182159424
6441,12,441,459,9.071002006530762,11.908323274984243,0.001,3.055891513824463
6442,12,442,2140,15.53398323059082,11.912465063120202,0.001,2.9379336833953857
6443,12,443,1516,13.407246589660645,11.916177340565755,0.001,3.0025036334991455
6444,12,444,2425,16.906530380249023,11.928675271696886,0.001,3.5795321464538574
6445,12,445,801,10.681113243103027,11.926521948662009,0.001,2.9281065464019775
6446,12,446,2772,12.957061767578125,11.929072733219295,0.001,2.8914055824279785
6447,12,447,2563,16.947206497192383,11.937985554702781,0.001,2.9951088428497314
6448,12,448,274,13.88879680633545,11.942731945985827,0.001,3.042919397354126
6449,12,449,1470,8.392755508422852,11.934201039954766,0.001,4.011599540710449
6450,12,450,336,11.436388969421387,11.932557732760472,0.001,3.061131715774536
6451,12,451,956,17.934778213500977,11.952101610517099,0.001,3.029822826385498
6452,12,452,2613,17.703083038330078,11.965986480847643,0.001,3.150502920150757
6453,12,453,175,14.388208389282227,11.970297914042131,0.001,3.414184331893921
6454,12,454,2278,15.515030860900879,11.979060647791009,0.001,3.6161348819732666
6455,12,455,719,18.675495147705078,12.000754076723503,0.001,3.001302480697632
6456,12,456,325,20.24761199951172,12.020652259670978,0.001,3.1336796283721924
6457,12,457,954,26.94273567199707,12.037812935060376,0.001,2.9140875339508057
6458,12,458,67,22.85676383972168,12.063933403533849,0.001,3.660159111022949
6459,12,459,915,10.315543174743652,12.061999169253411,0.001,3.042224645614624
6460,12,460,376,15.106083869934082,12.065540804651784,0.001,3.3212132453918457
6461,12,461,38,14.239748001098633,12.069300907946948,0.001,2.961655855178833
6462,12,462,2243,19.43526268005371,12.092870307645804,0.001,3.138742446899414
6463,12,463,2610,12.754501342773438,12.093625698097151,0.001,3.915142059326172
6464,12,464,834,8.477338790893555,12.082145223544092,0.001,3.0865492820739746
6465,12,465,2543,14.277657508850098,12.087401753392653,0.001,3.0921778678894043
6466,12,466,1649,17.815357208251953,12.101029968384456,0.001,3.0876283645629883
6467,12,467,778,15.840859413146973,12.10981313407709,0.001,3.741882562637329
6468,12,468,1642,8.868720054626465,12.102266008299392,0.001,3.0385916233062744
6469,12,469,264,8.892435073852539,12.094653180247548,0.001,2.926231622695923
6470,12,470,981,12.156431198120117,12.094798747264834,0.001,3.0754551887512207
6471,12,471,811,8.894015312194824,12.091481701479907,0.001,2.9168646335601807
6472,12,472,368,7.003547191619873,12.079161844677163,0.001,3.762089729309082
6473,12,473,256,9.767745971679688,12.0753457446295,0.001,3.079442262649536
6474,12,474,989,10.028759956359863,12.070580486358123,0.001,3.1564419269561768
6475,12,475,977,10.171317100524902,12.067514003113034,0.001,3.0483248233795166
6476,12,476,2672,7.423945426940918,12.053047644798694,0.001,3.2567481994628906
6477,12,477,2455,8.289315223693848,12.048797554899659,0.001,3.5648157596588135
6478,12,478,1549,8.705288887023926,12.043107107203406,0.001,2.923551559448242
6479,12,479,808,13.946453094482422,12.047468345406646,0.001,2.9864792823791504
6480,12,480,743,8.376875877380371,12.043460340396487,0.001,3.0059690475463867
6481,12,481,266,10.376556396484375,12.038337884323488,0.001,3.146055221557617
6482,12,482,819,9.046561241149902,12.031436845607697,0.001,3.3027760982513428
6483,12,483,832,8.50554370880127,12.020736029102101,0.001,3.0340754985809326
6484,12,484,2668,8.267782211303711,12.012068008784485,0.001,2.9813082218170166
6485,12,485,962,11.082143783569336,12.01054086375883,0.001,2.929450273513794
6486,12,486,77,11.048471450805664,12.00832513278204,0.001,3.664112091064453
6487,12,487,1862,6.796088695526123,12.002679863182074,0.001,3.139674425125122
6488,12,488,2007,21.48811912536621,12.024062726261226,0.001,2.9717295169830322
6489,12,489,1523,17.00619125366211,12.029447085301417,0.001,3.0573925971984863
6490,12,490,2398,19.459701538085938,12.051606893696572,0.001,2.9636473655700684
6491,12,491,2505,8.6964111328125,12.047923796710556,0.001,3.6400227546691895
6492,12,492,1832,17.73272705078125,12.064986943174773,0.001,3.0725784301757812
6493,12,493,1568,17.28763771057129,12.07662208330933,0.001,2.9325382709503174
6494,12,494,1516,19.980567932128906,12.094196459010426,0.001,3.091456413269043
6495,12,495,1457,12.958769798278809,12.096744350902974,0.001,2.823399066925049
6496,12,496,1484,7.247568130493164,12.085840370211168,0.001,3.671703815460205
6497,12,497,1488,10.839179992675781,12.082370372085688,0.001,3.396040678024292
6498,12,498,1081,19.473962783813477,12.098775685401057,0.001,2.907627582550049
6499,12,499,1902,13.070718765258789,12.100928093020713,0.001,2.957637310028076
6500,13,0,1794,9.004456520080566,9.004456520080566,0.001,2.9586424827575684
6501,13,1,1470,10.37381649017334,9.686011895953895,0.001,3.1469359397888184
6502,13,2,1182,8.534881591796875,9.294573421702665,0.001,3.694176197052002
6503,13,3,1109,14.654031753540039,10.916551786634546,0.001,3.0213875770568848
6504,13,4,1543,8.950332641601562,10.715850963956733,0.001,2.8785605430603027
6505,13,5,1181,20.59981918334961,12.405595665166274,0.001,3.0185747146606445
6506,13,6,175,15.356746673583984,12.73970994527873,0.001,3.8547651767730713
6507,13,7,1706,13.614627838134766,12.856884396838007,0.001,3.1628763675689697
6508,13,8,1879,10.49289608001709,12.646524025284444,0.001,3.116454839706421
6509,13,9,1370,27.414709091186523,14.268058161552695,0.001,2.903120994567871
6510,13,10,1717,14.949835777282715,14.301331972127603,0.001,2.999887704849243
6511,13,11,1915,15.957446098327637,14.414425476834936,0.001,3.554690361022949
6512,13,12,190,12.407317161560059,14.180435793800461,0.001,2.8975231647491455
6513,13,13,1636,7.7090606689453125,13.517535367204447,0.001,3.1137638092041016
6514,13,14,1551,12.79142951965332,13.465068698617634,0.001,3.1164848804473877
6515,13,15,1797,7.723928451538086,13.273275308831218,0.001,2.995962619781494
6516,13,16,1556,18.79535484313965,13.629797342484634,0.001,3.657078981399536
6517,13,17,1093,15.923478126525879,13.807764168496407,0.001,2.999692440032959
6518,13,18,2098,17.628658294677734,13.950899359780607,0.001,3.075312614440918
6519,13,19,1527,24.755868911743164,14.5308363051057,0.001,2.975630521774292
6520,13,20,1764,17.933631896972656,14.76348689468374,0.001,3.793874740600586
6521,13,21,1302,25.98806381225586,15.42641691809059,0.001,3.141040086746216
6522,13,22,1394,19.45116424560547,15.608339884161209,0.001,3.0738914012908936
6523,13,23,1317,11.932474136352539,15.531028261870288,0.001,3.1011829376220703
6524,13,24,1693,13.521984100341797,15.419458961573582,0.001,3.0245211124420166
6525,13,25,2101,23.95621681213379,15.873773503454398,0.001,3.82971453666687
6526,13,26,1395,11.036171913146973,15.782876812143858,0.001,2.9612133502960205
6527,13,27,1460,16.181726455688477,15.793683238625432,0.001,2.978114366531372
6528,13,28,1627,13.445700645446777,15.70753077174122,0.001,2.9449071884155273
6529,13,29,1368,8.638500213623047,15.524860532150752,0.001,3.1880226135253906
6530,13,30,1951,14.583617210388184,15.49258619799445,0.001,3.724903106689453
6531,13,31,1699,19.220855712890625,15.5793880385348,0.001,2.915201187133789
6532,13,32,1807,33.753387451171875,16.345308427799843,0.001,2.982971429824829
6533,13,33,1361,21.8898868560791,16.428537634556218,0.001,3.035921573638916
6534,13,34,2172,7.719625473022461,16.157895487231222,0.001,4.179789304733276
6535,13,35,2157,14.653629302978516,16.098996766187852,0.001,3.048422336578369
6536,13,36,1453,23.214269638061523,16.190475802973165,0.001,3.0474085807800293
6537,13,37,1965,19.760168075561523,16.324384436857272,0.001,2.9247822761535645
6538,13,38,1532,12.917516708374023,16.202906133076514,0.001,2.939854621887207
6539,13,39,1896,7.944072723388672,15.987972041443717,0.001,3.6176352500915527
6540,13,40,1174,13.622817039489746,15.927389281291036,0.001,3.009359836578369
6541,13,41,1122,8.098471641540527,15.784955680679802,0.001,3.1677961349487305
6542,13,42,1306,22.17604637145996,15.991091974790343,0.001,2.9374899864196777
6543,13,43,1557,19.356016159057617,16.097151337913058,0.001,3.2059106826782227
6544,13,44,1092,18.718791961669922,16.17693496443708,0.001,3.773618698120117
6545,13,45,1735,8.888692855834961,16.097995473088652,0.001,3.017369270324707
6546,13,46,2221,14.76726245880127,16.0681143439119,0.001,2.9312198162078857
6547,13,47,2140,12.017303466796875,16.02784592225557,0.001,2.98399019241333
6548,13,48,1502,10.273276329040527,15.862951326477946,0.001,3.6534292697906494
6549,13,49,1756,11.189452171325684,15.767555009111625,0.001,3.2939815521240234
6550,13,50,1153,10.555593490600586,15.626108544747385,0.001,3.0278189182281494
6551,13,51,2117,12.87502384185791,15.572943154423799,0.001,3.1106643676757812
6552,13,52,1324,9.890196800231934,15.427976384289346,0.001,3.021406412124634
6553,13,53,2149,12.562577247619629,15.372947063423277,0.001,3.8584132194519043
6554,13,54,2055,13.827042579650879,15.334886212820525,0.001,3.1106088161468506
6555,13,55,1585,16.914993286132812,15.37238898046138,0.001,3.1272013187408447
6556,13,56,2188,32.9447021484375,15.680976790516658,0.001,2.9353606700897217
6557,13,57,2113,9.439806938171387,15.570974471544051,0.001,3.0859034061431885
6558,13,58,1117,13.944043159484863,15.54265875868655,0.001,3.971055746078491
6559,13,59,2075,9.957550048828125,15.476430092324643,0.001,3.018137216567993
6560,13,60,1921,9.724489212036133,15.381067837668661,0.001,2.8386483192443848
6561,13,61,1514,9.572422981262207,15.335842651912676,0.001,3.0830249786376953
6562,13,62,1737,14.188645362854004,15.311839077724134,0.001,3.440058946609497
6563,13,63,1250,6.063857078552246,15.242162755769868,0.001,3.0762410163879395
6564,13,64,2066,6.96934700012207,15.07017593716801,0.001,3.004873514175415
6565,13,65,1821,9.977002143859863,15.032546388486828,0.001,2.9219610691070557
6566,13,66,2328,7.39374303817749,14.947536640779775,0.001,3.040602684020996
6567,13,67,2272,9.060227394104004,14.85840554660567,0.001,3.6831579208374023
6568,13,68,2243,9.593785285949707,14.753915533886298,0.001,3.039105176925659
6569,13,69,1649,14.12187671661377,14.744640742515912,0.001,2.9645698070526123
6570,13,70,2335,10.257293701171875,14.71278718586012,0.001,3.053093910217285
6571,13,71,1569,22.287630081176758,14.821987314911965,0.001,3.2822623252868652
6572,13,72,2163,7.92233419418335,14.72203173925225,0.001,3.893527030944824
6573,13,73,2251,9.995320320129395,14.673756729866982,0.001,3.05558705329895
6574,13,74,1519,23.790252685546875,14.801697957011621,0.001,3.1245853900909424
6575,13,75,1548,15.050439834594727,14.804947812943766,0.001,3.1125690937042236
6576,13,76,2216,8.999470710754395,14.771436353185038,0.001,3.4806740283966064
6577,13,77,1393,15.79576587677002,14.785177503129765,0.001,3.01642107963562
6578,13,78,1161,13.035903930664062,14.774782767010104,0.001,2.9273171424865723
6579,13,79,2392,10.171882629394531,14.73109102100426,0.001,2.977480888366699
6580,13,80,2181,9.541373252868652,14.69873171774113,0.001,2.988128900527954
6581,13,81,1363,21.43692970275879,14.785338766645783,0.001,3.4604437351226807
6582,13,82,1089,12.021931648254395,14.73873710690641,0.001,2.9824941158294678
6583,13,83,1918,10.512174606323242,14.668383032846123,0.001,3.0312459468841553
6584,13,84,1620,21.8829288482666,14.696882240981319,0.001,2.962264060974121
6585,13,85,2073,6.815705299377441,14.652440890840184,0.001,2.884390354156494
6586,13,86,1326,4.813648700714111,14.595831853143283,0.001,3.774944305419922
6587,13,87,2192,27.57524299621582,14.659094728435734,0.001,3.0095674991607666
6588,13,88,2099,6.19348669052124,14.585604776025995,0.001,3.1008682250976562
6589,13,89,1769,6.836422443389893,14.461381615860777,0.001,2.9685659408569336
6590,13,90,1846,10.246264457702637,14.412218790015396,0.001,3.0135345458984375
6591,13,91,2249,16.18794059753418,14.433271978693583,0.001,3.7135872840881348
6592,13,92,1848,10.056251525878906,14.366216120451318,0.001,3.0593719482421875
6593,13,93,1310,8.092198371887207,14.271393052459407,0.001,3.071747303009033
6594,13,94,1123,18.286333084106445,14.303377715746686,0.001,2.930957317352295
6595,13,95,1675,11.835899353027344,14.284035343640854,0.001,3.5910398960113525
6596,13,96,1118,10.055133819580078,14.237801063626232,0.001,2.9988341331481934
6597,13,97,1938,7.706777572631836,14.205035566656866,0.001,3.129746675491333
6598,13,98,2034,6.915578365325928,14.101957156726897,0.001,3.0680181980133057
6599,13,99,2223,9.012919425964355,14.029451931761278,0.001,2.995123863220215
6600,13,100,1343,16.675395965576172,14.041901487567001,0.001,3.599071741104126
6601,13,101,1149,13.797062873840332,14.039318262358876,0.001,3.0311031341552734
6602,13,102,1549,9.484207153320312,14.00459976939428,0.001,3.0202558040618896
6603,13,103,2270,7.016628265380859,13.908243673425064,0.001,2.9975967407226562
6604,13,104,1443,10.409363746643066,13.861432025910004,0.001,3.0232937335968018
6605,13,105,1373,9.587672233581543,13.827812629363413,0.001,3.5608224868774414
6606,13,106,2462,9.032999038696289,13.763800697945369,0.001,2.960123062133789
6607,13,107,1097,8.859109878540039,13.741468038683525,0.001,3.0554792881011963
6608,13,108,2152,16.379682540893555,13.766910988894702,0.001,3.22025728225708
6609,13,109,1616,7.681707382202148,13.706887974650705,0.001,3.2908990383148193
6610,13,110,2293,9.341650009155273,13.664216298991942,0.001,3.9827306270599365
6611,13,111,1127,6.269835472106934,13.613099369905648,0.001,2.98950457572937
6612,13,112,2095,9.083452224731445,13.55761081345413,0.001,3.0902252197265625
6613,13,113,1263,5.813135623931885,13.485843650477873,0.001,2.9892024993896484
6614,13,114,1262,6.40246057510376,13.455138219533298,0.001,3.6385881900787354
6615,13,115,1909,9.84249496459961,13.411813450744546,0.001,3.011868476867676
6616,13,116,1823,8.444926261901855,13.350742911702104,0.001,2.9252469539642334
6617,13,117,1571,8.561424255371094,13.294029771961792,0.001,2.955449104309082
6618,13,118,1925,6.40338134765625,13.265210030068149,0.001,3.0953996181488037
6619,13,119,2349,7.157598972320557,13.194205376096718,0.001,3.558793306350708
6620,13,120,2476,6.8286919593811035,13.167629007729563,0.001,2.869804859161377
6621,13,121,2425,18.827224731445312,13.21682837716393,0.001,2.936245918273926
6622,13,122,1506,7.199377059936523,13.19338193728005,0.001,3.052856206893921
6623,13,123,1900,20.27180290222168,13.223052066857969,0.001,3.003941297531128
6624,13,124,2327,11.325971603393555,13.211699556151627,0.001,3.623063087463379
6625,13,125,2513,9.346404075622559,13.1961363559389,0.001,3.225297212600708
6626,13,126,2387,34.281044006347656,13.323630450067537,0.001,2.9418487548828125
6627,13,127,2219,8.128960609436035,13.304078812902615,0.001,3.1066431999206543
6628,13,128,2498,10.038344383239746,13.28459983111336,0.001,3.464498996734619
6629,13,129,2282,11.151129722595215,13.27615311758668,0.001,3.2654502391815186
6630,13,130,1083,12.15481948852539,13.264130810883662,0.001,3.1440367698669434
6631,13,131,1541,8.528215408325195,13.247265811972458,0.001,3.1221680641174316
6632,13,132,1844,16.658843994140625,13.25909197188825,0.001,3.2315945625305176
6633,13,133,1126,6.901364803314209,13.190228042809006,0.001,4.016552448272705
6634,13,134,1839,6.139052867889404,13.16367999133121,0.001,2.995469093322754
6635,13,135,264,9.193679809570312,13.131702907511087,0.001,3.061035633087158
6636,13,136,1576,7.289894104003906,13.10987586340905,0.001,2.9935479164123535
6637,13,137,2229,11.439175605773926,13.101688513890808,0.001,2.943268299102783
6638,13,138,2197,14.187569618225098,13.110181987864712,0.001,3.5627501010894775
6639,13,139,2196,8.89770793914795,13.09600447452848,0.001,3.160741090774536
6640,13,140,1858,11.134045600891113,13.080896185181421,0.001,3.138706684112549
6641,13,141,2225,10.23499584197998,13.051714431477835,0.001,3.021968126296997
6642,13,142,2050,6.894651889801025,13.018631133392706,0.001,3.7308623790740967
6643,13,143,2406,11.921585083007812,13.007429012186153,0.001,2.964078426361084
6644,13,144,1493,9.306266784667969,12.970278920682878,0.001,3.0596330165863037
6645,13,145,1540,9.260444641113281,12.956960724551067,0.001,3.219590187072754
6646,13,146,1274,12.481557846069336,12.953499277976972,0.001,2.8566131591796875
6647,13,147,2179,8.812301635742188,12.93134753408297,0.001,3.6326041221618652
6648,13,148,2347,7.8122878074646,12.893864955908386,0.001,3.0864200592041016
6649,13,149,2538,9.134918212890625,12.880753073187604,0.001,3.0144524574279785
6650,13,150,2449,12.45747184753418,12.877679264933887,0.001,3.0264389514923096
6651,13,151,2564,12.261781692504883,12.873318864574124,0.001,3.2004551887512207
6652,13,152,2202,8.96367359161377,12.835868663510405,0.001,3.5763487815856934
6653,13,153,250,22.16278839111328,12.867541187657093,0.001,2.8737967014312744
6654,13,154,2233,13.4035062789917,12.870237931263905,0.001,2.9261741638183594
6655,13,155,1577,10.773714065551758,12.855577816423336,0.001,3.0728707313537598
6656,13,156,1265,9.339868545532227,12.843814834659765,0.001,3.065282106399536
6657,13,157,1313,13.426457405090332,12.848979263233694,0.001,3.5177810192108154
6658,13,158,2652,8.272262573242188,12.834169283617747,0.001,2.9862756729125977
6659,13,159,1434,12.283435821533203,12.830515627548321,0.001,3.0516648292541504
6660,13,160,2610,11.28268051147461,12.825455815028992,0.001,2.954103708267212
6661,13,161,1766,36.89577865600586,12.88132558686154,0.001,3.7333056926727295
6662,13,162,2593,11.079599380493164,12.868839240481384,0.001,3.302222967147827
6663,13,163,2563,10.363604545593262,12.856717860651626,0.001,2.940676689147949
6664,13,164,2166,13.422906875610352,12.859421934125171,0.001,2.9889118671417236
6665,13,165,2479,17.21596336364746,12.887547773064078,0.001,3.22786545753479
6666,13,166,2505,13.38321304321289,12.889153646809225,0.001,3.629915237426758
6667,13,167,2443,13.232522010803223,12.891406420681891,0.001,3.0355076789855957
6668,13,168,2682,17.077207565307617,12.928494576747154,0.001,2.9900197982788086
6669,13,169,2619,14.094613075256348,12.933470918481207,0.001,3.04304575920105
6670,13,170,1090,8.883513450622559,12.914938029975092,0.001,3.229677677154541
6671,13,171,2502,13.20789909362793,12.917478058931563,0.001,3.521503210067749
6672,13,172,1777,14.668200492858887,12.928518566350832,0.001,2.939385414123535
6673,13,173,1155,10.630289077758789,12.921415061016257,0.001,3.006774425506592
6674,13,174,1098,8.629264831542969,12.901751108302456,0.001,2.914607524871826
6675,13,175,2147,10.517548561096191,12.881606541056106,0.001,3.558206558227539
6676,13,176,1495,8.170039176940918,12.851986926753428,0.001,3.1618857383728027
6677,13,177,1111,16.522748947143555,12.874742018874043,0.001,3.0284624099731445
6678,13,178,2608,11.168685913085938,12.860443925743729,0.001,3.0933921337127686
6679,13,179,1264,10.501399993896484,12.853405205366462,0.001,2.9907264709472656
6680,13,180,2071,18.234582901000977,12.876754866857333,0.001,3.874566078186035
6681,13,181,1602,24.05695915222168,12.898257532567857,0.001,3.1859591007232666
6682,13,182,2294,8.07199478149414,12.884709673433484,0.001,3.3597943782806396
6683,13,183,1648,6.553560256958008,12.857346596179196,0.001,2.925091505050659
6684,13,184,1923,6.400521755218506,12.817553961363151,0.001,3.227205753326416
6685,13,185,2203,7.952404022216797,12.778659070711297,0.001,3.517009735107422
6686,13,186,2241,8.520814895629883,12.74455362558355,0.001,3.0132968425750732
6687,13,187,1383,6.318953514099121,12.717022542599027,0.001,2.9837934970855713
6688,13,188,1762,10.02094841003418,12.70123049756573,0.001,2.8842341899871826
6689,13,189,2191,15.495859146118164,12.713160920692737,0.001,3.6077089309692383
6690,13,190,2673,17.08578872680664,12.738967383751433,0.001,3.0480129718780518
6691,13,191,1473,9.218780517578125,12.726278437317156,0.001,3.0196151733398438
6692,13,192,1586,6.972541809082031,12.681851673096087,0.001,2.9337399005889893
6693,13,193,2377,11.262939453125,12.67377538729761,0.001,2.9082300662994385
6694,13,194,2543,11.440796852111816,12.666725203915547,0.001,3.503546953201294
6695,13,195,2595,6.8294548988342285,12.651096548989807,0.001,3.027128219604492
6696,13,196,1334,5.832644939422607,12.633061247678242,0.001,3.104011058807373
6697,13,197,2040,7.055534362792969,12.590822534701466,0.001,3.1318891048431396
6698,13,198,2378,19.86952018737793,12.631868375901284,0.001,3.0156807899475098
6699,13,199,1615,11.08841609954834,12.623486618959955,0.001,3.8460800647735596
6700,13,200,2204,7.063022136688232,12.583279658905537,0.001,2.9845917224884033
6701,13,201,2794,4.649694442749023,12.562278598731256,0.001,2.9083478450775146
6702,13,202,336,6.283897876739502,12.516328975663212,0.001,3.185251235961914
6703,13,203,2523,13.513358116149902,12.523535544249897,0.001,3.230774402618408
6704,13,204,256,10.624372482299805,12.516307948094289,0.001,3.596860408782959
6705,13,205,1686,8.877631187438965,12.49038659899507,0.001,3.16682505607605
6706,13,206,1372,7.104844570159912,12.461844830216014,0.001,2.9818918704986572
6707,13,207,1259,6.294266700744629,12.438959805337271,0.001,3.1090312004089355
6708,13,208,1802,7.589873790740967,12.413476717091031,0.001,3.7843852043151855
6709,13,209,1690,8.19534683227539,12.402817706595538,0.001,3.094184160232544
6710,13,210,2051,16.65262222290039,12.425207424762977,0.001,2.9863269329071045
6711,13,211,2588,9.457378387451172,12.404392568084225,0.001,3.06477952003479
6712,13,212,2767,14.875409126281738,12.417351678096209,0.001,2.936307191848755
6713,13,213,1945,11.75912094116211,12.41283900183259,0.001,4.046687126159668
6714,13,214,1088,11.462525367736816,12.408083522727898,0.001,3.0577292442321777
6715,13,215,2580,11.257912635803223,12.400470523024309,0.001,2.8822615146636963
6716,13,216,2436,15.855998992919922,12.408872263685675,0.001,2.851325273513794
6717,13,217,376,17.944538116455078,12.422392431968365,0.001,3.1267642974853516
6718,13,218,1779,20.58515167236328,12.476874780300975,0.001,3.2320358753204346
6719,13,219,38,11.33100700378418,12.472750238443256,0.001,3.275038719177246
6720,13,220,2789,10.477213859558105,12.46285652837379,0.001,2.9984347820281982
6721,13,221,2669,10.961606979370117,12.459260379817595,0.001,3.103782892227173
6722,13,222,1596,14.35976791381836,12.465820287306183,0.001,3.6927034854888916
6723,13,223,2343,6.92765474319458,12.446565146624126,0.001,3.050912380218506
6724,13,224,2401,8.117929458618164,12.425036013920096,0.001,3.0410187244415283
6725,13,225,337,11.200177192687988,12.421166353059093,0.001,2.9155654907226562
6726,13,226,1793,7.488063812255859,12.389627043492466,0.001,2.9774844646453857
6727,13,227,2614,9.51331615447998,12.371262038462906,0.001,3.8187203407287598
6728,13,228,1196,7.9367241859436035,12.361931290463565,0.001,3.1576876640319824
6729,13,229,2534,9.297502517700195,12.354828333003065,0.001,3.0691819190979004
6730,13,230,1676,13.853317260742188,12.364440483499662,0.001,3.177522659301758
6731,13,231,1360,7.766234874725342,12.354308277109157,0.001,2.972059488296509
6732,13,232,2782,9.916729927062988,12.33876114930967,0.001,3.5683672428131104
6733,13,233,2413,7.666762351989746,12.31644683176737,0.001,3.1695542335510254
6734,13,234,2772,8.655600547790527,12.299335975928802,0.001,3.1091766357421875
6735,13,235,2929,12.63005256652832,12.300880991990471,0.001,2.9862396717071533
6736,13,236,2064,7.311816692352295,12.27743716846662,0.001,3.5280542373657227
6737,13,237,1812,16.943716049194336,12.306497164073313,0.001,3.0926930904388428
6738,13,238,325,18.621000289916992,12.3354201599526,0.001,3.1363871097564697
6739,13,239,178,10.976984024047852,12.329354117666393,0.001,2.892185688018799
6740,13,240,388,11.458353996276855,12.327539434651813,0.001,2.9577136039733887
6741,13,241,461,11.59642505645752,12.32315455604538,0.001,3.5555505752563477
6742,13,242,1772,12.793728828430176,12.326028910694765,0.001,3.058867931365967
6743,13,243,2537,12.159201622009277,12.325263142526747,0.001,3.0286881923675537
6744,13,244,1442,10.13315200805664,12.318343430388593,0.001,2.986633777618408
6745,13,245,37,14.047789573669434,12.328548907787766,0.001,3.035494089126587
6746,13,246,447,7.046258449554443,12.31724485739283,0.001,3.7509076595306396
6747,13,247,29,8.404983520507812,12.300062382329743,0.001,3.1299045085906982
6748,13,248,2340,11.431991577148438,12.29632597889204,0.001,2.9834213256835938
6749,13,249,342,11.430984497070312,12.291197943270825,0.001,3.076167583465576
6750,13,250,1862,5.709179878234863,12.27749873990091,0.001,3.1011197566986084
6751,13,251,2930,6.315320014953613,12.265404806361312,0.001,3.380321741104126
6752,13,252,1575,8.37165641784668,12.248118072605266,0.001,3.0359766483306885
6753,13,253,372,9.845793724060059,12.243769059921895,0.001,3.043818473815918
6754,13,254,468,11.21658992767334,12.237929630943514,0.001,2.9734554290771484
6755,13,255,2458,10.664175987243652,12.231205467490456,0.001,3.5367085933685303
6756,13,256,2008,16.123537063598633,12.238299346756596,0.001,3.385767698287964
6757,13,257,1099,8.03255844116211,12.214376104750352,0.001,2.9041671752929688
6758,13,258,367,11.617979049682617,12.212591749069006,0.001,2.930023431777954
6759,13,259,1120,11.382609367370605,12.2102038618126,0.001,2.923342704772949
6760,13,260,2923,8.304240226745605,12.198792205150736,0.001,3.781073570251465
6761,13,261,1878,8.853291511535645,12.18886638305371,0.001,3.083653211593628
6762,13,262,2672,12.456046104431152,12.190364938539952,0.001,3.074265480041504
6763,13,263,1344,14.515212059020996,12.199959708681078,0.001,3.0311636924743652
6764,13,264,1864,15.82833480834961,12.207198446207965,0.001,3.0829813480377197
6765,13,265,2460,11.691306114196777,12.206180808146293,0.001,3.552107810974121
6766,13,266,2482,10.733142852783203,12.198003915047265,0.001,3.0390212535858154
6767,13,267,2758,15.811588287353516,12.212781681373482,0.001,3.1083481311798096
6768,13,268,1692,11.949462890625,12.211351885215528,0.001,3.0162980556488037
6769,13,269,607,9.413383483886719,12.206129388754336,0.001,3.482152223587036
6770,13,270,2546,7.01132869720459,12.18520153581379,0.001,3.490203619003296
6771,13,271,2548,8.467914581298828,12.170407328524908,0.001,3.0205202102661133
6772,13,272,2398,10.482394218444824,12.16143501905561,0.001,3.064462423324585
6773,13,273,2906,11.982415199279785,12.160719955403177,0.001,3.0164496898651123
6774,13,274,1173,8.081829071044922,12.152905831168127,0.001,3.91562819480896
6775,13,275,2775,12.399174690246582,12.153873906812725,0.001,3.1003000736236572
6776,13,276,2864,8.007862091064453,12.14198553611508,0.001,3.089459180831909
6777,13,277,2617,8.191439628601074,12.1213003386161,0.001,2.970665693283081
6778,13,278,2274,6.565478324890137,12.099836890799159,0.001,3.0271642208099365
6779,13,279,481,9.701359748840332,12.09043669812591,0.001,3.6070966720581055
6780,13,280,1355,10.050984382629395,12.082430519353313,0.001,2.924968719482422
6781,13,281,2909,8.982962608337402,12.07026373251813,0.001,2.8965556621551514
6782,13,282,400,8.447701454162598,12.061266263579094,0.001,3.0653278827667236
6783,13,283,344,8.575655937194824,12.054818261896305,0.001,3.5836472511291504
6784,13,284,686,10.545085906982422,12.048866022830916,0.001,2.96754789352417
6785,13,285,56,9.39530086517334,12.03866638611514,0.001,3.0665571689605713
6786,13,286,2927,42.24998092651367,12.086524702477568,0.001,2.974506139755249
6787,13,287,699,11.830713272094727,12.085561965858068,0.001,3.0215749740600586
6788,13,288,2144,7.303567409515381,12.07695918587892,0.001,3.5573394298553467
6789,13,289,361,14.552762985229492,12.088892003571901,0.001,3.024082899093628
6790,13,290,2601,14.726391792297363,12.101952927006208,0.001,3.1428475379943848
6791,13,291,378,13.086395263671875,12.106891255409849,0.001,3.1334011554718018
6792,13,292,1151,13.08404541015625,12.10941252782081,0.001,2.975905418395996
6793,13,293,2297,12.39271354675293,12.110494027863886,0.001,4.060047388076782
6794,13,294,742,7.058248519897461,12.085337770952238,0.001,2.9692273139953613
6795,13,295,695,6.453766822814941,12.06429983660676,0.001,2.997898578643799
6796,13,296,401,10.939685821533203,12.060145392172773,0.001,2.913768768310547
6797,13,297,1105,8.460297584533691,12.053576873812979,0.001,3.126560926437378
6798,13,298,743,10.000286102294922,12.050005387334375,0.001,3.407062530517578
6799,13,299,382,6.41549825668335,12.040434966856633,0.001,3.091830253601074
6800,13,300,1523,8.63917064666748,12.034487022207463,0.001,3.0316267013549805
6801,13,301,2494,14.038237571716309,12.041743333564277,0.001,3.022246837615967
6802,13,302,2070,11.44007396697998,12.038834938041715,0.001,3.765761375427246
6803,13,303,1311,6.412806987762451,12.011781540543325,0.001,2.935988664627075
6804,13,304,1845,8.104050636291504,12.005446737553275,0.001,2.9082014560699463
6805,13,305,1914,7.4260687828063965,11.997593696033443,0.001,2.976133108139038
6806,13,306,1700,21.076894760131836,12.02218295367787,0.001,3.0218665599823
6807,13,307,274,12.384505271911621,12.023459541130128,0.001,3.6069836616516113
6808,13,308,1480,11.217557907104492,12.022108529708511,0.001,2.977795362472534
6809,13,309,1714,13.015108108520508,12.025558601481862,0.001,2.928690195083618
6810,13,310,448,11.792125701904297,12.024710729314021,0.001,2.9613683223724365
6811,13,311,434,10.602128028869629,12.022536438791171,0.001,3.0148329734802246
6812,13,312,2871,9.959101676940918,12.012883691361264,0.001,3.5820581912994385
6813,13,313,514,12.358254432678223,12.013763908483359,0.001,3.0386903285980225
6814,13,314,770,10.147409439086914,12.00712467759358,0.001,3.1428310871124268
6815,13,315,1768,16.363130569458008,12.01434261822518,0.001,2.9594757556915283
6816,13,316,2007,16.794605255126953,12.030925400108126,0.001,3.3127124309539795
6817,13,317,2911,29.428571701049805,12.057647453115674,0.001,3.2824487686157227
6818,13,318,1087,16.660287857055664,12.078545749339169,0.001,2.989328384399414
6819,13,319,721,12.02187442779541,12.07840804873367,0.001,2.953641414642334
6820,13,320,455,25.830564498901367,12.095750872414959,0.001,2.9694745540618896
6821,13,321,408,9.583457946777344,12.089627955034338,0.001,3.5401830673217773
6822,13,322,74,6.958980083465576,12.081336410924967,0.001,3.0084052085876465
6823,13,323,98,13.242594718933105,12.08666426148474,0.001,3.0614404678344727
6824,13,324,1626,11.912795066833496,12.086390479950245,0.001,2.9307796955108643
6825,13,325,914,15.43872356414795,12.09777293230132,0.001,3.0846340656280518
6826,13,326,1530,10.285993576049805,12.08958545390716,0.001,3.9279606342315674
6827,13,327,1791,10.843269348144531,12.086617759930245,0.001,2.9568095207214355
6828,13,328,2585,22.752803802490234,12.121902741566677,0.001,3.0240392684936523
6829,13,329,2422,14.523208618164062,12.125757672312307,0.001,2.8823165893554688
6830,13,330,363,11.3239107131958,12.124480004824933,0.001,3.3807969093322754
6831,13,331,861,7.136085510253906,12.112515748283027,0.001,3.790482521057129
6832,13,332,405,8.418878555297852,12.103485356517416,0.001,3.027388572692871
6833,13,333,1339,16.928247451782227,12.111281052506053,0.001,2.961766242980957
6834,13,334,774,16.945819854736328,12.12739555290061,0.001,3.069082736968994
6835,13,335,254,13.681827545166016,12.134232260309307,0.001,3.7173686027526855
6836,13,336,727,13.316816329956055,12.136069639606822,0.001,3.032219409942627
6837,13,337,682,19.06977081298828,12.1663214678293,0.001,3.0496325492858887
6838,13,338,2511,18.206113815307617,12.180679588130936,0.001,2.9725594520568848
6839,13,339,990,15.855807304382324,12.193003051741732,0.001,2.9572675228118896
6840,13,340,915,12.204609870910645,12.193020484887919,0.001,3.6331517696380615
6841,13,341,459,10.998720169067383,12.191177183533867,0.001,3.0446252822875977
6842,13,342,2722,21.578590393066406,12.204645225433252,0.001,2.973330497741699
6843,13,343,490,10.985869407653809,12.202716647721441,0.001,2.98173451423645
6844,13,344,1888,13.479453086853027,12.208149730998404,0.001,2.987710475921631
6845,13,345,1113,14.36430549621582,12.217425558329255,0.001,3.5631608963012695
6846,13,346,2067,11.99380111694336,12.21689883019129,0.001,3.0282819271087646
6847,13,347,1679,7.649571418762207,12.206198857906921,0.001,2.924503803253174
6848,13,348,707,12.677337646484375,12.206873154492667,0.001,3.159914493560791
6849,13,349,851,12.802444458007812,12.209469614461534,0.001,3.086031436920166
6850,13,350,2174,25.86185073852539,12.265784966743821,0.001,3.8945436477661133
6851,13,351,1828,13.003661155700684,12.268970155530386,0.001,3.010200262069702
6852,13,352,788,12.16586685180664,12.268535228127353,0.001,3.090860605239868
6853,13,353,521,6.969986915588379,12.26062545919354,0.001,3.0611073970794678
6854,13,354,272,8.34385871887207,12.251778539394405,0.001,3.635972738265991
6855,13,355,407,7.844864368438721,12.23797133561186,0.001,3.043330192565918
6856,13,356,2784,11.246540069580078,12.233829156118599,0.001,3.0152149200439453
6857,13,357,814,8.422077178955078,12.228019503318786,0.001,2.949732780456543
6858,13,358,685,11.056108474731445,12.224429685287213,0.001,2.8837032318115234
6859,13,359,2781,15.541921615600586,12.230864167023375,0.001,3.4539949893951416
6860,13,360,2565,8.015933990478516,12.224547229446987,0.001,3.0188615322113037
6861,13,361,2583,11.26218318939209,12.221555577002093,0.001,2.9904675483703613
6862,13,362,1333,14.108543395996094,12.227372698834891,0.001,3.2076563835144043
6863,13,363,2435,6.586239337921143,12.218872013140272,0.001,2.998047113418579
6864,13,364,2706,10.28249454498291,12.216185192148902,0.001,3.625626802444458
6865,13,365,518,10.814947128295898,12.214132368085307,0.001,3.1574227809906006
6866,13,366,913,10.269312858581543,12.209904387805645,0.001,2.9279439449310303
6867,13,367,368,7.231470108032227,12.19423107199353,0.001,3.4447596073150635
6868,13,368,773,14.954148292541504,12.202612853066702,0.001,3.9213109016418457
6869,13,369,374,12.161022186279297,12.202446075386462,0.001,3.0827431678771973
6870,13,370,1642,13.935925483703613,12.207599486545988,0.001,3.181283473968506
6871,13,371,873,14.252488136291504,12.210179710678636,0.001,3.032062292098999
6872,13,372,904,26.616981506347656,12.237546592585295,0.001,3.046259880065918
6873,13,373,492,22.20999526977539,12.277432120392625,0.001,3.5720982551574707
6874,13,374,177,20.929584503173828,12.302902081813107,0.001,2.9472689628601074
6875,13,375,1503,24.740827560424805,12.327301731053074,0.001,3.0350565910339355
6876,13,376,991,14.752070426940918,12.330662448476533,0.001,3.0450539588928223
6877,13,377,350,13.572244644165039,12.334371373537651,0.001,2.94807767868042
6878,13,378,2499,11.024319648742676,12.331595111002889,0.001,3.8703055381774902
6879,13,379,2793,9.787775993347168,12.321425863234113,0.001,2.9964780807495117
6880,13,380,1440,11.305752754211426,12.31850400063314,0.001,2.999812126159668
6881,13,381,972,7.589138984680176,12.30489912746065,0.001,2.895512580871582
6882,13,382,94,11.071149826049805,12.300371418863786,0.001,3.4577202796936035
6883,13,383,432,19.373313903808594,12.320579678128365,0.001,3.116790771484375
6884,13,384,67,21.783634185791016,12.348082738451565,0.001,2.9562203884124756
6885,13,385,728,15.488636016845703,12.357204116137696,0.001,3.0025436878204346
6886,13,386,951,10.400297164916992,12.351569981627545,0.001,3.0764031410217285
6887,13,387,69,18.426342010498047,12.375067812719504,0.001,3.653486490249634
6888,13,388,680,9.887897491455078,12.371700467368235,0.001,2.9418444633483887
6889,13,389,689,23.236812591552734,12.393872728806821,0.001,2.906506061553955
6890,13,390,961,9.14279556274414,12.381553194525074,0.001,3.11590313911438
6891,13,391,1463,9.976463317871094,12.378708388810642,0.001,3.0145375728607178
6892,13,392,1482,5.219727993011475,12.369119429562788,0.001,3.6311535835266113
6893,13,393,920,6.402503490447998,12.346242123447604,0.001,3.095947742462158
6894,13,394,981,8.725346565246582,12.33597496620283,0.001,2.9044418334960938
6895,13,395,787,13.182134628295898,12.337129281285643,0.001,2.9731247425079346
6896,13,396,2901,13.497161865234375,12.339519128532588,0.001,2.9946398735046387
6897,13,397,916,6.245556831359863,12.331205570844507,0.001,3.7329201698303223
6898,13,398,834,9.176166534423828,12.319423119797028,0.001,3.115802049636841
6899,13,399,2832,11.40331745147705,12.316172021810639,0.001,3.157057285308838
6900,13,400,2452,9.595378875732422,12.308590127209088,0.001,3.075594902038574
6901,13,401,803,11.67901611328125,12.307777648041476,0.001,3.4805376529693604
6902,13,402,266,15.884973526000977,12.321027434416354,0.001,3.1730806827545166
6903,13,403,1399,20.22716522216797,12.35059214983677,0.001,3.100957155227661
6904,13,404,2533,6.196627140045166,12.338244595867625,0.001,3.3055553436279297
6905,13,405,65,9.441295623779297,12.334356949454449,0.001,3.045031785964966
6906,13,406,2298,8.96654987335205,12.330055180185344,0.001,3.642260789871216
6907,13,407,966,15.338383674621582,12.335835662523042,0.001,3.0052735805511475
6908,13,408,1481,6.508388519287109,12.319678288126005,0.001,3.014263868331909
6909,13,409,377,8.097309112548828,12.311435900393679,0.001,2.938713788986206
6910,13,410,446,9.121474266052246,12.302811950041557,0.001,2.98091721534729
6911,13,411,383,16.85160255432129,12.318765035252992,0.001,3.5785000324249268
6912,13,412,864,12.710149765014648,12.319243445647738,0.001,3.005824565887451
6913,13,413,719,14.896453857421875,12.328539637894007,0.001,3.0155484676361084
6914,13,414,273,11.94118595123291,12.32748649220029,0.001,3.0053558349609375
6915,13,415,488,9.610355377197266,12.317854813724654,0.001,3.4428343772888184
6916,13,416,832,8.23703670501709,12.303376468301517,0.001,3.19221830368042
6917,13,417,801,7.43652868270874,12.294365298752505,0.001,3.0049781799316406
6918,13,418,471,7.357173919677734,12.277019495413,0.001,2.9229795932769775
6919,13,419,919,8.564469337463379,12.263682364035143,0.001,3.02016544342041
6920,13,420,1365,12.886558532714844,12.264470121356274,0.001,3.5361921787261963
6921,13,421,2596,10.475836753845215,12.261095906604334,0.001,2.971250534057617
6922,13,422,2590,16.12909698486328,12.268162983316742,0.001,2.939077854156494
6923,13,423,825,21.340147018432617,12.279259570758313,0.001,2.985476016998291
6924,13,424,1682,20.144882202148438,12.299882123061307,0.001,3.1318044662475586
6925,13,425,2522,16.10976219177246,12.309775460875388,0.001,3.569838285446167
6926,13,426,2205,7.841441631317139,12.297893363426484,0.001,2.9947497844696045
6927,13,427,858,13.103081703186035,12.298800737591884,0.001,3.055534601211548
6928,13,428,2448,7.318676471710205,12.281620822291643,0.001,3.089238405227661
6929,13,429,2709,20.85560417175293,12.29210247973736,0.001,2.9902820587158203
6930,13,430,1903,10.210444450378418,12.288306535136785,0.001,4.209434747695923
6931,13,431,519,7.943668842315674,12.273259451440854,0.001,3.0335052013397217
6932,13,432,819,10.929228782653809,12.269776616946123,0.001,3.036919116973877
6933,13,433,2432,6.642519474029541,12.26279802030383,0.001,2.937391519546509
6934,13,434,616,6.4019083976745605,12.242927209991684,0.001,3.2142813205718994
6935,13,435,2399,8.795477867126465,12.239154641214409,0.001,3.1111464500427246
6936,13,436,60,10.727279663085938,12.236398281875722,0.001,3.0248305797576904
6937,13,437,2668,12.791702270507812,12.237832236284389,0.001,3.015209674835205
6938,13,438,863,22.15191650390625,12.263254862224823,0.001,3.0266640186309814
6939,13,439,458,20.945941925048828,12.274065316677039,0.001,3.561793804168701
6940,13,440,1132,10.217122077941895,12.268767155805195,0.001,2.936553716659546
6941,13,441,2569,11.748345375061035,12.267828530456715,0.001,3.4702601432800293
6942,13,442,717,8.634676933288574,12.255609129585512,0.001,2.9244303703308105
6943,13,443,954,12.122987747192383,12.255450144926597,0.001,3.0056960582733154
6944,13,444,32,16.463088989257812,12.269799108427193,0.001,3.407531499862671
6945,13,445,2529,16.882251739501953,12.281624024331268,0.001,3.0426418781280518
6946,13,446,1580,18.5983829498291,12.292885982120204,0.001,3.093151330947876
6947,13,447,73,23.083417892456055,12.305886532331856,0.001,3.115114450454712
6948,13,448,2510,11.328229904174805,12.302668185364453,0.001,3.1361117362976074
6949,13,449,601,15.63455581665039,12.313685543190132,0.001,3.5757572650909424
6950,13,450,2613,9.46524429321289,12.30672237584018,0.001,2.8605618476867676
6951,13,451,2603,10.544184684753418,12.301068006898756,0.001,2.910482406616211
6952,13,452,852,10.903410911560059,12.297662935208715,0.001,2.9535231590270996
6953,13,453,1814,7.299381256103516,12.28556320429712,0.001,3.25958251953125
6954,13,454,2450,7.287846565246582,12.27354859988134,0.001,3.3818202018737793
6955,13,455,2763,6.661320686340332,12.26705575607068,0.001,2.9820311069488525
6956,13,456,611,11.37846851348877,12.265531523082256,0.001,2.899827003479004
6957,13,457,1397,11.509631156921387,12.26304899973026,0.001,3.0179636478424072
6958,13,458,1441,14.043611526489258,12.265157870539486,0.001,3.692586898803711
6959,13,459,694,9.092939376831055,12.254918676952078,0.001,3.0152699947357178
6960,13,460,2845,13.730088233947754,12.259664866266277,0.001,2.9595413208007812
6961,13,461,469,7.419469833374023,12.244174466995753,0.001,2.991269826889038
6962,13,462,1439,9.607897758483887,12.235845330816787,0.001,3.0963830947875977
6963,13,463,789,10.81815242767334,12.232461089491586,0.001,3.3782761096954346
6964,13,464,28,5.726235866546631,12.22508436764744,0.001,2.8450591564178467
6965,13,465,2278,15.345394134521484,12.232645787179173,0.001,2.9554405212402344
6966,13,466,2547,26.546283721923828,12.266830550616968,0.001,3.061760663986206
6967,13,467,2080,12.680329322814941,12.26814746581326,0.001,3.0550525188446045
6968,13,468,778,8.694107055664062,12.259753352850394,0.001,3.631228446960449
6969,13,469,2060,28.97752571105957,12.299464073090414,0.001,2.973172187805176
6970,13,470,392,12.836538314819336,12.301134713136593,0.001,2.942978858947754
6971,13,471,1806,11.754920959472656,12.29942164783031,0.001,3.0284268856048584
6972,13,472,1819,15.94738483428955,12.303527824526368,0.001,2.9885337352752686
6973,13,473,403,7.171919345855713,12.295032122597675,0.001,3.620788335800171
6974,13,474,2235,7.184525489807129,12.279191561147789,0.001,3.092851161956787
6975,13,475,441,7.949596405029297,12.269128119871635,0.001,3.189232110977173
6976,13,476,710,8.809364318847656,12.261134199503006,0.001,2.8858017921447754
6977,13,477,956,8.203166961669922,12.24865022040187,0.001,3.815887212753296
6978,13,478,390,6.8632354736328125,12.239983522088114,0.001,3.4566380977630615
6979,13,479,706,9.457321166992188,12.236873510374345,0.001,2.922861337661743
6980,13,480,986,22.316064834594727,12.260484746230258,0.001,3.0229711532592773
6981,13,481,2184,20.052173614501953,12.27340494281791,0.001,3.198986768722534
6982,13,482,2427,11.26376724243164,12.271136325120485,0.001,4.630089044570923
6983,13,483,989,9.61722183227539,12.26507307058863,0.001,3.199885129928589
6984,13,484,2341,8.765082359313965,12.254340794742914,0.001,3.0561375617980957
6985,13,485,1809,8.305187225341797,12.242580843823072,0.001,2.949399709701538
6986,13,486,424,10.11517333984375,12.239296760214103,0.001,3.8601720333099365
6987,13,487,522,7.3828511238098145,12.224575633565346,0.001,3.1918370723724365
6988,13,488,523,14.909124374389648,12.23273414740567,0.001,3.169553756713867
6989,13,489,1751,10.58207893371582,12.23006946955243,0.001,3.0261788368225098
6990,13,490,2694,5.57543420791626,12.222982250344863,0.001,3.1558103561401367
6991,13,491,827,14.306879043579102,12.225767788823902,0.001,3.979689836502075
6992,13,492,2013,11.843613624572754,12.225365599495177,0.001,3.113248825073242
6993,13,493,1128,8.080606460571289,12.21606192055753,0.001,2.954346179962158
6994,13,494,2834,8.01579475402832,12.203493559371356,0.001,2.9993927478790283
6995,13,495,2000,7.290262222290039,12.198330694644351,0.001,3.7665255069732666
6996,13,496,1838,6.416057109832764,12.18566938538308,0.001,2.9151806831359863
6997,13,497,2535,6.598196029663086,12.179751131994106,0.001,2.927694797515869
6998,13,498,2584,7.76992130279541,12.166743984962519,0.001,2.9731414318084717
6999,13,499,759,10.671781539916992,12.163467659722777,0.001,2.9224445819854736
7000,14,0,2654,11.783406257629395,11.783406257629395,0.001,3.0829403400421143
7001,14,1,64,11.065972328186035,11.59332914086452,0.001,4.085867404937744
7002,14,2,1342,12.367321968078613,11.864376912776496,0.001,2.9505767822265625
7003,14,3,2455,8.548383712768555,11.373743830498235,0.001,2.99984073638916
7004,14,4,870,9.528709411621094,11.044103509266197,0.001,2.9231677055358887
7005,14,5,507,41.41304016113281,13.367698469309273,0.001,2.7580792903900146
7006,14,6,771,10.098596572875977,12.758239705202735,0.001,3.1633501052856445
7007,14,7,705,11.1447114944458,12.431344305402977,0.001,2.765759229660034
7008,14,8,1554,14.210006713867188,12.55108527430204,0.001,2.6930673122406006
7009,14,9,2660,17.188005447387695,13.265925984689801,0.001,2.943310022354126
7010,14,10,340,11.421907424926758,13.070858407040228,0.001,2.9498424530029297
7011,14,11,808,14.686793327331543,13.223926118037458,0.001,3.674607992172241
7012,14,12,2750,17.54412078857422,13.410395069914914,0.001,2.9195969104766846
7013,14,13,693,7.9856157302856445,12.818724250576713,0.001,3.069819927215576
7014,14,14,2861,10.04731559753418,12.608745234643669,0.001,2.921329975128174
7015,14,15,68,12.4766263961792,12.601878433194114,0.001,3.2184462547302246
7016,14,16,2692,15.00745677947998,12.810636909770814,0.001,3.6599514484405518
7017,14,17,1346,13.689448356628418,12.87857241443007,0.001,2.945854425430298
7018,14,18,1817,14.43775463104248,12.920577617339818,0.001,2.8966574668884277
7019,14,19,2464,25.176837921142578,13.259726702251918,0.001,2.9509551525115967
7020,14,20,2325,8.642254829406738,13.010617212048107,0.001,3.4493932723999023
7021,14,21,1570,15.07535457611084,13.06276009778301,0.001,2.890449285507202
7022,14,22,453,12.138314247131348,13.029654228140233,0.001,2.938976526260376
7023,14,23,496,22.366962432861328,13.460860280705678,0.001,2.994429349899292
7024,14,24,436,12.632476806640625,13.433728639859796,0.001,2.914867401123047
7025,14,25,811,14.946666717529297,13.464250339776797,0.001,2.906662940979004
7026,14,26,962,16.73638916015625,13.568578817792849,0.001,1.814122200012207
7027,14,27,1617,16.863370895385742,13.746212559643135,0.001,2.549679756164551
7028,14,28,2552,14.269868850708008,13.76706220245601,0.001,2.676098346710205
7029,14,29,2720,8.432043075561523,13.67423219901304,0.001,2.6354668140411377
7030,14,30,2874,8.031853675842285,13.463930808409511,0.001,2.5301876068115234
7031,14,31,77,13.629156112670898,13.47005827093415,0.001,2.8782105445861816
7032,14,32,977,9.691373825073242,13.376524426399923,0.001,2.479708671569824
7033,14,33,1642,7.658775806427002,13.18204730106895,0.001,1.73781156539917
7034,14,34,1569,26.166053771972656,13.617791955128817,0.001,2.6455934047698975
7035,14,35,1395,9.01047134399414,13.544620363033825,0.001,2.01395320892334
7036,14,36,1845,16.624197006225586,13.589344159146322,0.001,2.620577335357666
7037,14,37,1346,19.40350341796875,13.821459096930832,0.001,3.721312999725342
7038,14,38,1453,18.954408645629883,13.891177844433848,0.001,3.091026544570923
7039,14,39,1105,13.903549194335938,13.891362743317138,0.001,3.0584044456481934
7040,14,40,1769,22.838674545288086,14.24067480795537,0.001,2.9240365028381348
7041,14,41,1174,26.88068962097168,14.59786539497225,0.001,2.910078287124634
7042,14,42,1470,17.02685546875,14.66273908908793,0.001,3.67729115486145
7043,14,43,1918,7.83629846572876,14.42140155175049,0.001,3.1927568912506104
7044,14,44,1530,13.745977401733398,14.398412836688298,0.001,2.881887912750244
7045,14,45,1173,17.457216262817383,14.43538998835605,0.001,3.0127241611480713
7046,14,46,1111,21.120054244995117,14.599472537556272,0.001,3.0870230197906494
7047,14,47,1751,18.51859474182129,14.667355258213316,0.001,3.645684003829956
7048,14,48,2060,27.492528915405273,14.971983781430817,0.001,2.858123779296875
7049,14,49,1092,16.394943237304688,15.01550664727486,0.001,3.0191469192504883
7050,14,50,1821,23.165868759155273,15.103153814387072,0.001,2.852468729019165
7051,14,51,1317,17.801342010498047,15.13189421029636,0.001,3.2472939491271973
7052,14,52,1264,11.373376846313477,15.091453038800644,0.001,3.412219762802124
7053,14,53,1690,7.385142803192139,15.010303689256158,0.001,2.958627939224243
7054,14,54,1817,13.070489883422852,14.990904257902402,0.001,3.263134241104126
7055,14,55,1118,16.561279296875,15.024154940243752,0.001,2.9314286708831787
7056,14,56,1923,13.318307876586914,14.987872966534535,0.001,3.795535087585449
7057,14,57,1570,16.788673400878906,15.005731271693861,0.001,2.9829914569854736
7058,14,58,1181,11.731306076049805,14.941163581651546,0.001,3.0110390186309814
7059,14,59,1699,11.3817777633667,14.891810088172493,0.001,3.0282299518585205
7060,14,60,1122,7.262979507446289,14.78314919461553,0.001,2.9369800090789795
7061,14,61,1900,19.54420280456543,14.828334109416751,0.001,3.709690809249878
7062,14,62,1087,18.08530044555664,14.909197720304451,0.001,2.984105348587036
7063,14,63,1343,14.977738380432129,14.909771718707006,0.001,3.006471633911133
7064,14,64,1460,13.324390411376953,14.888676749798154,0.001,3.0308620929718018
7065,14,65,1896,11.064648628234863,14.819507729912933,0.001,3.069685220718384
7066,14,66,1585,11.60847282409668,14.744278989938815,0.001,3.5650651454925537
7067,14,67,1548,9.326562881469727,14.653228715558564,0.001,3.01235032081604
7068,14,68,1768,11.519527435302734,14.627499241396619,0.001,2.9311673641204834
7069,14,69,1777,11.198399543762207,14.569867176547803,0.001,3.0926856994628906
7070,14,70,1806,8.43844985961914,14.433274854769062,0.001,3.3966126441955566
7071,14,71,2066,5.858609676361084,14.24779079842656,0.001,3.1837494373321533
7072,14,72,1576,6.138774871826172,14.18627086611067,0.001,2.9707231521606445
7073,14,73,1568,13.057506561279297,14.168410941458584,0.001,2.924325942993164
7074,14,74,1342,11.786704063415527,14.131734161401674,0.001,3.0576987266540527
7075,14,75,1848,10.833427429199219,14.063909678356696,0.001,3.5468878746032715
7076,14,76,2099,8.02621078491211,13.998065384967687,0.001,2.9307429790496826
7077,14,77,1580,17.553321838378906,14.036168181296826,0.001,2.9295191764831543
7078,14,78,1482,5.6204938888549805,13.977080918929635,0.001,3.177009344100952
7079,14,79,1549,9.425383567810059,13.927685067218768,0.001,3.0304088592529297
7080,14,80,1363,20.22768783569336,14.019165982646111,0.001,3.959930896759033
7081,14,81,1903,8.720413208007812,13.965521641943468,0.001,2.877933979034424
7082,14,82,1532,10.306306838989258,13.89697587868453,0.001,2.9941625595092773
7083,14,83,1692,9.408393859863281,13.814201313772159,0.001,3.1102402210235596
7084,14,84,1828,8.835602760314941,13.721823180990771,0.001,2.9345033168792725
7085,14,85,1675,11.739276885986328,13.702933613633988,0.001,3.975440740585327
7086,14,86,1153,9.563833236694336,13.629228806140933,0.001,2.960944414138794
7087,14,87,1370,19.375167846679688,13.70487299165331,0.001,3.0764119625091553
7088,14,88,1361,21.88435173034668,13.755444343942624,0.001,2.9503750801086426
7089,14,89,2172,11.23742389678955,13.722614155944333,0.001,3.1418440341949463
7090,14,90,1514,9.983904838562012,13.70009717874959,0.001,3.163221836090088
7091,14,91,1586,7.00228214263916,13.587326493402218,0.001,2.9899818897247314
7092,14,92,1839,6.3209404945373535,13.54508109145952,0.001,3.363109827041626
7093,14,93,1274,14.296134948730469,13.554142149389998,0.001,3.1699867248535156
7094,14,94,1636,7.975675106048584,13.463836339054486,0.001,3.4407811164855957
7095,14,95,2080,11.357370376586914,13.430155412328123,0.001,3.137228488922119
7096,14,96,2070,11.594351768493652,13.401506663620701,0.001,2.9967994689941406
7097,14,97,1339,11.160902976989746,13.388866840869696,0.001,2.981607437133789
7098,14,98,1626,6.278685569763184,13.350881536961579,0.001,2.9760453701019287
7099,14,99,1443,13.896354675292969,13.359143619694333,0.001,3.6099398136138916
7100,14,100,1902,13.317042350769043,13.358667244480193,0.001,2.992156505584717
7101,14,101,1627,12.901226043701172,13.353515375394135,0.001,3.0516974925994873
7102,14,102,1617,12.563199996948242,13.342312100691075,0.001,2.9578795433044434
7103,14,103,1809,6.979065895080566,13.251943919112232,0.001,2.8644068241119385
7104,14,104,1463,8.719792366027832,13.231633363281588,0.001,3.71848201751709
7105,14,105,1127,9.219122886657715,13.200273056147156,0.001,2.9867208003997803
7106,14,106,1616,11.356433868408203,13.18027207758736,0.001,2.9923043251037598
7107,14,107,1488,10.380340576171875,13.143543003422721,0.001,3.121636390686035
7108,14,108,1117,11.809353828430176,13.129472605137288,0.001,3.373284101486206
7109,14,109,1093,8.6447172164917,13.069508938550388,0.001,3.3758127689361572
7110,14,110,1914,5.448256969451904,13.03263550570737,0.001,2.855004072189331
7111,14,111,2073,6.951296329498291,13.004499527550639,0.001,2.882395029067993
7112,14,112,2251,6.660436630249023,12.957914001001305,0.001,2.9869627952575684
7113,14,113,1262,5.1034255027771,12.921067899501008,0.001,3.4839487075805664
7114,14,114,2192,27.56744956970215,12.979324486125956,0.001,3.0549092292785645
7115,14,115,1263,6.020693778991699,12.910800699920648,0.001,3.2074472904205322
7116,14,116,2297,9.853906631469727,12.880307471731152,0.001,2.971076011657715
7117,14,117,1812,15.611479759216309,12.915805763116783,0.001,2.978726625442505
7118,14,118,1844,17.821969985961914,12.935740065292586,0.001,3.561969757080078
7119,14,119,1097,6.609436988830566,12.907753843820949,0.001,3.2157273292541504
7120,14,120,1441,13.130047798156738,12.908783411348322,0.001,2.972072124481201
7121,14,121,1823,16.265274047851562,12.951754343408815,0.001,3.06184720993042
7122,14,122,1473,12.865653991699219,12.951254175948984,0.001,3.0295400619506836
7123,14,123,1120,19.362051010131836,12.991695451704851,0.001,3.7042598724365234
7124,14,124,2406,19.864376068115234,13.076440104150523,0.001,3.0226211547851562
7125,14,125,2179,13.7422513961792,13.080826616054585,0.001,2.9441046714782715
7126,14,126,1360,9.997736930847168,13.067906007014425,0.001,3.0542640686035156
7127,14,127,2051,12.563741683959961,13.063350781047657,0.001,3.585636854171753
7128,14,128,1311,8.572193145751953,13.01034809100361,0.001,3.03889799118042
7129,14,129,1324,13.008731842041016,13.010329348708474,0.001,3.058866024017334
7130,14,130,1571,13.245609283447266,13.013040488814864,0.001,3.422499418258667
7131,14,131,1393,19.780879974365234,13.071552022594362,0.001,3.0200090408325195
7132,14,132,1126,9.13105583190918,13.026769302726786,0.001,3.603217124938965
7133,14,133,2398,9.432392120361328,12.98687093034263,0.001,2.9781296253204346
7134,14,134,175,9.119526863098145,12.963315344113903,0.001,3.0680341720581055
7135,14,135,2040,10.125449180603027,12.931668589213892,0.001,3.058974504470825
7136,14,136,1196,9.994585037231445,12.92111164495327,0.001,3.165827989578247
7137,14,137,1149,18.858736038208008,12.970030460751152,0.001,3.929635524749756
7138,14,138,2064,7.228340148925781,12.923022394038425,0.001,2.978731632232666
7139,14,139,2174,11.428462028503418,12.90750174099921,0.001,2.8804335594177246
7140,14,140,2298,7.809226989746094,12.888605530728036,0.001,2.866788387298584
7141,14,141,1909,18.047452926635742,12.942131610096855,0.001,3.434084892272949
7142,14,142,1383,11.096516609191895,12.931618408441324,0.001,3.0062687397003174
7143,14,143,2274,9.082402229309082,12.902182674332042,0.001,2.9046099185943604
7144,14,144,2343,9.569022178649902,12.883963245575169,0.001,2.886852979660034
7145,14,145,1088,9.763922691345215,12.860466371812551,0.001,2.9846408367156982
7146,14,146,1128,7.363269329071045,12.818458425906703,0.001,3.3880064487457275
7147,14,147,2341,10.288679122924805,12.792782455114688,0.001,3.173642158508301
7148,14,148,2435,7.792628765106201,12.774314298182126,0.001,2.943056106567383
7149,14,149,2452,15.410725593566895,12.79400693829771,0.001,3.1410460472106934
7150,14,150,1083,14.81358814239502,12.813439062437833,0.001,3.018282413482666
7151,14,151,1310,10.833223342895508,12.793989730618511,0.001,3.600602388381958
7152,14,152,1439,9.667970657348633,12.764136896810287,0.001,2.836061477661133
7153,14,153,1793,7.932841777801514,12.71843546959368,0.001,2.934743881225586
7154,14,154,1123,18.76266860961914,12.749223966431664,0.001,2.9908738136291504
7155,14,155,266,11.175297737121582,12.734333624766812,0.001,3.090282917022705
7156,14,156,2425,18.341489791870117,12.77393986588684,0.001,3.693532705307007
7157,14,157,2098,19.133861541748047,12.8031711710314,0.001,3.028796672821045
7158,14,158,1089,11.509025573730469,12.79121694704205,0.001,2.9942831993103027
7159,14,159,177,9.68133544921875,12.770089075918605,0.001,3.1448585987091064
7160,14,160,2427,12.111495971679688,12.765676164233067,0.001,3.3073763847351074
7161,14,161,2335,11.415888786315918,12.76117937404522,0.001,3.5112695693969727
7162,14,162,2476,8.857697486877441,12.748491326545256,0.001,3.024721622467041
7163,14,163,1182,9.264244079589844,12.724766942330529,0.001,3.0440101623535156
7164,14,164,2243,10.566986083984375,12.70547444978955,0.001,3.064046621322632
7165,14,165,1700,18.628398895263672,12.735193363389646,0.001,3.9679737091064453
7166,14,166,1764,9.21925163269043,12.703664928719157,0.001,2.94810152053833
7167,14,167,1714,11.331672668457031,12.694892702427122,0.001,3.340559244155884
7168,14,168,2249,13.534897804260254,12.700472153243664,0.001,2.927464485168457
7169,14,169,2203,7.376256465911865,12.654513527114982,0.001,2.8348805904388428
7170,14,170,272,7.17488956451416,12.62920346301717,0.001,3.707320213317871
7171,14,171,2498,10.305495262145996,12.618606469680923,0.001,3.059019088745117
7172,14,172,1132,9.757044792175293,12.600137870739388,0.001,2.7815709114074707
7173,14,173,29,7.057711601257324,12.565353524953297,0.001,3.0978004932403564
7174,14,174,37,12.63083267211914,12.565897514119792,0.001,2.9717705249786377
7175,14,175,2095,7.96875524520874,12.528541752277171,0.001,3.716949939727783
7176,14,176,38,7.449484825134277,12.505928455539456,0.001,3.070004463195801
7177,14,177,2067,8.85744571685791,12.489500514233498,0.001,3.0369205474853516
7178,14,178,1551,8.683168411254883,12.465824621230981,0.001,2.934110403060913
7179,14,179,1779,7.03721284866333,12.422002700057094,0.001,3.4632022380828857
7180,14,180,2221,9.724591255187988,12.405416799922127,0.001,2.9228336811065674
7181,14,181,1965,8.797785758972168,12.376393166223608,0.001,3.1304500102996826
7182,14,182,1484,8.852910041809082,12.355230156870334,0.001,2.886277914047241
7183,14,183,32,9.833771705627441,12.335033043555129,0.001,3.009678840637207
7184,14,184,1109,13.779154777526855,12.3459162661284,0.001,3.7910706996917725
7185,14,185,2422,7.980539798736572,12.33376399402427,0.001,2.852492332458496
7186,14,186,2270,8.573902130126953,12.304396865880992,0.001,2.886601209640503
7187,14,187,1602,25.2811336517334,12.328024790315654,0.001,2.999166250228882
7188,14,188,1878,10.053886413574219,12.318782569463904,0.001,2.9679923057556152
7189,14,189,2455,11.330146789550781,12.316018497983647,0.001,4.127900123596191
7190,14,190,2055,14.984936714172363,12.33631046624639,0.001,2.9845187664031982
7191,14,191,2113,12.08488941192627,12.33486642961796,0.001,2.97450590133667
7192,14,192,1543,9.183847427368164,12.326257264634885,0.001,3.078660488128662
7193,14,193,2499,12.431527137756348,12.326681493176663,0.001,3.0135767459869385
7194,14,194,250,24.272571563720703,12.358708108476076,0.001,3.4529457092285156
7195,14,195,1506,9.272223472595215,12.35089807030051,0.001,2.967827320098877
7196,14,196,1113,11.112841606140137,12.341728761309266,0.001,3.077059030532837
7197,14,197,2523,13.33440113067627,12.349043345377154,0.001,2.920166254043579
7198,14,198,2007,14.86249828338623,12.362758866731465,0.001,3.7759480476379395
7199,14,199,1925,6.787067413330078,12.348373139711518,0.001,3.104426145553589
7200,14,200,2535,5.90939998626709,12.331646266240273,0.001,2.9309356212615967
7201,14,201,1397,11.945995330810547,12.328827242706303,0.001,2.8464386463165283
7202,14,202,2547,29.767772674560547,12.423109821432982,0.001,3.003831148147583
7203,14,203,2552,12.078859329223633,12.421282228072469,0.001,3.4300172328948975
7204,14,204,2585,9.136375427246094,12.40410042849951,0.001,3.4243931770324707
7205,14,205,1649,14.731760025024414,12.416479378497387,0.001,2.8376922607421875
7206,14,206,2325,7.356335163116455,12.389710899697183,0.001,2.8580284118652344
7207,14,207,2564,13.393178939819336,12.394887538041681,0.001,3.0953733921051025
7208,14,208,2000,8.949247360229492,12.38639701846922,0.001,3.641195058822632
7209,14,209,1693,10.620708465576172,12.374195677640245,0.001,3.037052631378174
7210,14,210,1259,11.771373748779297,12.372010993774227,0.001,2.932884931564331
7211,14,211,1766,33.91499328613281,12.40985971537059,0.001,2.968524217605591
7212,14,212,1945,7.109925746917725,12.373522886266553,0.001,2.9177334308624268
7213,14,213,2619,9.475467681884766,12.363820255831993,0.001,3.550893783569336
7214,14,214,2378,20.762784957885742,12.407077823009013,0.001,3.01981782913208
7215,14,215,2595,6.115379333496094,12.391971843435076,0.001,2.916135311126709
7216,14,216,2538,5.968951225280762,12.376433398618497,0.001,3.063056230545044
7217,14,217,2340,13.848150253295898,12.383693002420525,0.001,3.128847599029541
7218,14,218,1862,8.460209846496582,12.374281883979716,0.001,3.408283233642578
7219,14,219,2450,10.683306694030762,12.365973271278866,0.001,3.0809719562530518
7220,14,220,2204,6.8436279296875,12.329900507157788,0.001,2.964047908782959
7221,14,221,2449,8.467830657958984,12.310768090454198,0.001,3.0459697246551514
7222,14,222,2278,20.2549991607666,12.35049426890694,0.001,3.380333662033081
7223,14,223,2758,14.651520729064941,12.361721244775877,0.001,2.978311061859131
7224,14,224,2443,6.013955593109131,12.33100332297623,0.001,3.0690536499023438
7225,14,225,1081,18.16429901123047,12.359363062057918,0.001,3.0526368618011475
7226,14,226,2008,24.601640701293945,12.38461732626717,0.001,3.044433355331421
7227,14,227,2537,11.271461486816406,12.379132464872207,0.001,3.6371495723724365
7228,14,228,1575,9.70125675201416,12.365988175156916,0.001,3.0278282165527344
7229,14,229,1772,7.662600517272949,12.335638371364722,0.001,3.031693696975708
7230,14,230,1098,11.375082969665527,12.332347455231655,0.001,3.134119987487793
7231,14,231,2482,13.57398509979248,12.3402322288913,0.001,3.0239336490631104
7232,14,232,2241,7.800055503845215,12.311488209225868,0.001,3.8191795349121094
7233,14,233,1394,17.452348709106445,12.335479851313606,0.001,2.8837759494781494
7234,14,234,1756,9.661520004272461,12.323262437769385,0.001,2.9957737922668457
7235,14,235,2692,13.028116226196289,12.32759664039057,0.001,2.9948549270629883
7236,14,236,1090,10.735161781311035,12.322434253229003,0.001,3.504099130630493
7237,14,237,2157,10.852685928344727,12.3134715037269,0.001,3.25980281829834
7238,14,238,273,13.29920482635498,12.317999553773852,0.001,2.8547091484069824
7239,14,239,2034,9.978893280029297,12.304095032432034,0.001,3.0300567150115967
7240,14,240,2272,9.235902786254883,12.290286755245598,0.001,3.079838752746582
7241,14,241,1344,9.412155151367188,12.27749230489254,0.001,4.578781604766846
7242,14,242,2923,13.807293891906738,12.282230902943134,0.001,3.068403959274292
7243,14,243,1541,10.085175514221191,12.277980945892415,0.001,3.058199644088745
7244,14,244,274,9.82742691040039,12.267268397108419,0.001,3.195025682449341
7245,14,245,1794,10.557239532470703,12.259831882465903,0.001,2.967674732208252
7246,14,246,2720,13.153717994689941,12.261570165400663,0.001,3.661858320236206
7247,14,247,2144,11.44837760925293,12.25988108116139,0.001,3.088848114013672
7248,14,248,2546,9.532672882080078,12.248013287929144,0.001,3.0805768966674805
7249,14,249,1814,7.0961198806762695,12.225828888383624,0.001,3.016728162765503
7250,14,250,1365,12.47663688659668,12.226350979760271,0.001,3.533658504486084
7251,14,251,1557,11.364669799804688,12.221341950784495,0.001,3.079695701599121
7252,14,252,2163,11.026556968688965,12.21605166286307,0.001,3.0029537677764893
7253,14,253,2413,8.974563598632812,12.201936337601119,0.001,3.0996739864349365
7254,14,254,2590,13.991430282592773,12.207243564920061,0.001,3.068671464920044
7255,14,255,2706,14.349588394165039,12.211386826479472,0.001,3.596403121948242
7256,14,256,254,19.05147361755371,12.24996435768619,0.001,3.083212375640869
7257,14,257,1440,13.756047248840332,12.256202737197674,0.001,3.0751821994781494
7258,14,258,2505,9.136078834533691,12.249787164746106,0.001,3.0220088958740234
7259,14,259,1540,6.620062828063965,12.23840038819675,0.001,2.830322027206421
7260,14,260,1915,13.992777824401855,12.243611526435332,0.001,3.6991326808929443
7261,14,261,2654,23.531335830688477,12.306777737932878,0.001,3.095412492752075
7262,14,262,1679,22.665128707885742,12.338244438017217,0.001,3.161659002304077
7263,14,263,388,22.48311996459961,12.35749869847581,0.001,3.1734249591827393
7264,14,264,1503,23.590089797973633,12.388173560952096,0.001,3.4327759742736816
7265,14,265,2479,8.438455581665039,12.372398151768238,0.001,3.118300676345825
7266,14,266,2767,15.7060546875,12.386304320289048,0.001,2.9973814487457275
7267,14,267,2225,21.07455825805664,12.43361060685343,0.001,2.9364771842956543
7268,14,268,1577,21.215085983276367,12.469225691433357,0.001,2.961427927017212
7269,14,269,2196,12.781901359558105,12.469771316849922,0.001,3.4494152069091797
7270,14,270,2906,12.38917064666748,12.46944585661106,0.001,3.037665367126465
7271,14,271,1161,8.058364868164062,12.461449870219385,0.001,2.938796043395996
7272,14,272,1265,9.07266616821289,12.454914191639089,0.001,3.054396629333496
7273,14,273,436,15.462185859680176,12.463410397244509,0.001,2.9374821186065674
7274,14,274,1434,13.210436820983887,12.46630185356682,0.001,3.8653786182403564
7275,14,275,2930,5.885858058929443,12.45404238938523,0.001,2.971336841583252
7276,14,276,2462,8.852307319641113,12.434668606570188,0.001,3.117541790008545
7277,14,277,2534,7.419299125671387,12.425059308723334,0.001,2.975726842880249
7278,14,278,2511,13.631573677062988,12.428515509969976,0.001,3.283177614212036
7279,14,279,1099,9.739465713500977,12.414349759574511,0.001,3.7451276779174805
7280,14,280,325,14.742597579956055,12.42345773843903,0.001,2.919703483581543
7281,14,281,2147,7.769743919372559,12.39907482241078,0.001,2.995903968811035
7282,14,282,2722,15.515973091125488,12.404418683049963,0.001,2.8962159156799316
7283,14,283,2223,9.945526123046875,12.391619144054731,0.001,3.541353702545166
7284,14,284,455,23.097965240478516,12.406752818983295,0.001,3.1886935234069824
7285,14,285,490,6.7673659324646,12.396162483902451,0.001,2.9977314472198486
7286,14,286,496,20.049922943115234,12.424375155097527,0.001,2.922893762588501
7287,14,287,2282,10.780056953430176,12.421373042313808,0.001,3.0420594215393066
7288,14,288,1306,8.067972183227539,12.399243240287703,0.001,3.3402111530303955
7289,14,289,2392,7.8566179275512695,12.386721169559843,0.001,3.012521982192993
7290,14,290,340,7.792982578277588,12.36922612996456,0.001,3.0270376205444336
7291,14,291,1858,11.082722663879395,12.364410111226166,0.001,2.9228339195251465
7292,14,292,408,6.946028709411621,12.349945765982431,0.001,3.151817560195923
7293,14,293,1355,10.76753044128418,12.343965482132988,0.001,3.8266279697418213
7294,14,294,400,12.582487106323242,12.34453810164649,0.001,3.048792839050293
7295,14,295,1864,12.88749885559082,12.345514101714196,0.001,3.0080130100250244
7296,14,296,1682,17.35014533996582,12.364137565602295,0.001,2.9372971057891846
7297,14,297,441,7.607287406921387,12.34648703467558,0.001,3.1392822265625
7298,14,298,2327,6.995250225067139,12.332579089815942,0.001,3.8241498470306396
7299,14,299,1676,14.326325416564941,12.34245819520065,0.001,2.9529149532318115
7300,14,300,1879,12.68739128112793,12.343380084136543,0.001,3.1254653930664062
7301,14,301,1797,10.73199462890625,12.34050307608367,0.001,2.9870641231536865
7302,14,302,458,22.180912017822266,12.35816167257305,0.001,3.423842668533325
7303,14,303,1493,10.430400848388672,12.348762518424424,0.001,3.0891547203063965
7304,14,304,2432,11.006725311279297,12.346409732618774,0.001,2.9369795322418213
7305,14,305,2399,7.869076728820801,12.339462989004977,0.001,2.9342565536499023
7306,14,306,2588,8.556914329528809,12.321003017287847,0.001,2.8072609901428223
7307,14,307,1832,10.178384780883789,12.310704317948067,0.001,3.5101168155670166
7308,14,308,2617,9.528984069824219,12.297497352401804,0.001,3.115755319595337
7309,14,309,2460,12.099381446838379,12.297160282660265,0.001,2.962841510772705
7310,14,310,2660,11.426700592041016,12.293110860403182,0.001,3.095047950744629
7311,14,311,2548,11.894438743591309,12.291719107993906,0.001,3.0281577110290527
7312,14,312,2229,14.076183319091797,12.295621451364017,0.001,3.4183785915374756
7313,14,313,521,6.896547317504883,12.286577356772746,0.001,2.986661434173584
7314,14,314,1302,16.009288787841797,12.302921572581232,0.001,2.93284010887146
7315,14,315,2793,7.986698150634766,12.282424524833983,0.001,3.221217155456543
7316,14,316,2494,10.554600715637207,12.276442605146523,0.001,2.898806095123291
7317,14,317,350,9.398290634155273,12.26636214852196,0.001,3.7200088500976562
7318,14,318,1372,7.665626525878906,12.250491020377021,0.001,2.9994421005249023
7319,14,319,2874,7.764254570007324,12.235305153288028,0.001,2.960932731628418
7320,14,320,2377,11.740260124206543,12.233607589686367,0.001,3.0526857376098633
7321,14,321,717,10.474861145019531,12.225575593480198,0.001,3.495361804962158
7322,14,322,693,6.483367919921875,12.19934018989783,0.001,3.36525559425354
7323,14,323,65,8.689035415649414,12.193514788553074,0.001,3.0540261268615723
7324,14,324,611,9.072758674621582,12.186069698865163,0.001,2.995556354522705
7325,14,325,376,14.539058685302734,12.18992763115218,0.001,2.876072406768799
7326,14,326,336,7.030961513519287,12.166543482643112,0.001,3.7778444290161133
7327,14,327,1648,9.678255081176758,12.160571455740559,0.001,3.157010316848755
7328,14,328,514,11.55445671081543,12.159096414207024,0.001,3.0211265087127686
7329,14,329,721,9.522549629211426,12.152887626478824,0.001,2.942603826522827
7330,14,330,256,10.359392166137695,12.148654016502782,0.001,3.021942615509033
7331,14,331,2502,6.5801544189453125,12.12369335240262,0.001,3.4963066577911377
7332,14,332,2709,20.825042724609375,12.137295820304464,0.001,3.1391429901123047
7333,14,333,1333,13.959236145019531,12.143345554328759,0.001,3.0192105770111084
7334,14,334,1442,11.42352294921875,12.141667508395743,0.001,2.8873255252838135
7335,14,335,1523,8.676840782165527,12.136210354602579,0.001,2.9956157207489014
7336,14,336,1527,23.816221237182617,12.174394376629238,0.001,3.610309600830078
7337,14,337,2584,7.838527202606201,12.155521533927276,0.001,3.007894277572632
7338,14,338,2784,8.087830543518066,12.137760032894825,0.001,3.090799570083618
7339,14,339,372,11.215385437011719,12.136504295129976,0.001,3.1169300079345703
7340,14,340,2216,7.0832343101501465,12.129487476119618,0.001,3.3495750427246094
7341,14,341,680,7.2321577072143555,12.121991984348865,0.001,3.1824848651885986
7342,14,342,434,14.463460922241211,12.125265545171718,0.001,2.878180980682373
7343,14,343,773,8.625709533691406,12.113955679125795,0.001,2.9393999576568604
7344,14,344,2672,8.070341110229492,12.096502575854492,0.001,2.939929246902466
7345,14,345,1495,10.468198776245117,12.091255042402343,0.001,3.8144211769104004
7346,14,346,2668,11.243570327758789,12.08851389008159,0.001,3.3160130977630615
7347,14,347,2673,17.369760513305664,12.10560232364453,0.001,3.097914218902588
7348,14,348,2775,13.201882362365723,12.109038304412648,0.001,2.915372610092163
7349,14,349,1615,10.466036796569824,12.103943955745388,0.001,3.063161849975586
7350,14,350,2050,7.017037868499756,12.09267454311901,0.001,3.8133790493011475
7351,14,351,2669,9.578816413879395,12.088847159794756,0.001,2.883417844772339
7352,14,352,2387,35.082420349121094,12.140644951770263,0.001,3.263007879257202
7353,14,353,774,14.23065185546875,12.147210928337906,0.001,3.058798313140869
7354,14,354,1921,12.233749389648438,12.147481193388856,0.001,3.2482542991638184
7355,14,355,2101,10.777087211608887,12.141739490562404,0.001,3.158863067626953
7356,14,356,2448,10.411776542663574,12.134625917096955,0.001,3.027855634689331
7357,14,357,2184,22.911161422729492,12.158674096071355,0.001,2.9969305992126465
7358,14,358,705,11.8953857421875,12.15757482822232,0.001,2.9149203300476074
7359,14,359,2750,22.81659507751465,12.17306825568292,0.001,3.4805166721343994
7360,14,360,1717,5.904483795166016,12.16400199225322,0.001,3.488818883895874
7361,14,361,2071,19.762990951538086,12.180523343408245,0.001,3.1923797130584717
7362,14,362,1686,20.22246551513672,12.213211043976683,0.001,3.074286699295044
7363,14,363,920,15.495726585388184,12.226704704845528,0.001,3.1526739597320557
7364,14,364,2593,14.370401382446289,12.233343311667754,0.001,3.6844875812530518
7365,14,365,459,8.472410202026367,12.227962077055984,0.001,3.056274890899658
7366,14,366,507,40.7943115234375,12.256638816271407,0.001,2.965752363204956
7367,14,367,915,14.180174827575684,12.259306636951667,0.001,3.06058931350708
7368,14,368,2794,12.415857315063477,12.259534254529699,0.001,3.385812997817993
7369,14,369,377,18.57184600830078,12.273109631698404,0.001,3.3677494525909424
7370,14,370,1706,18.53441619873047,12.291826571082936,0.001,3.1120386123657227
7371,14,371,447,9.994400024414062,12.288508164920856,0.001,2.9912784099578857
7372,14,372,73,30.29880142211914,12.314499757180648,0.001,3.045872449874878
7373,14,373,407,11.780445098876953,12.312906436292309,0.001,3.4217190742492676
7374,14,374,699,15.0057954788208,12.32079178821582,0.001,3.0735414028167725
7375,14,375,2601,17.886137008666992,12.342400820265548,0.001,3.027477979660034
7376,14,376,2522,11.509956359863281,12.339964714882115,0.001,3.1386446952819824
7377,14,377,519,7.953065872192383,12.32267340135108,0.001,3.0254175662994385
7378,14,378,2166,12.169846534729004,12.322354489607388,0.001,3.7144317626953125
7379,14,379,1399,16.325092315673828,12.338199740564054,0.001,3.0386006832122803
7380,14,380,453,8.529952049255371,12.330328614084703,0.001,2.973982334136963
7381,14,381,771,9.092330932617188,12.320962021412981,0.001,2.9386541843414307
7382,14,382,1819,14.966704368591309,12.324653520333802,0.001,2.916536331176758
7383,14,383,1326,5.1903181076049805,12.314938221215996,0.001,3.9197373390197754
7384,14,384,2349,9.237075805664062,12.3031401824597,0.001,2.9420018196105957
7385,14,385,990,14.999866485595703,12.311096855469565,0.001,3.028285503387451
7386,14,386,2909,11.598820686340332,12.309031099261652,0.001,2.982867956161499
7387,14,387,916,5.031385898590088,12.298909281604809,0.001,3.351975679397583
7388,14,388,616,10.79831600189209,12.293241901887571,0.001,3.321220874786377
7389,14,389,178,13.930638313293457,12.297799264535888,0.001,3.414642095565796
7390,14,390,991,10.231051445007324,12.295057491986032,0.001,3.1330556869506836
7391,14,391,2191,14.347004890441895,12.299315333131135,0.001,2.986351251602173
7392,14,392,2235,9.45630931854248,12.288623734200916,0.001,3.8537275791168213
7393,14,393,728,10.48105525970459,12.283504672865535,0.001,2.880964756011963
7394,14,394,1596,18.43647003173828,12.29560194023783,0.001,2.8387982845306396
7395,14,395,695,8.181342124938965,12.283941630890101,0.001,2.9152865409851074
7396,14,396,382,9.324231147766113,12.28009837184133,0.001,3.0393712520599365
7397,14,397,392,12.660394668579102,12.281502858518145,0.001,4.7234416007995605
7398,14,398,94,13.582961082458496,12.2860587334207,0.001,2.8973944187164307
7399,14,399,743,9.657376289367676,12.282598766996234,0.001,2.948406219482422
7400,14,400,961,11.273792266845703,12.27888750347169,0.001,3.0063090324401855
7401,14,401,2834,8.645055770874023,12.265453703335766,0.001,3.6041574478149414
7402,14,402,801,7.339771747589111,12.256040399131516,0.001,2.9456393718719482
7403,14,403,77,12.62353229522705,12.25706328850079,0.001,2.950617790222168
7404,14,404,1457,8.070884704589844,12.24192381297875,0.001,2.930640935897827
7405,14,405,461,12.974945068359375,12.244567484845309,0.001,2.9339847564697266
7406,14,406,1373,10.84488296508789,12.24157281207765,0.001,3.54052734375
7407,14,407,2901,14.522479057312012,12.24610235718225,0.001,2.934272050857544
7408,14,408,904,27.10360336303711,12.27157385685191,0.001,2.9982101917266846
7409,14,409,1554,12.439777374267578,12.271793791755323,0.001,2.963071584701538
7410,14,410,383,15.56397819519043,12.283275969190651,0.001,3.1025640964508057
7411,14,411,403,6.693427085876465,12.272621670464593,0.001,3.834467887878418
7412,14,412,2205,6.890563488006592,12.257910195750407,0.001,2.9704771041870117
7413,14,413,1519,20.850601196289062,12.28137214380742,0.001,3.0219199657440186
7414,14,414,2789,14.25471305847168,12.286628128140809,0.001,2.9796040058135986
7415,14,415,2929,12.576374053955078,12.287401255379555,0.001,2.9944796562194824
7416,14,416,2510,10.145832061767578,12.279879299796644,0.001,3.685224771499634
7417,14,417,390,9.729695320129395,12.27517211919767,0.001,2.9984097480773926
7418,14,418,1556,16.860427856445312,12.287353122030904,0.001,3.094210147857666
7419,14,419,2763,9.957548141479492,12.284443558096518,0.001,2.9171993732452393
7420,14,420,1735,5.858382225036621,12.276296103263324,0.001,3.850259780883789
7421,14,421,2401,9.922568321228027,12.270016887138203,0.001,3.0922257900238037
7422,14,422,2149,13.032452583312988,12.27204715286937,0.001,2.9266550540924072
7423,14,423,1791,12.31882381439209,12.272133356739714,0.001,3.0066168308258057
7424,14,424,2464,24.65297508239746,12.287888387281106,0.001,2.9422833919525146
7425,14,425,342,11.821646690368652,12.286242284045954,0.001,3.6039419174194336
7426,14,426,2927,41.31173324584961,12.31743953843918,0.001,3.3188610076904297
7427,14,427,2075,10.392818450927734,12.313926918608313,0.001,2.9655938148498535
7428,14,428,788,12.554780960083008,12.314761077267383,0.001,2.8806369304656982
7429,14,429,2543,10.939854621887207,12.311186400185013,0.001,2.9924347400665283
7430,14,430,864,13.192737579345703,12.312211704044126,0.001,3.603059768676758
7431,14,431,873,9.329669952392578,12.308991150281201,0.001,3.017127275466919
7432,14,432,1846,9.261324882507324,12.301223397918557,0.001,3.162111282348633
7433,14,433,492,14.017189979553223,12.307096230496533,0.001,3.1298680305480957
7434,14,434,2233,9.532282829284668,12.302049516291172,0.001,3.3090522289276123
7435,14,435,808,15.527568817138672,12.310209143659819,0.001,3.2470006942749023
7436,14,436,2864,7.999366760253906,12.302286552503224,0.001,3.166811466217041
7437,14,437,2596,8.989930152893066,12.296278193480003,0.001,2.8999834060668945
7438,14,438,686,9.85010051727295,12.289941694436553,0.001,2.8752570152282715
7439,14,439,834,8.702569007873535,12.277874863570585,0.001,3.84190034866333
7440,14,440,1334,7.792707443237305,12.272577048613197,0.001,3.0951359272003174
7441,14,441,190,7.331649303436279,12.255607330754076,0.001,3.093090772628784
7442,14,442,469,6.436579704284668,12.23622568867584,0.001,2.945018768310547
7443,14,443,1620,23.362321853637695,12.245099780006981,0.001,2.937760353088379
7444,14,444,825,18.264202117919922,12.252088776925014,0.001,3.6595118045806885
7445,14,445,727,12.620501518249512,12.252520934140236,0.001,3.044869899749756
7446,14,446,2293,8.523323059082031,12.243005768384101,0.001,3.0042924880981445
7447,14,447,851,7.056976795196533,12.225428471001987,0.001,2.835686683654785
7448,14,448,2513,5.90856409072876,12.218005634619354,0.001,2.945518970489502
7449,14,449,977,9.455546379089355,12.213264164346244,0.001,4.108156442642212
7450,14,450,682,15.598302841186523,12.224328539229841,0.001,2.898690938949585
7451,14,451,523,15.59312629699707,12.235481507011919,0.001,3.0210683345794678
7452,14,452,1313,13.363358497619629,12.239014668867465,0.001,2.9006011486053467
7453,14,453,2529,12.12822151184082,12.23873731601979,0.001,3.4552149772644043
7454,14,454,1151,11.378446578979492,12.237291679878213,0.001,3.204890489578247
7455,14,455,986,19.058074951171875,12.254188813374563,0.001,3.0269501209259033
7456,14,456,2188,32.9072380065918,12.303982340320857,0.001,2.973405599594116
7457,14,457,832,15.633034706115723,12.314677307981619,0.001,3.0311167240142822
7458,14,458,361,19.66536521911621,12.337208983730052,0.001,3.371621608734131
7459,14,459,956,11.878889083862305,12.335743014439457,0.001,2.9563722610473633
7460,14,460,694,10.222916603088379,12.328991015987711,0.001,2.991950273513794
7461,14,461,2608,13.757159233093262,12.333634597239813,0.001,2.9160192012786865
7462,14,462,60,12.36520004272461,12.333688287806043,0.001,2.994030714035034
7463,14,463,264,15.30732250213623,12.340818067579132,0.001,3.9526774883270264
7464,14,464,2603,10.811460494995117,12.336096041587782,0.001,3.0057334899902344
7465,14,465,2911,19.13846778869629,12.343212807740388,0.001,2.8485729694366455
7466,14,466,919,12.073347091674805,12.342348200062263,0.001,2.8938679695129395
7467,14,467,518,17.427732467651367,12.348094855376715,0.001,2.9160852432250977
7468,14,468,1762,15.255597114562988,12.354929768994452,0.001,3.5888304710388184
7469,14,469,861,14.75573444366455,12.358968669370054,0.001,2.950664758682251
7470,14,470,69,19.35047149658203,12.381022425234551,0.001,3.0090439319610596
7471,14,471,827,16.305448532104492,12.386483801707667,0.001,2.9165329933166504
7472,14,472,1368,9.698455810546875,12.381902209884748,0.001,3.104783058166504
7473,14,473,1802,16.357458114624023,12.39113689655366,0.001,3.2504777908325195
7474,14,474,344,8.459893226623535,12.386762723791971,0.001,2.8736913204193115
7475,14,475,67,14.860257148742676,12.392517462237258,0.001,2.7713146209716797
7476,14,476,2294,7.656011581420898,12.387449369234668,0.001,3.029207468032837
7477,14,477,471,5.905400276184082,12.367639409746024,0.001,3.150146007537842
7478,14,478,2328,6.436581134796143,12.357726907542972,0.001,3.856027364730835
7479,14,479,1155,9.622983932495117,12.354668017358144,0.001,2.855351686477661
7480,14,480,64,12.430288314819336,12.35475216607176,0.001,2.872833251953125
7481,14,481,28,7.585783958435059,12.349546193570568,0.001,2.8669350147247314
7482,14,482,972,6.2832465171813965,12.335864750588142,0.001,3.2415881156921387
7483,14,483,2781,16.693653106689453,12.342122768497422,0.001,3.2446959018707275
7484,14,484,706,7.89274787902832,12.337186473987503,0.001,2.8438613414764404
7485,14,485,2832,8.719554901123047,12.326687881940671,0.001,3.0664925575256348
7486,14,486,2563,7.214992523193359,12.318330485828577,0.001,3.050610303878784
7487,14,487,989,8.810643196105957,12.310361751994353,0.001,3.8439748287200928
7488,14,488,863,21.807458877563477,12.332086523641475,0.001,3.1318631172180176
7489,14,489,1807,26.925764083862305,12.375582383993176,0.001,2.9948647022247314
7490,14,490,1951,10.107866287231445,12.370449287124387,0.001,3.0744874477386475
7491,14,491,368,12.357553482055664,12.37041923975893,0.001,3.0110361576080322
7492,14,492,966,16.0959415435791,12.376289185836589,0.001,3.9305355548858643
7493,14,493,707,9.73256778717041,12.373637780672393,0.001,3.0127015113830566
7494,14,494,759,9.7654390335083,12.367846193294579,0.001,3.0242762565612793
7495,14,495,2181,15.138946533203125,12.370813817250587,0.001,2.9618897438049316
7496,14,496,2610,11.321832656860352,12.369692954717092,0.001,3.114215850830078
7497,14,497,787,14.16934585571289,12.371636318832776,0.001,3.8419995307922363
7498,14,498,1838,7.942566394805908,12.36192351878538,0.001,2.926382064819336
7499,14,499,2614,14.714079856872559,12.368845633912429,0.001,2.8619956970214844
7500,15,0,98,8.72368049621582,8.72368049621582,0.001,2.9494457244873047
7501,15,1,742,6.903657913208008,7.813764007430062,0.001,3.062925100326538
7502,15,2,710,11.073812484741211,8.69645129552069,0.001,4.5103185176849365
7503,15,3,74,7.253457069396973,8.532867887022359,0.001,3.19140887260437
7504,15,4,481,11.797771453857422,9.167350964725532,0.001,2.9095864295959473
7505,15,5,954,9.327192306518555,9.18088082645199,0.001,2.9355552196502686
7506,15,6,1938,8.903576850891113,9.159920990672349,0.001,3.0149824619293213
7507,15,7,363,10.205745697021484,9.235567864000608,0.001,3.5056312084198
7508,15,8,2613,9.526902198791504,9.27372508002586,0.001,2.926851272583008
7509,15,9,488,8.385991096496582,9.14144452235666,0.001,3.004100799560547
7510,15,10,770,11.475871086120605,9.381300946102545,0.001,2.9253811836242676
7511,15,11,2782,9.234343528747559,9.363657283533897,0.001,3.132387638092041
7512,15,12,2652,5.279603004455566,9.200221000452421,0.001,3.375123977661133
7513,15,13,811,14.524734497070312,9.393908723938521,0.001,2.8584301471710205
7514,15,14,424,11.073519706726074,9.48298343921011,0.001,2.904348850250244
7515,15,15,852,10.915069580078125,9.58569322958101,0.001,3.1247293949127197
7516,15,16,689,23.276037216186523,10.257400334572656,0.001,3.2495522499084473
7517,15,17,378,10.78391170501709,10.301729934042903,0.001,3.29561185836792
7518,15,18,778,10.33516788482666,10.303699839343771,0.001,2.942772150039673
7519,15,19,2458,9.415878295898438,10.254083094975508,0.001,2.855707883834839
7520,15,20,914,11.828840255737305,10.337409754486975,0.001,2.905388355255127
7521,15,21,2772,7.517180442810059,10.195642008995087,0.001,3.4688031673431396
7522,15,22,2152,18.345853805541992,10.5833362647521,0.001,3.2148427963256836
7523,15,23,2694,5.872190952301025,10.478714141821198,0.001,3.00773286819458
7524,15,24,1502,9.671812057495117,10.430515052730708,0.001,2.984071731567383
7525,15,25,432,15.057998657226562,10.622684482444125,0.001,2.865692377090454
7526,15,26,2583,7.161853313446045,10.481117146632096,0.001,3.382826566696167
7527,15,27,2845,9.288718223571777,10.419960924386837,0.001,2.957122325897217
7528,15,28,1480,9.722247123718262,10.407583711572848,0.001,3.054684638977051
7529,15,29,819,7.64684534072876,10.306481424409295,0.001,3.0228278636932373
7530,15,30,858,12.527544975280762,10.340870995157598,0.001,3.019395351409912
7531,15,31,803,6.895129203796387,10.284488598197191,0.001,3.6816418170928955
7532,15,32,1481,7.93156099319458,10.203274450463672,0.001,2.987271547317505
7533,15,33,814,8.515861511230469,10.175601332901312,0.001,3.0566718578338623
7534,15,34,789,9.879587173461914,10.166031915418914,0.001,2.874009370803833
7535,15,35,522,7.854779243469238,10.069897664923701,0.001,3.0907821655273438
7536,15,36,2202,7.277740001678467,9.958041131819604,0.001,3.6882686614990234
7537,15,37,2861,7.721366882324219,9.892807663039344,0.001,2.8872082233428955
7538,15,38,446,7.161559104919434,9.816491818191736,0.001,3.041109561920166
7539,15,39,962,12.036337852478027,9.860628807749498,0.001,2.9140641689300537
7540,15,40,601,15.204830169677734,10.050199761962817,0.001,3.039046287536621
7541,15,41,719,9.292600631713867,10.024199369904577,0.001,3.3108768463134766
7542,15,42,405,7.161703586578369,9.971419048316044,0.001,2.9377529621124268
7543,15,43,2140,8.793196678161621,9.958022140334716,0.001,3.0044991970062256
7544,15,44,374,6.130364418029785,9.835479717568699,0.001,2.9814398288726807
7545,15,45,56,8.231893539428711,9.797667203822323,0.001,3.7812111377716064
7546,15,46,2436,15.078947067260742,9.856779211716553,0.001,2.9557228088378906
7547,15,47,607,8.8885498046875,9.846555233842945,0.001,2.967622995376587
7548,15,48,870,9.688078880310059,9.843981467442577,0.001,2.9137701988220215
7549,15,49,685,11.21728801727295,9.874049588471147,0.001,3.015760660171509
7550,15,50,1516,12.091873168945312,9.921896650464427,0.001,3.5213470458984375
7551,15,51,367,10.344447135925293,9.928271677042892,0.001,2.903834581375122
7552,15,52,468,13.010194778442383,10.012931241758562,0.001,3.084398031234741
7553,15,53,2533,11.720805168151855,10.038397986172415,0.001,2.899897336959839
7554,15,54,1737,14.261499404907227,10.14774026549524,0.001,3.0381171703338623
7555,15,55,2871,9.159757614135742,10.122261895532482,0.001,3.431875467300415
7556,15,56,2347,7.683846950531006,10.075819729819251,0.001,2.958662271499634
7557,15,57,913,14.41378116607666,10.133907762836268,0.001,2.9915874004364014
7558,15,58,2013,6.911092281341553,10.105746831870828,0.001,2.9314324855804443
7559,15,59,2117,11.118220329284668,10.123854455280071,0.001,3.028992176055908
7560,15,60,448,12.100967407226562,10.16024084511248,0.001,3.3432703018188477
7561,15,61,68,12.423235893249512,10.189508352226358,0.001,2.993056535720825
7562,15,62,2197,16.025461196899414,10.29067305231126,0.001,2.955317974090576
7563,15,63,1888,15.97780990600586,10.417968322869035,0.001,2.9903903007507324
7564,15,64,951,8.072394371032715,10.378740565676377,0.001,2.8844714164733887
7565,15,65,401,17.09615707397461,10.489661584942896,0.001,4.206652402877808
7566,15,66,2569,11.199738502502441,10.497906647293824,0.001,2.883431911468506
7567,15,67,2682,7.269421100616455,10.428285214387103,0.001,2.951688528060913
7568,15,68,1250,8.502177238464355,10.413935917631271,0.001,2.8478903770446777
7569,15,69,2219,9.158955574035645,10.405114702127001,0.001,3.234469175338745
7570,15,70,337,13.110193252563477,10.432314823937288,0.001,3.1824424266815186
7571,15,71,2565,9.276347160339355,10.423668637906946,0.001,2.8874411582946777
7572,15,72,2580,17.64894676208496,10.566290287781374,0.001,3.016740560531616
7573,15,73,981,16.685300827026367,10.657759849137884,0.001,3.27184796333313
7574,15,74,1793,12.806053161621094,10.699113493355709,0.001,3.5950334072113037
7575,15,75,175,9.652117729187012,10.688062167456016,0.001,2.150697708129883
7576,15,76,1620,20.308107376098633,10.732198445157863,0.001,2.267164945602417
7577,15,77,1334,15.591766357421875,10.764747992986162,0.001,2.721921920776367
7578,15,78,1832,25.91283416748047,11.048705964307931,0.001,1.8553822040557861
7579,15,79,1764,26.711544036865234,11.341995655164474,0.001,1.997704267501831
7580,15,80,1848,19.00552749633789,11.480756979610328,0.001,1.8020622730255127
7581,15,81,1864,16.785083770751953,11.51498627468821,0.001,2.8300015926361084
7582,15,82,1557,10.416133880615234,11.495523654754493,0.001,2.1915597915649414
7583,15,83,1394,19.071786880493164,11.594261328392031,0.001,2.9782297611236572
7584,15,84,1443,23.42477798461914,11.79518865952669,0.001,2.6488072872161865
7585,15,85,1506,14.520989418029785,11.810876958470569,0.001,2.910478115081787
7586,15,86,1519,29.16522979736328,12.033175799525075,0.001,3.7690160274505615
7587,15,87,2055,13.262096405029297,12.053446716093505,0.001,3.0040340423583984
7588,15,88,1617,15.23316478729248,12.103280545325923,0.001,2.875401496887207
7589,15,89,1616,10.454094886779785,12.082998047646122,0.001,3.047006368637085
7590,15,90,1576,9.03968334197998,12.065947613050854,0.001,2.9762375354766846
7591,15,91,1473,12.30517578125,12.067714608228552,0.001,3.729729652404785
7592,15,92,1879,14.881186485290527,12.091764140259684,0.001,3.052793025970459
7593,15,93,1383,7.608851909637451,12.053826921669296,0.001,2.974381685256958
7594,15,94,1679,10.726777076721191,12.042635600941672,0.001,2.9300434589385986
7595,15,95,2080,17.832599639892578,12.131141322401211,0.001,3.0460941791534424
7596,15,96,1693,14.796574592590332,12.170885408764242,0.001,3.875906229019165
7597,15,97,1442,14.55976676940918,12.189643245209586,0.001,3.152911424636841
7598,15,98,1113,11.076813697814941,12.173376567134582,0.001,2.954122304916382
7599,15,99,2064,6.117319583892822,12.106914559850768,0.001,3.1653237342834473
7600,15,100,1088,10.10420036315918,12.08586298386548,0.001,3.5972437858581543
7601,15,101,1756,11.227663040161133,12.0768955422071,0.001,3.003178119659424
7602,15,102,1118,9.421883583068848,12.049092942368578,0.001,3.0650746822357178
7603,15,103,1495,9.377331733703613,12.021166908749374,0.001,2.9847631454467773
7604,15,104,1173,8.217037200927734,12.002307706412092,0.001,3.0126211643218994
7605,15,105,1823,9.012002944946289,11.960684828590285,0.001,3.6104328632354736
7606,15,106,1839,5.9668755531311035,11.932270417571821,0.001,3.0528509616851807
7607,15,107,1938,8.232942581176758,11.915086189851975,0.001,3.0934948921203613
7608,15,108,1676,11.553632736206055,11.910242388506044,0.001,2.961737871170044
7609,15,109,1453,22.411123275756836,11.956496518109978,0.001,3.001378059387207
7610,15,110,1862,7.38975715637207,11.93497645247412,0.001,4.084171295166016
7611,15,111,1342,13.736166000366211,11.952286070611,0.001,3.0541365146636963
7612,15,112,1482,7.208540439605713,11.930544946107407,0.001,2.759117364883423
7613,15,113,2113,10.89988899230957,11.920465595290004,0.001,2.8642024993896484
7614,15,114,1502,8.432546615600586,11.875527913004909,0.001,3.4259300231933594
7615,15,115,2147,13.795134544372559,11.899756119315146,0.001,3.244753360748291
7616,15,116,1196,7.59593391418457,11.88214720084363,0.001,2.9717280864715576
7617,15,117,1514,11.296041488647461,11.879564471226406,0.001,3.0506742000579834
7618,15,118,1675,11.530288696289062,11.877278582988765,0.001,3.1103808879852295
7619,15,119,1259,6.511415481567383,11.842731619125994,0.001,3.8816583156585693
7620,15,120,1523,14.112870216369629,11.852661268900096,0.001,3.125932216644287
7621,15,121,1105,11.76420783996582,11.85226147964529,0.001,3.0511984825134277
7622,15,122,1460,17.303627014160156,11.887703926623837,0.001,3.0551295280456543
7623,15,123,1122,5.790343284606934,11.847860810404882,0.001,3.026047945022583
7624,15,124,1274,11.596686363220215,11.845663195903391,0.001,3.742799758911133
7625,15,125,1797,15.842805862426758,11.862935038711239,0.001,3.156634569168091
7626,15,126,2172,16.277103424072266,11.902466427273948,0.001,2.965628147125244
7627,15,127,2174,29.811742782592773,12.104659720123674,0.001,2.991361141204834
7628,15,128,1370,27.459850311279297,12.238144832734513,0.001,3.225813627243042
7629,15,129,1488,17.543245315551758,12.294935065300317,0.001,3.1624372005462646
7630,15,130,1838,6.364867210388184,12.2455798600954,0.001,2.85166072845459
7631,15,131,1393,16.9412784576416,12.285244923778134,0.001,3.0646920204162598
7632,15,132,1706,12.880232810974121,12.290180752019706,0.001,2.9522712230682373
7633,15,133,177,7.059726238250732,12.247578106305294,0.001,3.723262071609497
7634,15,134,1700,16.460712432861328,12.273641298513693,0.001,2.964552402496338
7635,15,135,2060,29.287221908569336,12.412940328050645,0.001,3.011122226715088
7636,15,136,2117,20.067806243896484,12.473291232461381,0.001,3.0698962211608887
7637,15,137,1809,19.099040985107422,12.54258707478066,0.001,2.9773879051208496
7638,15,138,2221,19.047304153442383,12.595154865164911,0.001,3.567167043685913
7639,15,139,1888,18.117528915405273,12.652023589766214,0.001,3.0033435821533203
7640,15,140,1921,8.291313171386719,12.618127295377668,0.001,2.969078779220581
7641,15,141,1480,11.67900276184082,12.614711232326973,0.001,2.9073846340179443
7642,15,142,1117,17.636566162109375,12.654076542342496,0.001,3.011291027069092
7643,15,143,1682,18.61724090576172,12.699510998872974,0.001,3.5400471687316895
7644,15,144,1081,15.700567245483398,12.722298221340086,0.001,3.0210509300231934
7645,15,145,1690,8.899019241333008,12.708436066636315,0.001,2.959505081176758
7646,15,146,1151,9.628570556640625,12.692515293395633,0.001,2.9725253582000732
7647,15,147,2325,5.274146556854248,12.637052585902254,0.001,3.833528518676758
7648,15,148,2140,7.574608325958252,12.619903967885069,0.001,3.200941801071167
7649,15,149,1762,8.223700523376465,12.58755151981387,0.001,2.9321131706237793
7650,15,150,1692,7.459047317504883,12.537752906782032,0.001,3.131281852722168
7651,15,151,2073,5.712418556213379,12.51503193894483,0.001,3.0441079139709473
7652,15,152,1714,11.285645484924316,12.506363770358366,0.001,3.7361700534820557
7653,15,153,1571,8.078740119934082,12.464221042632005,0.001,2.912116050720215
7654,15,154,2377,12.052704811096191,12.461306241142054,0.001,2.9872963428497314
7655,15,155,1262,8.297884941101074,12.447462703495793,0.001,3.1062357425689697
7656,15,156,2270,6.2791337966918945,12.389089409805772,0.001,2.9704430103302
7657,15,157,190,11.080794334411621,12.37666611493578,0.001,3.5274667739868164
7658,15,158,1540,12.141265869140625,12.375883420501502,0.001,3.0544846057891846
7659,15,159,1791,7.066964149475098,12.350121640934828,0.001,2.844550609588623
7660,15,160,1642,6.986212730407715,12.313900978263968,0.001,2.980494260787964
7661,15,161,2099,9.491450309753418,12.300095442997808,0.001,2.951488494873047
7662,15,162,2152,19.480287551879883,12.348237297824431,0.001,3.420071840286255
7663,15,163,1527,25.33727264404297,12.43506119435024,0.001,2.9068386554718018
7664,15,164,1585,12.637038230895996,12.436834617159086,0.001,3.126668930053711
7665,15,165,2298,7.927096843719482,12.422915157052163,0.001,3.044525146484375
7666,15,166,1089,12.766366004943848,12.425927922562813,0.001,3.0618398189544678
7667,15,167,1549,10.648175239562988,12.417363143937441,0.001,3.901996612548828
7668,15,168,1503,12.341203689575195,12.417035821972418,0.001,3.0487048625946045
7669,15,169,1900,23.036312103271484,12.450766606124317,0.001,3.011960506439209
7670,15,170,1554,10.91497802734375,12.445959247020129,0.001,3.124640464782715
7671,15,171,1434,14.727608680725098,12.460158596069428,0.001,3.7757396697998047
7672,15,172,1777,8.21118450164795,12.433336019873611,0.001,2.9611330032348633
7673,15,173,1845,7.286784648895264,12.418574075699906,0.001,2.88759708404541
7674,15,174,1092,15.053415298461914,12.440864006608587,0.001,3.1706552505493164
7675,15,175,2435,6.709698677062988,12.423110017799175,0.001,2.887289047241211
7676,15,176,2191,13.051573753356934,12.425993748710463,0.001,4.364957332611084
7677,15,177,2399,6.412781238555908,12.409909987061141,0.001,3.0588507652282715
7678,15,178,1317,10.186230659484863,12.403305052719585,0.001,3.0245485305786133
7679,15,179,2071,16.184101104736328,12.419980555546736,0.001,2.9251091480255127
7680,15,180,2462,9.167267799377441,12.392860146466145,0.001,3.1800007820129395
7681,15,181,1302,21.6342716217041,12.463449875267091,0.001,3.6028518676757812
7682,15,182,2278,19.83113670349121,12.508969431887213,0.001,2.882568597793579
7683,15,183,2000,10.71070671081543,12.503835227438746,0.001,3.0605874061584473
7684,15,184,1858,10.950713157653809,12.494569849375429,0.001,3.4235424995422363
7685,15,185,1821,9.213641166687012,12.485202360148476,0.001,3.5351481437683105
7686,15,186,2294,13.1238374710083,12.486967260165263,0.001,2.9482767581939697
7687,15,187,1439,14.708910942077637,12.504366123310932,0.001,3.045285940170288
7688,15,188,2249,15.02088737487793,12.519545284129675,0.001,2.9250683784484863
7689,15,189,1896,7.066836357116699,12.487706712080724,0.001,3.049602508544922
7690,15,190,2101,12.9258451461792,12.491144527124085,0.001,3.6269798278808594
7691,15,191,1878,10.919876098632812,12.484703461397443,0.001,3.092803716659546
7692,15,192,1636,6.34287691116333,12.437366202231283,0.001,2.9189870357513428
7693,15,193,2340,13.013233184814453,12.440594804871608,0.001,2.97392201423645
7694,15,194,2335,12.62185001373291,12.441100912073512,0.001,2.9094011783599854
7695,15,195,2293,13.913348197937012,12.44966714247828,0.001,3.63871169090271
7696,15,196,1360,6.683224678039551,12.434549986176496,0.001,3.178464651107788
7697,15,197,1326,6.644898414611816,12.419192989831283,0.001,2.977449417114258
7698,15,198,2149,11.90715217590332,12.41627200015567,0.001,3.007549285888672
7699,15,199,1828,10.209871292114258,12.399500576255987,0.001,4.022013902664185
7700,15,200,178,10.473658561706543,12.38907150050965,0.001,2.977747678756714
7701,15,201,2241,10.107190132141113,12.372102866992792,0.001,2.9589993953704834
7702,15,202,1569,24.924619674682617,12.441292974052113,0.001,3.0391268730163574
7703,15,203,1493,11.234376907348633,12.432522122443228,0.001,3.0613622665405273
7704,15,204,2223,10.010488510131836,12.414971735919508,0.001,3.639418601989746
7705,15,205,2432,6.230836868286133,12.398942885629937,0.001,3.083601951599121
7706,15,206,2225,13.324271202087402,12.405525010534447,0.001,3.1073532104492188
7707,15,207,2449,12.104374885559082,12.403922465948442,0.001,2.9396872520446777
7708,15,208,2510,9.764689445495605,12.385499661339834,0.001,3.205089807510376
7709,15,209,1182,6.734014987945557,12.355570188587976,0.001,3.2222952842712402
7710,15,210,1516,13.984525680541992,12.36402387352923,0.001,2.9811644554138184
7711,15,211,1648,7.156001091003418,12.344707802669516,0.001,2.9438648223876953
7712,15,212,2070,10.133788108825684,12.32950176873471,0.001,3.2318172454833984
7713,15,213,2181,10.765438079833984,12.325648009015822,0.001,2.9931657314300537
7714,15,214,1794,6.428073883056641,12.29590442122581,0.001,3.1236839294433594
7715,15,215,1174,11.319355964660645,12.29090438539231,0.001,2.8780674934387207
7716,15,216,1127,9.290277481079102,12.279780068489227,0.001,3.0305840969085693
7717,15,217,1399,15.51655387878418,12.301904593905983,0.001,2.9108400344848633
7718,15,218,2205,7.270287036895752,12.276190556494852,0.001,3.296921968460083
7719,15,219,1324,9.439753532409668,12.257471447320603,0.001,3.485123634338379
7720,15,220,2458,7.254630088806152,12.232705214943778,0.001,3.0887138843536377
7721,15,221,2522,13.959847450256348,12.241161040289516,0.001,3.2208666801452637
7722,15,222,256,11.386845588684082,12.238190903304172,0.001,2.8763585090637207
7723,15,223,1263,5.793265342712402,12.206645454825845,0.001,3.6409707069396973
7724,15,224,1311,6.828024864196777,12.171812480596943,0.001,2.978165864944458
7725,15,225,2219,9.110307693481445,12.165161133154587,0.001,3.061818838119507
7726,15,226,2378,21.771329879760742,12.212129136222014,0.001,3.077456474304199
7727,15,227,2427,18.709962844848633,12.242745989903135,0.001,2.8453314304351807
7728,15,228,2328,7.119666576385498,12.224978663133317,0.001,3.6508519649505615
7729,15,229,2460,10.861442565917969,12.221875744450552,0.001,3.137861490249634
7730,15,230,2098,15.451091766357422,12.23198703495304,0.001,3.05961537361145
7731,15,231,1441,13.479317665100098,12.234877990753908,0.001,3.1077699661254883
7732,15,232,2204,9.865151405334473,12.220161076616407,0.001,2.9754061698913574
7733,15,233,1925,8.908685684204102,12.21279488639713,0.001,3.7454841136932373
7734,15,234,2511,15.830506324768066,12.22509796001853,0.001,3.2342238426208496
7735,15,235,272,11.78257942199707,12.223607378814611,0.001,2.9113259315490723
7736,15,236,2523,16.33152198791504,12.249160288568037,0.001,2.9244306087493896
7737,15,237,2552,10.696916580200195,12.242033694438598,0.001,3.495285987854004
7738,15,238,1909,11.707544326782227,12.23879787300963,0.001,3.1806998252868652
7739,15,239,2590,14.008469581604004,12.244426949097702,0.001,2.9507150650024414
7740,15,240,2619,9.93692398071289,12.237516129300042,0.001,2.8838510513305664
7741,15,241,2144,8.885254859924316,12.230294321818025,0.001,2.912733793258667
7742,15,242,2392,7.421864032745361,12.214461834596188,0.001,3.633819103240967
7743,15,243,2196,8.413023948669434,12.207048389940411,0.001,2.9529788494110107
7744,15,244,1902,15.204998970031738,12.220638501458724,0.001,3.0607802867889404
7745,15,245,1363,22.747230529785156,12.26795714748239,0.001,3.028791904449463
7746,15,246,2413,7.454459190368652,12.246074681017445,0.001,2.960466146469116
7747,15,247,2095,11.885504722595215,12.243972153793516,0.001,3.643347978591919
7748,15,248,1768,17.392641067504883,12.254815292785903,0.001,2.8878402709960938
7749,15,249,2614,16.130796432495117,12.277490663342782,0.001,2.9815521240234375
7750,15,250,1543,7.106764793395996,12.266458572118312,0.001,3.1247241497039795
7751,15,251,1779,10.713361740112305,12.25739544390647,0.001,3.1695237159729004
7752,15,252,2722,18.36247444152832,12.269155970695406,0.001,3.4106550216674805
7753,15,253,1615,13.087323188781738,12.272649164876578,0.001,2.9665653705596924
7754,15,254,2564,9.86469554901123,12.262374253609542,0.001,2.9210779666900635
7755,15,255,32,11.090372085571289,12.255506203989848,0.001,2.9711971282958984
7756,15,256,1965,12.289387702941895,12.255701699853654,0.001,3.571009635925293
7757,15,257,1250,8.71144962310791,12.248558311086827,0.001,3.1483144760131836
7758,15,258,2563,7.387133598327637,12.233685916900681,0.001,3.297955274581909
7759,15,259,1769,9.117925643920898,12.215871867716666,0.001,2.9144814014434814
7760,15,260,2782,16.13365364074707,12.238153235456707,0.001,2.9693703651428223
7761,15,261,1812,17.003746032714844,12.265136347648545,0.001,3.6651668548583984
7762,15,262,29,9.499886512756348,12.253651238054122,0.001,3.067812919616699
7763,15,263,2692,7.9915947914123535,12.230054105923422,0.001,3.088792085647583
7764,15,264,2443,6.747002124786377,12.20753174238471,0.001,3.026142120361328
7765,15,265,1806,9.160440444946289,12.190770532615048,0.001,2.984058380126953
7766,15,266,2617,7.887453079223633,12.167424313945192,0.001,3.484891414642334
7767,15,267,2188,27.14153480529785,12.227999111835201,0.001,3.0552875995635986
7768,15,268,1440,9.747743606567383,12.21814058153614,0.001,2.919039487838745
7769,15,269,1126,8.963691711425781,12.200555472266492,0.001,2.97914719581604
7770,15,270,2499,10.537504196166992,12.195759357836868,0.001,2.983638286590576
7771,15,271,1087,15.551352500915527,12.2133685234576,0.001,3.3836309909820557
7772,15,272,1344,6.59415864944458,12.191139725050839,0.001,3.0980889797210693
7773,15,273,2387,33.51232147216797,12.251866558491118,0.001,3.09755802154541
7774,15,274,2075,8.535682678222656,12.241509246228446,0.001,2.9763412475585938
7775,15,275,1265,6.731855869293213,12.231080203783426,0.001,2.9937548637390137
7776,15,276,2537,9.546146392822266,12.220250126238334,0.001,3.5741682052612305
7777,15,277,2157,9.958758354187012,12.208416093810381,0.001,2.9839937686920166
7778,15,278,2008,15.25290584564209,12.21349682459676,0.001,3.2040746212005615
7779,15,279,2603,7.594449043273926,12.190086771232712,0.001,3.052255392074585
7780,15,280,1463,9.308403015136719,12.185435046885567,0.001,3.7521884441375732
7781,15,281,2864,7.53790807723999,12.17241594613476,0.001,3.1552846431732178
7782,15,282,1649,12.866401672363281,12.175105813290685,0.001,2.9451093673706055
7783,15,283,250,21.943695068359375,12.193107978428191,0.001,2.9841878414154053
7784,15,284,2593,7.067407608032227,12.172986943207649,0.001,3.0715460777282715
7785,15,285,1602,24.41049575805664,12.187778420954013,0.001,3.5389466285705566
7786,15,286,1343,11.566146850585938,12.186717132820013,0.001,2.9043684005737305
7787,15,287,37,13.507582664489746,12.193397500266913,0.001,3.064629316329956
7788,15,288,2425,17.505197525024414,12.213660712473573,0.001,3.0264861583709717
7789,15,289,28,7.888586044311523,12.205888305044741,0.001,2.977773427963257
7790,15,290,2533,6.686429023742676,12.190701541828064,0.001,3.825150966644287
7791,15,291,1532,6.051798343658447,12.160091898615836,0.001,3.1050093173980713
7792,15,292,2672,8.055697441101074,12.139480701200876,0.001,3.068044662475586
7793,15,293,1923,6.7470855712890625,12.11892037826945,0.001,3.040623903274536
7794,15,294,374,6.165490627288818,12.089629650903245,0.001,3.7858669757843018
7795,15,295,376,15.188081741333008,12.095178252845196,0.001,3.4497334957122803
7796,15,296,1717,8.37202262878418,12.08869932338906,0.001,2.9749999046325684
7797,15,297,1099,10.104094505310059,12.07893589767721,0.001,3.057133674621582
7798,15,298,274,12.00980281829834,12.078686513881092,0.001,2.9415948390960693
7799,15,299,1132,9.149088859558105,12.067820255375299,0.001,3.5557711124420166
7800,15,300,2911,24.070510864257812,12.087124198015982,0.001,3.034496545791626
7801,15,301,2930,7.854770660400391,12.07995036025352,0.001,3.11039137840271
7802,15,302,1355,8.698869705200195,12.067623118579315,0.001,3.0725438594818115
7803,15,303,1548,11.837592124938965,12.066824021894163,0.001,3.1864964962005615
7804,15,304,2272,10.169724464416504,12.059998084152292,0.001,3.4413914680480957
7805,15,305,2583,9.471091270446777,12.050636252888992,0.001,2.992095947265625
7806,15,306,2197,12.713335037231445,12.052991071179957,0.001,3.0254781246185303
7807,15,307,1844,18.29615020751953,12.06243003046843,0.001,3.0710482597351074
7808,15,308,1570,18.25782585144043,12.0730627973519,0.001,3.6965982913970947
7809,15,309,2233,11.380748748779297,12.07131218037845,0.001,3.033512592315674
7810,15,310,2673,15.346160888671875,12.083093050394996,0.001,3.102588653564453
7811,15,311,1120,10.520681381225586,12.079337019702606,0.001,2.8885364532470703
7812,15,312,1153,10.76855182647705,12.073139216472926,0.001,3.180213689804077
7813,15,313,2832,13.290802955627441,12.078553335165259,0.001,3.7128567695617676
7814,15,314,2793,9.41629409790039,12.065971759980199,0.001,3.0557308197021484
7815,15,315,382,8.619460105895996,12.060421778606212,0.001,2.958341598510742
7816,15,316,1373,9.967938423156738,12.054716433767032,0.001,2.9355053901672363
7817,15,317,1568,10.926733016967773,12.050842465760827,0.001,3.0118517875671387
7818,15,318,1766,28.4664306640625,12.07010371801433,0.001,3.5405080318450928
7819,15,319,2051,12.035712242126465,12.069984597458053,0.001,2.9438138008117676
7820,15,320,1097,8.156076431274414,12.063755918436332,0.001,3.0286710262298584
7821,15,321,403,6.711954116821289,12.050778414397767,0.001,2.9161503314971924
7822,15,322,2534,7.143918991088867,12.042677867470035,0.001,3.297003746032715
7823,15,323,2166,13.496713638305664,12.046206004190111,0.001,3.4083611965179443
7824,15,324,1161,6.259366989135742,12.03736229116331,0.001,2.8612425327301025
7825,15,325,2758,7.993807792663574,12.02368366506508,0.001,2.682992935180664
7826,15,326,2192,28.558435440063477,12.04609276404074,0.001,2.8468477725982666
7827,15,327,1814,9.091328620910645,12.036241765224858,0.001,2.9353833198547363
7828,15,328,1368,5.962734222412109,12.021304191825273,0.001,3.0945067405700684
7829,15,329,1155,9.433485984802246,12.017080993641299,0.001,2.703238010406494
7830,15,330,408,7.86448335647583,12.007212494065595,0.001,2.791778087615967
7831,15,331,446,8.547175407409668,11.99571509786048,0.001,2.772761344909668
7832,15,332,2243,6.572410583496094,11.971556726706202,0.001,3.0752756595611572
7833,15,333,2543,12.49413013458252,11.973304392535827,0.001,3.170914888381958
7834,15,334,1627,16.39018440246582,11.988055210787024,0.001,2.812868356704712
7835,15,335,434,18.906902313232422,11.997921980438452,0.001,2.694706439971924
7836,15,336,459,7.184134483337402,11.990411313357143,0.001,2.860002279281616
7837,15,337,2347,7.381477355957031,11.97526786553603,0.001,2.7544095516204834
7838,15,338,490,11.848403930664062,11.97506530804088,0.001,3.414727210998535
7839,15,339,2595,7.14483118057251,11.967577361536161,0.001,2.7935032844543457
7840,15,340,1264,10.198582649230957,11.964764989875707,0.001,2.819685220718384
7841,15,341,340,8.190519332885742,11.952411511251624,0.001,3.038210391998291
7842,15,342,2923,12.223405838012695,11.953023021361078,0.001,2.7775557041168213
7843,15,343,407,9.584786415100098,11.945333467651565,0.001,3.457245111465454
7844,15,344,2906,8.419079780578613,11.933959041427553,0.001,3.098299741744995
7845,15,345,400,9.032806396484375,11.927962482136742,0.001,2.973043441772461
7846,15,346,367,17.847623825073242,11.941416173216501,0.001,3.109466075897217
7847,15,347,432,20.403263092041016,11.968082246900849,0.001,3.292250156402588
7848,15,348,1556,8.172908782958984,11.955875976042533,0.001,4.103862285614014
7849,15,349,2505,6.013987064361572,11.946629756552843,0.001,3.0161490440368652
7850,15,350,471,9.045027732849121,11.934435280822935,0.001,2.9823784828186035
7851,15,351,518,15.45072078704834,11.939782133354027,0.001,2.8855438232421875
7852,15,352,405,8.619540214538574,11.932088435807936,0.001,3.667543649673462
7853,15,353,2929,17.93712615966797,11.951088081365796,0.001,3.0474767684936523
7854,15,354,1541,5.997748374938965,11.94294184659861,0.001,2.9350409507751465
7855,15,355,2547,29.207792282104492,11.997441356905853,0.001,3.0493764877319336
7856,15,356,254,17.25950813293457,12.019321875349263,0.001,2.9294066429138184
7857,15,357,2763,18.20887565612793,12.028479267483188,0.001,3.7443771362304688
7858,15,358,2067,22.1640567779541,12.051618887525427,0.001,3.075057029724121
7859,15,359,2448,8.224905014038086,12.03584854536133,0.001,3.1264383792877197
7860,15,360,377,9.004751205444336,12.029129786186267,0.001,2.966488838195801
7861,15,361,2927,41.24899673461914,12.066501225742208,0.001,2.938575029373169
7862,15,362,1109,18.178903579711914,12.090776951258208,0.001,3.5998623371124268
7863,15,363,2901,20.564050674438477,12.109840679355564,0.001,3.093224048614502
7864,15,364,1819,15.31251049041748,12.114567684727387,0.001,2.957634925842285
7865,15,365,455,23.08913230895996,12.126871883600998,0.001,3.1421573162078857
7866,15,366,350,8.03703784942627,12.11426262703746,0.001,3.752197742462158
7867,15,367,1686,7.090926170349121,12.093879072056698,0.001,3.0265278816223145
7868,15,368,1361,20.591398239135742,12.106191344991677,0.001,2.8851280212402344
7869,15,369,2349,8.54444408416748,12.091871811685332,0.001,3.3551957607269287
7870,15,370,685,9.0172758102417,12.082702649470832,0.001,3.0658645629882812
7871,15,371,342,8.993937492370605,12.070104832306276,0.001,3.781672954559326
7872,15,372,2452,10.3401460647583,12.064912577307247,0.001,3.0820765495300293
7873,15,373,74,7.257462501525879,12.0581426879578,0.001,2.905510425567627
7874,15,374,719,13.967791557312012,12.06575474389001,0.001,3.218999147415161
7875,15,375,1457,6.1143670082092285,12.042381967251561,0.001,3.0547831058502197
7876,15,376,2013,9.62606430053711,12.039020873879986,0.001,3.3365395069122314
7877,15,377,2398,13.924583435058594,12.046389922674438,0.001,3.0816547870635986
7878,15,378,2401,9.555615425109863,12.03894032322828,0.001,2.956688642501831
7879,15,379,2216,6.854695796966553,12.032418585353366,0.001,2.8942105770111084
7880,15,380,705,8.241215705871582,12.01735097899101,0.001,3.073960304260254
7881,15,381,469,11.072017669677734,12.013679423789066,0.001,3.404668092727661
7882,15,382,2040,7.6033935546875,11.99634182800048,0.001,2.9280812740325928
7883,15,383,2479,6.336055755615234,11.980454464366904,0.001,3.04825496673584
7884,15,384,1586,9.483023643493652,11.970750607749398,0.001,2.9990692138671875
7885,15,385,94,16.247787475585938,11.986235852083738,0.001,3.6694438457489014
7886,15,386,717,15.386096000671387,11.99924172376094,0.001,2.910245418548584
7887,15,387,368,8.535944938659668,11.988997902604849,0.001,3.0165598392486572
7888,15,388,1735,6.115922451019287,11.98093074867456,0.001,3.094949960708618
7889,15,389,759,7.858859062194824,11.96930424298951,0.001,2.8614556789398193
7890,15,390,1802,10.45986557006836,11.96503250652292,0.001,3.5197510719299316
7891,15,391,693,5.4169464111328125,11.940202358840907,0.001,2.9323813915252686
7892,15,392,616,8.75448226928711,11.92833522855937,0.001,3.0709404945373535
7893,15,393,1395,6.7161545753479,11.921230140057347,0.001,2.9377126693725586
7894,15,394,2610,9.460222244262695,11.91792624210147,0.001,3.0177531242370605
7895,15,395,2455,8.754473686218262,11.913600794169374,0.001,3.53922700881958
7896,15,396,2596,6.566493034362793,11.902902779745931,0.001,3.001013994216919
7897,15,397,1470,7.059535980224609,11.88971286535388,0.001,2.965782880783081
7898,15,398,1945,5.94528341293335,11.867613927422923,0.001,3.0507521629333496
7899,15,399,913,7.982961177825928,11.85993122636942,0.001,3.0588412284851074
7900,15,400,2007,13.629937171936035,11.864810818443308,0.001,4.036328077316284
7901,15,401,686,7.591022491455078,11.852738873599078,0.001,2.9713475704193115
7902,15,402,2050,6.769818305969238,11.842906541111098,0.001,3.009509801864624
7903,15,403,453,9.552138328552246,11.838439935707175,0.001,3.1736040115356445
7904,15,404,2789,12.286046981811523,11.839664696117222,0.001,3.519146680831909
7905,15,405,2464,16.952150344848633,11.846485502136067,0.001,2.9419312477111816
7906,15,406,808,13.073402404785156,11.849813147776707,0.001,3.2842440605163574
7907,15,407,2669,9.03974437713623,11.846109191638892,0.001,3.094620943069458
7908,15,408,1914,5.948573112487793,11.838453494374493,0.001,3.0628302097320557
7909,15,409,811,7.770744800567627,11.833563042096614,0.001,3.4145336151123047
7910,15,410,1313,9.433493614196777,11.825240260442769,0.001,3.006722927093506
7911,15,411,98,6.020749568939209,11.804203097628886,0.001,3.0011651515960693
7912,15,412,2720,7.0437750816345215,11.798537866075321,0.001,2.893345594406128
7913,15,413,1346,11.219307899475098,11.796532343337054,0.001,3.0094120502471924
7914,15,414,1903,6.281460285186768,11.786115306773839,0.001,3.557823419570923
7915,15,415,468,8.731858253479004,11.775314473096687,0.001,3.1202449798583984
7916,15,416,954,10.008155822753906,11.773066500225367,0.001,3.015707015991211
7917,15,417,1098,7.98880672454834,11.765777799125521,0.001,3.067089080810547
7918,15,418,920,6.468351364135742,11.74673484260691,0.001,3.1618731021881104
7919,15,419,461,7.356733322143555,11.731356649713538,0.001,3.2710797786712646
7920,15,420,2909,9.270798683166504,11.724793646472168,0.001,2.90844464302063
7921,15,421,507,40.40810012817383,11.749935132845376,0.001,2.9990715980529785
7922,15,422,372,8.911264419555664,11.746803813360966,0.001,2.8877360820770264
7923,15,423,2476,6.904682636260986,11.740703585094707,0.001,3.1849355697631836
7924,15,424,2498,14.804109573364258,11.746446911944265,0.001,3.177274227142334
7925,15,425,2343,8.220963478088379,11.73991925783309,0.001,2.9620559215545654
7926,15,426,861,6.101917266845703,11.729355387367184,0.001,3.249629497528076
7927,15,427,77,10.455901145935059,11.725985475422311,0.001,3.0186119079589844
7928,15,428,819,11.848587036132812,11.726306565977453,0.001,3.6505298614501953
7929,15,429,1817,10.096449851989746,11.724352490193716,0.001,2.893383026123047
7930,15,430,788,11.115262031555176,11.722239454947886,0.001,3.1783783435821533
7931,15,431,778,8.104450225830078,11.712953143219487,0.001,3.1126859188079834
7932,15,432,864,16.919361114501953,11.719018928340043,0.001,2.956956624984741
7933,15,433,514,8.163043022155762,11.71237446030277,0.001,3.7517027854919434
7934,15,434,521,7.86299991607666,11.707673774372747,0.001,2.995990753173828
7935,15,435,1083,9.782286643981934,11.701244063740166,0.001,3.113734006881714
7936,15,436,2845,9.033329963684082,11.692151648072821,0.001,2.94114351272583
7937,15,437,2706,10.70142650604248,11.69100578788131,0.001,3.107964277267456
7938,15,438,1951,6.79378604888916,11.67849721452686,0.001,3.5852415561676025
7939,15,439,2535,6.910697937011719,11.672718910119178,0.001,2.9607656002044678
7940,15,440,2668,9.305639266967773,11.666636974412771,0.001,3.053313970565796
7941,15,441,264,8.143994331359863,11.6576538758259,0.001,2.985647439956665
7942,15,442,448,8.232162475585938,11.648796139834923,0.001,4.3518290519714355
7943,15,443,388,8.653704643249512,11.645346016049084,0.001,5.0667078495025635
7944,15,444,873,9.006598472595215,11.642558442537265,0.001,5.206806898117065
7945,15,445,2235,9.006239891052246,11.633757904956814,0.001,4.879483699798584
7946,15,446,2282,11.672873497009277,11.633804548001892,0.001,3.288879156112671
7947,15,447,1699,8.844857215881348,11.628937901528708,0.001,2.944007635116577
7948,15,448,2529,7.751537322998047,11.61902182251784,0.001,3.1132590770721436
7949,15,449,337,10.906018257141113,11.617872217242839,0.001,2.9625861644744873
7950,15,450,1090,6.977264404296875,11.609728784942554,0.001,4.250108003616333
7951,15,451,1397,9.979436874389648,11.604269087346449,0.001,2.9573488235473633
7952,15,452,2297,10.745582580566406,11.602096283786276,0.001,2.9543275833129883
7953,15,453,695,8.2985258102417,11.593864871564683,0.001,2.92946195602417
7954,15,454,2874,7.730847358703613,11.584536407871365,0.001,3.5906612873077393
7955,15,455,488,9.383472442626953,11.577399076505385,0.001,2.938319683074951
7956,15,456,1751,10.99334716796875,11.576373854641872,0.001,2.973491668701172
7957,15,457,2548,8.682817459106445,11.569410416669816,0.001,3.147827386856079
7958,15,458,1580,16.944414138793945,11.578766104299897,0.001,3.005711317062378
7959,15,459,38,6.9661102294921875,11.570672987847352,0.001,3.939822196960449
7960,15,460,2750,10.549867630004883,11.569499287962962,0.001,3.0344090461730957
7961,15,461,834,6.502627372741699,11.553128611585278,0.001,3.091346025466919
7962,15,462,2436,12.663568496704102,11.55442080090303,0.001,3.073277711868286
7963,15,463,694,8.374338150024414,11.544189027925915,0.001,3.2833545207977295
7964,15,464,65,7.099183082580566,11.538961352781802,0.001,3.2559244632720947
7965,15,465,916,6.2437615394592285,11.532776682694232,0.001,2.9913384914398193
7966,15,466,64,10.67029094696045,11.531774547137143,0.001,3.043975353240967
7967,15,467,2580,12.73776912689209,11.535548301873954,0.001,3.0599112510681152
7968,15,468,68,11.514759063720703,11.535512015895318,0.001,3.5959982872009277
7969,15,469,1737,11.603602409362793,11.535722961621845,0.001,3.221412420272827
7970,15,470,2229,13.325248718261719,11.538359240321862,0.001,3.0340616703033447
7971,15,471,273,8.601318359375,11.531308310603608,0.001,2.9517221450805664
7972,15,472,863,20.85529136657715,11.553595574398242,0.001,3.1155664920806885
7973,15,473,1846,8.751420021057129,11.547016932327603,0.001,4.199852466583252
7974,15,474,1111,15.605728149414062,11.556576614228495,0.001,3.070516347885132
7975,15,475,803,11.771639823913574,11.556811904620849,0.001,2.9992871284484863
7976,15,476,2767,12.388945579528809,11.558798406268814,0.001,3.021684169769287
7977,15,477,710,9.422545433044434,11.553807206813342,0.001,3.2691526412963867
7978,15,478,827,15.799199104309082,11.559724216472544,0.001,3.4308857917785645
7979,15,479,2585,7.096124649047852,11.549479548352888,0.001,2.9679183959960938
7980,15,480,2588,6.953348159790039,11.53501678168141,0.001,3.4853644371032715
7981,15,481,390,6.419865131378174,11.526724148270686,0.001,3.02048921585083
7982,15,482,1093,7.600340843200684,11.514792822424093,0.001,3.718834638595581
7983,15,483,344,6.750007152557373,11.509515326993595,0.001,2.958772659301758
7984,15,484,2274,8.599912643432617,11.50290794089627,0.001,3.1189849376678467
7985,15,485,1149,12.165733337402344,11.504452773395574,0.001,3.0198216438293457
7986,15,486,2422,6.822861194610596,11.499305971824425,0.001,2.9411909580230713
7987,15,487,852,12.875977516174316,11.502440953387861,0.001,3.692924737930298
7988,15,488,60,8.304190635681152,11.497207987871219,0.001,2.8662798404693604
7989,15,489,2834,5.2998785972595215,11.478210108177581,0.001,3.241623878479004
7990,15,490,773,7.622143745422363,11.469399229634744,0.001,2.9573488235473633
7991,15,491,2513,6.405936241149902,11.463925445741564,0.001,3.3807387351989746
7992,15,492,972,5.541249752044678,11.450689549798154,0.001,3.3601901531219482
7993,15,493,522,8.221264839172363,11.440879111769954,0.001,2.9896697998046875
7994,15,494,2694,7.425636291503906,11.43657360293018,0.001,2.9737548828125
7995,15,495,851,10.29536247253418,11.43305278665608,0.001,2.9962732791900635
7996,15,496,2775,12.799983024597168,11.436095250189839,0.001,3.8751790523529053
7997,15,497,523,15.28754997253418,11.447750866631624,0.001,2.8863871097564697
7998,15,498,392,12.463611602783203,11.450760098145865,0.001,2.8544998168945312
7999,15,499,814,9.418846130371094,11.44853322269307,0.001,2.977782964706421
8000,16,0,2251,6.975551128387451,6.975551128387451,0.001,2.9420864582061768
8001,16,1,325,13.977972984313965,11.015235853349257,0.001,3.0015981197357178
8002,16,2,2660,13.220540046691895,11.96482916850305,0.001,4.351459264755249
8003,16,3,56,9.842778205871582,11.438794257813376,0.001,3.028532028198242
8004,16,4,1918,6.223391532897949,10.140838447928225,0.001,2.9374873638153076
8005,16,5,1807,27.219900131225586,13.502044551807808,0.001,2.983797311782837
8006,16,6,961,7.210796356201172,12.4601859800769,0.001,3.7633655071258545
8007,16,7,1484,6.136710166931152,11.752557527756794,0.001,3.210880994796753
8008,16,8,73,22.901758193969727,12.318217669018017,0.001,2.987290143966675
8009,16,9,441,6.603389263153076,11.775069055781252,0.001,2.946211576461792
8010,16,10,2450,7.688445568084717,11.42591061432662,0.001,2.950140953063965
8011,16,11,981,10.54296875,11.355047144402903,0.001,3.345677375793457
8012,16,12,2327,7.336897373199463,11.141448747931353,0.001,3.048365831375122
8013,16,13,1372,6.837165355682373,10.839426462325799,0.001,3.069096803665161
8014,16,14,2203,9.475910186767578,10.721981299319848,0.001,2.826129198074341
8015,16,15,1128,8.886950492858887,10.610790794526183,0.001,3.07793927192688
8016,16,16,1772,5.297917366027832,10.20832300568818,0.001,4.123629331588745
8017,16,17,2601,14.01626205444336,10.46838953902014,0.001,2.9479894638061523
8018,16,18,1530,14.185637474060059,10.70972396588085,0.001,3.0068001747131348
8019,16,19,2184,22.073410034179688,11.095427190732241,0.001,2.9510412216186523
8020,16,20,2538,6.682042598724365,10.998437206638304,0.001,3.432713747024536
8021,16,21,436,16.120702743530273,11.158814890393044,0.001,3.166799545288086
8022,16,22,915,11.283574104309082,11.161318567387248,0.001,2.9413065910339355
8023,16,23,919,14.764656066894531,11.362765157915417,0.001,2.872764825820923
8024,16,24,832,9.414432525634766,11.261684871203121,0.001,2.9690840244293213
8025,16,25,2202,8.645549774169922,11.131130539487625,0.001,3.6504015922546387
8026,16,26,601,16.525503158569336,11.385704826592173,0.001,3.085692882537842
8027,16,27,496,18.608959197998047,11.622589447434722,0.001,2.9908788204193115
8028,16,28,519,7.1749186515808105,11.427465877886569,0.001,3.0024516582489014
8029,16,29,2066,6.236267566680908,11.211385772958076,0.001,3.093109369277954
8030,16,30,2546,7.525364875793457,11.100079179006617,0.001,3.7224035263061523
8031,16,31,774,7.780869960784912,11.00191043480298,0.001,3.1043169498443604
8032,16,32,727,11.904217720031738,11.014253016341774,0.001,2.853398323059082
8033,16,33,1626,9.516129493713379,10.994416371590932,0.001,2.915663719177246
8034,16,34,991,11.668489456176758,11.003325226203415,0.001,2.934079885482788
8035,16,35,956,8.040358543395996,10.895697737229169,0.001,3.7383413314819336
8036,16,36,2871,7.685416221618652,10.783379374127495,0.001,3.0222959518432617
8037,16,37,1365,7.698354244232178,10.744991559974808,0.001,2.9494550228118896
8038,16,38,707,9.165677070617676,10.726848437992432,0.001,3.0930514335632324
8039,16,39,378,11.658683776855469,10.757805562022993,0.001,3.5463292598724365
8040,16,40,607,7.945876598358154,10.726115759103777,0.001,3.4091389179229736
8041,16,41,721,9.10930347442627,10.698626269708866,0.001,2.9878644943237305
8042,16,42,2613,9.666802406311035,10.674542188161523,0.001,3.0238513946533203
8043,16,43,266,11.378812789916992,10.696094322499789,0.001,2.8578948974609375
8044,16,44,361,9.10055160522461,10.651007144433613,0.001,3.3864715099334717
8045,16,45,2482,8.915888786315918,10.600523283702406,0.001,3.0061631202697754
8046,16,46,2784,10.659887313842773,10.602193548681463,0.001,3.010920524597168
8047,16,47,363,7.209744453430176,10.568747117147867,0.001,3.0196609497070312
8048,16,48,771,7.967510223388672,10.516052936779033,0.001,2.907102584838867
8049,16,49,1596,12.170181274414062,10.539247547992842,0.001,3.676266670227051
8050,16,50,2652,6.217502593994141,10.498999250872853,0.001,3.1227433681488037
8051,16,51,447,6.207427501678467,10.458207222589346,0.001,3.0303142070770264
8052,16,52,789,10.380743026733398,10.456714068875137,0.001,3.015974998474121
8053,16,53,962,9.402746200561523,10.44223234175133,0.001,3.3503942489624023
8054,16,54,1577,9.815170288085938,10.43055001080884,0.001,3.693737745285034
8055,16,55,2034,6.790115833282471,10.343193698239995,0.001,3.11670184135437
8056,16,56,2584,8.097274780273438,10.289951834376254,0.001,3.135131359100342
8057,16,57,1310,7.1487135887146,10.216598239987334,0.001,3.1826937198638916
8058,16,58,383,10.291250228881836,10.21824101822023,0.001,3.898521661758423
8059,16,59,1339,9.395914077758789,10.211520183156164,0.001,2.998018980026245
8060,16,60,2654,10.279098510742188,10.21301518512736,0.001,2.854365587234497
8061,16,61,481,6.574153900146484,10.153897040768133,0.001,2.940937042236328
8062,16,62,914,11.21218204498291,10.170764286325042,0.001,2.983861207962036
8063,16,63,989,6.502155303955078,10.113130929941905,0.001,4.012845277786255
8064,16,64,2163,7.689590930938721,10.074593834114024,0.001,2.9134774208068848
8065,16,65,492,12.725032806396484,10.128337689356618,0.001,3.107455253601074
8066,16,66,2569,11.456842422485352,10.14254826144781,0.001,2.9439504146575928
8067,16,67,1551,8.816890716552734,10.12261586591436,0.001,2.913027048110962
8068,16,68,2794,4.201043128967285,10.080694816687854,0.001,3.4807140827178955
8069,16,69,986,21.55828094482422,10.249573516902325,0.001,3.012324571609497
8070,16,70,2565,9.322772026062012,10.243124127000717,0.001,3.0588035583496094
8071,16,71,2682,7.23421573638916,10.185780017766259,0.001,2.937347173690796
8072,16,72,699,8.737370491027832,10.165956192107418,0.001,3.2602035999298096
8073,16,73,2502,6.000041484832764,10.089404706520007,0.001,3.42948579788208
8074,16,74,2406,10.149627685546875,10.09049115479581,0.001,3.005235195159912
8075,16,75,801,5.2909135818481445,10.046306894114183,0.001,3.110853910446167
8076,16,76,2781,15.32785701751709,10.089829646996417,0.001,3.0783677101135254
8077,16,77,742,6.597100734710693,10.029289803062792,0.001,3.8540360927581787
8078,16,78,424,11.560664176940918,10.042635041839386,0.001,3.084219455718994
8079,16,79,336,6.138972759246826,9.97654649404583,0.001,3.0589146614074707
8080,16,80,682,9.224042892456055,9.964187863007146,0.001,2.948375940322876
8081,16,81,990,12.597017288208008,9.997192284874108,0.001,3.0481956005096436
8082,16,82,1333,12.417099952697754,10.026538614628274,0.001,3.685121774673462
8083,16,83,689,21.11319351196289,10.121233212081952,0.001,2.875467300415039
8084,16,84,611,7.7230095863342285,10.101199044560715,0.001,2.877197742462158
8085,16,85,2494,10.198904037475586,10.102338534298783,0.001,2.878079414367676
8086,16,86,2709,19.765146255493164,10.155474027656654,0.001,2.921259880065918
8087,16,87,2608,6.925004005432129,10.104934856886432,0.001,3.5382790565490723
8088,16,88,728,7.588630199432373,10.076214533787873,0.001,3.020583391189575
8089,16,89,1915,6.473852157592773,10.047478890969353,0.001,2.958651065826416
8090,16,90,2772,5.631899356842041,9.99835545172437,0.001,3.3983938694000244
8091,16,91,67,13.988250732421875,10.042437123320312,0.001,3.7471425533294678
8092,16,92,706,8.754517555236816,10.035593121545741,0.001,3.112187385559082
8093,16,93,2179,6.243101119995117,10.005682314521088,0.001,3.1047310829162598
8094,16,94,787,14.428213119506836,10.028822779729008,0.001,2.9247331619262695
8095,16,95,1575,7.745851516723633,10.003780360752462,0.001,2.9889369010925293
8096,16,96,1123,16.688688278198242,10.054425557012296,0.001,3.3688342571258545
8097,16,97,966,15.16930866241455,10.092226607900438,0.001,2.909714698791504
8098,16,98,951,8.757766723632812,10.078322903473648,0.001,2.9989185333251953
8099,16,99,680,6.652243614196777,10.06153156481585,0.001,3.0389821529388428
8100,16,100,770,7.5610151290893555,10.035431864469365,0.001,3.0122427940368652
8101,16,101,825,17.50088882446289,10.070911661006475,0.001,3.583650588989258
8102,16,102,977,9.61140251159668,10.067673991475699,0.001,3.046781301498413
8103,16,103,458,19.56743621826172,10.114722701495529,0.001,2.92165470123291
8104,16,104,1181,9.371443748474121,10.107451076447306,0.001,3.0506229400634766
8105,16,105,1306,10.985843658447266,10.118995160538233,0.001,3.0320284366607666
8106,16,106,401,8.532593727111816,10.103447772000644,0.001,3.8038909435272217
8107,16,107,904,26.27458953857422,10.202862778312667,0.001,2.9132256507873535
8108,16,108,743,9.12057876586914,10.197904265048967,0.001,3.033365488052368
8109,16,109,2861,7.771804332733154,10.17447915320714,0.001,2.9560694694519043
8110,16,110,69,19.548431396484375,10.293861472666832,0.001,3.4566590785980225
8111,16,111,1481,7.236152172088623,10.264814679047147,0.001,3.051222324371338
8112,16,112,2341,5.90485143661499,10.210567607745327,0.001,3.036346435546875
8113,16,113,870,9.899845123291016,10.208521637960992,0.001,3.0221328735351562
8114,16,114,858,13.40327262878418,10.22115544305692,0.001,2.9319169521331787
8115,16,115,1093,8.669279098510742,10.202762677627577,0.001,3.915435791015625
8116,16,116,1118,7.143725395202637,10.175413719559003,0.001,3.029897689819336
8117,16,117,1313,10.970046043395996,10.184419300658123,0.001,3.189772605895996
8118,16,118,1812,10.689641952514648,10.190395040488676,0.001,3.0806963443756104
8119,16,119,1439,9.574453353881836,10.183368676057016,0.001,2.9713006019592285
8120,16,120,1814,8.727839469909668,10.171036050027613,0.001,3.9442694187164307
8121,16,121,1909,8.369502067565918,10.15092085857237,0.001,1.9126176834106445
8122,16,122,1915,6.146937370300293,10.127015634053558,0.001,2.2430431842803955
8123,16,123,1181,11.272236824035645,10.136386974492732,0.001,2.076763391494751
8124,16,124,1262,7.073225975036621,10.124391927867407,0.001,2.7012622356414795
8125,16,125,1514,8.030667304992676,10.116167011431553,0.001,2.482940673828125
8126,16,126,1817,8.807432174682617,10.111175512047257,0.001,3.143503427505493
8127,16,127,1900,18.01522445678711,10.14300155224909,0.001,2.653801679611206
8128,16,128,1311,5.507061958312988,10.092697196918335,0.001,1.9801445007324219
8129,16,129,1571,7.299321174621582,10.06273045571846,0.001,1.7694039344787598
8130,16,130,1823,7.776345252990723,10.037837906806905,0.001,1.8290419578552246
8131,16,131,1602,25.828079223632812,10.077426872118435,0.001,2.9737460613250732
8132,16,132,1339,9.446057319641113,10.075004232379255,0.001,3.818276882171631
8133,16,133,2008,13.997596740722656,10.088213217516593,0.001,3.0134615898132324
8134,16,134,1088,7.612492084503174,10.069195689220516,0.001,3.1431639194488525
8135,16,135,1440,7.053781986236572,10.046222032240628,0.001,3.0677921772003174
8136,16,136,1675,9.585007667541504,10.043699224193606,0.001,3.2314541339874268
8137,16,137,1393,13.37466812133789,10.069443165866867,0.001,3.361154317855835
8138,16,138,1766,27.731204986572266,10.115417170131375,0.001,3.1906352043151855
8139,16,139,1772,8.12629222869873,10.094986305019589,0.001,3.070155620574951
8140,16,140,1925,7.0116868019104,10.084001326175038,0.001,2.9687581062316895
8141,16,141,1554,12.704534530639648,10.093523968761401,0.001,3.6221392154693604
8142,16,142,1363,21.052122116088867,10.175248596042369,0.001,2.8932924270629883
8143,16,143,1762,7.068830490112305,10.15226010378932,0.001,3.0754594802856445
8144,16,144,1717,6.322459697723389,10.138936667565526,0.001,3.023435354232788
8145,16,145,1576,6.249140739440918,10.125507222649306,0.001,3.197065830230713
8146,16,146,178,8.42475700378418,10.113364810396142,0.001,3.646641254425049
8147,16,147,1334,7.605993747711182,10.104809493468421,0.001,2.9720427989959717
8148,16,148,1556,12.625701904296875,10.123134831864615,0.001,3.0120391845703125
8149,16,149,1945,12.825933456420898,10.148991017093289,0.001,3.0281248092651367
8150,16,150,2101,15.970834732055664,10.204580407160487,0.001,2.9300999641418457
8151,16,151,1343,15.623347282409668,10.22166232301631,0.001,3.7386562824249268
8152,16,152,2166,15.915428161621094,10.250151685587307,0.001,2.996931314468384
8153,16,153,1714,10.850441932678223,10.254245582889881,0.001,2.9893250465393066
8154,16,154,1395,7.095327854156494,10.243590109431237,0.001,3.118842124938965
8155,16,155,1551,8.987120628356934,10.234750945180553,0.001,3.7924611568450928
8156,16,156,1879,9.603775978088379,10.231594287676428,0.001,3.331334352493286
8157,16,157,1791,7.313626289367676,10.21752424668058,0.001,3.0442769527435303
8158,16,158,1839,6.002018451690674,10.204086040527235,0.001,3.0439140796661377
8159,16,159,1173,7.754541397094727,10.196098015464989,0.001,3.0438082218170166
8160,16,160,1575,11.477439880371094,10.204965424847853,0.001,3.611910104751587
8161,16,161,1149,14.18956184387207,10.23198006826351,0.001,3.048185348510742
8162,16,162,1679,6.43393611907959,10.213475522012327,0.001,2.9885520935058594
8163,16,163,2172,8.401071548461914,10.201242935175278,0.001,2.965892791748047
8164,16,164,1196,5.774246692657471,10.188444106537192,0.001,3.422543525695801
8165,16,165,2000,6.612920761108398,10.177342307547509,0.001,3.4413702487945557
8166,16,166,1128,7.10388708114624,10.157172813853673,0.001,2.9893667697906494
8167,16,167,1549,8.141077041625977,10.147507594374815,0.001,3.0562710762023926
8168,16,168,1570,16.041669845581055,10.165961954812841,0.001,3.057232141494751
8169,16,169,1568,12.950788497924805,10.183830791403825,0.001,3.8140201568603516
8170,16,170,2098,14.204730033874512,10.20081379434584,0.001,3.2129576206207275
8171,16,171,1333,11.65964412689209,10.210161016001566,0.001,3.131650447845459
8172,16,172,1648,7.442234516143799,10.197609566359757,0.001,3.0944085121154785
8173,16,173,1903,5.8802809715271,10.178386559294093,0.001,3.0491585731506348
8174,16,174,1530,13.29927921295166,10.204506410662082,0.001,3.88155198097229
8175,16,175,1779,12.493833541870117,10.223475985628532,0.001,3.114297389984131
8176,16,176,2040,8.430440902709961,10.208516969161566,0.001,2.96683406829834
8177,16,177,1097,8.9281644821167,10.204864524472555,0.001,3.289401054382324
8178,16,178,1690,6.372040748596191,10.193562078302884,0.001,3.2560672760009766
8179,16,179,1797,9.286084175109863,10.190859898532036,0.001,3.4109787940979004
8180,16,180,1769,7.140947341918945,10.165911220431287,0.001,3.0723273754119873
8181,16,181,1397,7.487701416015625,10.144145139037958,0.001,3.059807777404785
8182,16,182,2149,6.445993423461914,10.121671150276498,0.001,3.0254759788513184
8183,16,183,2080,12.329767227172852,10.139273797071615,0.001,3.612316370010376
8184,16,184,1441,17.355934143066406,10.16009340389984,0.001,3.061798572540283
8185,16,185,2278,16.096860885620117,10.195586942312897,0.001,3.067220687866211
8186,16,186,1543,9.897719383239746,10.19474152084921,0.001,3.0649847984313965
8187,16,187,1676,13.720025062561035,10.222328249201356,0.001,3.009448528289795
8188,16,188,1123,18.569385528564453,10.256819272008855,0.001,3.697709560394287
8189,16,189,2297,7.976438999176025,10.243381346980701,0.001,3.0161588191986084
8190,16,190,1361,21.227008819580078,10.273442465532376,0.001,2.946000814437866
8191,16,191,1794,6.992672443389893,10.254998610942774,0.001,3.1582231521606445
8192,16,192,1182,6.975947856903076,10.236196559252182,0.001,3.318437337875366
8193,16,193,2298,7.020875930786133,10.227727769342994,0.001,3.5744216442108154
8194,16,194,2007,10.455443382263184,10.2290048253704,0.001,2.9653708934783936
8195,16,195,2051,13.161704063415527,10.245551731237285,0.001,2.97833514213562
8196,16,196,2075,9.842424392700195,10.243970519320909,0.001,3.1035056114196777
8197,16,197,2327,8.074995994567871,10.235509672242696,0.001,3.5524210929870605
8198,16,198,2205,6.298833847045898,10.213358477369553,0.001,3.0170955657958984
8199,16,199,1938,8.374747276306152,10.208697184008962,0.001,2.9681830406188965
8200,16,200,2293,7.7598042488098145,10.194939695669946,0.001,3.0226328372955322
8201,16,201,1443,13.600847244262695,10.219538751208157,0.001,3.4571902751922607
8202,16,202,2117,13.493331909179688,10.236854277653709,0.001,3.296189308166504
8203,16,203,1463,8.933658599853516,10.233931860072847,0.001,3.0625691413879395
8204,16,204,1862,5.243656158447266,10.221102403048162,0.001,2.998912811279297
8205,16,205,1923,14.097179412841797,10.242356235375855,0.001,3.0261762142181396
8206,16,206,1306,21.703571319580078,10.323495983091052,0.001,3.0471465587615967
8207,16,207,2203,19.244287490844727,10.386559799191865,0.001,3.876325845718384
8208,16,208,1089,16.49779510498047,10.42928976050767,0.001,3.01556396484375
8209,16,209,2070,11.158714294433594,10.434350291500627,0.001,3.0561578273773193
8210,16,210,2398,11.473660469055176,10.441460314324086,0.001,3.0975682735443115
8211,16,211,1126,16.84804916381836,10.48552952333703,0.001,3.5844950675964355
8212,16,212,1153,14.19094467163086,10.510969863649441,0.001,3.2488183975219727
8213,16,213,2064,8.51452350616455,10.500708444236714,0.001,2.981626510620117
8214,16,214,1360,7.961661338806152,10.494755450331347,0.001,3.2596492767333984
8215,16,215,2034,9.74997615814209,10.489828939916539,0.001,3.1575088500976562
8216,16,216,1768,10.488645553588867,10.489826125565882,0.001,3.737246036529541
8217,16,217,1540,16.121070861816406,10.503367429855146,0.001,2.926485300064087
8218,16,218,1342,16.48447036743164,10.532649544393454,0.001,3.134786605834961
8219,16,219,1516,9.809541702270508,10.529084757570676,0.001,3.2503092288970947
8220,16,220,1615,13.35108757019043,10.542731039239879,0.001,3.221438407897949
8221,16,221,1914,8.692228317260742,10.538392016812537,0.001,3.4920754432678223
8222,16,222,1686,16.27564811706543,10.575766899259277,0.001,3.085937261581421
8223,16,223,2204,9.685969352722168,10.570083511004198,0.001,3.0447089672088623
8224,16,224,1617,12.007243156433105,10.579027550792446,0.001,3.0600426197052
8225,16,225,2229,14.892255783081055,10.59186664613771,0.001,3.956129312515259
8226,16,226,1821,19.5838680267334,10.61239332657579,0.001,3.123124599456787
8227,16,227,1793,16.27764129638672,10.648015406608726,0.001,3.027994155883789
8228,16,228,2235,13.073184967041016,10.66330968272627,0.001,3.14308500289917
8229,16,229,1317,7.527468204498291,10.656248769628945,0.001,2.9956703186035156
8230,16,230,2147,9.811966896057129,10.650915519616944,0.001,3.966282606124878
8231,16,231,250,21.05023956298828,10.674240428462157,0.001,3.071033000946045
8232,16,232,1460,7.942207336425781,10.665067178143005,0.001,2.9979746341705322
8233,16,233,1081,14.96435260772705,10.685132321545463,0.001,2.97143292427063
8234,16,234,2270,6.502752780914307,10.659027310146026,0.001,3.19331955909729
8235,16,235,1399,14.882336616516113,10.685326689258382,0.001,3.391204833984375
8236,16,236,2449,9.581646919250488,10.680267296934217,0.001,3.053070545196533
8237,16,237,2325,7.5482635498046875,10.665951551412833,0.001,2.9116621017456055
8238,16,238,1370,19.25958251953125,10.705225923277611,0.001,3.414576768875122
8239,16,239,2378,21.003232955932617,10.75226936031415,0.001,4.0068910121917725
8240,16,240,1481,8.971781730651855,10.744159362174225,0.001,3.0368428230285645
8241,16,241,2216,8.908024787902832,10.74064005191059,0.001,3.082009792327881
8242,16,242,2013,9.591227531433105,10.738228939134848,0.001,2.9164180755615234
8243,16,243,1649,12.723883628845215,10.747105482994346,0.001,3.1173195838928223
8244,16,244,254,9.893258094787598,10.74208342920369,0.001,3.4310219287872314
8245,16,245,1484,7.839568614959717,10.729149059198438,0.001,3.0287024974823
8246,16,246,1735,6.069169998168945,10.719286281756222,0.001,3.0868072509765625
8247,16,247,2422,9.224268913269043,10.716154399141429,0.001,2.9267818927764893
8248,16,248,2427,19.002765655517578,10.751655623801726,0.001,3.4515719413757324
8249,16,249,2479,9.489021301269531,10.746336637390252,0.001,3.309342622756958
8250,16,250,1259,7.84536600112915,10.737522571885236,0.001,2.9123992919921875
8251,16,251,1864,10.19610595703125,10.736395874764483,0.001,3.018709421157837
8252,16,252,2498,8.721871376037598,10.73019003333707,0.001,3.1106467247009277
8253,16,253,1506,7.456024646759033,10.723808758736052,0.001,3.777167320251465
8254,16,254,274,9.372091293334961,10.718097050552762,0.001,3.0700764656066895
8255,16,255,2448,7.3304667472839355,10.698921236145237,0.001,3.041867256164551
8256,16,256,177,5.6728692054748535,10.677844603621805,0.001,3.1040096282958984
8257,16,257,1117,15.436874389648438,10.69836784505145,0.001,3.1165931224823
8258,16,258,1083,18.356307983398438,10.740302553045812,0.001,3.459426164627075
8259,16,259,1263,8.479387283325195,10.730834274886599,0.001,2.8674123287200928
8260,16,260,2399,8.128218650817871,10.726184976838896,0.001,3.1396431922912598
8261,16,261,2552,11.288827896118164,10.728507659025663,0.001,2.946061849594116
8262,16,262,1777,11.86917495727539,10.733174784054626,0.001,3.0243687629699707
8263,16,263,1802,11.878303527832031,10.73788976587102,0.001,3.371544122695923
8264,16,264,2243,6.964593887329102,10.717160083389876,0.001,3.0642364025115967
8265,16,265,1453,12.396756172180176,10.720217438256364,0.001,3.137561798095703
8266,16,266,1596,15.783685684204102,10.734677268735165,0.001,3.037689447402954
8267,16,267,2580,20.228988647460938,10.78506645784608,0.001,3.262359857559204
8268,16,268,2464,18.2539119720459,10.799828813086647,0.001,3.1976699829101562
8269,16,269,1383,5.716353416442871,10.784890769606656,0.001,2.9148552417755127
8270,16,270,2387,34.100624084472656,10.852287158186,0.001,2.990164279937744
8271,16,271,2225,15.151325225830078,10.875272387206687,0.001,2.9395411014556885
8272,16,272,1111,16.947101593017578,10.899495849572585,0.001,3.6812596321105957
8273,16,273,2458,14.416214942932129,10.913466096125287,0.001,2.9435102939605713
8274,16,274,2537,9.695854187011719,10.90852462512957,0.001,2.9926905632019043
8275,16,275,2202,9.6481294631958,10.901843432611068,0.001,3.3358306884765625
8276,16,276,2163,11.685877799987793,10.905007710380566,0.001,3.022639751434326
8277,16,277,2343,11.123978614807129,10.905613378357963,0.001,3.6441543102264404
8278,16,278,2610,9.195996284484863,10.902419445326906,0.001,2.9520444869995117
8279,16,279,2436,13.064069747924805,10.906473871476122,0.001,2.9629297256469727
8280,16,280,1151,11.099443435668945,10.906991186895025,0.001,3.089474678039551
8281,16,281,2505,6.842034339904785,10.899295822987915,0.001,3.0370349884033203
8282,16,282,1365,9.66077709197998,10.896999814583626,0.001,4.023224115371704
8283,16,283,1828,7.601339340209961,10.87965898159422,0.001,3.0684151649475098
8284,16,284,1090,8.029830932617188,10.871927585727663,0.001,2.8876214027404785
8285,16,285,1918,5.740182876586914,10.845647305288251,0.001,3.0618722438812256
8286,16,286,2460,9.910146713256836,10.843945761490122,0.001,3.3982794284820557
8287,16,287,1580,13.888004302978516,10.852221771853023,0.001,2.92512845993042
8288,16,288,2565,6.674130916595459,10.844519424026055,0.001,3.1532559394836426
8289,16,289,2335,8.24072551727295,10.839686793139295,0.001,3.029841899871826
8290,16,290,1642,8.806724548339844,10.832099878793864,0.001,2.902541399002075
8291,16,291,2601,13.7710599899292,10.846607471152932,0.001,3.636826515197754
8292,16,292,1706,11.497262001037598,10.849039879313478,0.001,3.0443031787872314
8293,16,293,2347,6.815157890319824,10.833982221995361,0.001,3.0164852142333984
8294,16,294,2522,11.686028480529785,10.837126196255964,0.001,2.9709527492523193
8295,16,295,2294,6.303724765777588,10.829357713437506,0.001,2.96763014793396
8296,16,296,1692,12.768624305725098,10.838895566222213,0.001,3.4946627616882324
8297,16,297,1155,8.185970306396484,10.834147459596219,0.001,2.9276082515716553
8298,16,298,1368,6.890786647796631,10.82355693483312,0.001,3.063946008682251
8299,16,299,1902,14.943887710571289,10.838705923581017,0.001,3.220632791519165
8300,16,300,1326,9.001494407653809,10.835547591866955,0.001,3.3569278717041016
8301,16,301,1310,9.059651374816895,10.826867324984994,0.001,3.771361827850342
8302,16,302,2789,10.028096199035645,10.82397585605766,0.001,2.9279303550720215
8303,16,303,190,11.763021469116211,10.828611824639012,0.001,2.976778507232666
8304,16,304,2251,10.660221099853516,10.828168025824635,0.001,3.010288953781128
8305,16,305,2476,9.176188468933105,10.825325224512499,0.001,3.747962713241577
8306,16,306,1699,9.390918731689453,10.821738978300724,0.001,3.0585122108459473
8307,16,307,2494,13.026844024658203,10.82956426196282,0.001,2.9579923152923584
8308,16,308,2282,12.711784362792969,10.832757607415749,0.001,2.9808735847473145
8309,16,309,1174,11.242441177368164,10.834220085787925,0.001,2.8704593181610107
8310,16,310,2140,8.551419258117676,10.830523394480457,0.001,3.6361191272735596
8311,16,311,2794,4.422224044799805,10.819567420812394,0.001,2.9623587131500244
8312,16,312,1693,8.203117370605469,10.80729346990947,0.001,3.2189900875091553
8313,16,313,2144,7.252273082733154,10.801387063201258,0.001,2.9661474227905273
8314,16,314,2673,15.864348411560059,10.819440816933566,0.001,3.086651086807251
8315,16,315,28,7.7186150550842285,10.814288612928193,0.001,3.715714693069458
8316,16,316,2482,14.444485664367676,10.831337302470226,0.001,2.9504499435424805
8317,16,317,2099,8.5579252243042,10.825658879763147,0.001,2.958439350128174
8318,16,318,29,9.997599601745605,10.822804843709044,0.001,3.0473439693450928
8319,16,319,2510,10.006945610046387,10.819080245358334,0.001,3.3937337398529053
8320,16,320,2590,19.318174362182617,10.839353480320488,0.001,3.121666431427002
8321,16,321,273,11.110612869262695,10.840293008709407,0.001,3.0550777912139893
8322,16,322,1324,8.174421310424805,10.828248396174988,0.001,2.893073797225952
8323,16,323,1274,9.62035846710205,10.824215846265243,0.001,3.002859592437744
8324,16,324,2871,6.956130027770996,10.806824947535718,0.001,3.7569103240966797
8325,16,325,1585,8.915831565856934,10.79841785623577,0.001,2.875431537628174
8326,16,326,1832,7.7017436027526855,10.784526358276242,0.001,2.8623056411743164
8327,16,327,1896,9.441237449645996,10.780058681864027,0.001,3.1652047634124756
8328,16,328,266,11.818906784057617,10.784684644389255,0.001,2.96433424949646
8329,16,329,2349,9.224702835083008,10.777819246127393,0.001,3.8328769207000732
8330,16,330,2450,5.61517333984375,10.761055876281837,0.001,2.9549896717071533
8331,16,331,2930,6.352501392364502,10.75427534219168,0.001,2.897172689437866
8332,16,332,2595,5.680924415588379,10.746367717265342,0.001,3.0894615650177
8333,16,333,1951,5.974806785583496,10.730653400707759,0.001,2.9807536602020264
8334,16,334,1457,6.67711877822876,10.713132069428054,0.001,3.722475528717041
8335,16,335,1627,12.413169860839844,10.718725465195533,0.001,3.0096707344055176
8336,16,336,1764,6.197713851928711,10.6987681078031,0.001,3.123593330383301
8337,16,337,1519,18.214841842651367,10.723558120410786,0.001,3.006983995437622
8338,16,338,1127,5.88053035736084,10.712154070015577,0.001,3.695929765701294
8339,16,339,2538,5.78388786315918,10.704568463988988,0.001,3.1744887828826904
8340,16,340,2157,9.5740327835083,10.699728121162421,0.001,2.9340357780456543
8341,16,341,1480,8.656265258789062,10.696655852421465,0.001,2.9070985317230225
8342,16,342,37,11.805747985839844,10.701352459645133,0.001,3.0416977405548096
8343,16,343,1620,19.46515464782715,10.710254243382106,0.001,3.834477186203003
8344,16,344,2775,12.830334663391113,10.716905076177568,0.001,3.0774919986724854
8345,16,345,2654,10.953397750854492,10.71790755872107,0.001,2.928605318069458
8346,16,346,2095,8.305334091186523,10.707958600785478,0.001,2.9765563011169434
8347,16,347,2455,8.352315902709961,10.70434878837801,0.001,2.949138879776001
8348,16,348,2911,16.609609603881836,10.712535743115662,0.001,3.5993542671203613
8349,16,349,2864,11.482281684875488,10.714278423743227,0.001,3.328519821166992
8350,16,350,2845,10.532000541687012,10.713520238983953,0.001,2.8678197860717773
8351,16,351,2832,7.234137535095215,10.69977567992418,0.001,3.039437770843506
8352,16,352,1493,11.064650535583496,10.70128680040901,0.001,3.0307228565216064
8353,16,353,1502,12.950067520141602,10.710671591592439,0.001,3.5899710655212402
8354,16,354,2066,8.74665355682373,10.702668619175842,0.001,2.9258127212524414
8355,16,355,1109,13.51948356628418,10.713764457763316,0.001,2.9469120502471924
8356,16,356,447,6.527804374694824,10.707597743272604,0.001,2.965867042541504
8357,16,357,2767,16.853553771972656,10.726585665274262,0.001,3.674882650375366
8358,16,358,2055,12.934785842895508,10.735523588984519,0.001,3.0700597763061523
8359,16,359,342,12.220248222351074,10.741601242873493,0.001,2.9989914894104004
8360,16,360,2241,7.8701300621032715,10.729930958980946,0.001,2.9511449337005615
8361,16,361,2758,12.579309463500977,10.735456064701443,0.001,2.8691742420196533
8362,16,362,2340,11.559844017028809,10.737868383597235,0.001,3.5583245754241943
8363,16,363,1844,15.842583656311035,10.744327100544021,0.001,2.901578426361084
8364,16,364,2909,12.45083999633789,10.749456890296734,0.001,2.9774281978607178
8365,16,365,1577,13.527661323547363,10.757670637591012,0.001,3.090754508972168
8366,16,366,2533,6.46151065826416,10.748404908465744,0.001,3.083531618118286
8367,16,367,1302,15.779582977294922,10.766941602484353,0.001,3.6928212642669678
8368,16,368,378,11.78310489654541,10.770929452014622,0.001,2.868406057357788
8369,16,369,2784,8.558483123779297,10.7622483883664,0.001,3.0421531200408936
8370,16,370,401,9.611353874206543,10.758882228367794,0.001,2.982816696166992
8371,16,371,2221,9.66087532043457,10.755622267628107,0.001,2.9346561431884766
8372,16,372,2617,7.555957317352295,10.74332163447327,0.001,3.487497091293335
8373,16,373,461,9.644636154174805,10.739124673559562,0.001,2.92020583152771
8374,16,374,2668,7.737198352813721,10.730373588833096,0.001,3.0038046836853027
8375,16,375,2614,9.385669708251953,10.725266956082097,0.001,2.993590831756592
8376,16,376,390,7.375090599060059,10.718584774400997,0.001,3.0897250175476074
8377,16,377,2181,8.738729476928711,10.715877718935694,0.001,3.361337184906006
8378,16,378,2196,7.439353942871094,10.711860603141837,0.001,2.951171398162842
8379,16,379,1161,7.662863254547119,10.707959622981898,0.001,2.932286262512207
8380,16,380,405,5.1680521965026855,10.69642937993295,0.001,2.905791997909546
8381,16,381,1495,10.28157901763916,10.69524546877555,0.001,3.5498902797698975
8382,16,382,2692,13.10089111328125,10.704311504661105,0.001,2.9789886474609375
8383,16,383,2499,10.595255851745605,10.704091038449517,0.001,2.99311900138855
8384,16,384,496,19.09332847595215,10.726708852675577,0.001,3.18711519241333
8385,16,385,481,8.631247520446777,10.720827228242893,0.001,2.955726385116577
8386,16,386,388,11.388120651245117,10.721681294788596,0.001,3.8462936878204346
8387,16,387,2233,9.765471458435059,10.719777832147702,0.001,3.029632568359375
8388,16,388,2861,7.109921455383301,10.70963391530199,0.001,3.1231226921081543
8389,16,389,523,13.71818733215332,10.720891271017187,0.001,2.8845572471618652
8390,16,390,1092,16.084476470947266,10.74074120924594,0.001,3.0135703086853027
8391,16,391,1819,14.491873741149902,10.745723681609192,0.001,3.846177101135254
8392,16,392,256,9.818215370178223,10.743915786078386,0.001,2.989773750305176
8393,16,393,1532,6.690167427062988,10.729135331059283,0.001,3.081299304962158
8394,16,394,2585,9.226513862609863,10.725091422839963,0.001,3.2067220211029053
8395,16,395,2720,6.1495466232299805,10.719568420667708,0.001,3.492274045944214
8396,16,396,1626,8.901090621948242,10.717276130700585,0.001,3.5390608310699463
8397,16,397,490,13.275920867919922,10.720674801542788,0.001,2.92832088470459
8398,16,398,471,10.063104629516602,10.71831030254005,0.001,3.061086654663086
8399,16,399,2452,12.05246639251709,10.721933459091332,0.001,3.0677073001861572
8400,16,400,434,14.936518669128418,10.726864399891204,0.001,3.7278780937194824
8401,16,401,407,9.774894714355469,10.724288436836792,0.001,2.9840691089630127
8402,16,402,441,11.368511199951172,10.726024050612478,0.001,2.920940399169922
8403,16,403,67,14.340864181518555,10.735761070522031,0.001,3.0093233585357666
8404,16,404,1120,11.846748352050781,10.737791075121981,0.001,3.0469014644622803
8405,16,405,699,12.07172679901123,10.741309317925271,0.001,3.5251212120056152
8406,16,406,367,14.84058666229248,10.749041072880527,0.001,3.0963845252990723
8407,16,407,2274,6.697389602661133,10.738436131933431,0.001,3.0130114555358887
8408,16,408,2546,6.4811482429504395,10.727202239921871,0.001,3.040633201599121
8409,16,409,376,13.55572509765625,10.730834937593576,0.001,3.07112717628479
8410,16,410,514,11.473034858703613,10.732260364846258,0.001,3.5552923679351807
8411,16,411,1265,5.9156107902526855,10.72616519681237,0.001,2.856780529022217
8412,16,412,2425,15.760724067687988,10.739519031206587,0.001,2.9149887561798096
8413,16,413,1838,12.079423904418945,10.742987977456712,0.001,2.8233537673950195
8414,16,414,272,9.027750015258789,10.739746539666614,0.001,3.4602298736572266
8415,16,415,2781,13.886780738830566,10.744916165930528,0.001,3.17250394821167
8416,16,416,2502,7.871826648712158,10.734796964972137,0.001,2.9535510540008545
8417,16,417,98,6.282069683074951,10.719246701337536,0.001,2.8702144622802734
8418,16,418,2669,8.014184951782227,10.715848128210178,0.001,2.94785475730896
8419,16,419,601,15.517011642456055,10.732445884557784,0.001,3.1525399684906006
8420,16,420,2563,6.454185962677002,10.724507960029321,0.001,3.3106067180633545
8421,16,421,94,8.37015438079834,10.716871708917166,0.001,3.062741279602051
8422,16,422,2188,27.06201934814453,10.758616156378835,0.001,2.9575514793395996
8423,16,423,689,21.992279052734375,10.779171696109092,0.001,3.4444687366485596
8424,16,424,2249,12.42679500579834,10.78347881357554,0.001,3.664574384689331
8425,16,425,2706,9.91486930847168,10.782472659521547,0.001,2.977579116821289
8426,16,426,771,9.166486740112305,10.778370970698935,0.001,3.0652759075164795
8427,16,427,2548,8.65674877166748,10.773053678537892,0.001,2.9694690704345703
8428,16,428,77,11.6614990234375,10.775339501221735,0.001,2.8849411010742188
8429,16,429,803,7.48729944229126,10.771471024259064,0.001,3.559858798980713
8430,16,430,2050,8.950020790100098,10.76823584635847,0.001,2.907017230987549
8431,16,431,1586,6.960336685180664,10.755318390242179,0.001,2.9874448776245117
8432,16,432,2067,9.470098495483398,10.752949946187057,0.001,3.063835620880127
8433,16,433,827,15.446916580200195,10.75996854146706,0.001,3.1004250049591064
8434,16,434,1921,7.77651834487915,10.752492312246037,0.001,3.6279475688934326
8435,16,435,1250,6.706429481506348,10.747718971831903,0.001,2.8859097957611084
8436,16,436,2927,40.581268310546875,10.778561934815134,0.001,2.9022605419158936
8437,16,437,264,8.30939769744873,10.772353739428471,0.001,2.9334983825683594
8438,16,438,2652,5.97475528717041,10.766753838179211,0.001,3.689330577850342
8439,16,439,436,11.017473220825195,10.767192215762636,0.001,3.1079671382904053
8440,16,440,914,12.921550750732422,10.772525958701838,0.001,2.9990782737731934
8441,16,441,64,7.021411418914795,10.768033534390218,0.001,3.1488749980926514
8442,16,442,2596,10.179130554199219,10.766992340985523,0.001,2.897869348526001
8443,16,443,2603,15.742169380187988,10.782964677357603,0.001,3.5882365703582764
8444,16,444,2722,20.088117599487305,10.793061126682845,0.001,3.078047513961792
8445,16,445,2377,11.055333137512207,10.793703994387192,0.001,3.1895530223846436
8446,16,446,459,7.416583061218262,10.789781864151893,0.001,2.8405115604400635
8447,16,447,432,18.82033920288086,10.809099034980926,0.001,2.9543821811676025
8448,16,448,2583,9.876657485961914,10.806801142340651,0.001,3.8064451217651367
8449,16,449,819,10.724891662597656,10.806600338696672,0.001,3.108325719833374
8450,16,450,1888,10.232771873474121,10.80476882041946,0.001,3.102865695953369
8451,16,451,1523,11.429057121276855,10.805492629506876,0.001,3.017120599746704
8452,16,452,954,8.966426849365234,10.80337032299079,0.001,3.4236698150634766
8453,16,453,1527,23.3579158782959,10.833574577515808,0.001,3.8720672130584717
8454,16,454,1482,4.8827972412109375,10.82680791313572,0.001,2.9108564853668213
8455,16,455,682,14.283130645751953,10.837837820145877,0.001,3.0993478298187256
8456,16,456,966,16.232690811157227,10.846924138514389,0.001,3.0351479053497314
8457,16,457,986,21.852569580078125,10.873783414419238,0.001,3.601257801055908
8458,16,458,2619,6.732961654663086,10.867294122691687,0.001,3.262941837310791
8459,16,459,1809,11.492019653320312,10.869246913266958,0.001,3.0463976860046387
8460,16,460,742,7.75758171081543,10.859321811521683,0.001,3.425956964492798
8461,16,461,2184,20.893310546875,10.87651848396314,0.001,3.0170814990997314
8462,16,462,2929,9.951736450195312,10.874323335158465,0.001,3.4037532806396484
8463,16,463,989,12.782065391540527,10.878827180729171,0.001,2.9295854568481445
8464,16,464,2432,10.090875625610352,10.877930615345345,0.001,3.1387224197387695
8465,16,465,2179,8.010851860046387,10.87303327282961,0.001,2.994046688079834
8466,16,466,1636,8.367188453674316,10.865154240472101,0.001,3.9498767852783203
8467,16,467,2535,9.242878913879395,10.863340620232421,0.001,2.9974989891052246
8468,16,468,2547,28.907352447509766,10.90576215271979,0.001,3.023653984069824
8469,16,469,1548,10.524096488952637,10.90490448658722,0.001,2.9949426651000977
8470,16,470,2113,7.374235153198242,10.896557044045185,0.001,3.0660831928253174
8471,16,471,337,10.986743927001953,10.896692784832862,0.001,3.6310179233551025
8472,16,472,403,6.91157865524292,10.89013815062795,0.001,3.289355993270874
8473,16,473,2341,6.048849582672119,10.875060860994498,0.001,3.0310568809509277
8474,16,474,350,10.18758773803711,10.873459622671708,0.001,2.868523359298706
8475,16,475,68,9.720226287841797,10.871519807773819,0.001,3.0430967807769775
8476,16,476,1113,9.754263877868652,10.868092891162759,0.001,3.537442922592163
8477,16,477,2682,9.004179000854492,10.862309948255843,0.001,3.1153275966644287
8478,16,478,991,12.669096946716309,10.86423933019412,0.001,2.920952796936035
8479,16,479,340,7.74320125579834,10.857082950880173,0.001,2.9359383583068848
8480,16,480,825,16.77179527282715,10.863355196276277,0.001,3.234043836593628
8481,16,481,1682,17.436603546142578,10.878301820198866,0.001,3.3776209354400635
8482,16,482,2191,13.990693092346191,10.883473340413257,0.001,2.978620767593384
8483,16,483,2511,13.104781150817871,10.887122966051505,0.001,3.0166492462158203
8484,16,484,2534,7.626224517822266,10.883553711253905,0.001,2.9689528942108154
8485,16,485,336,6.358115196228027,10.86980756073312,0.001,3.476797103881836
8486,16,486,74,6.079822540283203,10.864722076761993,0.001,2.9857897758483887
8487,16,487,2328,7.4639739990234375,10.859172669173988,0.001,3.0702884197235107
8488,16,488,1541,8.126465797424316,10.856502463680156,0.001,2.9967212677001953
8489,16,489,2793,8.917830467224121,10.85059478873993,0.001,3.07051682472229
8490,16,490,446,6.9316277503967285,10.84187514815389,0.001,3.7953248023986816
8491,16,491,990,14.88943099975586,10.851143350972386,0.001,3.1176512241363525
8492,16,492,1700,15.454644203186035,10.858891753254355,0.001,3.0715627670288086
8493,16,493,2750,16.96552848815918,10.865326104584145,0.001,2.9001452922821045
8494,16,494,721,9.137712478637695,10.862622445223247,0.001,3.0855748653411865
8495,16,495,1557,8.609933853149414,10.855911074167244,0.001,4.012860298156738
8496,16,496,56,10.464247703552246,10.855043068547927,0.001,2.9377479553222656
8497,16,497,693,5.911540508270264,10.840412504791537,0.001,3.378690481185913
8498,16,498,69,22.144201278686523,10.873906561165361,0.001,2.9895899295806885
8499,16,499,2197,16.564620971679688,10.88633606990508,0.001,3.667149305343628
8500,17,0,1132,13.055939674377441,13.055939674377441,0.001,2.890784502029419
8501,17,1,2923,9.63232421875,11.667473406261868,0.001,3.1306681632995605
8502,17,2,2192,26.66425323486328,14.509532992373458,0.001,2.9768996238708496
8503,17,3,2772,9.269548416137695,12.827103130681506,0.001,3.7841036319732666
8504,17,4,611,9.31701374053955,12.179545944466726,0.001,2.983297348022461
8505,17,5,2219,7.007538318634033,11.635874276711872,0.001,3.090681552886963
8506,17,6,787,9.985286712646484,11.467605774305678,0.001,2.863325357437134
8507,17,7,1858,17.764812469482422,12.55551162044521,0.001,3.132352590560913
8508,17,8,778,13.515983581542969,12.697339663894663,0.001,4.05903172492981
8509,17,9,951,8.236594200134277,12.120723639075885,0.001,2.947004556655884
8510,17,10,1848,5.808619022369385,11.187607914661417,0.001,3.0899953842163086
8511,17,11,382,7.212637424468994,10.994304076075771,0.001,2.88128399848938
8512,17,12,507,40.53194808959961,11.989691620561212,0.001,2.99173641204834
8513,17,13,719,8.935112953186035,11.625042048204214,0.001,3.326185703277588
8514,17,14,32,6.694451808929443,11.09126971515653,0.001,3.116826295852661
8515,17,15,60,5.990442752838135,10.817117185611933,0.001,3.056039810180664
8516,17,16,686,7.006175994873047,10.544316299874001,0.001,2.9828362464904785
8517,17,17,424,11.048895835876465,10.567239318905115,0.001,3.299753189086914
8518,17,18,2543,12.134883880615234,10.66609608209569,0.001,3.1934633255004883
8519,17,19,706,9.213080406188965,10.623332038067273,0.001,2.9736440181732178
8520,17,20,372,10.963141441345215,10.63175766888926,0.001,3.7445199489593506
8521,17,21,408,5.570465087890625,10.428016300475933,0.001,4.218002796173096
8522,17,22,1737,8.23088550567627,10.276970871701538,0.001,4.544871091842651
8523,17,23,2613,8.060264587402344,10.166718294398834,0.001,4.079658508300781
8524,17,24,2529,9.56408977508545,10.137183051727673,0.001,4.184730052947998
8525,17,25,2901,13.179675102233887,10.240069256334163,0.001,4.623374700546265
8526,17,26,2564,9.905190467834473,10.225501393940169,0.001,3.156306028366089
8527,17,27,956,9.253454208374023,10.171510745236043,0.001,2.962073564529419
8528,17,28,1434,14.980207443237305,10.358070357142843,0.001,3.0180788040161133
8529,17,29,453,11.176477432250977,10.380713890045937,0.001,2.9331750869750977
8530,17,30,2392,6.148666858673096,10.264459959821028,0.001,3.5177175998687744
8531,17,31,981,9.19721508026123,10.225303513271319,0.001,3.102031707763672
8532,17,32,2608,7.068460464477539,10.075674081005094,0.001,3.0090324878692627
8533,17,33,1105,10.218798637390137,10.07810465560334,0.001,3.1591551303863525
8534,17,34,492,14.437495231628418,10.268980292999446,0.001,3.7308449745178223
8535,17,35,468,9.620041847229004,10.242058321490475,0.001,3.2388625144958496
8536,17,36,873,8.745549201965332,10.222616746018927,0.001,2.914302349090576
8537,17,37,455,23.911542892456055,10.375852305336151,0.001,3.0234572887420654
8538,17,38,1344,8.979167938232422,10.334658712522439,0.001,2.989468574523926
8539,17,39,2906,8.392370223999023,10.278709949585599,0.001,3.762582540512085
8540,17,40,705,8.202149391174316,10.200481476266058,0.001,3.0060689449310303
8541,17,41,1470,10.187493324279785,10.200138887155228,0.001,3.0578949451446533
8542,17,42,2272,9.101625442504883,10.17120702545428,0.001,3.0682308673858643
8543,17,43,710,8.807279586791992,10.13634963495991,0.001,2.933445930480957
8544,17,44,2462,11.441864013671875,10.180157202835357,0.001,3.4897611141204834
8545,17,45,2443,10.362420082092285,10.184539588841352,0.001,3.095571994781494
8546,17,46,1616,13.544166564941406,10.265804614332925,0.001,3.0033795833587646
8547,17,47,962,10.128397941589355,10.263503178737711,0.001,2.8371999263763428
8548,17,48,2569,13.721651077270508,10.319840193975859,0.001,3.2533581256866455
8549,17,49,469,7.540797233581543,10.23786917877592,0.001,3.464940309524536
8550,17,50,377,6.467485427856445,10.179003998943182,0.001,2.929241180419922
8551,17,51,2709,19.652807235717773,10.275368504025794,0.001,2.8835294246673584
8552,17,52,2401,9.074951171875,10.249607136378138,0.001,2.96270489692688
8553,17,53,458,23.867671966552734,10.389256731580083,0.001,3.564864158630371
8554,17,54,743,11.21906566619873,10.397399271983346,0.001,3.081785202026367
8555,17,55,175,7.8062744140625,10.358787520389416,0.001,2.891558885574341
8556,17,56,759,8.186385154724121,10.315727330511166,0.001,2.9471070766448975
8557,17,57,2413,9.960122108459473,10.308651423852544,0.001,3.076260805130005
8558,17,58,1099,11.239800453186035,10.332462163022129,0.001,3.814795970916748
8559,17,59,773,8.596736907958984,10.299884696107737,0.001,3.0251548290252686
8560,17,60,727,9.118221282958984,10.289564223685748,0.001,3.2075626850128174
8561,17,61,2060,23.672243118286133,10.535338877751743,0.001,2.9137518405914307
8562,17,62,1965,7.668581485748291,10.466637904849309,0.001,3.0312228202819824
8563,17,63,518,9.393482208251953,10.45756427121062,0.001,3.987443685531616
8564,17,64,1346,14.803234100341797,10.554130053932468,0.001,2.9200868606567383
8565,17,65,2513,7.600148677825928,10.530147380361013,0.001,3.02496075630188
8566,17,66,1264,8.11063003540039,10.51018381659501,0.001,2.9773635864257812
8567,17,67,864,11.920282363891602,10.520906822743935,0.001,3.2280385494232178
8568,17,68,1122,4.648626327514648,10.4498852701632,0.001,3.625553607940674
8569,17,69,2763,12.11583423614502,10.462910227694806,0.001,3.066589117050171
8570,17,70,1878,8.627586364746094,10.441743525783592,0.001,3.0728254318237305
8571,17,71,2834,6.590061664581299,10.35927405693029,0.001,3.311936140060425
8572,17,72,920,6.946305274963379,10.287058169385134,0.001,3.5049800872802734
8573,17,73,1372,5.373185157775879,10.211659200532031,0.001,3.050412654876709
8574,17,74,863,20.82457160949707,10.373903969700905,0.001,2.9365217685699463
8575,17,75,2073,8.64915657043457,10.362016067256961,0.001,2.9505481719970703
8576,17,76,834,6.939958095550537,10.29468106521487,0.001,2.9985158443450928
8577,17,77,801,5.853703498840332,10.249636972986655,0.001,3.793696641921997
8578,17,78,1087,20.027048110961914,10.433437917958809,0.001,3.0360653400421143
8579,17,79,519,10.799842834472656,10.440349968189555,0.001,3.056530237197876
8580,17,80,1845,9.158771514892578,10.432295110292527,0.001,2.9805376529693604
8581,17,81,685,8.081766128540039,10.400288878318877,0.001,3.4591736793518066
8582,17,82,770,9.836954116821289,10.392507922749898,0.001,3.2115185260772705
8583,17,83,811,13.864951133728027,10.413244055872807,0.001,2.772233486175537
8584,17,84,961,7.806578159332275,10.36725379833571,0.001,3.099233865737915
8585,17,85,2174,14.133405685424805,10.431064295853616,0.001,2.9412755966186523
8586,17,86,392,10.632548332214355,10.43448371225857,0.001,3.5095906257629395
8587,17,87,1373,14.468256950378418,10.474792805852134,0.001,2.95866322517395
8588,17,88,65,6.628622055053711,10.451100765283934,0.001,2.9420347213745117
8589,17,89,368,7.791835784912109,10.416807564811995,0.001,2.956739902496338
8590,17,90,2071,17.561986923217773,10.479456666332421,0.001,2.969522476196289
8591,17,91,916,4.600698471069336,10.444437281492492,0.001,3.65898060798645
8592,17,92,374,6.608054161071777,10.382910076893864,0.001,2.9941627979278564
8593,17,93,448,10.344316482543945,10.382438213083088,0.001,2.977323055267334
8594,17,94,521,5.845392227172852,10.356889597202304,0.001,3.073115825653076
8595,17,95,707,7.920185565948486,10.344044404956081,0.001,2.9427812099456787
8596,17,96,904,24.667036056518555,10.450223667955015,0.001,3.593329429626465
8597,17,97,522,6.31712532043457,10.386347482078348,0.001,2.9873342514038086
8598,17,98,1503,10.887297630310059,10.390128401214492,0.001,3.288029432296753
8599,17,99,851,6.768641471862793,10.334353192444413,0.001,2.962904453277588
8600,17,100,808,12.977001190185547,10.363603800975278,0.001,2.932232141494751
8601,17,101,788,11.572725296020508,10.38138505401104,0.001,3.6587607860565186
8602,17,102,814,6.180556297302246,10.358902142578817,0.001,2.923119068145752
8603,17,103,913,7.882842540740967,10.339781614705775,0.001,3.123727560043335
8604,17,104,2694,5.464225769042969,10.31488826090961,0.001,3.0754361152648926
8605,17,105,2523,13.856363296508789,10.365237545587126,0.001,3.765385627746582
8606,17,106,616,7.611547946929932,10.327058643797365,0.001,3.119886636734009
8607,17,107,717,5.5879058837890625,10.261669770203376,0.001,3.0424065589904785
8608,17,108,2593,7.015266418457031,10.227705128893009,0.001,3.4421420097351074
8609,17,109,774,5.997772693634033,10.184761834706492,0.001,2.956092119216919
8610,17,110,363,5.450477600097656,10.162118498348816,0.001,3.5378572940826416
8611,17,111,38,6.256458282470703,10.133950841659603,0.001,3.0389842987060547
8612,17,112,1751,10.012664794921875,10.133087069673357,0.001,2.9028713703155518
8613,17,113,832,6.524353981018066,10.086103147696669,0.001,3.0572047233581543
8614,17,114,861,6.563253879547119,10.06154225167897,0.001,2.8027143478393555
8615,17,115,858,13.186918258666992,10.074635864815324,0.001,3.2594242095947266
8616,17,116,2782,8.669384956359863,10.056491784892376,0.001,2.864506721496582
8617,17,117,919,7.330060958862305,10.021545942822073,0.001,2.921250581741333
8618,17,118,2406,15.666632652282715,10.092535271315391,0.001,2.7856454849243164
8619,17,119,1442,11.821840286254883,10.103854840837586,0.001,2.7513439655303955
8620,17,120,789,9.420156478881836,10.09758857682268,0.001,3.75480580329895
8621,17,121,1394,17.094697952270508,10.161347978085194,0.001,2.8135173320770264
8622,17,122,870,8.382122039794922,10.149821273739056,0.001,2.7320494651794434
8623,17,123,325,13.717062950134277,10.181720297699488,0.001,2.751650094985962
8624,17,124,383,11.176158905029297,10.193112880997065,0.001,2.806537389755249
8625,17,125,1756,6.723554611206055,10.163108210148554,0.001,3.315293550491333
8626,17,126,607,7.245178699493408,10.151411786977969,0.001,2.7768495082855225
8627,17,127,2584,9.195625305175781,10.140415171339397,0.001,2.7888126373291016
8628,17,128,972,5.7903594970703125,10.10377320668402,0.001,2.6691396236419678
8629,17,129,1569,18.538963317871094,10.176020225911085,0.001,2.730449676513672
8630,17,130,488,6.372430324554443,10.133762880642482,0.001,3.2134974002838135
8631,17,131,2588,5.821891784667969,10.08536484866512,0.001,2.735853433609009
8632,17,132,977,7.92934513092041,10.073003172425212,0.001,2.6295506954193115
8633,17,133,400,8.782082557678223,10.06620396862324,0.001,2.683300256729126
8634,17,134,695,11.99764633178711,10.08210532133327,0.001,2.9061050415039062
8635,17,135,344,8.287967681884766,10.075139369692184,0.001,3.8754584789276123
8636,17,136,1098,11.102070808410645,10.081128125383646,0.001,3.0687758922576904
8637,17,137,2223,8.177887916564941,10.060697294512126,0.001,2.9078571796417236
8638,17,138,728,8.059523582458496,10.044773716684192,0.001,3.0594911575317383
8639,17,139,73,25.10661506652832,10.102177596826253,0.001,2.9799065589904785
8640,17,140,1355,10.191162109375,10.102878763630823,0.001,3.6497910022735596
8641,17,141,2660,10.29853343963623,10.104862513315956,0.001,3.0144169330596924
8642,17,142,1806,6.622222900390625,10.069122878813538,0.001,2.88362193107605
8643,17,143,2672,9.11075496673584,10.059349549104185,0.001,2.8731911182403564
8644,17,144,2435,7.872593402862549,10.051222578190815,0.001,2.9078543186187744
8645,17,145,1807,28.001720428466797,10.228380357023653,0.001,3.892063856124878
8646,17,146,2874,6.892253398895264,10.20404176576909,0.001,2.948805570602417
8647,17,147,1488,9.338909149169922,10.196043168589997,0.001,3.0516598224639893
8648,17,148,915,6.564975738525391,10.183787978902687,0.001,2.9492270946502686
8649,17,149,1473,8.398833274841309,10.175658375390489,0.001,3.058628559112549
8650,17,150,852,9.90285587310791,10.173696865823617,0.001,3.3019912242889404
8651,17,151,694,8.106420516967773,10.153889347542554,0.001,2.95851469039917
8652,17,152,2152,14.672218322753906,10.185856212626433,0.001,2.9919817447662354
8653,17,153,680,6.760015487670898,10.17435681284256,0.001,2.905466079711914
8654,17,154,361,7.909294128417969,10.154071737208943,0.001,2.912806510925293
8655,17,155,1846,8.183358192443848,10.140380578578679,0.001,3.2921462059020996
8656,17,156,1568,9.176855087280273,10.133721700106857,0.001,2.9119503498077393
8657,17,157,1370,19.80596923828125,10.201033765498295,0.001,3.0110273361206055
8658,17,158,1262,6.340417385101318,10.188556555957017,0.001,2.934755563735962
8659,17,159,1088,8.442156791687012,10.176856792815997,0.001,3.184161901473999
8660,17,160,1903,5.7378387451171875,10.15561295086198,0.001,3.210533618927002
8661,17,161,1832,8.751214981079102,10.142961193503762,0.001,2.8660964965820312
8662,17,162,1516,10.525689125061035,10.14550964831396,0.001,2.881087064743042
8663,17,163,1126,6.338898658752441,10.111684650980497,0.001,2.9476070404052734
8664,17,164,2000,6.767603874206543,10.101262409100835,0.001,3.5499439239501953
8665,17,165,1714,10.543692588806152,10.10410162537205,0.001,2.957712411880493
8666,17,166,1361,19.905439376831055,10.134698896301446,0.001,2.953660249710083
8667,17,167,1823,8.015518188476562,10.115908908117992,0.001,2.6727213859558105
8668,17,168,1127,6.405213356018066,10.098403192982207,0.001,2.4929943084716797
8669,17,169,1627,13.876371383666992,10.122896803147555,0.001,2.987441062927246
8670,17,170,1128,11.637968063354492,10.132586374133835,0.001,2.3521969318389893
8671,17,171,1615,7.777283191680908,10.117946456412382,0.001,2.329270362854004
8672,17,172,1717,9.34282112121582,10.115637762976265,0.001,1.9361863136291504
8673,17,173,1488,11.721734046936035,10.128279868185368,0.001,2.2324163913726807
8674,17,174,1440,10.795857429504395,10.132357029256173,0.001,2.7219879627227783
8675,17,175,1151,11.626412391662598,10.138745059687452,0.001,2.682389736175537
8676,17,176,1794,9.10151195526123,10.13244703971695,0.001,4.080667495727539
8677,17,177,1097,7.503393173217773,10.124949067613402,0.001,3.0743227005004883
8678,17,178,1821,11.056264877319336,10.127664450910272,0.001,3.1373062133789062
8679,17,179,1132,10.120074272155762,10.127617413350317,0.001,2.992473602294922
8680,17,180,1393,14.860662460327148,10.156497428569736,0.001,3.7405507564544678
8681,17,181,2064,7.397040843963623,10.13966963340118,0.001,3.0214052200317383
8682,17,182,1751,10.539402961730957,10.14138755254005,0.001,3.4140679836273193
8683,17,183,1443,12.44082260131836,10.15954342132971,0.001,3.0528392791748047
8684,17,184,1819,14.168442726135254,10.17097262442775,0.001,2.9848225116729736
8685,17,185,1493,8.11120319366455,10.154751086997043,0.001,3.486783266067505
8686,17,186,1527,23.309785842895508,10.231338382414327,0.001,2.966320753097534
8687,17,187,1602,23.421798706054688,10.255619106527663,0.001,2.9788851737976074
8688,17,188,1368,5.822299957275391,10.23680223151085,0.001,2.951727867126465
8689,17,189,1514,11.072869300842285,10.239096003638336,0.001,3.1053764820098877
8690,17,190,1399,14.541059494018555,10.272636679662076,0.001,3.601574420928955
8691,17,191,1083,10.011317253112793,10.270693664920078,0.001,2.9305052757263184
8692,17,192,1122,5.26418924331665,10.250005531479884,0.001,3.0778567790985107
8693,17,193,1571,9.044775009155273,10.240952410146628,0.001,2.8943402767181396
8694,17,194,2050,8.60029125213623,10.234477109891122,0.001,3.0600268840789795
8695,17,195,2051,13.524105072021484,10.25300476723725,0.001,3.3821232318878174
8696,17,196,1838,7.298831462860107,10.236843032169013,0.001,3.164222240447998
8697,17,197,1616,6.521406173706055,10.215805065957083,0.001,3.021587610244751
8698,17,198,1779,10.817781448364258,10.220204297065871,0.001,3.035618782043457
8699,17,199,1343,14.150093078613281,10.229800199436733,0.001,3.638991117477417
8700,17,200,1636,7.586180210113525,10.210567681626697,0.001,3.1475679874420166
8701,17,201,1649,12.558786392211914,10.223308977551083,0.001,3.032344102859497
8702,17,202,1814,9.067028045654297,10.217172603087365,0.001,2.895136594772339
8703,17,203,2196,9.40197467803955,10.215294311907078,0.001,2.988809585571289
8704,17,204,2181,16.418550491333008,10.231173792905748,0.001,3.94968581199646
8705,17,205,1087,19.341419219970703,10.294643232952474,0.001,3.079890012741089
8706,17,206,1570,9.569967269897461,10.292791840058383,0.001,3.1626033782958984
8707,17,207,1642,7.72270393371582,10.279417621128752,0.001,3.0365214347839355
8708,17,208,1828,9.529915809631348,10.274065109643916,0.001,3.048107147216797
8709,17,209,1888,9.384851455688477,10.267990771145488,0.001,3.2533187866210938
8710,17,210,178,9.925067901611328,10.266257360419571,0.001,3.035087823867798
8711,17,211,1557,6.143160343170166,10.237812085557595,0.001,2.870480537414551
8712,17,212,1879,7.943796157836914,10.229272168563984,0.001,3.009580135345459
8713,17,213,2179,5.491829872131348,10.211762062230376,0.001,3.1158499717712402
8714,17,214,2166,15.8018217086792,10.231967909851793,0.001,3.2687509059906006
8715,17,215,1806,6.61232328414917,10.207534165290346,0.001,2.9085583686828613
8716,17,216,1699,8.037034034729004,10.199924496696577,0.001,2.9804978370666504
8717,17,217,1346,11.74049186706543,10.209833542754664,0.001,3.1059727668762207
8718,17,218,1772,5.71995735168457,10.17962317246365,0.001,3.613102436065674
8719,17,219,1506,8.194127082824707,10.175175397488209,0.001,3.2170724868774414
8720,17,220,1693,12.044047355651855,10.187406147485897,0.001,3.056295156478882
8721,17,221,1965,7.5906982421875,10.170325318949317,0.001,3.052189826965332
8722,17,222,1845,9.518723487854004,10.168896772548342,0.001,3.029517650604248
8723,17,223,1463,7.574106216430664,10.163653545389183,0.001,3.381861925125122
8724,17,224,2251,9.576786994934082,10.161570932799444,0.001,3.121690273284912
8725,17,225,1196,6.727429389953613,10.154304082721218,0.001,2.993265151977539
8726,17,226,1802,9.341981887817383,10.150403974275525,0.001,2.9423460960388184
8727,17,227,1577,12.124460220336914,10.159831232528267,0.001,3.1241862773895264
8728,17,228,1173,10.464990615844727,10.160530899968691,0.001,3.5120797157287598
8729,17,229,1111,11.347448348999023,10.16616872786314,0.001,2.932288646697998
8730,17,230,1923,5.439915180206299,10.14325881285419,0.001,2.910062551498413
8731,17,231,1453,15.914124488830566,10.155368199322078,0.001,2.979034662246704
8732,17,232,1339,6.98338508605957,10.148125608539756,0.001,3.277916431427002
8733,17,233,2327,6.776321887969971,10.137002877320661,0.001,3.788743734359741
8734,17,234,1543,7.2075276374816895,10.130355036994835,0.001,3.062859535217285
8735,17,235,1326,4.3403754234313965,10.11763078860822,0.001,3.1382761001586914
8736,17,236,2270,4.82928991317749,10.084447436184128,0.001,2.981091260910034
8737,17,237,1918,5.179776191711426,10.054121458350027,0.001,3.6158981323242188
8738,17,238,2278,14.828632354736328,10.076442607096322,0.001,2.908688545227051
8739,17,239,2298,7.47599983215332,10.070893822061661,0.001,3.238253355026245
8740,17,240,1481,5.645263195037842,10.050394330642183,0.001,2.9638359546661377
8741,17,241,1921,7.142702579498291,10.037179246048316,0.001,2.9402201175689697
8742,17,242,1777,8.115278244018555,10.028595293621255,0.001,3.7587881088256836
8743,17,243,2203,7.003756523132324,10.010378459386477,0.001,2.986868143081665
8744,17,244,1692,7.081631660461426,9.992947795818727,0.001,2.9819772243499756
8745,17,245,2378,18.865976333618164,10.032944190694787,0.001,2.947214365005493
8746,17,246,1265,5.665714263916016,10.023661660318137,0.001,3.126854181289673
8747,17,247,1914,5.220278739929199,10.01351531102696,0.001,3.6318633556365967
8748,17,248,2243,6.370584487915039,9.992037771310603,0.001,3.1553053855895996
8749,17,249,2192,26.856019973754883,10.021706928645898,0.001,3.088939666748047
8750,17,250,2225,8.037734031677246,10.010144766728468,0.001,3.101821184158325
8751,17,251,1839,5.65515661239624,10.001262911650116,0.001,3.4488706588745117
8752,17,252,2325,5.174797058105469,9.980208295933195,0.001,2.976116895675659
8753,17,253,1675,9.982179641723633,9.980214336863519,0.001,3.0480756759643555
8754,17,254,1797,7.882255554199219,9.975798846225873,0.001,3.0650792121887207
8755,17,255,2448,6.5435638427734375,9.956218140884687,0.001,2.9752166271209717
8756,17,256,1846,11.255620956420898,9.961739127789743,0.001,4.106895685195923
8757,17,257,1617,12.444907188415527,9.975366109275212,0.001,3.096177816390991
8758,17,258,2282,9.954898834228516,9.975324752065124,0.001,2.9699110984802246
8759,17,259,1360,7.626750946044922,9.970713648699354,0.001,3.008845329284668
8760,17,260,2149,6.775865077972412,9.957008452588042,0.001,3.0309770107269287
8761,17,261,1817,6.299363613128662,9.949902014659447,0.001,3.7046709060668945
8762,17,262,1676,8.847431182861328,9.943689104177333,0.001,2.963488817214966
8763,17,263,2335,7.071097373962402,9.937815088447332,0.001,3.161595582962036
8764,17,264,2075,8.11849308013916,9.932482126955001,0.001,3.0647943019866943
8765,17,265,2392,6.863536834716797,9.92324942882929,0.001,3.679865837097168
8766,17,266,2401,7.119786739349365,9.911468729607408,0.001,3.049715280532837
8767,17,267,1864,10.627581596374512,9.912890592276742,0.001,3.024218797683716
8768,17,268,1120,10.624245643615723,9.914886174505593,0.001,3.133589029312134
8769,17,269,2347,6.625289440155029,9.901396399961612,0.001,2.943204641342163
8770,17,270,2235,7.539844512939453,9.888582146773519,0.001,3.5170834064483643
8771,17,271,1502,8.024482727050781,9.878338855072908,0.001,2.9938883781433105
8772,17,272,1626,9.279756546020508,9.877221006233599,0.001,2.7871875762939453
8773,17,273,2425,17.460887908935547,9.907978482283944,0.001,3.1395492553710938
8774,17,274,2443,6.025049686431885,9.892480596522057,0.001,3.036489486694336
8775,17,275,1355,9.513519287109375,9.890954650632862,0.001,3.501615285873413
8776,17,276,1495,11.486859321594238,9.897353263399289,0.001,2.9267842769622803
8777,17,277,2427,14.160050392150879,9.913942522459552,0.001,3.0208942890167236
8778,17,278,2449,10.687470436096191,9.917007624199691,0.001,2.979177713394165
8779,17,279,29,6.747750759124756,9.904589357146692,0.001,3.3142943382263184
8780,17,280,1373,11.1517333984375,9.908441523662924,0.001,3.346911907196045
8781,17,281,2140,7.9831318855285645,9.904997871149627,0.001,2.9228451251983643
8782,17,282,1503,11.024568557739258,9.907883173470116,0.001,3.0320208072662354
8783,17,283,1812,11.549849510192871,9.916507116813445,0.001,2.9328055381774902
8784,17,284,2499,10.611218452453613,9.918438229873232,0.001,3.435826301574707
8785,17,285,1530,6.967532634735107,9.90325297580881,0.001,3.1497464179992676
8786,17,286,1620,21.1232852935791,9.917038431985183,0.001,2.89973521232605
8787,17,287,2216,7.689874649047852,9.913375152510264,0.001,2.956014394760132
8788,17,288,1909,7.316195964813232,9.900298984620305,0.001,3.1026628017425537
8789,17,289,1123,17.013622283935547,9.91966336988533,0.001,4.206183433532715
8790,17,290,1334,5.312152862548828,9.91143576016058,0.001,3.066580295562744
8791,17,291,1575,6.457887649536133,9.898003217501174,0.001,2.9053831100463867
8792,17,292,1809,8.9227876663208,9.89317801129323,0.001,3.1010336875915527
8793,17,293,1306,14.212788581848145,9.914784047900872,0.001,3.6572091579437256
8794,17,294,1274,13.65919303894043,9.92854311333208,0.001,3.4749112129211426
8795,17,295,1807,26.763051986694336,10.011184212098735,0.001,2.956024169921875
8796,17,296,1580,18.878252029418945,10.034700109548796,0.001,3.0378880500793457
8797,17,297,2543,16.04086685180664,10.057105916572732,0.001,3.000762939453125
8798,17,298,2073,8.264898300170898,10.054074089726722,0.001,3.6330389976501465
8799,17,299,1764,11.11479663848877,10.059381288562989,0.001,3.1159160137176514
8800,17,300,1762,5.597334384918213,10.043053762819962,0.001,3.108781337738037
8801,17,301,1182,6.311286926269531,10.02930034577277,0.001,3.0531015396118164
8802,17,302,177,6.771738052368164,10.01760259996838,0.001,3.0390872955322266
8803,17,303,1706,9.754226684570312,10.016650646219658,0.001,3.359203577041626
8804,17,304,2464,17.540082931518555,10.02990750747286,0.001,3.0636541843414307
8805,17,305,2249,13.857929229736328,10.043996142536688,0.001,2.9658608436584473
8806,17,306,2013,6.469266891479492,10.037964609611524,0.001,3.0671513080596924
8807,17,307,2117,11.80429744720459,10.044153835428544,0.001,2.9452083110809326
8808,17,308,1081,14.556293487548828,10.060322164659867,0.001,3.643266201019287
8809,17,309,37,12.8493013381958,10.073491845238916,0.001,3.034942150115967
8810,17,310,2098,14.649391174316406,10.084161576478051,0.001,3.084519624710083
8811,17,311,2537,7.207486152648926,10.073752954558865,0.001,3.239567279815674
8812,17,312,1862,5.395805358886719,10.06587385535397,0.001,3.113288402557373
8813,17,313,2593,9.303245544433594,10.063132000483742,0.001,3.5077106952667236
8814,17,314,1109,23.323530197143555,10.122939770411662,0.001,2.9104928970336914
8815,17,315,1793,17.03964614868164,10.15469305123244,0.001,3.04034686088562
8816,17,316,1363,25.007633209228516,10.20621436890104,0.001,2.9142868518829346
8817,17,317,2452,11.565580368041992,10.210922555552793,0.001,3.6333324909210205
8818,17,318,2297,15.53093147277832,10.229688444003141,0.001,2.954524517059326
8819,17,319,273,20.865877151489258,10.266606711839511,0.001,2.909827470779419
8820,17,320,1690,19.413888931274414,10.281688431556566,0.001,3.0673723220825195
8821,17,321,32,21.682205200195312,10.33459727015656,0.001,3.1128623485565186
8822,17,322,1523,10.95273494720459,10.335604163443387,0.001,3.730715274810791
8823,17,323,2513,8.445018768310547,10.332552906528784,0.001,2.9086735248565674
8824,17,324,266,14.263261795043945,10.350359530110971,0.001,3.0567944049835205
8825,17,325,2569,13.354327201843262,10.357599831748995,0.001,3.018894910812378
8826,17,326,1648,13.804258346557617,10.365890392392831,0.001,2.895925998687744
8827,17,327,1556,15.121173858642578,10.381960653100961,0.001,3.7247772216796875
8828,17,328,2523,12.618306159973145,10.391963843800081,0.001,2.9829018115997314
8829,17,329,2502,9.69040298461914,10.388814382167203,0.001,2.913820505142212
8830,17,330,274,11.453082084655762,10.392294158747342,0.001,3.404707908630371
8831,17,331,2538,7.388573169708252,10.387537425944359,0.001,3.615414619445801
8832,17,332,2660,8.823556900024414,10.380786793995856,0.001,2.9150843620300293
8833,17,333,2617,8.639493942260742,10.373198071645085,0.001,3.0057132244110107
8834,17,334,2272,7.3805131912231445,10.363396953078894,0.001,3.0340325832366943
8835,17,335,2546,6.3287553787231445,10.350318233162023,0.001,2.858656406402588
8836,17,336,2614,10.327313423156738,10.350219224076987,0.001,3.626068115234375
8837,17,337,2435,5.830364227294922,10.343014452255595,0.001,2.918022394180298
8838,17,338,2479,7.984839916229248,10.335630842293662,0.001,2.964731216430664
8839,17,339,254,10.482929229736328,10.336261087984948,0.001,2.986194133758545
8840,17,340,2781,17.154144287109375,10.349990831476696,0.001,2.8563857078552246
8841,17,341,1532,10.038347244262695,10.348667410639907,0.001,3.6250808238983154
8842,17,342,2772,9.64585018157959,10.346429841634201,0.001,2.8702261447906494
8843,17,343,2377,14.671126365661621,10.360147079579175,0.001,3.057265281677246
8844,17,344,1551,10.04085922241211,10.359116970029602,0.001,3.0462048053741455
8845,17,345,2652,6.928969383239746,10.354031822267034,0.001,3.0525097846984863
8846,17,346,1372,8.637267112731934,10.348633719496286,0.001,4.169983863830566
8847,17,347,1480,9.485093116760254,10.347356403915882,0.001,2.8644776344299316
8848,17,348,1149,12.251944541931152,10.353402497894798,0.001,2.9075279235839844
8849,17,349,2460,12.747905731201172,10.356978199857425,0.001,2.9659035205841064
8850,17,350,2147,13.939313888549805,10.372008961481598,0.001,3.2442636489868164
8851,17,351,1093,11.339485168457031,10.37595169376276,0.001,3.39859676361084
8852,17,352,1442,9.64991569519043,10.37436063073017,0.001,3.064124345779419
8853,17,353,190,9.318711280822754,10.369900167482138,0.001,3.017072916030884
8854,17,354,1586,8.759074211120605,10.363231514725266,0.001,2.993757486343384
8855,17,355,2548,8.583053588867188,10.357851401630594,0.001,3.5988166332244873
8856,17,356,1153,6.170522212982178,10.340632600828892,0.001,3.0234906673431396
8857,17,357,2565,12.0125150680542,10.343105700640416,0.001,3.0052335262298584
8858,17,358,2398,15.383524894714355,10.363363422903207,0.001,2.928385019302368
8859,17,359,2343,13.42586612701416,10.369920922251424,0.001,2.9597816467285156
8860,17,360,2767,13.417734146118164,10.379274449403232,0.001,3.612499713897705
8861,17,361,2387,33.461387634277344,10.429160098500825,0.001,2.986175775527954
8862,17,362,1099,8.975686073303223,10.423315228248367,0.001,2.8735008239746094
8863,17,363,2099,6.144468307495117,10.414099608710151,0.001,3.0383031368255615
8864,17,364,2584,6.373505115509033,10.398044940635634,0.001,3.150373697280884
8865,17,365,1324,7.914043426513672,10.38826561843761,0.001,3.6420340538024902
8866,17,366,336,5.636510848999023,10.369345670455186,0.001,2.887408494949341
8867,17,367,2055,5.740346908569336,10.351105442915529,0.001,3.3178184032440186
8868,17,368,1174,7.867532730102539,10.343767471060838,0.001,3.0246341228485107
8869,17,369,2349,10.137247085571289,10.342964157620326,0.001,3.540916681289673
8870,17,370,2694,6.438124179840088,10.33755483226314,0.001,3.2839066982269287
8871,17,371,2413,9.972758293151855,10.336474555545035,0.001,2.9000165462493896
8872,17,372,1117,13.960969924926758,10.347226071319662,0.001,3.0427422523498535
8873,17,373,2603,10.315913200378418,10.347107949733932,0.001,2.949495315551758
8874,17,374,1769,10.155420303344727,10.346361836711882,0.001,3.6956162452697754
8875,17,375,2672,10.374686241149902,10.346471226611063,0.001,3.079406976699829
8876,17,376,2205,7.807322025299072,10.33905762260039,0.001,3.0580341815948486
8877,17,377,2436,14.121516227722168,10.344263180997082,0.001,3.0475118160247803
8878,17,378,1858,13.597932815551758,10.35346348290094,0.001,3.2424862384796143
8879,17,379,2498,13.047173500061035,10.358941489517662,0.001,3.6240291595458984
8880,17,380,2706,9.311688423156738,10.35759151590281,0.001,2.8867878913879395
8881,17,381,2482,11.556473731994629,10.362171164936415,0.001,2.962688446044922
8882,17,382,1541,10.864020347595215,10.362787815565683,0.001,2.9587130546569824
8883,17,383,2341,13.095866203308105,10.373156215681869,0.001,3.183134078979492
8884,17,384,2668,12.668018341064453,10.379692783910505,0.001,3.442457914352417
8885,17,385,1250,8.798705101013184,10.377600522490692,0.001,3.1087937355041504
8886,17,386,2202,10.22093391418457,10.377011251834839,0.001,3.003920555114746
8887,17,387,2071,17.7287654876709,10.391584496157261,0.001,3.164376974105835
8888,17,388,2293,8.03420352935791,10.384855516541208,0.001,3.3535165786743164
8889,17,389,2399,7.468550682067871,10.381389632154443,0.001,2.8935670852661133
8890,17,390,2547,26.895051956176758,10.427392363938853,0.001,3.0501139163970947
8891,17,391,2188,28.129741668701172,10.476023650421798,0.001,2.8386757373809814
8892,17,392,407,7.397732734680176,10.467521618207394,0.001,2.9820592403411865
8893,17,393,1090,11.030489921569824,10.468614807640328,0.001,3.602607488632202
8894,17,394,2673,17.045866012573242,10.486972386944622,0.001,2.8744008541107178
8895,17,395,2929,13.46926498413086,10.495154691572763,0.001,2.9963274002075195
8896,17,396,2834,7.074831962585449,10.482650066098444,0.001,2.88887619972229
8897,17,397,1679,7.398385047912598,10.476521125452036,0.001,3.017313003540039
8898,17,398,1945,8.106900215148926,10.46793154647944,0.001,3.757366180419922
8899,17,399,2163,8.648453712463379,10.462874289481963,0.001,3.1320204734802246
8900,17,400,2601,12.569226264953613,10.470323368282527,0.001,2.826453924179077
8901,17,401,469,7.808140754699707,10.460810371014338,0.001,2.8978583812713623
8902,17,402,1441,18.25152015686035,10.471000633616356,0.001,2.9148449897766113
8903,17,403,1302,21.803049087524414,10.508842814419522,0.001,3.6150295734405518
8904,17,404,2832,8.400971412658691,10.501703658795014,0.001,3.4885611534118652
8905,17,405,1482,4.901570796966553,10.494686835570608,0.001,2.9487740993499756
8906,17,406,1791,7.587808609008789,10.489247716007295,0.001,3.10429310798645
8907,17,407,2861,10.215492248535156,10.488516784402375,0.001,3.558922529220581
8908,17,408,2060,25.396642684936523,10.528171821916928,0.001,3.278189182281494
8909,17,409,2219,7.813014984130859,10.524964406970065,0.001,2.953303813934326
8910,17,410,350,10.042562484741211,10.523684379276995,0.001,3.0669748783111572
8911,17,411,361,12.696027755737305,10.530924526029562,0.001,3.0011603832244873
8912,17,412,1735,5.2339091300964355,10.524247078198435,0.001,3.4362943172454834
8913,17,413,2789,12.500513076782227,10.529398489298877,0.001,2.937849998474121
8914,17,414,2113,11.937505722045898,10.533121760786,0.001,3.1557798385620117
8915,17,415,1092,16.076730728149414,10.552375585371832,0.001,2.961076259613037
8916,17,416,2095,10.045716285705566,10.550658485010986,0.001,3.266895294189453
8917,17,417,2654,8.669657707214355,10.544155212364828,0.001,3.8753015995025635
8918,17,418,2152,14.982734680175781,10.555476393499783,0.001,3.067985773086548
8919,17,419,2563,8.386637687683105,10.551481395700687,0.001,2.830267906188965
8920,17,420,2328,5.219218730926514,10.5415859429713,0.001,3.065096855163574
8921,17,421,2669,8.577577590942383,10.539156774931286,0.001,2.885812282562256
8922,17,422,1569,24.433595657348633,10.57490604062905,0.001,3.7315239906311035
8923,17,423,1394,16.487640380859375,10.589983449234424,0.001,2.8642189502716064
8924,17,424,1383,7.984377384185791,10.58517279658748,0.001,3.027487277984619
8925,17,425,441,9.333130836486816,10.581999397905943,0.001,3.093888998031616
8926,17,426,2511,17.767276763916016,10.595166832314975,0.001,3.3833649158477783
8927,17,427,1470,9.377141952514648,10.592167662145552,0.001,3.1317479610443115
8928,17,428,1925,5.890722751617432,10.58657184772472,0.001,2.9221291542053223
8929,17,429,2476,6.268930435180664,10.581366109864367,0.001,3.049804925918579
8930,17,430,601,16.954740524291992,10.602709989016208,0.001,2.8698039054870605
8931,17,431,1342,13.88205623626709,10.610780685261123,0.001,3.789461851119995
8932,17,432,2174,12.020102500915527,10.615346706325317,0.001,3.0489838123321533
8933,17,433,436,11.0349760055542,10.616081532533363,0.001,3.0936853885650635
8934,17,434,405,6.60840368270874,10.608789436853783,0.001,3.149754285812378
8935,17,435,1473,7.606569766998291,10.604143592425315,0.001,2.985377311706543
8936,17,436,1105,7.111422538757324,10.599846793916363,0.001,3.5408525466918945
8937,17,437,1118,12.173298835754395,10.603729279426876,0.001,3.0108819007873535
8938,17,438,1844,17.784860610961914,10.611253005640176,0.001,2.907377004623413
8939,17,439,2682,12.997780799865723,10.619210469318265,0.001,3.0497984886169434
8940,17,440,256,10.02737045288086,10.61818197518266,0.001,2.9877676963806152
8941,17,441,372,9.191048622131348,10.616714474792852,0.001,3.922126054763794
8942,17,442,448,10.817398071289062,10.617218224340771,0.001,2.854079008102417
8943,17,443,2432,8.058248519897461,10.61419930215229,0.001,2.999586820602417
8944,17,444,2241,6.827051162719727,10.601709911939203,0.001,2.937167167663574
8945,17,445,2610,9.338167190551758,10.600238808577616,0.001,3.5148086547851562
8946,17,446,446,8.705337524414062,10.595663362696646,0.001,3.142714738845825
8947,17,447,2535,9.696284294128418,10.594623031221593,0.001,3.0717945098876953
8948,17,448,2906,10.36181354522705,10.594060373580714,0.001,3.0529468059539795
8949,17,449,1900,20.127954483032227,10.605332349692214,0.001,2.8985908031463623
8950,17,450,1161,10.142945289611816,10.604830908615092,0.001,3.483297824859619
8951,17,451,272,8.606677055358887,10.601362579001266,0.001,2.989741086959839
8952,17,452,680,7.8284406661987305,10.598209119050052,0.001,2.901062250137329
8953,17,453,1848,6.3252105712890625,10.584457890483916,0.001,2.953773260116577
8954,17,454,2204,5.517403602600098,10.568507692064255,0.001,2.965268850326538
8955,17,455,2505,7.292862415313721,10.564690115020635,0.001,3.5155985355377197
8956,17,456,56,4.951635360717773,10.55128248761504,0.001,3.0812535285949707
8957,17,457,392,8.238842964172363,10.544008968971356,0.001,2.836993932723999
8958,17,458,2462,11.027470588684082,10.54555967407418,0.001,3.0006346702575684
8959,17,459,2157,9.927440643310547,10.543609840012076,0.001,2.906179904937744
8960,17,460,461,9.896698951721191,10.541593429568202,0.001,4.079333066940308
8961,17,461,1902,14.624526977539062,10.55121698196421,0.001,3.0107555389404297
8962,17,462,325,16.588653564453125,10.565342837594073,0.001,3.0108377933502197
8963,17,463,803,15.787908554077148,10.571020289954133,0.001,2.8930327892303467
8964,17,464,1310,7.241184234619141,10.560585773448015,0.001,3.1489148139953613
8965,17,465,771,8.447304725646973,10.555687327842833,0.001,3.413578748703003
8966,17,466,2494,16.55206298828125,10.569527190722516,0.001,3.0569968223571777
8967,17,467,378,14.323674201965332,10.581144850201467,0.001,2.944387912750244
8968,17,468,68,8.916631698608398,10.578336999683406,0.001,2.9678826332092285
8969,17,469,175,7.1165995597839355,10.572500574138264,0.001,3.5404698848724365
8970,17,470,2590,15.66525650024414,10.580640086257329,0.001,3.032660484313965
8971,17,471,490,6.572554111480713,10.576149865035585,0.001,3.059891700744629
8972,17,472,814,7.119894027709961,10.572255558593534,0.001,2.8691487312316895
8973,17,473,717,7.374419212341309,10.562471003817516,0.001,3.0817322731018066
8974,17,474,2406,12.447278022766113,10.568278052857888,0.001,3.7081286907196045
8975,17,475,2564,8.991745948791504,10.564739998945823,0.001,2.9462709426879883
8976,17,476,519,7.072896480560303,10.554091834553962,0.001,2.9204001426696777
8977,17,477,727,12.091390609741211,10.55573314061057,0.001,2.978645086288452
8978,17,478,363,5.458982467651367,10.550245716354915,0.001,3.3341360092163086
8979,17,479,514,11.346282005310059,10.551553372882259,0.001,3.5027456283569336
8980,17,480,98,5.912323474884033,10.537499598736488,0.001,2.811554431915283
8981,17,481,694,7.752636909484863,10.529139462945002,0.001,2.995922565460205
8982,17,482,788,13.088019371032715,10.536830217636078,0.001,2.8930892944335938
8983,17,483,2595,6.785366058349609,10.532850157438084,0.001,3.037714719772339
8984,17,484,401,13.225626945495605,10.538889483650664,0.001,3.2567083835601807
8985,17,485,616,7.189891338348389,10.52901002044178,0.001,3.066895008087158
8986,17,486,789,11.125267028808594,10.53033445743242,0.001,3.008880138397217
8987,17,487,1585,13.962319374084473,10.54037900476159,0.001,3.007068157196045
8988,17,488,1457,11.798858642578125,10.54406081776195,0.001,3.40535569190979
8989,17,489,2172,5.87176513671875,10.533558750400312,0.001,3.0602786540985107
8990,17,490,2522,12.430628776550293,10.537703752181274,0.001,3.073671817779541
8991,17,491,2294,7.153319358825684,10.534267216115522,0.001,3.1153783798217773
8992,17,492,1155,5.540504455566406,10.528941128170578,0.001,2.9309473037719727
8993,17,493,834,6.591558456420898,10.517436148637199,0.001,3.774792194366455
8994,17,494,2455,7.331090927124023,10.514035706176953,0.001,2.9452884197235107
8995,17,495,972,6.558887004852295,10.50554440164651,0.001,3.0189409255981445
8996,17,496,94,8.36674976348877,10.499681061470183,0.001,2.996595859527588
8997,17,497,340,6.594139099121094,10.49115714355235,0.001,2.979801893234253
8998,17,498,852,11.599263191223145,10.493539501246401,0.001,3.488119602203369
8999,17,499,851,7.13509464263916,10.48361383331809,0.001,2.92448353767395
9000,18,0,719,10.657097816467285,10.657097816467285,0.001,2.900947332382202
9001,18,1,1397,8.975160598754883,9.811756450701473,0.001,2.9736905097961426
9002,18,2,2080,8.903837203979492,9.509116701794147,0.001,2.824276924133301
9003,18,3,2221,9.241933822631836,9.455136182060757,0.001,3.121879816055298
9004,18,4,77,10.701667785644531,9.663504070827893,0.001,3.9485864639282227
9005,18,5,1768,8.453471183776855,9.575802541920263,0.001,2.9401779174804688
9006,18,6,801,8.073692321777344,9.431650100766074,0.001,3.1877880096435547
9007,18,7,1596,12.67223834991455,9.717073953037467,0.001,3.0126097202301025
9008,18,8,787,12.569785118103027,9.880957539261928,0.001,3.2507693767547607
9009,18,9,2909,12.774703979492188,10.191102915093776,0.001,3.190723180770874
9010,18,10,710,10.296077728271484,10.20113509899331,0.001,3.1554901599884033
9011,18,11,916,9.217005729675293,10.157361274782183,0.001,2.8311350345611572
9012,18,12,2184,20.380836486816406,10.79196755356437,0.001,3.0175564289093018
9013,18,13,2533,6.920786380767822,10.563736039566303,0.001,3.5705692768096924
9014,18,14,1264,12.033498764038086,10.619350239006147,0.001,3.362034797668457
9015,18,15,447,12.123417854309082,10.673822814693013,0.001,2.8548171520233154
9016,18,16,1317,18.337709426879883,10.938089415902907,0.001,3.078073024749756
9017,18,17,60,16.507949829101562,11.211756797005775,0.001,3.1683216094970703
9018,18,18,951,16.91673469543457,11.578948014037572,0.001,3.6683194637298584
9019,18,19,64,7.778445720672607,11.464153484404992,0.001,2.998720407485962
9020,18,20,1113,11.92663860321045,11.499755650897145,0.001,3.0453734397888184
9021,18,21,1766,29.157310485839844,11.839597888876131,0.001,3.0632238388061523
9022,18,22,2450,11.11015796661377,11.801174680038928,0.001,3.023008108139038
9023,18,23,832,15.715551376342773,12.061275430866054,0.001,3.6153199672698975
9024,18,24,2923,10.968398094177246,12.024610815829131,0.001,2.801165819168091
9025,18,25,2619,8.352773666381836,11.91189395449726,0.001,3.0474965572357178
9026,18,26,956,12.069598197937012,11.921151797486386,0.001,3.0506551265716553
9027,18,27,962,14.828594207763672,12.010843056312261,0.001,3.4223761558532715
9028,18,28,991,15.875834465026855,12.086435376710043,0.001,3.338454484939575
9029,18,29,682,29.32040786743164,12.994060522370887,0.001,3.0338947772979736
9030,18,30,73,29.36294174194336,13.30215714623858,0.001,2.975231409072876
9031,18,31,986,20.537857055664062,13.578319061063484,0.001,2.894054412841797
9032,18,32,453,11.106185913085938,13.514312592895063,0.001,3.5256855487823486
9033,18,33,2223,11.216300010681152,13.406785714479847,0.001,3.1143503189086914
9034,18,34,2233,10.340924263000488,13.33263112737681,0.001,2.9920871257781982
9035,18,35,743,8.141914367675781,13.25043508003289,0.001,2.8808019161224365
9036,18,36,1700,19.18880271911621,13.39654035272767,0.001,2.971989631652832
9037,18,37,455,24.254201889038086,13.524429385303618,0.001,3.430950880050659
9038,18,38,2585,10.394501686096191,13.428424026327562,0.001,2.8559794425964355
9039,18,39,2794,6.182217121124268,13.320811102273817,0.001,2.9540390968322754
9040,18,40,1460,12.316605567932129,13.299097910817904,0.001,3.1033053398132324
9041,18,41,759,10.953326225280762,13.231142301186642,0.001,2.8738772869110107
9042,18,42,2911,30.119102478027344,13.44635363384308,0.001,3.250792980194092
9043,18,43,2613,10.094894409179688,13.353370699495086,0.001,3.113821029663086
9044,18,44,2871,8.525213241577148,13.179953579860328,0.001,2.9696784019470215
9045,18,45,1548,12.883742332458496,13.172439006705863,0.001,2.9382383823394775
9046,18,46,69,19.886892318725586,13.402678593079624,0.001,2.912538766860962
9047,18,47,607,8.455611228942871,13.345614176601567,0.001,3.547574043273926
9048,18,48,863,20.751720428466797,13.528907482840454,0.001,2.9371554851531982
9049,18,49,977,8.92993450164795,13.451889333742535,0.001,2.9938108921051025
9050,18,50,1484,6.879194259643555,13.29532343995388,0.001,2.9610447883605957
9051,18,51,685,8.287353515625,13.181449552510399,0.001,3.5192549228668213
9052,18,52,770,9.904873847961426,13.106567105756243,0.001,3.1205248832702637
9053,18,53,2930,8.373943328857422,13.057451138683488,0.001,3.1619110107421875
9054,18,54,873,7.849094390869141,13.009259800350025,0.001,3.0574488639831543
9055,18,55,966,10.51236343383789,12.971244999934727,0.001,3.0014407634735107
9056,18,56,1576,5.577401638031006,12.89664453719429,0.001,3.6235697269439697
9057,18,57,488,13.313640594482422,12.908169553853007,0.001,3.0093252658843994
9058,18,58,2007,16.307031631469727,12.97748802910843,0.001,3.036160469055176
9059,18,59,2534,6.421149730682373,12.913273959133878,0.001,3.0695292949676514
9060,18,60,2552,7.52011251449585,12.8069563509375,0.001,2.9069137573242188
9061,18,61,989,8.300302505493164,12.719182249052151,0.001,3.5709950923919678
9062,18,62,2845,9.072254180908203,12.626791468151502,0.001,2.940217971801758
9063,18,63,2782,7.563586711883545,12.500258533682766,0.001,2.9629292488098145
9064,18,64,990,11.51234245300293,12.4818523418626,0.001,2.9704346656799316
9065,18,65,742,9.476072311401367,12.410307448221243,0.001,3.029550790786743
9066,18,66,2229,12.241416931152344,12.40847379821573,0.001,3.351318120956421
9067,18,67,1686,8.529891014099121,12.319820052441935,0.001,2.9906094074249268
9068,18,68,778,9.414566040039062,12.271151059969146,0.001,2.885373830795288
9069,18,69,2197,17.63510513305664,12.359674591236113,0.001,3.053819179534912
9070,18,70,2709,20.292110443115234,12.421157007865595,0.001,2.9106404781341553
9071,18,71,1259,6.324303150177002,12.351677981711603,0.001,3.6352996826171875
9072,18,72,2422,6.903255939483643,12.309686100188376,0.001,3.0215706825256348
9073,18,73,74,5.968950271606445,12.26189524773085,0.001,2.9699583053588867
9074,18,74,2340,11.208735466003418,12.245624135974744,0.001,3.0308291912078857
9075,18,75,2070,11.694260597229004,12.234273808253054,0.001,3.1780920028686523
9076,18,76,2067,8.921053886413574,12.197206536105192,0.001,3.408121109008789
9077,18,77,2793,8.154008865356445,12.115038172605177,0.001,2.9687116146087646
9078,18,78,507,42.28631591796875,12.264366737953141,0.001,2.9683642387390137
9079,18,79,699,9.127580642700195,12.218980109474485,0.001,2.817103624343872
9080,18,80,390,5.5735297203063965,12.151676620919638,0.001,3.22419810295105
9081,18,81,523,14.08530044555664,12.18880497084924,0.001,3.166062831878662
9082,18,82,2588,7.136428356170654,12.093387335688394,0.001,2.9733433723449707
9083,18,83,2101,10.654541969299316,12.066793251375573,0.001,3.0168111324310303
9084,18,84,1434,10.54747486114502,12.04690074264382,0.001,3.073298692703247
9085,18,85,1263,5.327365875244141,11.957110868890977,0.001,3.5946943759918213
9086,18,86,377,6.456244945526123,11.905017023121404,0.001,3.0117814540863037
9087,18,87,2040,5.57265567779541,11.793679105136045,0.001,3.0236926078796387
9088,18,88,2901,8.801187515258789,11.765475696027043,0.001,3.25262451171875
9089,18,89,861,9.493894577026367,11.744716085170019,0.001,3.0085113048553467
9090,18,90,2034,6.9953107833862305,11.666305777607102,0.001,3.486769437789917
9091,18,91,1737,9.433207511901855,11.630484629017266,0.001,2.900752544403076
9092,18,92,374,5.7072601318359375,11.534930904682971,0.001,3.0039515495300293
9093,18,93,2144,5.568240642547607,11.50089989219286,0.001,3.032259941101074
9094,18,94,774,6.896866798400879,11.44579976004519,0.001,2.900989532470703
9095,18,95,434,11.729864120483398,11.44725654387369,0.001,3.500825881958008
9096,18,96,919,10.317968368530273,11.42934995559747,0.001,2.9979076385498047
9097,18,97,2763,7.6024956703186035,11.40828953872474,0.001,3.000802516937256
9098,18,98,459,6.165602207183838,11.379612094749971,0.001,2.9231905937194824
9099,18,99,1896,8.547049522399902,11.347419873861588,0.001,3.209332227706909
9100,18,100,432,13.673515319824219,11.373246601679387,0.001,3.601990222930908
9101,18,101,1313,8.455045700073242,11.331666536770902,0.001,3.0618927478790283
9102,18,102,367,12.555785179138184,11.341223256800257,0.001,2.9296607971191406
9103,18,103,1938,10.705747604370117,11.338008071790929,0.001,2.9331958293914795
9104,18,104,1554,10.204217910766602,11.332014262777202,0.001,3.962019681930542
9105,18,105,1878,7.3064165115356445,11.301137007326004,0.001,3.026484727859497
9106,18,106,2692,10.997802734375,11.296807781913357,0.001,2.917557954788208
9107,18,107,706,8.229594230651855,11.280983102070078,0.001,2.907320976257324
9108,18,108,773,6.949832439422607,11.235296746511777,0.001,3.051196336746216
9109,18,109,721,6.675755023956299,11.201758947511005,0.001,3.4779417514801025
9110,18,110,2927,40.245201110839844,11.326748402424464,0.001,2.9411942958831787
9111,18,111,250,19.757844924926758,11.368515507108556,0.001,2.961350440979004
9112,18,112,689,20.99310874938965,11.439081786711409,0.001,3.1297571659088135
9113,18,113,67,12.450736045837402,11.449402116973003,0.001,2.9365196228027344
9114,18,114,2758,7.515697002410889,11.409886264070769,0.001,3.543247699737549
9115,18,115,1089,8.186877250671387,11.367155468218726,0.001,3.0128729343414307
9116,18,116,403,6.112726211547852,11.330414148107565,0.001,3.026923656463623
9117,18,117,492,12.064881324768066,11.339987623318422,0.001,3.1019835472106934
9118,18,118,686,6.979053497314453,11.296935455430287,0.001,3.112297534942627
9119,18,119,2529,8.068587303161621,11.265333324808939,0.001,3.442566156387329
9120,18,120,1682,17.097692489624023,11.320467058205352,0.001,2.9861881732940674
9121,18,121,264,8.448942184448242,11.293338022943805,0.001,3.0680551528930664
9122,18,122,2874,7.714527130126953,11.260717648731577,0.001,3.069509744644165
9123,18,123,1181,8.437826156616211,11.235306149374983,0.001,3.5342228412628174
9124,18,124,2864,7.742020606994629,11.212218753104803,0.001,2.9942376613616943
9125,18,125,961,7.515834331512451,11.167838059669446,0.001,3.4489502906799316
9126,18,126,1540,6.364274978637695,11.147078180607782,0.001,2.9630141258239746
9127,18,127,954,11.630760192871094,11.149141461725938,0.001,2.9966588020324707
9128,18,128,1519,19.503732681274414,11.22478932272436,0.001,3.2987735271453857
9129,18,129,468,10.351669311523438,11.21466098587332,0.001,3.0630850791931152
9130,18,130,858,14.17245101928711,11.225830773216915,0.001,3.0251083374023438
9131,18,131,1365,9.533411026000977,11.21878684628139,0.001,2.9645259380340576
9132,18,132,481,9.012046813964844,11.199730240644412,0.001,2.854012966156006
9133,18,133,728,8.777634620666504,11.178918346780861,0.001,3.6271581649780273
9134,18,134,913,7.984866142272949,11.159571264728463,0.001,2.932098627090454
9135,18,135,424,10.865838050842285,11.15788209783908,0.001,3.0957047939300537
9136,18,136,518,7.984423637390137,11.14508276282748,0.001,3.048144817352295
9137,18,137,1311,9.317069053649902,11.124813234249896,0.001,3.02522873878479
9138,18,138,344,6.487353801727295,11.106422219218869,0.001,3.4336228370666504
9139,18,139,1549,9.162958145141602,11.094633663485565,0.001,3.130326986312866
9140,18,140,811,11.803650856018066,11.097206682186917,0.001,2.909372568130493
9141,18,141,496,18.63557243347168,11.15609372653089,0.001,2.818805456161499
9142,18,142,808,13.55444049835205,11.175344826361862,0.001,3.1571543216705322
9143,18,143,1395,5.681278705596924,11.153906377634083,0.001,3.3114497661590576
9144,18,144,376,9.965510368347168,11.149292457906114,0.001,3.1248323917388916
9145,18,145,388,6.227346897125244,11.131319203237407,0.001,3.099168062210083
9146,18,146,471,5.126587390899658,11.068547625167698,0.001,3.061882972717285
9147,18,147,2274,6.251043319702148,11.031401153905259,0.001,3.6944658756256104
9148,18,148,2583,6.954127311706543,10.9993754301851,0.001,2.969581365585327
9149,18,149,521,4.917900085449219,10.976989922538467,0.001,2.939830780029297
9150,18,150,2510,7.511734962463379,10.941767282197812,0.001,3.086733818054199
9151,18,151,915,7.309345722198486,10.928990684910366,0.001,2.9374773502349854
9152,18,152,2750,10.066707611083984,10.925882299285135,0.001,3.601325750350952
9153,18,153,2775,10.16676139831543,10.920207814166712,0.001,2.8492491245269775
9154,18,154,827,12.498638153076172,10.927281998733582,0.001,2.915010452270508
9155,18,155,1915,5.161814212799072,10.896714151705137,0.001,2.9786689281463623
9156,18,156,693,5.299914836883545,10.841032168327759,0.001,2.995211601257324
9157,18,157,705,4.568222522735596,10.778551009565032,0.001,3.5870840549468994
9158,18,158,382,8.472090721130371,10.770728757791115,0.001,2.9433059692382812
9159,18,159,368,5.836089134216309,10.733632230074551,0.001,3.15210223197937
9160,18,160,28,5.014780044555664,10.713986138892864,0.001,3.1490612030029297
9161,18,161,2608,7.231409072875977,10.680007871345424,0.001,3.176013708114624
9162,18,162,981,6.723786354064941,10.6517490338027,0.001,3.675368547439575
9163,18,163,408,5.057345867156982,10.623692427411923,0.001,3.0378334522247314
9164,18,164,864,11.596968650817871,10.626793396860341,0.001,3.0133302211761475
9165,18,165,38,6.657922267913818,10.606702323772927,0.001,2.967982769012451
9166,18,166,2458,6.704453945159912,10.579540678589387,0.001,3.3807454109191895
9167,18,167,2580,11.246196746826172,10.585555556657207,0.001,3.142557382583618
9168,18,168,819,7.543696403503418,10.564549370388525,0.001,3.0204131603240967
9169,18,169,2720,7.1403889656066895,10.554215712346913,0.001,2.966981887817383
9170,18,170,611,7.567194938659668,10.539911723655212,0.001,2.891139507293701
9171,18,171,337,10.43217658996582,10.539439108911912,0.001,3.608635902404785
9172,18,172,1756,9.885659217834473,10.53510224421932,0.001,2.967536449432373
9173,18,173,2596,7.971306324005127,10.522821145061984,0.001,2.8799779415130615
9174,18,174,2008,9.47764778137207,10.519841763317487,0.001,2.9518260955810547
9175,18,175,2191,12.888964653015137,10.531362798153062,0.001,3.0054140090942383
9176,18,176,1439,9.014578819274902,10.518183823555185,0.001,3.6560089588165283
9177,18,177,522,5.656557083129883,10.475610654924685,0.001,2.9438750743865967
9178,18,178,695,6.276111125946045,10.448069355113722,0.001,3.087181329727173
9179,18,179,400,12.266200065612793,10.455603336346734,0.001,3.0031943321228027
9180,18,180,1333,12.545050621032715,10.469075363665864,0.001,3.034327268600464
9181,18,181,458,20.540966033935547,10.500695311071816,0.001,3.625509023666382
9182,18,182,342,9.853066444396973,10.495118307111285,0.001,3.0038464069366455
9183,18,183,870,8.027253150939941,10.483941120976198,0.001,2.9012088775634766
9184,18,184,904,24.589725494384766,10.54012779793183,0.001,3.0399088859558105
9185,18,185,2722,14.400574684143066,10.550802381484775,0.001,3.1724812984466553
9186,18,186,2066,6.82276725769043,10.519983489013722,0.001,3.22245717048645
9187,18,187,1098,8.439423561096191,10.510667183260212,0.001,2.9053690433502197
9188,18,188,2784,7.13330602645874,10.48282866489828,0.001,2.926276206970215
9189,18,189,920,5.786341667175293,10.444084291522442,0.001,3.014591932296753
9190,18,190,65,6.235552787780762,10.431601964951922,0.001,3.514606237411499
9191,18,191,1951,8.172418594360352,10.417911886428392,0.001,2.7994272708892822
9192,18,192,1344,8.667008399963379,10.407476757898907,0.001,2.9219582080841064
9193,18,193,825,16.034299850463867,10.423138135382343,0.001,2.9685614109039307
9194,18,194,707,6.921647548675537,10.413798193108164,0.001,2.8867955207824707
9195,18,195,914,11.279605865478516,10.4189270875933,0.001,3.4711241722106934
9196,18,196,383,11.577144622802734,10.427753723707754,0.001,2.922304153442383
9197,18,197,1777,8.57615852355957,10.417049932591492,0.001,2.888183355331421
9198,18,198,1480,7.881805896759033,10.410096006845443,0.001,2.8628125190734863
9199,18,199,1586,5.074585437774658,10.368487418727584,0.001,3.2449779510498047
9200,18,200,1394,15.557079315185547,10.398429622002912,0.001,3.4899814128875732
9201,18,201,1502,9.326150894165039,10.390125340919603,0.001,3.0937254428863525
9202,18,202,1174,8.961081504821777,10.38196426798465,0.001,2.9380831718444824
9203,18,203,1570,15.518500328063965,10.396005146872026,0.001,2.8601248264312744
9204,18,204,1460,11.360454559326172,10.399916998086168,0.001,2.9476068019866943
9205,18,205,1310,8.153592109680176,10.383017443026429,0.001,3.391554355621338
9206,18,206,1361,20.087770462036133,10.408866261074968,0.001,2.9567997455596924
9207,18,207,1343,13.750694274902344,10.417177530230447,0.001,2.961061477661133
9208,18,208,1434,13.359600067138672,10.432952601807074,0.001,2.917696952819824
9209,18,209,1097,9.978731155395508,10.431787632541536,0.001,2.9294636249542236
9210,18,210,1642,9.443903923034668,10.426422727837213,0.001,3.4437801837921143
9211,18,211,1262,9.510634422302246,10.424061829723085,0.001,2.948737144470215
9212,18,212,1699,13.809013366699219,10.436964477770537,0.001,2.908740758895874
9213,18,213,1126,12.705961227416992,10.453455160061278,0.001,2.920595169067383
9214,18,214,1182,8.323521614074707,10.441847393793406,0.001,2.9332425594329834
9215,18,215,1548,11.286741256713867,10.446212594228632,0.001,3.447296619415283
9216,18,216,1523,13.68740177154541,10.454508284299447,0.001,2.9009127616882324
9217,18,217,1580,19.8057918548584,10.49011952664913,0.001,2.82831072807312
9218,18,218,1569,24.20919418334961,10.563489220113263,0.001,3.0272750854492188
9219,18,219,1083,9.4276123046875,10.555694516176668,0.001,2.960552930831909
9220,18,220,1554,9.475439071655273,10.552950463122745,0.001,3.5741403102874756
9221,18,221,1557,6.965520858764648,10.527797885192255,0.001,3.0147902965545654
9222,18,222,1120,8.912813186645508,10.522076541989733,0.001,2.8384947776794434
9223,18,223,1105,7.626341342926025,10.51462386859188,0.001,2.8813858032226562
9224,18,224,1399,18.553409576416016,10.57074866164791,0.001,3.016026258468628
9225,18,225,1532,9.815921783447266,10.565623455873203,0.001,3.704648017883301
9226,18,226,2060,25.57909393310547,10.642583736391343,0.001,3.0146496295928955
9227,18,227,1439,10.422411918640137,10.64111663163634,0.001,3.0983898639678955
9228,18,228,1627,17.331510543823242,10.675104619899527,0.001,3.0185563564300537
9229,18,229,2034,9.301475524902344,10.666075135018666,0.001,3.370805025100708
9230,18,230,1556,6.786257743835449,10.646668202248028,0.001,3.1438112258911133
9231,18,231,1118,8.933235168457031,10.638210964581276,0.001,2.991974115371704
9232,18,232,1900,17.629825592041016,10.655081657841084,0.001,2.9732930660247803
9233,18,233,2075,7.744393348693848,10.645013104509555,0.001,3.0688283443450928
9234,18,234,1636,6.709375381469727,10.619264088014791,0.001,3.484402894973755
9235,18,235,1519,19.464370727539062,10.663142023811437,0.001,2.9523768424987793
9236,18,236,1081,13.804756164550781,10.678391794090963,0.001,3.3960089683532715
9237,18,237,1649,12.80518913269043,10.688674198137793,0.001,2.945619821548462
9238,18,238,1845,8.99398422241211,10.685012023749328,0.001,3.0223801136016846
9239,18,239,1568,10.647554397583008,10.684833880838662,0.001,3.4627652168273926
9240,18,240,2008,17.18926429748535,10.698074283870719,0.001,2.887226104736328
9241,18,241,1493,10.007351875305176,10.693689782376085,0.001,2.97579288482666
9242,18,242,1264,12.328329086303711,10.697448965313502,0.001,2.9891459941864014
9243,18,243,1317,10.39339828491211,10.696765753138717,0.001,2.9870476722717285
9244,18,244,1690,7.071929454803467,10.68855794275081,0.001,3.4542484283447266
9245,18,245,2181,9.673521041870117,10.686275402985261,0.001,2.896444082260132
9246,18,246,1823,11.60367202758789,10.69212552672197,0.001,3.161553144454956
9247,18,247,1797,6.829231262207031,10.683363003987637,0.001,2.85455322265625
9248,18,248,1938,7.245528697967529,10.67601019813454,0.001,2.9655380249023438
9249,18,249,2152,16.25555992126465,10.701615122479183,0.001,3.5747532844543457
9250,18,250,1809,11.028261184692383,10.703583826102925,0.001,3.173715353012085
9251,18,251,1543,7.747976303100586,10.69701717427813,0.001,2.8997578620910645
9252,18,252,2203,6.511463165283203,10.671456196932391,0.001,3.146350383758545
9253,18,253,1265,8.099136352539062,10.665853839397125,0.001,3.7315967082977295
9254,18,254,1370,20.6072998046875,10.711276162896967,0.001,2.909003496170044
9255,18,255,1506,5.942837715148926,10.701519825662114,0.001,3.020946502685547
9256,18,256,1540,6.317505359649658,10.692016640497897,0.001,2.882580280303955
9257,18,257,2216,8.418451309204102,10.687638566446397,0.001,2.9267148971557617
9258,18,258,1768,10.544731140136719,10.687334170519785,0.001,3.8895137310028076
9259,18,259,1945,9.933486938476562,10.682833775442983,0.001,2.947453737258911
9260,18,260,1693,14.804987907409668,10.707189803364153,0.001,2.993025064468384
9261,18,261,1925,8.324495315551758,10.702205864694243,0.001,2.867474317550659
9262,18,262,2270,7.170248985290527,10.681204518233313,0.001,2.944573402404785
9263,18,263,1313,11.006684303283691,10.68302780492917,0.001,3.7450978755950928
9264,18,264,178,10.172697067260742,10.680852415270556,0.001,3.0201640129089355
9265,18,265,2166,13.542853355407715,10.68970708031404,0.001,3.0031189918518066
9266,18,266,1527,23.183670043945312,10.74353912679742,0.001,2.9528980255126953
9267,18,267,1878,9.27718448638916,10.739067573478202,0.001,3.1544008255004883
9268,18,268,1794,8.456968307495117,10.729413179133758,0.001,3.3706419467926025
9269,18,269,1306,9.565693855285645,10.72279326426606,0.001,3.0121302604675293
9270,18,270,1676,9.350184440612793,10.714948192554914,0.001,3.095961332321167
9271,18,271,1858,13.38456916809082,10.726136224380566,0.001,2.9779574871063232
9272,18,272,1149,16.439577102661133,10.750469636986455,0.001,3.4380667209625244
9273,18,273,1259,10.435474395751953,10.749542887807939,0.001,3.468156576156616
9274,18,274,1463,10.882834434509277,10.749775023305684,0.001,2.8765029907226562
9275,18,275,1311,5.5474138259887695,10.720883863049636,0.001,2.9705727100372314
9276,18,276,1442,14.487652778625488,10.731944970609646,0.001,2.9578697681427
9277,18,277,1571,8.966195106506348,10.722227654115507,0.001,3.6403141021728516
9278,18,278,1342,9.025171279907227,10.715358000665008,0.001,3.0137577056884766
9279,18,279,1692,9.477245330810547,10.708608962175731,0.001,3.035762310028076
9280,18,280,2328,8.39876937866211,10.701778416476973,0.001,3.0262539386749268
9281,18,281,1915,11.31616497039795,10.703548763284779,0.001,2.974504232406616
9282,18,282,1714,11.282510757446289,10.705841754847532,0.001,3.671417713165283
9283,18,283,2343,5.620547294616699,10.691317006051845,0.001,2.972144365310669
9284,18,284,2229,13.47929573059082,10.698273224312242,0.001,2.9610023498535156
9285,18,285,1395,6.8694987297058105,10.690802495250129,0.001,2.9094083309173584
9286,18,286,1879,9.022021293640137,10.685928810243116,0.001,3.010958671569824
9287,18,287,2272,7.2183427810668945,10.672060217622322,0.001,3.5099217891693115
9288,18,288,1576,6.518980979919434,10.66428253398887,0.001,2.8649842739105225
9289,18,289,1302,17.435192108154297,10.69787361357107,0.001,3.0814733505249023
9290,18,290,2413,6.923868656158447,10.682721591333237,0.001,2.9440951347351074
9291,18,291,2050,5.810641288757324,10.669230344270913,0.001,3.140608787536621
9292,18,292,2278,16.989166259765625,10.694474172030613,0.001,3.4581589698791504
9293,18,293,1551,12.1005220413208,10.700074155342683,0.001,3.020439863204956
9294,18,294,1263,6.0498127937316895,10.681949556859605,0.001,3.030501365661621
9295,18,295,1626,5.893439769744873,10.673358330989354,0.001,2.9167215824127197
9296,18,296,1828,9.201627731323242,10.665586961271059,0.001,3.666898250579834
9297,18,297,1762,8.982070922851562,10.659104085865604,0.001,2.8735015392303467
9298,18,298,2179,6.151418209075928,10.646540680604275,0.001,2.9543678760528564
9299,18,299,2392,6.970296859741211,10.636338783370324,0.001,2.948796510696411
9300,18,300,2196,6.9460062980651855,10.630271397547586,0.001,2.927354574203491
9301,18,301,1888,11.910937309265137,10.636680567874965,0.001,3.3621106147766113
9302,18,302,2149,8.89194393157959,10.629954524982184,0.001,3.019223213195801
9303,18,303,2147,11.431726455688477,10.634020951465708,0.001,3.03798770904541
9304,18,304,1541,6.84256649017334,10.627819918567264,0.001,2.9269144535064697
9305,18,305,2479,6.856158256530762,10.6141105994067,0.001,3.0250961780548096
9306,18,306,1488,8.037347793579102,10.602024644116101,0.001,3.77339506149292
9307,18,307,1616,6.583255767822266,10.586700673152249,0.001,3.1146957874298096
9308,18,308,1679,6.955909729003906,10.576860559571323,0.001,2.9752519130706787
9309,18,309,1440,8.699657440185547,10.570056441069127,0.001,3.1609387397766113
9310,18,310,2099,6.866427421569824,10.560238386702796,0.001,3.553440570831299
9311,18,311,2067,7.7019124031066895,10.552537561198823,0.001,3.3994457721710205
9312,18,312,2435,7.594970703125,10.547200609403715,0.001,2.92838454246521
9313,18,313,2450,12.101906776428223,10.552791390297322,0.001,3.0077996253967285
9314,18,314,1122,7.177711486816406,10.543840229582093,0.001,3.093251943588257
9315,18,315,2080,12.764962196350098,10.554680348930518,0.001,3.4426872730255127
9316,18,316,1334,7.39532470703125,10.549311389586574,0.001,3.070436477661133
9317,18,317,1615,8.78569221496582,10.543064241078826,0.001,2.952329635620117
9318,18,318,2476,9.041154861450195,10.54047085026113,0.001,3.0583255290985107
9319,18,319,1393,14.982433319091797,10.556549577224908,0.001,3.025599479675293
9320,18,320,1779,8.721019744873047,10.547806931999455,0.001,3.610323190689087
9321,18,321,1923,6.145563125610352,10.531747053301618,0.001,2.9925894737243652
9322,18,322,1735,5.527380466461182,10.52317925298432,0.001,2.908101797103882
9323,18,323,1339,10.763324737548828,10.523592312294111,0.001,2.993776559829712
9324,18,324,1090,7.912020206451416,10.517066355425067,0.001,2.9808716773986816
9325,18,325,175,8.10071849822998,10.510831453387736,0.001,3.4832656383514404
9326,18,326,1549,9.13592529296875,10.507265899830106,0.001,3.1800942420959473
9327,18,327,2458,6.990001201629639,10.494938452810226,0.001,2.9006972312927246
9328,18,328,1682,15.759174346923828,10.513339705374468,0.001,2.978325366973877
9329,18,329,2040,5.767678260803223,10.490990093854403,0.001,3.12011981010437
9330,18,330,2325,5.058948040008545,10.472062695777018,0.001,3.4596409797668457
9331,18,331,2051,10.720660209655762,10.472929013965501,0.001,2.9371390342712402
9332,18,332,1812,10.62545108795166,10.473638266065748,0.001,2.9668517112731934
9333,18,333,1914,4.615139007568359,10.464043154679517,0.001,2.9405791759490967
9334,18,334,2432,5.722782135009766,10.456199776015113,0.001,2.949083089828491
9335,18,335,1495,9.19008731842041,10.451843672222457,0.001,3.6639108657836914
9336,18,336,2298,7.183307647705078,10.446654000009616,0.001,2.8690977096557617
9337,18,337,2502,7.639821529388428,10.433793357917557,0.001,2.8993711471557617
9338,18,338,2188,25.052839279174805,10.48297598935246,0.001,3.164745569229126
9339,18,339,2533,5.832250118255615,10.471527013673612,0.001,3.505117654800415
9340,18,340,2235,7.810049533843994,10.45962018596154,0.001,2.865123748779297
9341,18,341,2192,26.929590225219727,10.481746352540753,0.001,3.0411922931671143
9342,18,342,2499,10.565817832946777,10.4819483124952,0.001,3.0985851287841797
9343,18,343,1848,9.373834609985352,10.476994310246784,0.001,3.0379176139831543
9344,18,344,1274,14.16464614868164,10.489029915377152,0.001,3.601916551589966
9345,18,345,2563,7.0410027503967285,10.480824033517617,0.001,3.0262937545776367
9346,18,346,2340,10.426095008850098,10.480646817910232,0.001,3.0967514514923096
9347,18,347,1717,7.9062089920043945,10.476641988520697,0.001,3.3409109115600586
9348,18,348,1896,8.137548446655273,10.468988239977685,0.001,3.0653090476989746
9349,18,349,2511,11.446544647216797,10.47131202682164,0.001,3.4443857669830322
9350,18,350,1383,7.2377190589904785,10.463619936993213,0.001,3.0397281646728516
9351,18,351,1113,9.62785530090332,10.459983922623277,0.001,2.961211681365967
9352,18,352,2425,14.689247131347656,10.473805684472492,0.001,3.0527946949005127
9353,18,353,2523,11.965956687927246,10.480262951806896,0.001,3.615131378173828
9354,18,354,1092,15.035401344299316,10.499894410874699,0.001,3.004596710205078
9355,18,355,1397,8.548579216003418,10.49143896421147,0.001,3.05005145072937
9356,18,356,2172,6.371034145355225,10.478024442864344,0.001,2.9888269901275635
9357,18,357,32,8.364677429199219,10.468877903586375,0.001,2.9064271450042725
9358,18,358,2341,5.8831281661987305,10.449322684183873,0.001,3.5810015201568604
9359,18,359,1791,6.551567554473877,10.440635982413513,0.001,2.9811103343963623
9360,18,360,1862,6.859814167022705,10.435237361487662,0.001,2.9276018142700195
9361,18,361,2387,34.045372009277344,10.488552057844302,0.001,2.9840750694274902
9362,18,362,2548,8.956416130065918,10.483810285480265,0.001,2.9943583011627197
9363,18,363,1918,7.108157157897949,10.469676297793958,0.001,3.7717254161834717
9364,18,364,1802,8.958548545837402,10.46497697360385,0.001,2.909938097000122
9365,18,365,2294,8.393156051635742,10.46199993701234,0.001,2.9516184329986572
9366,18,366,274,9.675671577453613,10.459594923036395,0.001,2.9137532711029053
9367,18,367,2436,13.592397689819336,10.464263326579935,0.001,2.9878687858581543
9368,18,368,1909,10.173230171203613,10.463081303140948,0.001,3.5363476276397705
9369,18,369,1864,13.01707935333252,10.466866115602084,0.001,2.8685073852539062
9370,18,370,2073,6.944873332977295,10.461902647419736,0.001,3.00471568107605
9371,18,371,2007,11.435155868530273,10.464877019322723,0.001,2.976189374923706
9372,18,372,1127,8.263437271118164,10.459955925259441,0.001,2.8791635036468506
9373,18,373,2585,8.312711715698242,10.453517779963851,0.001,3.7824041843414307
9374,18,374,2505,6.290251731872559,10.44733174400339,0.001,3.079207181930542
9375,18,375,2098,14.05039119720459,10.454537360477351,0.001,3.102548360824585
9376,18,376,1844,15.839354515075684,10.46147415952654,0.001,2.9335250854492188
9377,18,377,1155,6.882463455200195,10.456205798473311,0.001,3.4832277297973633
9378,18,378,1793,8.661718368530273,10.449059978421639,0.001,3.0540695190429688
9379,18,379,1132,9.044256210327148,10.444756932412647,0.001,2.9624314308166504
9380,18,380,1355,9.256678581237793,10.441165637485405,0.001,3.1581268310546875
9381,18,381,1903,6.101340293884277,10.432011996892587,0.001,3.025806427001953
9382,18,382,2692,6.17556095123291,10.415065442356017,0.001,3.6293747425079346
9383,18,383,1577,6.932021617889404,10.404733465532882,0.001,3.0544750690460205
9384,18,384,2784,7.457859039306641,10.393018659202315,0.001,3.452028751373291
9385,18,385,1766,28.792673110961914,10.411552942300409,0.001,3.028634548187256
9386,18,386,2565,9.458941459655762,10.410186889112,0.001,2.9739742279052734
9387,18,387,2498,8.930708885192871,10.407070397761016,0.001,3.426189422607422
9388,18,388,2590,13.949934959411621,10.414305256540908,0.001,3.0450055599212646
9389,18,389,1921,9.550498008728027,10.411769498826406,0.001,2.8553524017333984
9390,18,390,1368,5.965900421142578,10.4022596885369,0.001,3.0028159618377686
9391,18,391,2603,7.040421485900879,10.389484573366785,0.001,2.9019408226013184
9392,18,392,2584,10.66504955291748,10.390550968200772,0.001,3.4311392307281494
9393,18,393,2793,8.001608848571777,10.381156837555192,0.001,2.94750714302063
9394,18,394,2449,6.643413066864014,10.370338651057317,0.001,2.871643543243408
9395,18,395,37,12.468385696411133,10.378354763460298,0.001,2.7268319129943848
9396,18,396,2297,7.3684821128845215,10.369521046041163,0.001,2.9579527378082275
9397,18,397,2763,8.78553581237793,10.367372865376979,0.001,3.3575096130371094
9398,18,398,2709,20.258699417114258,10.380698111915867,0.001,2.878699779510498
9399,18,399,2460,11.662799835205078,10.382442413685784,0.001,2.924090623855591
9400,18,400,2377,9.126911163330078,10.378874882005054,0.001,2.9694530963897705
9401,18,401,325,13.044488906860352,10.386431855727073,0.001,3.139171838760376
9402,18,402,2513,5.443896770477295,10.379782069282069,0.001,3.279423713684082
9403,18,403,272,6.991177558898926,10.372878264591444,0.001,2.883344888687134
9404,18,404,273,10.040221214294434,10.371929507554537,0.001,2.905712127685547
9405,18,405,1093,7.779213905334473,10.362373391189664,0.001,3.0699679851531982
9406,18,406,1530,7.05481481552124,10.350010530819109,0.001,3.5841047763824463
9407,18,407,2443,5.895637035369873,10.337644257213464,0.001,3.027540445327759
9408,18,408,2672,7.022762298583984,10.325249514160772,0.001,3.0688793659210205
9409,18,409,2398,7.565665245056152,10.315125107468944,0.001,2.964596748352051
9410,18,410,2163,7.6893181800842285,10.307662170916831,0.001,3.281546115875244
9411,18,411,2406,9.943830490112305,10.30631086062397,0.001,3.3865087032318115
9412,18,412,2593,6.774979114532471,10.296388471982603,0.001,2.961721420288086
9413,18,413,2349,6.230942726135254,10.281613188297827,0.001,3.0397863388061523
9414,18,414,1109,10.519601821899414,10.282449861559229,0.001,2.9825124740600586
9415,18,415,1617,10.883237838745117,10.284555503153946,0.001,2.974123477935791
9416,18,416,2378,19.37541961669922,10.309510611118359,0.001,3.9445247650146484
9417,18,417,1324,6.3102312088012695,10.29520800644828,0.001,3.0288586616516113
9418,18,418,1806,9.69540023803711,10.293048080870525,0.001,3.061323404312134
9419,18,419,2534,10.239501953125,10.292978567089323,0.001,2.9047257900238037
9420,18,420,2595,8.462451934814453,10.29065326124842,0.001,3.0539538860321045
9421,18,421,2722,14.690502166748047,10.295849963042391,0.001,3.9366812705993652
9422,18,422,2782,8.088068962097168,10.287892055739217,0.001,3.1112921237945557
9423,18,423,1503,9.951635360717773,10.287300766315944,0.001,2.958599805831909
9424,18,424,1751,10.527871131896973,10.287759859819888,0.001,2.956228733062744
9425,18,425,368,7.071423530578613,10.278923121962382,0.001,3.7141642570495605
9426,18,426,2422,8.22008228302002,10.276317343861505,0.001,3.0085535049438477
9427,18,427,405,5.307796955108643,10.266697194763863,0.001,3.1023542881011963
9428,18,428,2874,7.042235374450684,10.258346032978478,0.001,2.9507298469543457
9429,18,429,254,5.7458648681640625,10.242576709421654,0.001,2.944690704345703
9430,18,430,1372,5.460307598114014,10.230073632585317,0.001,3.4949378967285156
9431,18,431,266,7.155233383178711,10.219324210240297,0.001,2.945590019226074
9432,18,432,2000,6.676155090332031,10.214965124137438,0.001,3.0706851482391357
9433,18,433,1764,10.185107231140137,10.214859416918594,0.001,3.180379629135132
9434,18,434,377,7.570894241333008,10.209947016548815,0.001,3.003453493118286
9435,18,435,446,5.796915054321289,10.19859022500273,0.001,3.701860189437866
9436,18,436,2669,9.13736343383789,10.197263628214623,0.001,3.1510255336761475
9437,18,437,2219,7.741365432739258,10.194422401504873,0.001,3.010216236114502
9438,18,438,2901,17.56608009338379,10.208333054328405,0.001,3.0681824684143066
9439,18,439,378,13.49344253540039,10.219612732376298,0.001,3.2436273097991943
9440,18,440,390,6.54533576965332,10.213042057798537,0.001,3.1391870975494385
9441,18,441,1675,10.582714080810547,10.213711730964043,0.001,3.003978729248047
9442,18,442,1470,7.991767883300781,10.208175308899454,0.001,3.0244104862213135
9443,18,443,2482,8.293007850646973,10.201604602364993,0.001,3.0616283416748047
9444,18,444,2204,5.71286678314209,10.186628094865615,0.001,3.539276361465454
9445,18,445,458,18.500751495361328,10.196956491064059,0.001,3.0924630165100098
9446,18,446,2225,11.302074432373047,10.200675845749505,0.001,2.92214298248291
9447,18,447,424,13.012992858886719,10.205499343218364,0.001,2.9633796215057373
9448,18,448,2613,11.263372421264648,10.208130139502904,0.001,3.0642049312591553
9449,18,449,1481,7.3567070960998535,10.200875129000542,0.001,3.6683595180511475
9450,18,450,1344,8.340059280395508,10.196253835103702,0.001,3.023423194885254
9451,18,451,1111,14.274703025817871,10.206417081174454,0.001,2.9015395641326904
9452,18,452,2537,7.0418009757995605,10.198350760258164,0.001,2.944431781768799
9453,18,453,2535,5.146276473999023,10.192363933370242,0.001,2.978325128555298
9454,18,454,2767,10.686232566833496,10.19360782974833,0.001,3.472846031188965
9455,18,455,1817,5.628726482391357,10.188391989397367,0.001,2.9983811378479004
9456,18,456,337,10.27323055267334,10.188527776802948,0.001,3.008700132369995
9457,18,457,2911,22.465253829956055,10.201923947964177,0.001,2.977652072906494
9458,18,458,1821,9.671707153320312,10.201301806794234,0.001,3.822519063949585
9459,18,459,2580,11.587813377380371,10.205754957739822,0.001,3.3804144859313965
9460,18,460,1457,7.234019756317139,10.196119183169612,0.001,2.985682487487793
9461,18,461,1326,5.528748512268066,10.19074807972578,0.001,2.9566996097564697
9462,18,462,1700,14.769679069519043,10.199195991698597,0.001,3.13573956489563
9463,18,463,2864,12.357698440551758,10.203003455988563,0.001,3.6313931941986084
9464,18,464,2401,12.412675857543945,10.208465726003315,0.001,3.040602445602417
9465,18,465,336,9.110188484191895,10.204882964656704,0.001,2.998410701751709
9466,18,466,2455,8.208415031433105,10.202524353960136,0.001,2.877922773361206
9467,18,467,2335,9.593929290771484,10.20180374545148,0.001,2.8776497840881348
9468,18,468,1620,22.23910140991211,10.211089397580961,0.001,3.6028430461883545
9469,18,469,514,9.188928604125977,10.209299232522447,0.001,3.025969982147217
9470,18,470,518,9.029158592224121,10.207935657648441,0.001,2.916017532348633
9471,18,471,1756,10.757872581481934,10.209238982590715,0.001,2.967345952987671
9472,18,472,2794,5.562662124633789,10.203848529440606,0.001,3.0337419509887695
9473,18,473,74,6.753962516784668,10.199952717653447,0.001,3.4407458305358887
9474,18,474,682,8.530801773071289,10.19465645908056,0.001,2.9876210689544678
9475,18,475,611,8.156926155090332,10.191233072061005,0.001,3.057558298110962
9476,18,476,2660,13.462265968322754,10.201425247383778,0.001,3.070528268814087
9477,18,477,2233,10.234208106994629,10.20148075513359,0.001,3.083381414413452
9478,18,478,2293,10.040281295776367,10.201088794016226,0.001,3.345187187194824
9479,18,479,471,5.688577651977539,10.186983897851396,0.001,2.9269232749938965
9480,18,480,1196,7.799352169036865,10.184517158663738,0.001,2.889160633087158
9481,18,481,1602,29.1353702545166,10.198618360817731,0.001,2.884559154510498
9482,18,482,2251,15.76041030883789,10.208210574688959,0.001,3.509634256362915
9483,18,483,490,10.454644203186035,10.208492782956684,0.001,2.960737705230713
9484,18,484,2775,13.936589241027832,10.217141245308412,0.001,2.9257819652557373
9485,18,485,601,17.701894760131836,10.240516900335578,0.001,3.2155425548553467
9486,18,486,383,18.08230972290039,10.26418697929461,0.001,3.0598015785217285
9487,18,487,1484,11.762954711914062,10.267715318132662,0.001,3.65608811378479
9488,18,488,340,8.022700309753418,10.262480409599615,0.001,3.027794361114502
9489,18,489,342,9.62796401977539,10.260487715603297,0.001,3.052807331085205
9490,18,490,699,9.775054931640625,10.259382283857551,0.001,2.87306547164917
9491,18,491,2668,7.771111965179443,10.253573728583701,0.001,2.98991322517395
9492,18,492,468,6.981733322143555,10.24363328045155,0.001,3.6474742889404297
9493,18,493,436,10.622882843017578,10.244244817988259,0.001,2.9387917518615723
9494,18,494,2452,8.147289276123047,10.239439981771692,0.001,2.8470096588134766
9495,18,495,1951,7.803815841674805,10.233861043011219,0.001,3.316354751586914
9496,18,496,2552,8.980732917785645,10.231029881446728,0.001,2.867856025695801
9497,18,497,2929,7.172726154327393,10.224062238373152,0.001,3.6018173694610596
9498,18,498,1098,15.661766052246094,10.232977999618567,0.001,2.9091622829437256
9499,18,499,788,12.572209358215332,10.240065024052992,0.001,2.908693790435791
9500,19,0,2174,12.191313743591309,12.191313743591309,0.001,3.3055436611175537
9501,19,1,2927,39.6035041809082,18.81159944848871,0.001,2.8844292163848877
9502,19,2,2071,19.953601837158203,19.14639700934057,0.001,2.9683287143707275
9503,19,3,2772,10.680459976196289,16.67546434523283,0.001,4.469974756240845
9504,19,4,2652,8.385245323181152,15.676657136480141,0.001,2.9602723121643066
9505,19,5,376,18.34417724609375,15.972006163511452,0.001,3.006464719772339
9506,19,6,519,7.7184906005859375,14.034396282556576,0.001,2.901561737060547
9507,19,7,492,12.651374816894531,13.772023493010892,0.001,2.9724247455596924
9508,19,8,448,13.768407821655273,13.771564745478889,0.001,3.5850398540496826
9509,19,9,1363,24.968469619750977,15.004400217021674,0.001,3.014263868331909
9510,19,10,2547,26.98137092590332,16.198012304971115,0.001,2.9314615726470947
9511,19,11,38,7.137670516967773,15.593317375328223,0.001,3.0993592739105225
9512,19,12,1441,17.807241439819336,15.688974331589817,0.001,3.3067259788513184
9513,19,13,1360,9.06860065460205,15.428058167981009,0.001,3.0672619342803955
9514,19,14,392,13.77432918548584,15.260730223175877,0.001,3.0767626762390137
9515,19,15,469,12.009495735168457,14.960386255668341,0.001,3.007755994796753
9516,19,16,2243,9.04467487335205,14.457616430774456,0.001,2.932553768157959
9517,19,17,861,11.682267189025879,14.336869156208596,0.001,3.552212715148926
9518,19,18,2462,13.878667831420898,14.302055950060343,0.001,2.9811763763427734
9519,19,19,2546,10.811330795288086,14.117670039799792,0.001,3.0586278438568115
9520,19,20,2101,16.186983108520508,14.255974381956253,0.001,2.9658422470092773
9521,19,21,2601,14.300338745117188,14.258686606197312,0.001,3.0120108127593994
9522,19,22,1173,11.107004165649414,14.189802637071432,0.001,3.4872865676879883
9523,19,23,694,11.470756530761719,14.034039597673665,0.001,3.062145709991455
9524,19,24,374,8.80861759185791,13.752094502282965,0.001,3.012777090072632
9525,19,25,719,10.411925315856934,13.579970546340888,0.001,3.212325096130371
9526,19,26,2282,10.082413673400879,13.51699017416446,0.001,2.9069972038269043
9527,19,27,522,8.102753639221191,13.255636172689144,0.001,3.6978213787078857
9528,19,28,858,13.932530403137207,13.266011830590498,0.001,2.9375929832458496
9529,19,29,710,7.735753059387207,13.077261820912856,0.001,3.0770628452301025
9530,19,30,787,8.684290885925293,13.005668557250702,0.001,2.9197773933410645
9531,19,31,1737,12.14787769317627,12.969692436805271,0.001,3.125246047973633
9532,19,32,2241,10.33135986328125,12.859311307844987,0.001,3.7022783756256104
9533,19,33,2510,10.516029357910156,12.767098418151601,0.001,3.0611066818237305
9534,19,34,972,5.8257293701171875,12.570103853793505,0.001,2.939681053161621
9535,19,35,951,14.125789642333984,12.613711973124886,0.001,3.0385842323303223
9536,19,36,834,10.520490646362305,12.538204420387636,0.001,3.7149908542633057
9537,19,37,966,12.460683822631836,12.536761502372677,0.001,3.0383028984069824
9538,19,38,721,7.240821361541748,12.439646695077917,0.001,2.926985502243042
9539,19,39,977,10.66179084777832,12.40805693631645,0.001,2.853602647781372
9540,19,40,607,12.243072509765625,12.406143153377014,0.001,2.9961674213409424
9541,19,41,803,8.290833473205566,12.358356618008175,0.001,3.6613216400146484
9542,19,42,98,6.8850626945495605,12.180655875784321,0.001,2.91379976272583
9543,19,43,1965,7.578758716583252,12.035448626892197,0.001,2.8575117588043213
9544,19,44,2596,10.737967491149902,12.014074297636427,0.001,3.041531801223755
9545,19,45,2347,7.4440813064575195,11.911130452595387,0.001,2.9990930557250977
9546,19,46,852,11.464363098144531,11.901371692962007,0.001,3.6925277709960938
9547,19,47,981,8.779248237609863,11.833804177981868,0.001,3.004359245300293
9548,19,48,361,9.479870796203613,11.771019917919304,0.001,3.07902193069458
9549,19,49,2906,8.262710571289062,11.699039195957003,0.001,2.997403383255005
9550,19,50,1819,13.870750427246094,11.720290630042747,0.001,3.1521475315093994
9551,19,51,2617,9.957897186279297,11.673945255241925,0.001,3.311903238296509
9552,19,52,717,8.810837745666504,11.600162187752288,0.001,2.9106266498565674
9553,19,53,400,13.434670448303223,11.622586954477825,0.001,3.136855125427246
9554,19,54,770,9.089587211608887,11.574435598883827,0.001,3.0497665405273438
9555,19,55,372,12.528061866760254,11.581848189103056,0.001,3.5444447994232178
9556,19,56,1123,18.121767044067383,11.667319374584975,0.001,3.008610248565674
9557,19,57,827,12.786134719848633,11.679386152718827,0.001,3.001415491104126
9558,19,58,56,8.702535629272461,11.626316183788887,0.001,2.898787260055542
9559,19,59,727,15.978656768798828,11.662438400789458,0.001,2.8077332973480225
9560,19,60,1181,13.929605484008789,11.70091696436657,0.001,4.078485012054443
9561,19,61,2834,5.595125675201416,11.562105565780898,0.001,2.954521894454956
9562,19,62,811,11.03329849243164,11.558171963086968,0.001,2.9373254776000977
9563,19,63,1089,11.38891315460205,11.55445591791978,0.001,2.9734742641448975
9564,19,64,2909,12.757303237915039,11.57413813162028,0.001,3.028904914855957
9565,19,65,367,9.73916244506836,11.553386544881667,0.001,3.5310986042022705
9566,19,66,819,8.963078498840332,11.512316177891952,0.001,2.9791417121887207
9567,19,67,1161,11.150218963623047,11.509772955585643,0.001,3.0317726135253906
9568,19,68,1151,15.864263534545898,11.556214976834662,0.001,2.937235116958618
9569,19,69,1250,5.850917339324951,11.514897279422444,0.001,3.506545066833496
9570,19,70,2614,10.063101768493652,11.485934463796584,0.001,3.5221095085144043
9571,19,71,1585,10.806809425354004,11.47270612045469,0.001,3.027937889099121
9572,19,72,2564,10.564367294311523,11.45969384562089,0.001,2.8916993141174316
9573,19,73,68,9.1032133102417,11.434933524695039,0.001,2.9467170238494873
9574,19,74,2202,7.585860729217529,11.361815613150984,0.001,3.8665993213653564
9575,19,75,759,12.2945556640625,11.374697578847847,0.001,3.3779797554016113
9576,19,76,1575,12.49517822265625,11.390475117989642,0.001,2.958625555038452
9577,19,77,69,17.539337158203125,11.502190417988846,0.001,2.950763463973999
9578,19,78,177,9.319536209106445,11.473499599640345,0.001,2.9161157608032227
9579,19,79,864,15.841713905334473,11.499590499028248,0.001,3.6023507118225098
9580,19,80,1128,11.68399429321289,11.50200479379872,0.001,2.9750006198883057
9581,19,81,1514,9.168517112731934,11.487673806364393,0.001,2.9657838344573975
9582,19,82,459,5.9738874435424805,11.454017883894192,0.001,3.0541207790374756
9583,19,83,1373,11.520109176635742,11.454681920032431,0.001,3.0157723426818848
9584,19,84,742,6.532380104064941,11.371789994723798,0.001,3.3424644470214844
9585,19,85,2223,7.768326282501221,11.311977856566921,0.001,2.960822820663452
9586,19,86,2249,13.493603706359863,11.3391441870654,0.001,3.0603063106536865
9587,19,87,2543,13.77454948425293,11.3687089718679,0.001,3.0200960636138916
9588,19,88,2399,7.369813442230225,11.348230593761246,0.001,3.4113388061523438
9589,19,89,2066,5.828789710998535,11.261779217732215,0.001,3.2290642261505127
9590,19,90,685,8.890124320983887,11.234465603319379,0.001,2.9271130561828613
9591,19,91,2673,16.3394775390625,11.29427949338026,0.001,2.9012856483459473
9592,19,92,250,19.929471969604492,11.341603118421322,0.001,3.0856590270996094
9593,19,93,523,14.188076972961426,11.384888907584893,0.001,3.6873397827148438
9594,19,94,264,9.585177421569824,11.364648573190424,0.001,2.9901816844940186
9595,19,95,1365,7.784880638122559,11.345647304563231,0.001,2.9655818939208984
9596,19,96,73,24.64221954345703,11.416546163554722,0.001,2.984222173690796
9597,19,97,67,13.21986198425293,11.436282141498396,0.001,2.8873417377471924
9598,19,98,453,6.650218486785889,11.399509416452421,0.001,3.6890108585357666
9599,19,99,956,8.54379653930664,11.358927511028101,0.001,3.043705701828003
9600,19,100,1516,11.752041816711426,11.363060532255833,0.001,3.0037643909454346
9601,19,101,363,7.651355743408203,11.344535501741323,0.001,3.0682201385498047
9602,19,102,680,11.035699844360352,11.343009854334555,0.001,3.004704713821411
9603,19,103,382,8.742527961730957,11.330460120872559,0.001,3.72676944732666
9604,19,104,832,8.102011680603027,11.286423858729076,0.001,2.8924050331115723
9605,19,105,705,5.841433048248291,11.211601777256497,0.001,2.912752628326416
9606,19,106,2588,8.525843620300293,11.175343839579279,0.001,3.4730167388916016
9607,19,107,2117,10.464499473571777,11.168467332994323,0.001,3.238858222961426
9608,19,108,825,16.453121185302734,11.192667211164125,0.001,3.21183180809021
9609,19,109,2930,7.082168102264404,11.173873834284064,0.001,2.8877785205841064
9610,19,110,774,10.507080078125,11.167381693118193,0.001,3.092857837677002
9611,19,111,801,9.078764915466309,11.153393647715594,0.001,3.0207152366638184
9612,19,112,2448,5.093966484069824,11.076789026342936,0.001,3.1752588748931885
9613,19,113,2529,11.631746292114258,11.082152614461208,0.001,3.1576972007751465
9614,19,114,913,10.779484748840332,11.080132244773107,0.001,3.016153335571289
9615,19,115,2113,11.807784080505371,11.086986093401727,0.001,2.9181506633758545
9616,19,116,2654,11.812620162963867,11.095904783479309,0.001,2.9909095764160156
9617,19,117,916,5.559207916259766,11.071386689578429,0.001,3.704714059829712
9618,19,118,2569,8.449640274047852,11.054430057913546,0.001,2.979628801345825
9619,19,119,2750,17.359920501708984,11.081353410057927,0.001,3.024541139602661
9620,19,120,954,10.044681549072266,11.076914694740257,0.001,2.9561986923217773
9621,19,121,407,6.465648174285889,11.035769330350762,0.001,2.956312417984009
9622,19,122,689,21.396068572998047,11.10117063091718,0.001,3.4243972301483154
9623,19,123,64,6.691073417663574,11.08238211022972,0.001,3.185427188873291
9624,19,124,706,8.716711044311523,11.072317400785202,0.001,3.0134289264678955
9625,19,125,2832,9.765002250671387,11.05788715947658,0.001,2.925511121749878
9626,19,126,1453,9.357124328613281,11.051354744975914,0.001,2.9264254570007324
9627,19,127,1902,11.8670654296875,11.058370337341616,0.001,3.509002208709717
9628,19,128,991,9.095027923583984,11.050549133500345,0.001,2.9442484378814697
9629,19,129,1443,7.439395904541016,11.010066881620414,0.001,2.9793384075164795
9630,19,130,808,13.000136375427246,11.026615512369418,0.001,3.033510446548462
9631,19,131,695,5.7544708251953125,10.98239578009999,0.001,3.4025352001190186
9632,19,132,2522,10.1575927734375,10.975657727031512,0.001,3.4068989753723145
9633,19,133,2923,7.221562385559082,10.954331643093862,0.001,3.020129442214966
9634,19,134,441,6.711096286773682,10.919874519407891,0.001,2.981574773788452
9635,19,135,2706,7.469433784484863,10.907223506923927,0.001,2.9489686489105225
9636,19,136,481,6.397497653961182,10.870989309215057,0.001,3.7539448738098145
9637,19,137,2608,6.767866611480713,10.82663988962675,0.001,3.0250093936920166
9638,19,138,1839,5.0832695960998535,10.80540554215082,0.001,2.991041898727417
9639,19,139,256,10.823335647583008,10.805505253730097,0.001,2.8981218338012695
9640,19,140,863,21.58539581298828,10.890357393777489,0.001,3.109936237335205
9641,19,141,616,6.9430460929870605,10.850023738539486,0.001,3.8057479858398438
9642,19,142,1153,7.5994744300842285,10.816567922439468,0.001,3.2162060737609863
9643,19,143,962,11.39266586303711,10.819728189441413,0.001,3.4182629585266113
9644,19,144,773,8.253533363342285,10.80033357569804,0.001,3.1487154960632324
9645,19,145,2758,7.2759809494018555,10.774014430929164,0.001,3.378621816635132
9646,19,146,870,10.36868953704834,10.771850289809228,0.001,3.2225022315979004
9647,19,147,1473,12.133718490600586,10.778145237601752,0.001,2.8955795764923096
9648,19,148,507,41.97549057006836,10.854842995824505,0.001,3.0741870403289795
9649,19,149,2583,8.997859001159668,10.841084566329755,0.001,3.181335210800171
9650,19,150,388,7.122241020202637,10.828647318671505,0.001,3.8294284343719482
9651,19,151,1333,14.275518417358398,10.85378126412074,0.001,3.2350409030914307
9652,19,152,408,9.5003080368042,10.846852630901573,0.001,3.018573522567749
9653,19,153,814,9.343718528747559,10.841548238449981,0.001,2.963259696960449
9654,19,154,350,9.726922988891602,10.833510969855242,0.001,2.8887269496917725
9655,19,155,2845,15.833230018615723,10.88073322204403,0.001,3.8285441398620605
9656,19,156,989,17.975252151489258,10.930590420281865,0.001,3.1449227333068848
9657,19,157,1846,16.0252628326416,10.96591656409608,0.001,2.9942595958709717
9658,19,158,1838,8.081348419189453,10.946225056724359,0.001,3.0323920249938965
9659,19,159,2070,10.44279670715332,10.941614859179055,0.001,3.302699565887451
9660,19,160,488,8.978071212768555,10.92393372955982,0.001,3.2318315505981445
9661,19,161,190,7.851777076721191,10.89558065584753,0.001,2.8581879138946533
9662,19,162,28,5.966289520263672,10.879843906501407,0.001,2.7963385581970215
9663,19,163,2720,8.856646537780762,10.8738590804674,0.001,2.8902409076690674
9664,19,164,2274,8.301358222961426,10.857014600528277,0.001,3.051057815551758
9665,19,165,707,8.400810241699219,10.849726674552146,0.001,3.362247943878174
9666,19,166,986,18.867916107177734,10.903599575682259,0.001,3.1358489990234375
9667,19,167,915,7.247589588165283,10.892541169296946,0.001,2.9703094959259033
9668,19,168,1706,10.029654502868652,10.886915439716818,0.001,3.056100845336914
9669,19,169,990,11.838950157165527,10.893250383153955,0.001,3.803861379623413
9670,19,170,2144,5.776242256164551,10.877615458534288,0.001,2.91097354888916
9671,19,171,1596,11.07449722290039,10.878501870921106,0.001,2.9242918491363525
9672,19,172,1686,8.704341888427734,10.859991939046832,0.001,2.9727156162261963
9673,19,173,2694,5.430616855621338,10.843618923480308,0.001,3.017578363418579
9674,19,174,65,6.70789909362793,10.83080408932692,0.001,3.508368968963623
9675,19,175,461,8.12431812286377,10.808250833455597,0.001,2.8876445293426514
9676,19,176,2013,8.372482299804688,10.801078989372154,0.001,3.0162155628204346
9677,19,177,2191,13.95445442199707,10.815487772618933,0.001,3.0012683868408203
9678,19,178,2221,8.231494903564453,10.799109260249605,0.001,3.0208139419555664
9679,19,179,1814,6.916634559631348,10.775454011063678,0.001,3.3114070892333984
9680,19,180,2610,7.22521448135376,10.765012273771099,0.001,3.2837913036346436
9681,19,181,2861,6.25994873046875,10.737235611291176,0.001,3.101862907409668
9682,19,182,60,5.822010517120361,10.715887144749788,0.001,2.9302659034729004
9683,19,183,686,6.239488124847412,10.688168402045006,0.001,2.9548487663269043
9684,19,184,771,5.655688762664795,10.65803896119147,0.001,3.565809488296509
9685,19,185,29,6.427762031555176,10.632870061653735,0.001,3.0831003189086914
9686,19,186,432,13.40684700012207,10.649070613503847,0.001,3.031402587890625
9687,19,187,1117,11.799884796142578,10.656005759326396,0.001,3.0511302947998047
9688,19,188,1772,6.471951484680176,10.622745281840656,0.001,3.738905906677246
9689,19,189,2140,6.4856367111206055,10.611706196261968,0.001,3.0031919479370117
9690,19,190,2427,9.206586837768555,10.603697892996696,0.001,3.0866854190826416
9691,19,191,2464,16.195388793945312,10.61948782095179,0.001,3.0866613388061523
9692,19,192,77,10.599977493286133,10.619373815329466,0.001,3.1784443855285645
9693,19,193,2095,8.225115776062012,10.601438782132158,0.001,3.65265154838562
9694,19,194,1482,5.741679668426514,10.58838382762199,0.001,3.0000884532928467
9695,19,195,434,16.581205368041992,10.603108720042785,0.001,3.0820131301879883
9696,19,196,1769,8.304100036621094,10.5856017728009,0.001,3.139826774597168
9697,19,197,455,23.5156307220459,10.612238700357201,0.001,2.8292863368988037
9698,19,198,496,18.424358367919922,10.654214604805095,0.001,3.701383590698242
9699,19,199,2682,9.640337944030762,10.646579003833716,0.001,3.008234739303589
9700,19,200,344,7.375704288482666,10.637901113957492,0.001,3.003833293914795
9701,19,201,2871,7.5735859870910645,10.615491674637134,0.001,2.93605375289917
9702,19,202,919,8.668431282043457,10.601051949488093,0.001,3.3027589321136475
9703,19,203,2064,5.664533615112305,10.573869370638945,0.001,3.252390146255493
9704,19,204,1346,11.645975112915039,10.581321974958039,0.001,2.9295029640197754
9705,19,205,2789,10.981452941894531,10.583465800722598,0.001,3.0420470237731934
9706,19,206,2327,10.089311599731445,10.581609847477612,0.001,2.917243242263794
9707,19,207,2205,6.510008811950684,10.559546635759878,0.001,3.2612228393554688
9708,19,208,1087,15.718287467956543,10.595290969836014,0.001,3.080552101135254
9709,19,209,2197,12.621519088745117,10.605887572139906,0.001,3.067237377166748
9710,19,210,2781,15.424781799316406,10.621706727175697,0.001,2.9209699630737305
9711,19,211,1088,8.433839797973633,10.610526367821546,0.001,2.7886743545532227
9712,19,212,2184,19.492576599121094,10.643821584983884,0.001,3.556246280670166
9713,19,213,914,11.852232933044434,10.650050077786048,0.001,2.9618239402770996
9714,19,214,94,9.354443550109863,10.641683172635505,0.001,3.201256036758423
9715,19,215,447,5.232054233551025,10.62831501695015,0.001,2.9797909259796143
9716,19,216,1807,26.450241088867188,10.734345929819181,0.001,3.0304207801818848
9717,19,217,2619,6.2451372146606445,10.719445812921798,0.001,4.0267603397369385
9718,19,218,521,5.262558937072754,10.706351375828087,0.001,2.8481781482696533
9719,19,219,851,6.718999862670898,10.678991225894718,0.001,2.899608612060547
9720,19,220,1648,6.166122913360596,10.66287868517841,0.001,2.946077585220337
9721,19,221,1832,7.9326629638671875,10.644737628725386,0.001,2.962261199951172
9722,19,222,728,7.684288024902344,10.630030156736117,0.001,3.6526098251342773
9723,19,223,2538,6.6928558349609375,10.62074567439992,0.001,3.014207601547241
9724,19,224,743,8.77704906463623,10.616446133026063,0.001,2.8939626216888428
9725,19,225,789,7.471097946166992,10.601068373780171,0.001,3.018543243408203
9726,19,226,904,26.47758674621582,10.650127758600656,0.001,3.473834276199341
9727,19,227,873,13.558239936828613,10.65607332780508,0.001,3.4848759174346924
9728,19,228,1099,13.077446937561035,10.671768808621753,0.001,2.975362777709961
9729,19,229,403,6.873384952545166,10.658788169871633,0.001,2.9592783451080322
9730,19,230,2494,10.72977066040039,10.659126766519835,0.001,3.031463861465454
9731,19,231,961,12.523876190185547,10.670952336746707,0.001,3.448974609375
9732,19,232,2055,8.804474830627441,10.65913140735937,0.001,3.0718398094177246
9733,19,233,401,11.682382583618164,10.663972527803333,0.001,2.983071804046631
9734,19,234,920,6.472264289855957,10.63737242441317,0.001,2.9277400970458984
9735,19,235,2157,10.837509155273438,10.638617624165864,0.001,2.87690806388855
9736,19,236,778,10.377006530761719,10.637412241586137,0.001,3.4301977157592773
9737,19,237,693,5.3101301193237305,10.60447295853462,0.001,3.0084941387176514
9738,19,238,1339,7.340665340423584,10.597201656513624,0.001,2.9967474937438965
9739,19,239,1556,8.16434097290039,10.585997389715509,0.001,2.9739437103271484
9740,19,240,1120,7.7909135818481445,10.577308135627653,0.001,2.860083818435669
9741,19,241,1777,8.537101745605469,10.568159588222164,0.001,3.640145778656006
9742,19,242,1460,6.926126956939697,10.556311666713942,0.001,2.9939472675323486
9743,19,243,1099,6.884222507476807,10.534181296115976,0.001,3.0755622386932373
9744,19,244,1791,5.82271146774292,10.519284465542084,0.001,2.9849650859832764
9745,19,245,1457,8.860589981079102,10.5095005058111,0.001,2.841906785964966
9746,19,246,1311,6.250468730926514,10.484347111926551,0.001,3.485694408416748
9747,19,247,1540,8.110208511352539,10.479299564180755,0.001,2.828930139541626
9748,19,248,1503,11.934450149536133,10.483532767367407,0.001,2.9444262981414795
9749,19,249,1463,8.902341842651367,10.48064048142647,0.001,2.9698755741119385
9750,19,250,1806,5.914787769317627,10.45389368034559,0.001,2.9264447689056396
9751,19,251,1514,7.6884636878967285,10.448176165276298,0.001,3.47831130027771
9752,19,252,1900,16.195838928222656,10.460426336699639,0.001,2.841519594192505
9753,19,253,1250,6.447758674621582,10.452198977246564,0.001,2.948157548904419
9754,19,254,1921,8.861601829528809,10.445309856956996,0.001,3.2302372455596924
9755,19,255,1569,23.04305076599121,10.50007584217668,0.001,3.5273597240448
9756,19,256,1772,9.655021667480469,10.495161505782274,0.001,3.0206220149993896
9757,19,257,1274,13.676325798034668,10.508495979730847,0.001,2.952136516571045
9758,19,258,2055,8.424552917480469,10.496676781302963,0.001,2.903986692428589
9759,19,259,1363,19.609460830688477,10.535176148446883,0.001,3.0056095123291016
9760,19,260,1903,6.424788475036621,10.522981351156323,0.001,3.512140989303589
9761,19,261,1126,8.372392654418945,10.510906965431047,0.001,2.9183783531188965
9762,19,262,1585,10.557910919189453,10.51116541789459,0.001,2.9550206661224365
9763,19,263,177,7.445577621459961,10.498597320070939,0.001,2.8279788494110107
9764,19,264,1149,12.037903785705566,10.505031108101862,0.001,2.922058343887329
9765,19,265,1541,6.101644992828369,10.497143002980682,0.001,3.2978203296661377
9766,19,266,1965,6.156135082244873,10.473156039798365,0.001,3.0792765617370605
9767,19,267,1909,7.278134822845459,10.455997223258368,0.001,2.9030203819274902
9768,19,268,1111,12.77491569519043,10.465409613965653,0.001,3.0017383098602295
9769,19,269,1342,8.870933532714844,10.459062720450477,0.001,2.90214204788208
9770,19,270,1530,6.229824066162109,10.43633872592045,0.001,3.3714439868927
9771,19,271,1310,6.366217136383057,10.414450569549263,0.001,2.7555911540985107
9772,19,272,2101,11.001238822937012,10.417599699161427,0.001,2.8184733390808105
9773,19,273,1828,7.089081287384033,10.399600792524913,0.001,2.099790573120117
9774,19,274,2144,7.494063854217529,10.39417526816614,0.001,2.7238597869873047
9775,19,275,2113,8.035401344299316,10.384744255519939,0.001,3.0682566165924072
9776,19,276,1264,8.979399681091309,10.382058309194006,0.001,2.9476494789123535
9777,19,277,1802,9.074579238891602,10.376951203908726,0.001,2.24063777923584
9778,19,278,1706,12.03380012512207,10.383399591346512,0.001,2.067594289779663
9779,19,279,1105,7.233675003051758,10.377314700561175,0.001,2.830470085144043
9780,19,280,1092,13.986523628234863,10.396017654206604,0.001,2.947833776473999
9781,19,281,2117,12.112996101379395,10.402494218321305,0.001,3.9221906661987305
9782,19,282,1343,14.682613372802734,10.409849950824082,0.001,3.0410447120666504
9783,19,283,1262,11.511957168579102,10.411841281256418,0.001,2.968811273574829
9784,19,284,1823,9.596085548400879,10.407579506192551,0.001,2.959979772567749
9785,19,285,1132,9.547797203063965,10.404247989191639,0.001,2.9320318698883057
9786,19,286,1809,11.65238094329834,10.410449195348763,0.001,3.604797840118408
9787,19,287,1794,6.068636417388916,10.394303003438429,0.001,3.074394464492798
9788,19,288,2205,6.515429973602295,10.379435918580947,0.001,3.027414560317993
9789,19,289,1090,6.786852836608887,10.369923594820175,0.001,2.964627742767334
9790,19,290,2184,19.888952255249023,10.395647227178646,0.001,3.0396292209625244
9791,19,291,1361,20.60152816772461,10.41381978844333,0.001,3.9725944995880127
9792,19,292,2181,8.854670524597168,10.411037149043937,0.001,2.9416520595550537
9793,19,293,1846,6.986034870147705,10.39840159959416,0.001,2.9458963871002197
9794,19,294,1306,6.636229038238525,10.37988179287224,0.001,2.9193475246429443
9795,19,295,1506,5.244631290435791,10.371303525903487,0.001,3.6602635383605957
9796,19,296,1122,4.113376140594482,10.35456059666795,0.001,3.0457608699798584
9797,19,297,1089,7.911136627197266,10.342623220755595,0.001,3.0467708110809326
9798,19,298,2071,15.723840713500977,10.356583264133729,0.001,3.0653131008148193
9799,19,299,2251,6.365433216094971,10.345935806634834,0.001,2.984675407409668
9800,19,300,2147,8.652430534362793,10.337682241252926,0.001,3.6106364727020264
9801,19,301,2233,9.566097259521484,10.33569452895028,0.001,3.0143978595733643
9802,19,302,2225,10.3660249710083,10.335840040265671,0.001,2.9753079414367676
9803,19,303,1502,8.453332901000977,10.326705444348141,0.001,2.9825029373168945
9804,19,304,2219,6.570018291473389,10.320688988334393,0.001,3.039287805557251
9805,19,305,1516,10.235477447509766,10.32038688386491,0.001,3.6022109985351562
9806,19,306,1648,7.3835344314575195,10.312936809828045,0.001,3.1592836380004883
9807,19,307,2188,25.306324005126953,10.365697912856183,0.001,2.938581705093384
9808,19,308,2051,10.52894115447998,10.366278529834165,0.001,2.9353864192962646
9809,19,309,2203,6.088414669036865,10.34615685503847,0.001,3.302807569503784
9810,19,310,1087,14.68630599975586,10.366062118039624,0.001,3.5365095138549805
9811,19,311,1769,5.3934326171875,10.342719732969906,0.001,3.0172109603881836
9812,19,312,2163,7.502326965332031,10.332595013294888,0.001,2.912571668624878
9813,19,313,1737,10.909915924072266,10.335184113668353,0.001,3.0241715908050537
9814,19,314,1807,26.945602416992188,10.410424237733158,0.001,3.702562093734741
9815,19,315,1793,7.671803951263428,10.39807506188151,0.001,3.0254580974578857
9816,19,316,1372,8.97075080871582,10.393223854486482,0.001,2.9466052055358887
9817,19,317,2050,7.303448677062988,10.385843897763296,0.001,2.8945000171661377
9818,19,318,1580,12.310271263122559,10.390505941414105,0.001,3.090393304824829
9819,19,319,2166,14.94255256652832,10.401472528066611,0.001,3.5764594078063965
9820,19,320,2070,9.28237247467041,10.396447183548695,0.001,2.9957704544067383
9821,19,321,1265,6.886989593505859,10.390796568712021,0.001,2.90307879447937
9822,19,322,1699,9.755057334899902,10.389308292199544,0.001,2.969064712524414
9823,19,323,2157,5.669748306274414,10.368248766839507,0.001,3.0064871311187744
9824,19,324,1117,13.38087272644043,10.378482470396737,0.001,3.49460506439209
9825,19,325,1182,7.724703788757324,10.369586600162268,0.001,3.065865993499756
9826,19,326,2192,26.350387573242188,10.390775954760272,0.001,2.94521164894104
9827,19,327,2328,5.5565314292907715,10.379197937401381,0.001,3.0411808490753174
9828,19,328,1393,16.235681533813477,10.398643275177887,0.001,3.617837429046631
9829,19,329,2378,20.974393844604492,10.433825729389056,0.001,3.2383055686950684
9830,19,330,1383,6.854594707489014,10.42530439869825,0.001,2.978097915649414
9831,19,331,2406,14.186580657958984,10.441848737065008,0.001,3.039294958114624
9832,19,332,1083,11.564144134521484,10.446597225462767,0.001,3.141106128692627
9833,19,333,1879,10.853805541992188,10.447557556306336,0.001,3.5043835639953613
9834,19,334,1764,7.712146759033203,10.435543745249927,0.001,3.034191370010376
9835,19,335,2174,13.631979942321777,10.448880629231773,0.001,2.963573455810547
9836,19,336,2223,7.401348114013672,10.435769996465547,0.001,2.878298282623291
9837,19,337,2140,8.726682662963867,10.433277429570152,0.001,2.948542594909668
9838,19,338,1554,9.198983192443848,10.431374424367892,0.001,3.4659624099731445
9839,19,339,2197,12.427718162536621,10.437691776911889,0.001,3.092607021331787
9840,19,340,1571,8.04127311706543,10.427590705832657,0.001,3.1061558723449707
9841,19,341,1945,6.585693359375,10.411397371532034,0.001,3.19649338722229
9842,19,342,1570,13.60969352722168,10.416252815094452,0.001,3.0330936908721924
9843,19,343,1821,8.473515510559082,10.41334886017583,0.001,3.518216133117676
9844,19,344,1370,17.36540412902832,10.43532120656311,0.001,3.0089621543884277
9845,19,345,2401,6.654961585998535,10.423328553281374,0.001,2.9381868839263916
9846,19,346,2458,6.127248764038086,10.409974077798436,0.001,3.04463267326355
9847,19,347,2455,7.664426326751709,10.405812276805992,0.001,3.0796031951904297
9848,19,348,1690,5.704002380371094,10.398793675627534,0.001,3.5593833923339844
9849,19,349,1551,8.485770225524902,10.392766043563643,0.001,2.9502124786376953
9850,19,350,1196,5.338742256164551,10.385932428523576,0.001,2.959728956222534
9851,19,351,2298,7.827975749969482,10.382260269504195,0.001,2.958120822906494
9852,19,352,1326,3.954472303390503,10.372951873537444,0.001,3.228550910949707
9853,19,353,1549,6.797598838806152,10.364860329569893,0.001,2.9452929496765137
9854,19,354,1735,5.2240142822265625,10.3572625441458,0.001,3.03110933303833
9855,19,355,1717,6.810064792633057,10.352137067398871,0.001,3.0234689712524414
9856,19,356,1527,23.25664710998535,10.391399879974509,0.001,2.9622538089752197
9857,19,357,2270,5.771597385406494,10.37241316250723,0.001,3.541933536529541
9858,19,358,2464,17.26873207092285,10.382626094439365,0.001,2.8330416679382324
9859,19,359,2476,9.569519996643066,10.381444390545582,0.001,2.9592275619506836
9860,19,360,1118,11.993757247924805,10.386311677037671,0.001,2.9956979751586914
9861,19,361,2422,6.015016078948975,10.380005558756741,0.001,2.8500640392303467
9862,19,362,2349,6.098654270172119,10.362897542550243,0.001,3.7072744369506836
9863,19,363,1174,6.723040580749512,10.351925777936517,0.001,2.9522085189819336
9864,19,364,2013,6.724390983581543,10.346827695487052,0.001,2.884434461593628
9865,19,365,2325,5.481984615325928,10.332236062636943,0.001,3.231701374053955
9866,19,366,1394,15.79569149017334,10.348533357402529,0.001,2.8981406688690186
9867,19,367,2294,7.025423526763916,10.343971974360072,0.001,3.5162861347198486
9868,19,368,1519,18.655899047851562,10.369118816818549,0.001,2.9508368968963623
9869,19,369,2008,9.214919090270996,10.367660756813706,0.001,2.912618637084961
9870,19,370,2067,11.282449722290039,10.36964055617745,0.001,3.090996503829956
9871,19,371,2066,6.605759143829346,10.354926958314389,0.001,2.939634323120117
9872,19,372,1440,7.281152248382568,10.346085358937742,0.001,3.808298349380493
9873,19,373,1439,8.395136833190918,10.338567440269305,0.001,2.9104297161102295
9874,19,374,1346,11.506248474121094,10.342947503878023,0.001,2.911397933959961
9875,19,375,1313,8.379975318908691,10.33566093563709,0.001,2.8647284507751465
9876,19,376,1675,9.396539688110352,10.333736754554078,0.001,3.0793588161468506
9877,19,377,2534,7.916214466094971,10.33035969080428,0.001,4.091487884521484
9878,19,378,1615,7.227272033691406,10.321584656805593,0.001,2.935382604598999
9879,19,379,1397,5.989332675933838,10.304771975272319,0.001,2.96470046043396
9880,19,380,2522,11.472511291503906,10.308090327615616,0.001,2.9457101821899414
9881,19,381,2099,6.392884254455566,10.300047029291003,0.001,3.6447513103485107
9882,19,382,2278,14.256243705749512,10.311514229488719,0.001,3.114655017852783
9883,19,383,1832,6.071995258331299,10.295419565211363,0.001,2.9850456714630127
9884,19,384,2548,7.395810604095459,10.28732953544464,0.001,2.924835205078125
9885,19,385,2398,6.3813700675964355,10.272751738439284,0.001,2.8926119804382324
9886,19,386,2327,5.689309597015381,10.263690665271211,0.001,3.4395432472229004
9887,19,387,274,8.74986457824707,10.259502727380564,0.001,2.9953582286834717
9888,19,388,1324,7.1812591552734375,10.248101281482416,0.001,2.947784423828125
9889,19,389,1568,8.736360549926758,10.24390726351352,0.001,2.9014291763305664
9890,19,390,2563,6.6567158699035645,10.236741556619183,0.001,3.173034191131592
9891,19,391,1355,8.60995864868164,10.232195696593433,0.001,3.314960241317749
9892,19,392,2479,8.441558837890625,10.227395236203526,0.001,2.9954137802124023
9893,19,393,2293,10.7852201461792,10.228974277951737,0.001,3.0924932956695557
9894,19,394,2595,5.753297805786133,10.223134249382992,0.001,2.8945350646972656
9895,19,395,1151,9.406143188476562,10.221585043097239,0.001,3.0393595695495605
9896,19,396,1888,12.892950057983398,10.23121274951897,0.001,3.3404643535614014
9897,19,397,29,6.747101783752441,10.221731501491611,0.001,3.111967086791992
9898,19,398,2614,7.7402801513671875,10.212774851371774,0.001,3.0400989055633545
9899,19,399,1088,11.347458839416504,10.215798482603903,0.001,3.0688722133636475
9900,19,400,273,7.116583824157715,10.207311304289524,0.001,3.2391889095306396
9901,19,401,1123,16.587528228759766,10.219621946258197,0.001,3.1242902278900146
9902,19,402,2537,8.811881065368652,10.215733974416043,0.001,3.3534910678863525
9903,19,403,1548,9.83248233795166,10.214741638858184,0.001,2.9237632751464844
9904,19,404,2603,5.951120853424072,10.199858418784103,0.001,2.972480058670044
9905,19,405,1616,9.107789039611816,10.196867174604389,0.001,3.498199939727783
9906,19,406,1098,17.298906326293945,10.21056126077036,0.001,3.0497050285339355
9907,19,407,2543,13.094586372375488,10.218297815861634,0.001,3.043459415435791
9908,19,408,1113,7.476977348327637,10.20859661616259,0.001,3.048125743865967
9909,19,409,1858,10.678178787231445,10.209827024014865,0.001,3.0910520553588867
9910,19,410,2580,19.815738677978516,10.242886426868962,0.001,3.623018980026245
9911,19,411,28,9.312328338623047,10.241723681209264,0.001,2.9156224727630615
9912,19,412,2413,7.28699254989624,10.23384763650743,0.001,3.038503885269165
9913,19,413,1155,7.507369041442871,10.23037832571195,0.001,2.9110875129699707
9914,19,414,32,9.879388809204102,10.22913142030404,0.001,3.082252264022827
9915,19,415,2672,12.341346740722656,10.236519744927744,0.001,3.60780668258667
9916,19,416,2596,10.658357620239258,10.237303342039576,0.001,2.9372687339782715
9917,19,417,1333,10.963346481323242,10.239192476497431,0.001,2.9594273567199707
9918,19,418,2341,7.823619842529297,10.230797701114115,0.001,3.0129642486572266
9919,19,419,2750,24.279582977294922,10.247940510124593,0.001,3.0114262104034424
9920,19,420,2720,10.71944522857666,10.248476481925222,0.001,3.45500111579895
9921,19,421,1109,18.343524932861328,10.275275774008024,0.001,3.0853958129882812
9922,19,422,2034,6.670890808105469,10.263138338784094,0.001,2.9750514030456543
9923,19,423,2060,29.00381088256836,10.311330347856323,0.001,3.0050230026245117
9924,19,424,1586,11.610222816467285,10.315777840901069,0.001,3.6799466609954834
9925,19,425,2335,16.329666137695312,10.323254182855951,0.001,3.0346696376800537
9926,19,426,1626,8.39181137084961,10.320992910919259,0.001,3.104506492614746
9927,19,427,2449,7.722331523895264,10.314397477688667,0.001,2.8148210048675537
9928,19,428,2669,11.50324821472168,10.315850507580478,0.001,2.952265501022339
9929,19,429,1576,7.450953960418701,10.312454280512055,0.001,3.512326955795288
9930,19,430,1862,12.472363471984863,10.315055859529634,0.001,3.0283336639404297
9931,19,431,1938,10.768595695495605,10.315581701336127,0.001,2.9990410804748535
9932,19,432,1812,12.541463851928711,10.323133542551796,0.001,3.118391513824463
9933,19,433,2080,10.947986602783203,10.325235446613581,0.001,3.1337554454803467
9934,19,434,1302,20.293405532836914,10.356312326969434,0.001,3.5307724475860596
9935,19,435,2377,15.133780479431152,10.368174905376176,0.001,3.1617536544799805
9936,19,436,2510,11.838821411132812,10.37300568813805,0.001,3.0836079120635986
9937,19,437,2274,6.117376804351807,10.362655199102687,0.001,2.9492688179016113
9938,19,438,1181,11.854165077209473,10.36625657474851,0.001,3.3287723064422607
9939,19,439,1557,14.687226295471191,10.380539770060068,0.001,3.6159780025482178
9940,19,440,2923,11.26353645324707,10.382044575932408,0.001,2.9966962337493896
9941,19,441,1676,11.642779350280762,10.386197235826344,0.001,3.1375083923339844
9942,19,442,2782,8.515968322753906,10.380039422177866,0.001,3.1278293132781982
9943,19,443,1797,6.119699954986572,10.374983142425064,0.001,3.557784080505371
9944,19,444,1263,10.648762702941895,10.375648910104827,0.001,3.0676989555358887
9945,19,445,1334,14.270798683166504,10.380083401977005,0.001,2.993961811065674
9946,19,446,2909,21.153057098388672,10.40645679684995,0.001,2.908533811569214
9947,19,447,272,12.338021278381348,10.409819216480177,0.001,3.129992961883545
9948,19,448,1914,7.809918403625488,10.40682594340674,0.001,4.090817451477051
9949,19,449,2073,7.581878662109375,10.403704831575341,0.001,2.939485549926758
9950,19,450,1951,12.626336097717285,10.409072379046192,0.001,2.987886905670166
9951,19,451,2584,20.660625457763672,10.441815850031123,0.001,3.0796711444854736
9952,19,452,2608,18.763988494873047,10.468911218218087,0.001,3.192002534866333
9953,19,453,2601,15.34552001953125,10.484170070070766,0.001,3.2978570461273193
9954,19,454,2610,8.31641674041748,10.481702442237024,0.001,3.022387981414795
9955,19,455,1768,8.262073516845703,10.479199275014489,0.001,2.9673333168029785
9956,19,456,266,10.560937881469727,10.479458521686333,0.001,3.2250101566314697
9957,19,457,1577,11.04376220703125,10.480789199542086,0.001,3.2307915687561035
9958,19,458,2436,12.725919723510742,10.483339874196552,0.001,3.0674402713775635
9959,19,459,2064,5.863055229187012,10.472306620362163,0.001,2.9841291904449463
9960,19,460,1368,8.101158142089844,10.468232519603415,0.001,2.9738609790802
9961,19,461,2533,9.025815963745117,10.465763142394172,0.001,2.925246000289917
9962,19,462,368,9.217233657836914,10.462734462111253,0.001,3.6198060512542725
9963,19,463,1482,5.863893985748291,10.457663737273048,0.001,3.0183827877044678
9964,19,464,2241,8.64077091217041,10.451929914872949,0.001,2.9706268310546875
9965,19,465,372,11.939270973205566,10.453381850226,0.001,3.0542309284210205
9966,19,466,2450,7.130339622497559,10.44578531275623,0.001,2.900728940963745
9967,19,467,2297,8.953025817871094,10.442240543188767,0.001,3.549075126647949
9968,19,468,2654,8.82032585144043,10.43720962842409,0.001,3.101156234741211
9969,19,469,1173,6.758297920227051,10.433132031849404,0.001,2.9713213443756104
9970,19,470,1814,6.175769329071045,10.423441685224066,0.001,2.9281017780303955
9971,19,471,405,5.647677421569824,10.415397938313104,0.001,2.9911773204803467
9972,19,472,2538,6.209292411804199,10.41077578195065,0.001,3.219187021255493
9973,19,473,1700,17.200885772705078,10.422537100890048,0.001,3.061150312423706
9974,19,474,2590,10.63383960723877,10.422872881937568,0.001,2.928013563156128
9975,19,475,1128,10.819731712341309,10.423782576383516,0.001,2.952040433883667
9976,19,476,1902,12.746284484863281,10.429097080354055,0.001,3.5276856422424316
9977,19,477,1649,11.44349479675293,10.431414924945438,0.001,3.240391731262207
9978,19,478,2482,6.382711410522461,10.419034008341736,0.001,3.0410773754119873
9979,19,479,1845,7.359365463256836,10.415915139439193,0.001,2.9327032566070557
9980,19,480,1636,5.914575099945068,10.40229667589418,0.001,3.066938877105713
9981,19,481,434,11.242091178894043,10.403115383251183,0.001,3.5894243717193604
9982,19,482,2202,7.302484512329102,10.393733150639077,0.001,2.981231212615967
9983,19,483,436,11.30459213256836,10.395171994305631,0.001,3.0007567405700684
9984,19,484,2229,12.141178131103516,10.397595524398946,0.001,2.9787051677703857
9985,19,485,2040,4.873952865600586,10.380884741190615,0.001,3.032729148864746
9986,19,486,2399,7.08561372756958,10.377737072965779,0.001,3.5366249084472656
9987,19,487,178,7.805310249328613,10.372129418662777,0.001,2.9548397064208984
9988,19,488,2425,15.66783332824707,10.383980403718502,0.001,2.831897020339966
9989,19,489,340,5.882228374481201,10.373945382135206,0.001,2.8522753715515137
9990,19,490,1127,6.64000129699707,10.367902585334726,0.001,2.9456064701080322
9991,19,491,2523,10.909106254577637,10.369502342409842,0.001,3.4111475944519043
9992,19,492,336,5.017191410064697,10.353645772700204,0.001,2.8390378952026367
9993,19,493,2871,7.115549087524414,10.34419801635924,0.001,2.9119372367858887
9994,19,494,1878,8.433155059814453,10.341235725882646,0.001,2.9128191471099854
9995,19,495,2901,10.23991584777832,10.341073340168085,0.001,2.8892853260040283
9996,19,496,2191,12.489442825317383,10.344508407683975,0.001,3.4686295986175537
9997,19,497,2547,25.51133918762207,10.377752043607067,0.001,2.9668469429016113
9998,19,498,2593,6.054484844207764,10.368126128221201,0.001,2.9461748600006104
9999,19,499,2340,13.579360961914062,10.374958613289637,0.001,2.8650336265563965
10000,20,0,2505,10.281540870666504,10.281540870666504,0.001,3.0383312702178955
10001,20,1,2204,7.079834461212158,7.945670401371622,0.001,3.185067653656006
10002,20,2,73,24.974437713623047,11.544265230229449,0.001,3.766791582107544
10003,20,3,401,10.06934642791748,11.094542878657448,0.001,3.018508195877075
10004,20,4,2221,13.674235343933105,11.705663589813824,0.001,3.1663787364959717
10005,20,5,432,16.331472396850586,12.564557359648182,0.001,3.065659999847412
10006,20,6,390,5.684931755065918,11.763727195922247,0.001,3.669062852859497
10007,20,7,2588,8.404950141906738,11.1455167647372,0.001,3.0260279178619385
10008,20,8,611,9.479887008666992,10.99987401550968,0.001,3.06894588470459
10009,20,9,337,14.132772445678711,11.233161025894102,0.001,3.125340223312378
10010,20,10,1317,7.293306350708008,11.028550983449545,0.001,2.7753121852874756
10011,20,11,1495,5.891467094421387,10.520376054880042,0.001,3.5387840270996094
10012,20,12,490,8.800228118896484,10.44184099190185,0.001,2.8846960067749023
10013,20,13,2619,8.900533676147461,10.352620638091876,0.001,3.3416998386383057
10014,20,14,1470,6.43011999130249,10.041254417437393,0.001,3.0254502296447754
10015,20,15,65,7.121231555938721,9.92972221766104,0.001,3.019299030303955
10016,20,16,342,11.782011032104492,10.107496520370306,0.001,3.487105369567871
10017,20,17,1153,8.779515266418457,9.99201363419938,0.001,3.097789764404297
10018,20,18,2343,5.40273380279541,9.791745793245491,0.001,2.997143268585205
10019,20,19,2427,16.717220306396484,10.18731965986223,0.001,2.9550158977508545
10020,20,20,2692,12.642659187316895,10.364343897261966,0.001,3.1375935077667236
10021,20,21,468,12.071538925170898,10.478230721343483,0.001,3.4383180141448975
10022,20,22,2763,8.069527626037598,10.422037711228928,0.001,3.0003514289855957
10023,20,23,1839,5.539758682250977,10.312147820450829,0.001,3.090970039367676
10024,20,24,1443,11.831143379211426,10.403439386264871,0.001,3.066934108734131
10025,20,25,2098,18.26238441467285,10.630554757353812,0.001,3.5795557498931885
10026,20,26,2249,12.481727600097656,10.71009504459627,0.001,3.0056614875793457
10027,20,27,523,13.490073204040527,10.859237893705803,0.001,2.9617068767547607
10028,20,28,1779,10.829030990600586,10.85771680677188,0.001,3.018266439437866
10029,20,29,1923,6.5624895095825195,10.697645409990878,0.001,2.9606454372406006
10030,20,30,377,5.324553489685059,10.56125358732372,0.001,3.6519570350646973
10031,20,31,1819,14.503793716430664,10.627366183814544,0.001,2.9442412853240967
10032,20,32,2243,12.732905387878418,10.72125122316786,0.001,3.0930397510528564
10033,20,33,2793,9.738853454589844,10.678721362099802,0.001,3.092611789703369
10034,20,34,521,5.9227800369262695,10.607828765379985,0.001,3.0521769523620605
10035,20,35,695,6.452455997467041,10.480049470552094,0.001,3.5018677711486816
10036,20,36,408,5.0339531898498535,10.365104501117395,0.001,2.9131531715393066
10037,20,37,717,5.979574203491211,10.197357159235526,0.001,3.061997175216675
10038,20,38,1686,5.788478374481201,10.035158970555326,0.001,2.997044563293457
10039,20,39,1620,20.760116577148438,10.128754722814477,0.001,3.1804494857788086
10040,20,40,190,7.6087846755981445,10.037849420163084,0.001,3.495204448699951
10041,20,41,459,8.024149894714355,10.013024775351756,0.001,2.9546027183532715
10042,20,42,743,8.197367668151855,9.990888349095489,0.001,3.090170383453369
10043,20,43,407,7.086215972900391,9.917909496961983,0.001,2.942978620529175
10044,20,44,1365,10.86885929107666,9.929183576075967,0.001,3.5576179027557373
10045,20,45,2772,5.8396806716918945,9.83043777767339,0.001,2.9659852981567383
10046,20,46,710,7.783883094787598,9.78227878067887,0.001,3.1226658821105957
10047,20,47,56,6.470534801483154,9.705742843183172,0.001,3.074685573577881
10048,20,48,1473,6.951743125915527,9.66669218208551,0.001,3.26212739944458
10049,20,49,1756,6.822250843048096,9.604351945763009,0.001,3.704951286315918
10050,20,50,481,8.348461151123047,9.576991339485787,0.001,3.468073844909668
10051,20,51,382,8.744797706604004,9.5686809815206,0.001,3.005897045135498
10052,20,52,827,15.307429313659668,9.641336756967341,0.001,3.3665263652801514
10053,20,53,1848,7.463197231292725,9.580950072421594,0.001,3.2312088012695312
10054,20,54,441,9.092987060546875,9.57106266564279,0.001,3.3015401363372803
10055,20,55,770,8.230916023254395,9.544024234381338,0.001,3.104931116104126
10056,20,56,1682,15.485870361328125,9.65960082348071,0.001,3.001878499984741
10057,20,57,69,17.413312911987305,9.857761295237783,0.001,3.0046451091766357
10058,20,58,2906,8.29491138458252,9.828713733777372,0.001,3.6822147369384766
10059,20,59,64,6.668905735015869,9.80053201485723,0.001,3.0731112957000732
10060,20,60,447,5.475080966949463,9.762339016550918,0.001,2.9957706928253174
10061,20,61,803,7.767027854919434,9.745536758279759,0.001,2.9403059482574463
10062,20,62,2781,17.00460433959961,9.82711894043084,0.001,3.0539910793304443
10063,20,63,461,7.629136085510254,9.776158241113668,0.001,3.5454931259155273
10064,20,64,1441,13.68596363067627,9.809282533024078,0.001,2.931124448776245
10065,20,65,2095,11.051962852478027,9.836925704720878,0.001,2.9997196197509766
10066,20,66,1751,11.542928695678711,9.857448531608505,0.001,3.074237585067749
10067,20,67,1617,11.82358455657959,9.89908475682216,0.001,3.092411518096924
10068,20,68,424,9.494311332702637,9.894611939552712,0.001,3.4350879192352295
10069,20,69,37,12.499615669250488,9.949624728298264,0.001,2.905494451522827
10070,20,70,458,19.526405334472656,10.023697034573365,0.001,2.8793656826019287
10071,20,71,392,7.749898910522461,9.977210809443529,0.001,2.914522171020508
10072,20,72,788,11.410821914672852,10.006277626789227,0.001,2.929640531539917
10073,20,73,2235,6.208643436431885,9.931303902268011,0.001,3.4356954097747803
10074,20,74,1488,9.928593635559082,9.931254332294769,0.001,2.915705919265747
10075,20,75,2832,8.374706268310547,9.902942368764363,0.001,2.9562137126922607
10076,20,76,1434,10.543319702148438,9.911678368686175,0.001,2.931509494781494
10077,20,77,1766,29.733234405517578,10.006362003517276,0.001,3.0557138919830322
10078,20,78,2583,7.9099321365356445,9.977071718089041,0.001,3.322662353515625
10079,20,79,2706,8.039225578308105,9.964990178602783,0.001,2.909527063369751
10080,20,80,680,5.707442283630371,9.937511421453726,0.001,3.0268616676330566
10081,20,81,507,40.27922058105469,10.074745207680115,0.001,2.989170551300049
10082,20,82,2652,6.466268062591553,10.051885163020083,0.001,3.535616397857666
10083,20,83,522,9.471552848815918,10.041556250985664,0.001,3.07240629196167
10084,20,84,455,22.726154327392578,10.102856237256042,0.001,2.989168882369995
10085,20,85,1844,16.655658721923828,10.139378799299275,0.001,2.9689085483551025
10086,20,86,989,12.636148452758789,10.171748288953449,0.001,2.95457124710083
10087,20,87,904,28.171932220458984,10.31833127849696,0.001,3.9368860721588135
10088,20,88,374,6.302688121795654,10.2508751310311,0.001,3.0211637020111084
10089,20,89,2775,13.863327980041504,10.295478610660062,0.001,3.0101139545440674
10090,20,90,2552,13.717710494995117,10.337369659880935,0.001,3.0275635719299316
10091,20,91,514,10.334595680236816,10.33734504498996,0.001,2.9462623596191406
10092,20,92,1395,7.066770076751709,10.31806699906224,0.001,3.52394962310791
10093,20,93,1360,7.321715354919434,10.301284148235444,0.001,2.9723005294799805
10094,20,94,378,13.211878776550293,10.34756474741827,0.001,2.868583917617798
10095,20,95,2845,10.5565185546875,10.350829201631893,0.001,3.0492427349090576
10096,20,96,728,8.515640258789062,10.329482612659865,0.001,2.899625301361084
10097,20,97,778,8.210972785949707,10.305391845178157,0.001,3.7233502864837646
10098,20,98,2216,7.151516437530518,10.290027367321095,0.001,3.0178821086883545
10099,20,99,2861,6.9731221199035645,10.25236551834075,0.001,2.8918159008026123
10100,20,100,919,6.233050346374512,10.19187484058019,0.001,3.1218173503875732
10101,20,101,1596,9.755509376525879,10.188518441348945,0.001,3.1044373512268066
10102,20,102,2929,6.93754768371582,10.153041901802574,0.001,3.341602087020874
10103,20,103,403,5.308845520019531,10.115972963327168,0.001,2.9818596839904785
10104,20,104,1602,24.299232482910156,10.164122276506662,0.001,2.94041109085083
10105,20,105,2347,6.418764591217041,10.12423201466274,0.001,2.912252187728882
10106,20,106,2673,15.00361442565918,10.176520146235005,0.001,3.4781742095947266
10107,20,107,1344,5.82512903213501,10.131476317847651,0.001,2.9491872787475586
10108,20,108,1399,14.440160751342773,10.191532458956337,0.001,2.8612518310546875
10109,20,109,1259,6.318775653839111,10.163834699994641,0.001,3.0149037837982178
10110,20,110,2513,6.835520267486572,10.147792967624413,0.001,3.0015926361083984
10111,20,111,2494,11.387809753417969,10.160184593140617,0.001,3.4263646602630615
10112,20,112,2007,10.067181587219238,10.159262092221656,0.001,2.948087215423584
10113,20,113,2758,9.293561935424805,10.150750060082467,0.001,2.965360164642334
10114,20,114,2668,7.1717119216918945,10.121284820784524,0.001,2.917189121246338
10115,20,115,1442,7.658290863037109,10.104414267526614,0.001,2.8946151733398438
10116,20,116,1097,7.912425518035889,10.094601378889985,0.001,3.4776041507720947
10117,20,117,453,9.277759552001953,10.0890473571094,0.001,2.9735522270202637
10118,20,118,2927,40.61373519897461,10.209564956683664,0.001,2.9197816848754883
10119,20,119,956,8.575358390808105,10.189059888282939,0.001,3.0913634300231934
10120,20,120,2502,8.043042182922363,10.162113522832286,0.001,2.978309154510498
10121,20,121,77,11.403879165649414,10.17373027047133,0.001,3.752939462661743
10122,20,122,1915,7.0937113761901855,10.153751513627205,0.001,3.579165458679199
10123,20,123,694,6.718111038208008,10.112266378354969,0.001,3.4616055488586426
10124,20,124,2794,5.710849285125732,10.093112084793013,0.001,3.4509551525115967
10125,20,125,94,7.074306964874268,10.059249296792977,0.001,4.248210430145264
10126,20,126,2682,6.536139011383057,10.017234505101115,0.001,3.718590021133423
10127,20,127,68,6.680058479309082,9.995928118766225,0.001,3.083683490753174
10128,20,128,954,8.625685691833496,9.990240235619224,0.001,3.0859930515289307
10129,20,129,1864,12.423067092895508,10.000391202922152,0.001,3.2522103786468506
10130,20,130,2462,9.757171630859375,9.997567496382576,0.001,3.163320779800415
10131,20,131,2075,7.541974067687988,9.98284263260992,0.001,2.9593582153320312
10132,20,132,264,6.829641819000244,9.955974032832808,0.001,2.9911534786224365
10133,20,133,1817,6.4308576583862305,9.942283036008527,0.001,2.9028351306915283
10134,20,134,2387,33.51433563232422,10.083692959843411,0.001,3.452955961227417
10135,20,135,851,6.306430816650391,10.040973871689463,0.001,3.1618764400482178
10136,20,136,98,4.465428829193115,9.979744797119048,0.001,2.869187116622925
10137,20,137,2149,6.031604290008545,9.947172543873599,0.001,2.931086540222168
10138,20,138,721,9.219754219055176,9.943041825681618,0.001,2.912626266479492
10139,20,139,1692,9.230758666992188,9.935470721783942,0.001,3.6580467224121094
10140,20,140,991,13.348611831665039,9.948138860285146,0.001,2.9349112510681152
10141,20,141,1679,10.408263206481934,9.950796127572364,0.001,2.9737966060638428
10142,20,142,616,9.906246185302734,9.9503348539971,0.001,3.1679189205169678
10143,20,143,2569,11.199346542358398,9.957270637074103,0.001,2.9855263233184814
10144,20,144,1918,5.347489833831787,9.909729316098893,0.001,3.564464807510376
10145,20,145,492,13.736888885498047,9.948772225432135,0.001,2.9868597984313965
10146,20,146,685,8.007278442382812,9.934256583676746,0.001,2.884874105453491
10147,20,147,819,11.461808204650879,9.945802727503173,0.001,2.914818525314331
10148,20,148,74,8.149283409118652,9.939476822906487,0.001,2.9267969131469727
10149,20,149,811,14.20330810546875,9.953534200988809,0.001,3.5598621368408203
10150,20,150,67,17.05389404296875,10.006236254463843,0.001,3.0192830562591553
10151,20,151,977,6.223023891448975,9.986892176687006,0.001,3.0466434955596924
10152,20,152,1484,6.055103778839111,9.957815442996484,0.001,3.000082015991211
10153,20,153,873,9.852274894714355,9.957492625886964,0.001,2.9131531715393066
10154,20,154,1161,6.563582897186279,9.94642171505903,0.001,3.4811158180236816
10155,20,155,2613,6.297913074493408,9.920390107153164,0.001,3.0301554203033447
10156,20,156,2272,6.853490352630615,9.898413239971328,0.001,2.8983912467956543
10157,20,157,2767,11.203852653503418,9.907840359712768,0.001,3.178734302520752
10158,20,158,1762,6.922423839569092,9.886781153176262,0.001,3.3559248447418213
10159,20,159,1523,10.554521560668945,9.889027221690815,0.001,3.0317564010620117
10160,20,160,2152,18.281829833984375,9.947195923513599,0.001,3.0604445934295654
10161,20,161,858,11.772174835205078,9.952690781775555,0.001,3.273364305496216
10162,20,162,2448,4.940135478973389,9.90675488437987,0.001,2.9720442295074463
10163,20,163,471,5.762197971343994,9.869267592817753,0.001,3.66394305229187
10164,20,164,175,5.451268672943115,9.847301885620185,0.001,3.1109371185302734
10165,20,165,915,7.620673656463623,9.840354257506174,0.001,2.8651106357574463
10166,20,166,2460,11.038640022277832,9.844214828086146,0.001,2.969491958618164
10167,20,167,448,6.44675874710083,9.820828179909201,0.001,3.1335501670837402
10168,20,168,972,6.291958808898926,9.797683650077397,0.001,3.6498184204101562
10169,20,169,961,8.002644538879395,9.781901970414822,0.001,2.9768564701080322
10170,20,170,2585,6.106119632720947,9.758173609918574,0.001,2.864514112472534
10171,20,171,914,11.338811874389648,9.768472205542007,0.001,3.095160722732544
10172,20,172,2911,17.51628875732422,9.790749538045171,0.001,3.0229649543762207
10173,20,173,1714,12.639922142028809,9.808751330226956,0.001,3.5473203659057617
10174,20,174,1480,8.451379776000977,9.804640166853593,0.001,2.953181266784668
10175,20,175,601,13.365906715393066,9.835029539551536,0.001,3.0813169479370117
10176,20,176,1081,14.458810806274414,9.864502815114847,0.001,3.040004253387451
10177,20,177,742,7.384970188140869,9.843547591440613,0.001,3.797792911529541
10178,20,178,1838,7.231900215148926,9.827453454582281,0.001,2.9943950176239014
10179,20,179,861,8.29643726348877,9.820619013414637,0.001,3.0689055919647217
10180,20,180,256,9.4417724609375,9.81895695318233,0.001,3.1180102825164795
10181,20,181,774,7.673832893371582,9.805691431026105,0.001,2.931053876876831
10182,20,182,759,6.073044776916504,9.783011106832543,0.001,3.4584436416625977
10183,20,183,707,6.94054651260376,9.775249030464384,0.001,3.0173871517181396
10184,20,184,2784,6.562491416931152,9.749121523566345,0.001,3.094029188156128
10185,20,185,801,4.769608974456787,9.728244262394453,0.001,2.9175477027893066
10186,20,186,787,8.523804664611816,9.724737551661391,0.001,2.976757764816284
10187,20,187,254,12.18859577178955,9.744293679662448,0.001,3.501542568206787
10188,20,188,966,17.107826232910156,9.774998530597749,0.001,2.977226495742798
10189,20,189,920,8.058860778808594,9.761293250070613,0.001,2.971407175064087
10190,20,190,1453,22.65719223022461,9.795002555652477,0.001,2.9835152626037598
10191,20,191,990,13.899572372436523,9.819614215573772,0.001,2.9966883659362793
10192,20,192,350,12.675115585327148,9.836361969744305,0.001,3.6347219944000244
10193,20,193,686,8.933610916137695,9.831021266111053,0.001,2.9641387462615967
10194,20,194,1627,13.617183685302734,9.852998331885328,0.001,2.941077709197998
10195,20,195,488,7.363517761230469,9.834223130426079,0.001,3.0768511295318604
10196,20,196,367,14.031265258789062,9.851066033375233,0.001,3.1940300464630127
10197,20,197,1532,7.566040992736816,9.833965577239631,0.001,3.324488401412964
10198,20,198,773,6.505657196044922,9.815274659396183,0.001,3.3056628704071045
10199,20,199,2564,8.438348770141602,9.807717705747956,0.001,2.9217119216918945
10200,20,200,2529,6.323030471801758,9.78791831577772,0.001,2.9647810459136963
10201,20,201,344,6.11680269241333,9.778208891776247,0.001,3.7601077556610107
10202,20,202,446,6.170676231384277,9.758493052869817,0.001,2.912907838821411
10203,20,203,1481,5.456997871398926,9.734628372596532,0.001,2.93670916557312
10204,20,204,2789,7.031739711761475,9.719956628710174,0.001,3.073154926300049
10205,20,205,863,19.48348045349121,9.773226601792718,0.001,2.992816209793091
10206,20,206,852,9.569648742675781,9.772140786253157,0.001,3.599769353866577
10207,20,207,376,8.809405326843262,9.769639221793376,0.001,3.0140857696533203
10208,20,208,2546,6.193798542022705,9.750674651603104,0.001,3.0751140117645264
10209,20,209,325,14.904086112976074,9.77799108054243,0.001,2.9596712589263916
10210,20,210,2535,5.93139123916626,9.768280551120363,0.001,2.894653558731079
10211,20,211,496,16.724365234375,9.803428542599127,0.001,3.656743049621582
10212,20,212,814,7.164737701416016,9.796631939934933,0.001,2.960967779159546
10213,20,213,825,18.014047622680664,9.81666231373251,0.001,3.083134174346924
10214,20,214,2172,6.062075138092041,9.796720251898735,0.001,3.2170190811157227
10215,20,215,2282,9.737162590026855,9.796572827441167,0.001,3.342454195022583
10216,20,216,1493,6.828524112701416,9.776043540904821,0.001,3.3027455806732178
10217,20,217,986,20.66607666015625,9.833042546181161,0.001,3.0452091693878174
10218,20,218,400,9.886324882507324,9.833217505794051,0.001,2.980562448501587
10219,20,219,383,10.938791275024414,9.840496356626268,0.001,3.1257379055023193
10220,20,220,870,7.581233978271484,9.832285561594487,0.001,3.607621669769287
10221,20,221,388,5.336132049560547,9.821889852982494,0.001,2.945833444595337
10222,20,222,981,9.2645902633667,9.819074068048257,0.001,2.985046148300171
10223,20,223,682,15.659466743469238,9.857799196916947,0.001,2.901075601577759
10224,20,224,2179,8.711315155029297,9.853657556285897,0.001,3.0019922256469727
10225,20,225,705,5.753420829772949,9.82613248946149,0.001,3.607028007507324
10226,20,226,2443,6.350794315338135,9.809125971408577,0.001,2.9715042114257812
10227,20,227,2392,6.321599960327148,9.796736568571658,0.001,3.1349830627441406
10228,20,228,2000,7.1605658531188965,9.790654363081623,0.001,2.8558874130249023
10229,20,229,808,14.779641151428223,9.814794019027035,0.001,2.9512414932250977
10230,20,230,1543,6.713749408721924,9.807496818933767,0.001,3.7432119846343994
10231,20,231,38,6.441068649291992,9.795742377858152,0.001,3.0680572986602783
10232,20,232,2694,5.1531901359558105,9.785119147727826,0.001,3.037938356399536
10233,20,233,363,7.328345775604248,9.779497104318772,0.001,2.89544677734375
10234,20,234,1575,8.061114311218262,9.771046626962953,0.001,3.34794545173645
10235,20,235,789,8.04944896697998,9.762841277526588,0.001,3.8153228759765625
10236,20,236,699,8.463190078735352,9.756751965372542,0.001,3.0793774127960205
10237,20,237,916,5.5717339515686035,9.74712293341671,0.001,2.903873920440674
10238,20,238,60,6.879929542541504,9.737457823823807,0.001,3.0540554523468018
10239,20,239,518,6.119190692901611,9.729284505168868,0.001,3.3061838150024414
10240,20,240,469,7.045997619628906,9.712552970752604,0.001,3.1015822887420654
10241,20,241,1093,12.050504684448242,9.726823081183168,0.001,3.13665771484375
10242,20,242,706,9.08354377746582,9.725374372469267,0.001,2.9833672046661377
10243,20,243,2660,7.869431972503662,9.71415927077785,0.001,2.868366003036499
10244,20,244,1693,8.366998672485352,9.70593009015264,0.001,3.3828916549682617
10245,20,245,250,19.792823791503906,9.728025097172134,0.001,2.7601163387298584
10246,20,246,951,6.415377616882324,9.712941223455834,0.001,2.9077208042144775
10247,20,247,693,6.053585052490234,9.690697263775252,0.001,2.787964344024658
10248,20,248,2722,17.049705505371094,9.705358347623196,0.001,2.813758611679077
10249,20,249,719,7.0472002029418945,9.68938287205074,0.001,3.2972424030303955
10250,20,250,2834,8.85415267944336,9.684379663359001,0.001,2.660907506942749
10251,20,251,1642,12.068504333496094,9.694850978955962,0.001,2.8491339683532715
10252,20,252,913,14.427225112915039,9.709803901490996,0.001,2.747321367263794
10253,20,253,2432,6.964344024658203,9.703945842764012,0.001,2.72875714302063
10254,20,254,864,12.304146766662598,9.70912980999125,0.001,3.215815782546997
10255,20,255,771,7.506769180297852,9.699490670634795,0.001,2.7900779247283936
10256,20,256,2709,19.374069213867188,9.71948520623903,0.001,2.7421891689300537
10257,20,257,2196,5.316270351409912,9.711199965094927,0.001,2.8065974712371826
10258,20,258,832,6.282496452331543,9.691372933265168,0.001,2.8175816535949707
10259,20,259,962,7.7212042808532715,9.685203120674547,0.001,3.423553943634033
10260,20,260,2435,5.228569984436035,9.6757171683594,0.001,2.8704357147216797
10261,20,261,834,6.197720527648926,9.655746078841016,0.001,2.931414842605591
10262,20,262,2864,8.706380844116211,9.652799851905346,0.001,3.0715651512145996
10263,20,263,2617,6.1390910148620605,9.632896678474317,0.001,2.8923699855804443
10264,20,264,361,7.581850051879883,9.621828203307926,0.001,3.9953339099884033
10265,20,265,519,7.829883575439453,9.6116798377902,0.001,2.9152865409851074
10266,20,266,1373,8.033149719238281,9.606453328776732,0.001,3.0614402294158936
10267,20,267,1896,12.306347846984863,9.617705063402925,0.001,2.9471652507781982
10268,20,268,607,17.038700103759766,9.631932913537874,0.001,2.8807947635650635
10269,20,269,2498,19.539873123168945,9.66142753302621,0.001,3.6454930305480957
10270,20,270,2930,10.376970291137695,9.662815971505822,0.001,3.0965020656585693
10271,20,271,2452,10.148138999938965,9.664829906980549,0.001,3.028616428375244
10272,20,272,1925,6.321290969848633,9.658300463555717,0.001,3.28878116607666
10273,20,273,2499,10.463323593139648,9.660680862640604,0.001,2.9878082275390625
10274,20,274,689,20.996801376342773,9.693920299965551,0.001,4.267984628677368
10275,20,275,727,10.019614219665527,9.694548756970638,0.001,2.9921159744262695
10276,20,276,2565,12.015422821044922,9.699159038268167,0.001,3.005610942840576
10277,20,277,2511,14.036835670471191,9.71198868004709,0.001,3.0155088901519775
10278,20,278,2874,6.283720016479492,9.69830324910579,0.001,3.597972869873047
10279,20,279,1756,8.212615013122559,9.692374272116336,0.001,2.9152910709381104
10280,20,280,1123,17.984336853027344,9.716268933815915,0.001,3.1046297550201416
10281,20,281,1819,13.658158302307129,9.723909984795107,0.001,2.9188296794891357
10282,20,282,1714,13.201981544494629,9.737551884980206,0.001,3.0732288360595703
10283,20,283,1569,20.69754981994629,9.781738952287014,0.001,3.799664258956909
10284,20,284,1263,7.065539836883545,9.77091646575876,0.001,2.9701998233795166
10285,20,285,1311,7.914719581604004,9.761119001805914,0.001,2.8934361934661865
10286,20,286,1442,6.884232044219971,9.753088534914326,0.001,2.994579792022705
10287,20,287,1182,6.146477222442627,9.738751800401738,0.001,2.9967291355133057
10288,20,288,1858,11.563626289367676,9.745839732387735,0.001,3.5119616985321045
10289,20,289,1762,6.243138313293457,9.732173376989554,0.001,2.9389119148254395
10290,20,290,1334,5.366520404815674,9.724195580359146,0.001,2.9074442386627197
10291,20,291,1457,6.095392227172852,9.70558397201256,0.001,2.9784586429595947
10292,20,292,1575,5.881945610046387,9.690443752193502,0.001,2.987262487411499
10293,20,293,1506,6.111112594604492,9.684197282759888,0.001,3.6514530181884766
10294,20,294,1556,5.606631755828857,9.668439789488103,0.001,2.9676449298858643
10295,20,295,1174,7.234105587005615,9.659081642502658,0.001,3.094766855239868
10296,20,296,1554,9.180726051330566,9.658198613431454,0.001,2.9168529510498047
10297,20,297,1699,10.060288429260254,9.659266850014522,0.001,3.4540016651153564
10298,20,298,1864,11.428150177001953,9.662500602566645,0.001,2.9169085025787354
10299,20,299,1902,11.798809051513672,9.670618864206633,0.001,2.8758130073547363
10300,20,300,1399,16.72746467590332,9.706665468919127,0.001,2.88645601272583
10301,20,301,2067,10.221643447875977,9.708082875735183,0.001,2.8887932300567627
10302,20,302,1093,9.674257278442383,9.707917071263811,0.001,3.4194746017456055
10303,20,303,1527,23.31049919128418,9.7583657937456,0.001,2.8959295749664307
10304,20,304,2064,5.525954246520996,9.74245115378293,0.001,2.837989330291748
10305,20,305,1577,8.322043418884277,9.737215014620489,0.001,2.8846275806427
10306,20,306,1862,7.036235809326172,9.732454435539339,0.001,2.87970232963562
10307,20,307,1128,10.578055381774902,9.735572915264857,0.001,3.5236527919769287
10308,20,308,2060,29.118200302124023,9.807107687176938,0.001,2.9905083179473877
10309,20,309,1317,10.505770683288574,9.80832433739666,0.001,3.2843689918518066
10310,20,310,1519,20.271345138549805,9.847230231777477,0.001,2.825061798095703
10311,20,311,1480,9.241260528564453,9.846194891791514,0.001,2.7877657413482666
10312,20,312,1302,22.393037796020508,9.902974833863803,0.001,3.244464159011841
10313,20,313,1772,11.481999397277832,9.91069336272198,0.001,2.9614779949188232
10314,20,314,1717,8.95012378692627,9.909064538573654,0.001,2.946805477142334
10315,20,315,1602,26.20995330810547,9.927536617113713,0.001,2.999756336212158
10316,20,316,2166,13.109475135803223,9.935654376576082,0.001,2.8767127990722656
10317,20,317,1549,11.226404190063477,9.939050899903613,0.001,3.3332273960113525
10318,20,318,1530,8.85095500946045,9.933885147974882,0.001,2.9359688758850098
10319,20,319,1361,21.231287002563477,9.953011934376736,0.001,2.8012330532073975
10320,20,320,1620,19.9901180267334,9.96437096931513,0.001,2.9397900104522705
10321,20,321,2147,15.997802734375,9.99300681328141,0.001,3.0040347576141357
10322,20,322,1161,14.79031753540039,10.000600217977242,0.001,3.3982269763946533
10323,20,323,2008,14.857586860656738,10.007894153361768,0.001,2.949028253555298
10324,20,324,1690,12.639395713806152,10.012340855688349,0.001,2.8984298706054688
10325,20,325,1923,6.40427827835083,9.999403161585455,0.001,2.9352314472198486
10326,20,326,1324,10.614134788513184,10.002240594587516,0.001,2.966287851333618
10327,20,327,190,14.466894149780273,10.02342586316725,0.001,3.4032375812530518
10328,20,328,1484,16.187829971313477,10.044978953000667,0.001,2.956472158432007
10329,20,329,1463,8.912303924560547,10.043354710797361,0.001,2.9825921058654785
10330,20,330,2071,18.097166061401367,10.06304710992534,0.001,3.0244855880737305
10331,20,331,175,6.512029647827148,10.054137378030873,0.001,2.9751880168914795
10332,20,332,1346,13.979866981506348,10.071427340071397,0.001,3.7319750785827637
10333,20,333,1122,4.474759101867676,10.057550831157078,0.001,2.9327642917633057
10334,20,334,1481,6.134665489196777,10.044021712017347,0.001,3.030329942703247
10335,20,335,1903,5.501996040344238,10.033178842104178,0.001,3.0119524002075195
10336,20,336,1838,6.146640777587891,10.020248185904785,0.001,2.9441487789154053
10337,20,337,1580,12.519095420837402,10.026264152148947,0.001,3.541839838027954
10338,20,338,1686,7.617400646209717,10.01548596628707,0.001,3.0112547874450684
10339,20,339,2080,9.887527465820312,10.014911220582084,0.001,3.0492148399353027
10340,20,340,1823,6.792494773864746,10.000269253569012,0.001,2.971545457839966
10341,20,341,1397,6.587560653686523,9.984999475109733,0.001,3.625887155532837
10342,20,342,1797,6.626807689666748,9.979592298696012,0.001,3.0588696002960205
10343,20,343,1360,6.921706199645996,9.974916066593366,0.001,2.9696743488311768
10344,20,344,1817,7.572677135467529,9.971263555356828,0.001,2.873396873474121
10345,20,345,1777,9.117721557617188,9.968495318667756,0.001,2.975830316543579
10346,20,346,2235,10.459061622619629,9.970630328083056,0.001,3.894375801086426
10347,20,347,1737,13.22647476196289,9.984408163105229,0.001,3.0487778186798096
10348,20,348,1568,12.78066635131836,9.993438896407879,0.001,2.929947853088379
10349,20,349,1648,5.869604110717773,9.983904644309959,0.001,2.90519380569458
10350,20,350,1394,16.481821060180664,10.004920573243028,0.001,3.0625579357147217
10351,20,351,1473,8.516109466552734,10.001929694597122,0.001,3.864365816116333
10352,20,352,1896,9.057473182678223,9.998912158687608,0.001,2.9913153648376465
10353,20,353,2196,5.953669548034668,9.99333665658828,0.001,2.996112585067749
10354,20,354,1126,6.893413543701172,9.980072762774784,0.001,2.913874626159668
10355,20,355,2197,9.556285858154297,9.978729928180858,0.001,3.065683126449585
10356,20,356,2174,9.593049049377441,9.977141941049677,0.001,3.6336920261383057
10357,20,357,1945,7.591561794281006,9.967072630392154,0.001,2.837473154067993
10358,20,358,2223,9.759597778320312,9.96619549476873,0.001,2.9061050415039062
10359,20,359,1571,7.079487323760986,9.954163585637263,0.001,2.9523675441741943
10360,20,360,1879,7.82017707824707,9.94931271416522,0.001,2.985974073410034
10361,20,361,2013,8.700053215026855,9.947484771316688,0.001,3.429647445678711
10362,20,362,2191,12.515581130981445,9.953329676686426,0.001,2.926372528076172
10363,20,363,2144,5.470931053161621,9.94675263121202,0.001,2.945554733276367
10364,20,364,1557,6.046658992767334,9.93053676920855,0.001,3.027167558670044
10365,20,365,1090,5.934797763824463,9.921830734048944,0.001,3.7128264904022217
10366,20,366,1769,8.594011306762695,9.916323099168368,0.001,3.032123327255249
10367,20,367,1502,11.164066314697266,9.921499548282737,0.001,2.987377882003784
10368,20,368,1586,6.637765407562256,9.908021989440863,0.001,2.9211456775665283
10369,20,369,2392,5.732614994049072,9.898822202016786,0.001,3.2037718296051025
10370,20,370,2095,9.264324188232422,9.89630287854641,0.001,3.2093636989593506
10371,20,371,1460,6.698278427124023,9.889353890263875,0.001,2.876722574234009
10372,20,372,1516,9.851302146911621,9.889239732788518,0.001,3.0350663661956787
10373,20,373,1791,6.687869071960449,9.882451000465801,0.001,3.026315689086914
10374,20,374,1117,10.973719596862793,9.885790292620179,0.001,2.9362900257110596
10375,20,375,1812,11.167424201965332,9.890963657215623,0.001,3.668649435043335
10376,20,376,1395,5.898871898651123,9.885190499775296,0.001,2.9501256942749023
10377,20,377,1310,5.723718643188477,9.86858747670167,0.001,2.8396668434143066
10378,20,378,1636,6.282517910003662,9.854375409233702,0.001,3.158635377883911
10379,20,379,1764,9.861518859863281,9.854404071123408,0.001,2.868018627166748
10380,20,380,1693,8.575284957885742,9.849405272746921,0.001,3.735048294067383
10381,20,381,1548,7.517332553863525,9.842833085685708,0.001,2.953141927719116
10382,20,382,1846,8.204634666442871,9.838084006274192,0.001,3.0580825805664062
10383,20,383,1845,6.367740631103516,9.833532778934913,0.001,3.4261980056762695
10384,20,384,2040,4.251634120941162,9.811607827560426,0.001,3.4866859912872314
10385,20,385,2432,4.4596781730651855,9.804122987512653,0.001,2.955592632293701
10386,20,386,1570,12.511319160461426,9.8079037979637,0.001,2.973419427871704
10387,20,387,2399,5.994722843170166,9.803189319019584,0.001,3.120133399963379
10388,20,388,1155,5.864065647125244,9.797667541236631,0.001,2.9627091884613037
10389,20,389,2202,6.763021469116211,9.785926700506424,0.001,3.6658363342285156
10390,20,390,1393,13.527507781982422,9.796741758896099,0.001,3.070681571960449
10391,20,391,2435,5.565836429595947,9.790784737010842,0.001,3.0906333923339844
10392,20,392,2422,7.0310139656066895,9.787014712146902,0.001,2.9421536922454834
10393,20,393,1313,6.484070301055908,9.774970343368974,0.001,2.8617897033691406
10394,20,394,1250,6.701571464538574,9.770846613983872,0.001,3.634434223175049
10395,20,395,1965,6.737827301025391,9.759264073801468,0.001,3.1008706092834473
10396,20,396,1735,4.621191501617432,9.75225931967965,0.001,3.1395761966705322
10397,20,397,2149,6.695256233215332,9.743484647589328,0.001,3.071051597595215
10398,20,398,1794,7.467039108276367,9.737172866285679,0.001,3.5800602436065674
10399,20,399,1596,15.196130752563477,9.74789549300237,0.001,3.429929494857788
10400,20,400,1372,6.0900092124938965,9.7376755639586,0.001,3.1366376876831055
10401,20,401,38,9.932083129882812,9.738067598363275,0.001,3.0282344818115234
10402,20,402,1083,13.346831321716309,9.75116640106753,0.001,3.0290074348449707
10403,20,403,1679,8.808236122131348,9.749251482425706,0.001,3.636660099029541
10404,20,404,2278,14.763938903808594,9.763395652029985,0.001,2.8320724964141846
10405,20,405,1443,11.118435859680176,9.768367527622914,0.001,2.9862256050109863
10406,20,406,1700,14.2308349609375,9.777655233397308,0.001,3.0251128673553467
10407,20,407,273,7.029977321624756,9.770019773190558,0.001,3.043933391571045
10408,20,408,1706,9.605938911437988,9.769570846209925,0.001,3.6288695335388184
10409,20,409,1848,7.048509120941162,9.75960521631625,0.001,3.0963687896728516
10410,20,410,256,9.83102035522461,9.759742898825257,0.001,3.088970184326172
10411,20,411,32,7.7611541748046875,9.752359619578783,0.001,3.0795345306396484
10412,20,412,1259,7.296387672424316,9.747693982592205,0.001,3.029895782470703
10413,20,413,2051,10.71511173248291,9.750330560236222,0.001,3.692140817642212
10414,20,414,1514,6.827081203460693,9.746593857372519,0.001,3.051378011703491
10415,20,415,1118,7.626699447631836,9.7408967054967,0.001,2.8466737270355225
10416,20,416,2455,6.423055171966553,9.736545303750612,0.001,2.956676483154297
10417,20,417,1120,10.582752227783203,9.738093278878797,0.001,3.226508140563965
10418,20,418,1493,8.28126049041748,9.732874991295958,0.001,3.355571746826172
10419,20,419,1453,13.734451293945312,9.737625199162622,0.001,2.950958013534546
10420,20,420,2523,14.309316635131836,9.753909411738048,0.001,3.2969624996185303
10421,20,421,1439,14.775471687316895,9.771472739959906,0.001,3.0573890209198
10422,20,422,2347,10.062124252319336,9.772241918142521,0.001,3.706343412399292
10423,20,423,2340,11.018471717834473,9.775464272203955,0.001,2.9126884937286377
10424,20,424,2537,7.805401802062988,9.770153525048613,0.001,3.0557713508605957
10425,20,425,1113,13.546026229858398,9.783373033737988,0.001,3.209372043609619
10426,20,426,1523,8.527873992919922,9.781800558666685,0.001,2.885448694229126
10427,20,427,2221,9.108927726745605,9.780005515456924,0.001,3.9391651153564453
10428,20,428,1766,30.23475456237793,9.798173634319536,0.001,3.0193238258361816
10429,20,429,1265,5.730619430541992,9.793097652769456,0.001,2.97945499420166
10430,20,430,1092,13.746030807495117,9.806840054231621,0.001,2.974942445755005
10431,20,431,2241,5.5345458984375,9.791878596109635,0.001,3.3987388610839844
10432,20,432,1342,11.891853332519531,9.797211074931628,0.001,3.3156416416168213
10433,20,433,178,11.863248825073242,9.802414405678693,0.001,3.062009811401367
10434,20,434,254,11.572906494140625,9.808455509831534,0.001,2.9953997135162354
10435,20,435,1482,6.421973705291748,9.804364910932174,0.001,3.0085036754608154
10436,20,436,2584,6.647815704345703,9.79362600183325,0.001,3.66211199760437
10437,20,437,1383,7.974627494812012,9.790254750087218,0.001,2.856579303741455
10438,20,438,2225,9.966470718383789,9.790851867779729,0.001,3.010526418685913
10439,20,439,1938,6.694899559020996,9.787234482323829,0.001,3.1092917919158936
10440,20,440,1543,6.612607002258301,9.78333616014013,0.001,2.952666759490967
10441,20,441,1541,10.167776107788086,9.783758983640292,0.001,4.1271867752075195
10442,20,442,1649,16.396968841552734,9.80053946431552,0.001,2.844104290008545
10443,20,443,28,6.526071548461914,9.79661650707884,0.001,3.0006582736968994
10444,20,444,2163,8.06148910522461,9.792126625428539,0.001,2.9393911361694336
10445,20,445,1626,5.252588748931885,9.786861587687905,0.001,3.0666911602020264
10446,20,446,2293,8.061079978942871,9.782423429691631,0.001,3.717811107635498
10447,20,447,2660,8.441388130187988,9.778036673820521,0.001,2.8996195793151855
10448,20,448,1355,10.419943809509277,9.779647944238848,0.001,2.9439468383789062
10449,20,449,2668,6.770944595336914,9.772066622070945,0.001,3.054199695587158
10450,20,450,2513,6.358041763305664,9.768043031546187,0.001,3.626741409301758
10451,20,451,1105,8.203896522521973,9.766117254483186,0.001,3.0239439010620117
10452,20,452,1127,6.798619270324707,9.760750549804001,0.001,2.8991150856018066
10453,20,453,1306,7.061756610870361,9.75187905664697,0.001,3.1852681636810303
10454,20,454,1109,11.966946601867676,9.758905192893264,0.001,3.0336623191833496
10455,20,455,2117,9.292611122131348,9.757786150611565,0.001,3.6650583744049072
10456,20,456,2583,5.775840759277344,9.747945611841269,0.001,2.9175736904144287
10457,20,457,1088,7.156643867492676,9.741737604023678,0.001,3.410703420639038
10458,20,458,2204,4.896536827087402,9.726218992478264,0.001,3.0893523693084717
10459,20,459,29,5.341999053955078,9.71561980495979,0.001,2.930682897567749
10460,20,460,266,7.854063034057617,9.709590329466254,0.001,3.6618435382843018
10461,20,461,2511,10.276008605957031,9.710581994418456,0.001,2.9895167350769043
10462,20,462,2709,19.521541595458984,9.721739766657947,0.001,2.930034875869751
10463,20,463,1615,6.338731288909912,9.713748756017756,0.001,3.0488736629486084
10464,20,464,2034,4.8704328536987305,9.698449871964128,0.001,3.4864542484283447
10465,20,465,2140,6.21345329284668,9.694634140492353,0.001,3.1956393718719482
10466,20,466,2772,6.110707759857178,9.686073631187345,0.001,2.938387870788574
10467,20,467,2694,4.880090236663818,9.680634186941637,0.001,3.035891056060791
10468,20,468,2294,5.939528942108154,9.676512005909798,0.001,2.9580860137939453
10469,20,469,2789,8.073835372924805,9.672702570012593,0.001,4.065265655517578
10470,20,470,2535,5.583388805389404,9.66806566033115,0.001,3.094102144241333
10471,20,471,1802,6.423947334289551,9.660385928834591,0.001,2.983388662338257
10472,20,472,2450,5.857141971588135,9.651534454348264,0.001,3.1761105060577393
10473,20,473,2272,6.932144641876221,9.645107309502299,0.001,2.8858227729797363
10474,20,474,2834,4.555983066558838,9.629040343930317,0.001,3.4825830459594727
10475,20,475,2585,6.548614025115967,9.621931143358202,0.001,2.9105072021484375
10476,20,476,2522,11.226259231567383,9.62566189444429,0.001,3.049032688140869
10477,20,477,2502,7.001698970794678,9.617394065083962,0.001,3.1387851238250732
10478,20,478,2669,10.858688354492188,9.618794316679578,0.001,3.10579514503479
10479,20,479,2387,33.154144287109375,9.658099435086873,0.001,3.6949121952056885
10480,20,480,2546,6.349071025848389,9.65045713353237,0.001,3.095317840576172
10481,20,481,2534,6.473969459533691,9.646894183284333,0.001,3.0334548950195312
10482,20,482,2498,12.888368606567383,9.652259099546397,0.001,3.0007894039154053
10483,20,483,1365,8.28296947479248,9.650742525889969,0.001,3.805149793624878
10484,20,484,37,12.699304580688477,9.660091324139566,0.001,3.312044143676758
10485,20,485,2569,13.25960922241211,9.666009592796344,0.001,3.2650210857391357
10486,20,486,2564,11.267325401306152,9.669633930110473,0.001,3.297356128692627
10487,20,487,2510,8.252241134643555,9.665331054640319,0.001,3.0266451835632324
10488,20,488,336,6.180758476257324,9.654622691586496,0.001,3.701854705810547
10489,20,489,2692,9.555177688598633,9.654320425214447,0.001,2.998277187347412
10490,20,490,1081,15.457876205444336,9.667557206168322,0.001,3.0157394409179688
10491,20,491,2871,6.773773670196533,9.658846435854986,0.001,3.0183019638061523
10492,20,492,2341,7.009851932525635,9.650793021106287,0.001,3.92795467376709
10493,20,493,2007,12.536517143249512,9.657273057614395,0.001,3.003527879714966
10494,20,494,2929,9.894960403442383,9.657809030412983,0.001,3.374277353286743
10495,20,495,2479,5.2547430992126465,9.648238973750383,0.001,2.9446353912353516
10496,20,496,1844,15.921648025512695,9.654204619203712,0.001,3.0012872219085693
10497,20,497,2547,23.935815811157227,9.6863076620837,0.001,4.22981595993042
10498,20,498,1196,5.078154563903809,9.681801495203349,0.001,3.106318473815918
10499,20,499,1951,7.343061447143555,9.676568520804523,0.001,3.087710380554199
10500,21,0,1806,8.395565032958984,8.395565032958984,0.001,3.1668336391448975
10501,21,1,1153,6.521426677703857,7.455666009850717,0.001,3.0981979370117188
10502,21,2,2172,6.117066860198975,7.087515873795961,0.001,4.536504030227661
10503,21,3,1339,8.274863243103027,7.224886391921947,0.001,3.286219596862793
10504,21,4,1888,9.534732818603516,7.7767332441274615,0.001,2.989211320877075
10505,21,5,2750,13.45246696472168,8.226054418283894,0.001,2.964170217514038
10506,21,6,1642,6.9662885665893555,8.047395795991779,0.001,3.517993927001953
10507,21,7,1441,13.304117202758789,8.391597629192846,0.001,4.528579235076904
10508,21,8,400,16.642648696899414,9.04528453442904,0.001,4.055903196334839
10509,21,9,1098,9.398195266723633,9.074219901181817,0.001,3.713383436203003
10510,21,10,2066,5.599993705749512,8.619244608188655,0.001,4.602144479751587
10511,21,11,2401,6.785501003265381,8.452327627914897,0.001,3.788985013961792
10512,21,12,1181,10.339207649230957,8.60441334799932,0.001,4.1227946281433105
10513,21,13,1087,14.312589645385742,9.161192825107548,0.001,4.07059645652771
10514,21,14,2617,7.598093032836914,9.020794817275785,0.001,4.787161827087402
10515,21,15,2101,9.824295043945312,9.087937781300138,0.001,3.884270429611206
10516,21,16,2075,6.576033115386963,8.982929022648687,0.001,3.765394687652588
10517,21,17,376,10.341180801391602,9.020923306622116,0.001,4.846961975097656
10518,21,18,2706,7.83018684387207,8.990544890459853,0.001,4.229810476303101
10519,21,19,2099,8.23095703125,8.961004277441527,0.001,3.7873547077178955
10520,21,20,2335,11.089296340942383,9.015890307461516,0.001,3.469248056411743
10521,21,21,382,7.667425155639648,8.983729034366869,0.001,4.222570419311523
10522,21,22,1676,11.312728881835938,9.134535926145002,0.001,4.202375173568726
10523,21,23,2548,11.488415718078613,9.241111306872842,0.001,4.006772518157959
10524,21,24,1097,5.920904159545898,9.17183767383444,0.001,4.718569040298462
10525,21,25,1262,4.941733360290527,9.084260786697705,0.001,4.630271911621094
10526,21,26,325,15.07524585723877,9.336647447468557,0.001,3.4333269596099854
10527,21,27,407,10.559499740600586,9.386240309485016,0.001,4.34860634803772
10528,21,28,2672,9.544721603393555,9.394416586641631,0.001,5.281173467636108
10529,21,29,468,10.181009292602539,9.432433975153788,0.001,4.100610256195068
10530,21,30,2482,9.59187126159668,9.439919337493894,0.001,4.072179555892944
10531,21,31,424,10.34876823425293,9.460958867032152,0.001,4.714945316314697
10532,21,32,434,11.536372184753418,9.491014202507696,0.001,3.8487296104431152
10533,21,33,1470,8.36531925201416,9.45535634853434,0.001,4.85705304145813
10534,21,34,367,7.808713436126709,9.418436038344337,0.001,3.7581136226654053
10535,21,35,432,17.98094367980957,9.677405865650977,0.001,4.344266414642334
10536,21,36,1768,7.811282634735107,9.650564963309176,0.001,4.417539119720459
10537,21,37,2398,8.79970645904541,9.617730238725976,0.001,4.283393859863281
10538,21,38,492,13.209869384765625,9.75263911667806,0.001,4.12446665763855
10539,21,39,2349,5.261841297149658,9.591263385555079,0.001,4.177039861679077
10540,21,40,2377,10.88329792022705,9.625231483897247,0.001,4.137800931930542
10541,21,41,2543,11.549227714538574,9.675016071958963,0.001,4.018908977508545
10542,21,42,177,6.9228410720825195,9.606968635611487,0.001,4.123531103134155
10543,21,43,342,9.775339126586914,9.612499123903502,0.001,3.6834139823913574
10544,21,44,490,9.721776008605957,9.613771825402418,0.001,2.9181864261627197
10545,21,45,446,5.968174934387207,9.529088002455893,0.001,3.440324068069458
10546,21,46,1495,7.401576519012451,9.480192493997722,0.001,4.495636940002441
10547,21,47,405,5.09248685836792,9.408064618310453,0.001,4.503451824188232
10548,21,48,2499,9.8496675491333,9.41506426927422,0.001,3.9693334102630615
10549,21,49,514,7.5437726974487305,9.385529959803373,0.001,4.43926477432251
10550,21,50,2652,6.365902900695801,9.355060078403787,0.001,4.4546520709991455
10551,21,51,368,7.671286106109619,9.31833988723896,0.001,3.836909055709839
10552,21,52,1627,13.257328033447266,9.400408292197415,0.001,3.641868829727173
10553,21,53,2443,4.641749858856201,9.304813484547765,0.001,4.782492160797119
10554,21,54,350,6.281693935394287,9.244409354754184,0.001,4.118927955627441
10555,21,55,2188,23.889862060546875,9.527092808201717,0.001,3.1279537677764893
10556,21,56,2270,7.627359867095947,9.478533286479744,0.001,3.8697941303253174
10557,21,57,2458,8.142871856689453,9.45375963177951,0.001,5.384778738021851
10558,21,58,73,21.22383689880371,9.558459557740571,0.001,4.006637811660767
10559,21,59,686,6.356288433074951,9.499227206527438,0.001,3.8951163291931152
10560,21,60,436,11.435860633850098,9.523527761175208,0.001,4.7142250537872314
10561,21,61,361,6.886106491088867,9.465022763053037,0.001,4.182435512542725
10562,21,62,2608,7.693722724914551,9.423916109797215,0.001,4.218226194381714
10563,21,63,363,6.866637706756592,9.40338999407708,0.001,4.266818046569824
10564,21,64,1173,7.580262184143066,9.388720442151547,0.001,4.194567918777466
10565,21,65,272,6.0075178146362305,9.348382056753858,0.001,3.8395450115203857
10566,21,66,2614,6.948523044586182,9.296822373291942,0.001,3.8604183197021484
10567,21,67,2181,8.484151840209961,9.290563468471047,0.001,4.60211706161499
10568,21,68,693,5.969310283660889,9.2203764755568,0.001,4.071000814437866
10569,21,69,1326,6.255642414093018,9.19859163507369,0.001,3.975036144256592
10570,21,70,2274,7.606761932373047,9.174496884487365,0.001,4.41049861907959
10571,21,71,2596,8.384507179260254,9.165895377624201,0.001,4.695050239562988
10572,21,72,390,5.909064292907715,9.131671734764964,0.001,4.3592846393585205
10573,21,73,2505,7.734043121337891,9.121476594616576,0.001,4.126144647598267
10574,21,74,2406,14.062726974487305,9.219185736664745,0.001,3.772573709487915
10575,21,75,523,13.824295997619629,9.30844590982009,0.001,5.092426776885986
10576,21,76,2864,9.0502290725708,9.305788848485223,0.001,4.249573707580566
10577,21,77,2794,5.749874114990234,9.28151951050142,0.001,4.211559057235718
10578,21,78,743,10.032604217529297,9.286517247655272,0.001,3.9526450634002686
10579,21,79,1503,17.816068649291992,9.364781883491707,0.001,3.5599827766418457
10580,21,80,2050,6.905252456665039,9.34098279749847,0.001,3.976318359375
10581,21,81,64,7.963587284088135,9.33186983877268,0.001,3.970430374145508
10582,21,82,1918,7.093878746032715,9.291596057036742,0.001,4.633523225784302
10583,21,83,1839,5.971866607666016,9.270868977119537,0.001,3.7570345401763916
10584,21,84,518,4.483712196350098,9.240423919005348,0.001,3.641808271408081
10585,21,85,2113,6.382212162017822,9.202428001580076,0.001,4.434888601303101
10586,21,86,2343,6.535355091094971,9.177979236607987,0.001,3.552543878555298
10587,21,87,1540,6.508511543273926,9.1614361107546,0.001,3.534853219985962
10588,21,88,2282,9.947815895080566,9.166231813861241,0.001,3.9391212463378906
10589,21,89,2216,6.486542701721191,9.15162142196918,0.001,4.647421598434448
10590,21,90,2603,5.851346969604492,9.097734195962294,0.001,4.355112791061401
10591,21,91,1682,14.866021156311035,9.169106634836192,0.001,3.9778153896331787
10592,21,92,507,39.925384521484375,9.295190852791166,0.001,4.615712404251099
10593,21,93,1488,7.897213935852051,9.273874397250374,0.001,4.221146821975708
10594,21,94,819,6.947657585144043,9.245784608858159,0.001,3.3799703121185303
10595,21,95,94,8.05627155303955,9.228089171915824,0.001,4.473426580429077
10596,21,96,458,19.010225296020508,9.284458134780879,0.001,4.655991077423096
10597,21,97,1151,9.059233665466309,9.282648852340403,0.001,3.775073766708374
10598,21,98,808,12.180160522460938,9.315814958866236,0.001,4.262859106063843
10599,21,99,2593,6.377535820007324,9.281582344385386,0.001,3.891397476196289
10600,21,100,471,4.8553032875061035,9.215908488269049,0.001,5.248454809188843
10601,21,101,1617,10.313287734985352,9.231561339848655,0.001,4.435390949249268
10602,21,102,2619,6.506479740142822,9.211960709336385,0.001,4.274677038192749
10603,21,103,2682,9.418449401855469,9.214986285353236,0.001,3.9666998386383057
10604,21,104,60,7.02731466293335,9.19822795267903,0.001,3.9981720447540283
10605,21,105,2722,14.926778793334961,9.225200335939288,0.001,4.062628746032715
10606,21,106,2073,6.605831623077393,9.212444504498777,0.001,4.356238126754761
10607,21,107,685,7.773579120635986,9.19748401626554,0.001,4.551190614700317
10608,21,108,710,7.279096603393555,9.177577149768883,0.001,4.1160852909088135
10609,21,109,2203,5.432480812072754,9.126064680257203,0.001,4.14396071434021
10610,21,110,801,4.684358596801758,9.094606869658442,0.001,4.888252258300781
10611,21,111,441,6.358007431030273,9.0669788064478,0.001,3.973989248275757
10612,21,112,274,9.599071502685547,9.072220447089885,0.001,4.38865327835083
10613,21,113,488,10.77510929107666,9.094436410792802,0.001,3.739689350128174
10614,21,114,1333,14.081902503967285,9.143350364087162,0.001,4.477325916290283
10615,21,115,2055,4.873741626739502,9.08834173674904,0.001,4.410182952880859
10616,21,116,374,7.663613319396973,9.070327937891436,0.001,4.372913122177124
10617,21,117,1264,9.732375144958496,9.073378377832746,0.001,4.071527004241943
10618,21,118,1373,17.798677444458008,9.137974357362697,0.001,3.955670118331909
10619,21,119,2152,17.95147132873535,9.219453228953045,0.001,3.878422260284424
10620,21,120,1370,22.548419952392578,9.34359340721736,0.001,3.919125556945801
10621,21,121,962,10.596670150756836,9.351886779002268,0.001,4.6231772899627686
10622,21,122,788,13.961194038391113,9.407827014382727,0.001,3.4737353324890137
10623,21,123,2229,12.509933471679688,9.425120110934916,0.001,4.138312339782715
10624,21,124,2529,7.908411979675293,9.411241790312323,0.001,3.636676073074341
10625,21,125,455,24.36119842529297,9.459890862658341,0.001,4.46814489364624
10626,21,126,2595,10.82852554321289,9.465631313437193,0.001,4.243035078048706
10627,21,127,2909,16.36825180053711,9.526901839222667,0.001,5.049398183822632
10628,21,128,990,15.909952163696289,9.583862570692188,0.001,5.17418360710144
10629,21,129,2219,14.39969253540039,9.602564233618008,0.001,3.5513317584991455
10630,21,130,2775,16.869293212890625,9.664304611737977,0.001,4.096913814544678
10631,21,131,1821,17.352092742919922,9.695606800560233,0.001,4.5995848178863525
10632,21,132,2533,12.452522277832031,9.712704266011578,0.001,4.408031940460205
10633,21,133,1878,10.633078575134277,9.718206067277276,0.001,3.9750006198883057
10634,21,134,771,6.757717609405518,9.693485579075611,0.001,3.6672043800354004
10635,21,135,2563,8.501733779907227,9.686354962894194,0.001,4.304913282394409
10636,21,136,481,14.035478591918945,9.72235571118257,0.001,4.546300888061523
10637,21,137,2184,25.935958862304688,9.818588714483072,0.001,3.32139253616333
10638,21,138,453,12.397194862365723,9.833533894588475,0.001,4.282153129577637
10639,21,139,2781,17.9168643951416,9.874724946210723,0.001,4.489267110824585
10640,21,140,2452,11.872064590454102,9.89085489400868,0.001,4.130987644195557
10641,21,141,2673,17.913108825683594,9.95611789140002,0.001,4.541831970214844
10642,21,142,699,13.613242149353027,9.98473602042067,0.001,5.485054969787598
10643,21,143,2427,25.771549224853516,10.106658285203872,0.001,4.33431339263916
10644,21,144,1900,25.5970516204834,10.166075484306024,0.001,4.143424987792969
10645,21,145,461,7.4996256828308105,10.138670680384275,0.001,5.471070766448975
10646,21,146,2845,9.618139266967773,10.133335423502324,0.001,3.9625887870788574
10647,21,147,377,6.912721633911133,10.11571989640773,0.001,3.5391674041748047
10648,21,148,2565,6.877963066101074,10.103762027000926,0.001,4.188904047012329
10649,21,149,2328,5.486051559448242,10.078433176445575,0.001,4.828725576400757
10650,21,150,1692,5.392218589782715,10.031662176081545,0.001,3.9659602642059326
10651,21,151,521,6.392444133758545,10.018756878048722,0.001,4.512300491333008
10652,21,152,519,7.788305759429932,9.996624161753552,0.001,4.740744590759277
10653,21,153,2297,8.725521087646484,9.987074311451458,0.001,3.971848487854004
10654,21,154,2861,7.996434688568115,9.972447423066942,0.001,4.276522159576416
10655,21,155,742,8.266066551208496,9.955927241575111,0.001,4.408421277999878
10656,21,156,2325,6.981513500213623,9.934528410130541,0.001,4.2420103549957275
10657,21,157,77,9.84133243560791,9.933856095698657,0.001,4.034106731414795
10658,21,158,372,8.529147148132324,9.929684382204764,0.001,3.824223279953003
10659,21,159,966,11.535616874694824,9.937629806693863,0.001,3.9587366580963135
10660,21,160,68,6.398978233337402,9.919503461122158,0.001,4.484178304672241
10661,21,161,2460,12.162064552307129,9.92697819685736,0.001,3.5699751377105713
10662,21,162,803,12.108123779296875,9.934041819898486,0.001,3.814493417739868
10663,21,163,403,6.725093841552734,9.918265630104145,0.001,4.112507104873657
10664,21,164,601,15.296204566955566,9.967620168993014,0.001,4.548786878585815
10665,21,165,981,7.91542387008667,9.953550773298973,0.001,4.275202035903931
10666,21,166,1921,7.811097621917725,9.939019098281118,0.001,5.016118049621582
10667,21,167,2192,26.675886154174805,9.984311187458472,0.001,3.5950512886047363
10668,21,168,778,6.534915447235107,9.961282991068938,0.001,3.4940567016601562
10669,21,169,2793,6.932964324951172,9.933897951121951,0.001,3.2290618419647217
10670,21,170,2758,12.264779090881348,9.94927253672073,0.001,4.960588455200195
10671,21,171,914,11.711654663085938,9.960830754318492,0.001,4.684256553649902
10672,21,172,873,8.872787475585938,9.957838809715803,0.001,4.06997275352478
10673,21,173,2927,39.3531379699707,10.03727119400024,0.001,4.756258726119995
10674,21,174,717,11.400087356567383,10.049057826910449,0.001,4.093207359313965
10675,21,175,759,11.28895092010498,10.056970471396129,0.001,4.5128257274627686
10676,21,176,2462,12.34326457977295,10.076721397498126,0.001,4.001772165298462
10677,21,177,1807,30.400362014770508,10.246262761123203,0.001,4.725543737411499
10678,21,178,986,20.957359313964844,10.314858216413706,0.001,4.466034889221191
10679,21,179,1809,9.943830490112305,10.311825500218962,0.001,4.516447305679321
10680,21,180,825,18.919395446777344,10.336711390231542,0.001,4.18143630027771
10681,21,181,250,21.887619018554688,10.37096895976045,0.001,3.937631845474243
10682,21,182,954,13.901369094848633,10.381365840991164,0.001,3.8261642456054688
10683,21,183,392,10.464659690856934,10.382041645340557,0.001,3.5512588024139404
10684,21,184,56,8.693689346313477,10.371734886998171,0.001,4.413556337356567
10685,21,185,74,8.542853355407715,10.366505649520928,0.001,3.349599599838257
10686,21,186,913,9.710433006286621,10.363676774339753,0.001,3.438971519470215
10687,21,187,2179,8.817554473876953,10.356922101143939,0.001,4.285533428192139
10688,21,188,1434,13.271445274353027,10.373802624732734,0.001,4.365861415863037
10689,21,189,1343,11.14792251586914,10.375865865420986,0.001,3.6784915924072266
10690,21,190,388,6.536959648132324,10.365412651045608,0.001,3.7631194591522217
10691,21,191,727,9.969120025634766,10.3643056406061,0.001,3.9819791316986084
10692,21,192,378,11.321632385253906,10.371845509514861,0.001,4.210018873214722
10693,21,193,1111,11.273061752319336,10.37711862881944,0.001,3.576118230819702
10694,21,194,920,8.86121940612793,10.365189979788568,0.001,4.047839403152466
10695,21,195,972,10.083748817443848,10.363590944291825,0.001,5.0085601806640625
10696,21,196,383,14.110856056213379,10.391406875402922,0.001,3.683891773223877
10697,21,197,2901,9.559569358825684,10.3879285184066,0.001,3.8195860385894775
10698,21,198,2720,7.012845039367676,10.379443275139623,0.001,3.9219565391540527
10699,21,199,787,16.87660026550293,10.397301852744953,0.001,4.539787292480469
10700,21,200,2157,7.845398902893066,10.378079213438768,0.001,4.041628837585449
10701,21,201,264,6.842406272888184,10.358088469615103,0.001,3.364734411239624
10702,21,202,2874,9.709756851196289,10.354538906373207,0.001,4.208455801010132
10703,21,203,707,12.283360481262207,10.35933331296578,0.001,3.9731101989746094
10704,21,204,694,7.4636101722717285,10.338001813261073,0.001,4.5830466747283936
10705,21,205,2782,8.165644645690918,10.321930970071262,0.001,4.406167268753052
10706,21,206,2784,8.307865142822266,10.307228775519851,0.001,4.951650381088257
10707,21,207,2601,13.78036880493164,10.331861644090946,0.001,3.8710808753967285
10708,21,208,2249,14.3741455078125,10.3540518744709,0.001,4.063100099563599
10709,21,209,2476,12.01080322265625,10.358304576314989,0.001,4.533865928649902
10710,21,210,2552,12.148396492004395,10.367771444479859,0.001,4.7049713134765625
10711,21,211,695,6.751587390899658,10.348395947197938,0.001,3.8264403343200684
10712,21,212,705,5.482783317565918,10.3136384506584,0.001,4.256445407867432
10713,21,213,1925,6.700945854187012,10.304678967926728,0.001,4.720911979675293
10714,21,214,1363,20.752792358398438,10.359237470008802,0.001,4.302545785903931
10715,21,215,2832,8.561867713928223,10.34737361741408,0.001,4.5743303298950195
10716,21,216,2298,9.456557273864746,10.345227929587061,0.001,5.2421956062316895
10717,21,217,98,10.463865280151367,10.346046546338794,0.001,3.893824338912964
10718,21,218,611,9.284749984741211,10.342221846060088,0.001,4.089823246002197
10719,21,219,870,8.252026557922363,10.33457358240008,0.001,4.068569660186768
10720,21,220,1344,6.204486846923828,10.313749181998421,0.001,4.0142176151275635
10721,21,221,2449,10.44123363494873,10.3143950212451,0.001,4.3383588790893555
10722,21,222,851,8.40559196472168,10.301301730624731,0.001,3.5877583026885986
10723,21,223,2413,6.126855850219727,10.280137384294978,0.001,4.388492584228516
10724,21,224,2233,9.604193687438965,10.277741707796569,0.001,4.996661186218262
10725,21,225,689,22.078184127807617,10.31946596998441,0.001,4.437460422515869
10726,21,226,2494,13.963582992553711,10.337329017702924,0.001,4.087978363037109
10727,21,227,834,5.03076171875,10.302644953482318,0.001,4.292173862457275
10728,21,228,719,6.999183654785156,10.28113544411415,0.001,4.715958833694458
10729,21,229,2763,8.837063789367676,10.277812961745983,0.001,3.4263622760772705
10730,21,230,989,11.751985549926758,10.284936262585406,0.001,3.824247360229492
10731,21,231,991,9.383231163024902,10.28290671534425,0.001,4.212312459945679
10732,21,232,864,11.965592384338379,10.286563580744422,0.001,3.7770938873291016
10733,21,233,1132,10.882525444030762,10.289466892815506,0.001,3.5389950275421143
10734,21,234,401,11.322708129882812,10.294406183550542,0.001,4.211784362792969
10735,21,235,770,7.3585309982299805,10.280252330267237,0.001,4.073148012161255
10736,21,236,2588,9.20754337310791,10.273420194323093,0.001,3.848301649093628
10737,21,237,680,12.701577186584473,10.278812799544461,0.001,3.3401103019714355
10738,21,238,2613,9.472675323486328,10.275079924481744,0.001,4.657412767410278
10739,21,239,469,5.208864212036133,10.243706597504149,0.001,4.686592102050781
10740,21,240,1915,5.568903923034668,10.228361213757093,0.001,3.8952696323394775
10741,21,241,789,8.374899864196777,10.219820027437422,0.001,4.887405872344971
10742,21,242,827,13.147887229919434,10.227842531991959,0.001,4.166149854660034
10743,21,243,2930,6.862172603607178,10.220633290292765,0.001,3.894455671310425
10744,21,244,1585,11.088993072509766,10.225863845824996,0.001,4.704200267791748
10745,21,245,956,11.805256843566895,10.235402005475299,0.001,3.991903305053711
10746,21,246,2767,14.33460521697998,10.254209679468572,0.001,4.026099920272827
10747,21,247,2251,7.2479634284973145,10.244299164667302,0.001,4.569263696670532
10748,21,248,2070,9.173383712768555,10.237911555423196,0.001,4.897401809692383
10749,21,249,1814,8.891927719116211,10.23198934995067,0.001,4.2651872634887695
10750,21,250,69,18.513988494873047,10.281410824039233,0.001,4.3239006996154785
10751,21,251,832,6.261106014251709,10.257897172727915,0.001,4.246068477630615
10752,21,252,728,7.212930679321289,10.244484374253942,0.001,4.83342719078064
10753,21,253,2654,12.070147514343262,10.255155329204879,0.001,3.6490395069122314
10754,21,254,1274,12.946557998657227,10.266623433084217,0.001,3.9582178592681885
10755,21,255,811,7.293448448181152,10.260931254547659,0.001,4.406846046447754
10756,21,256,2378,18.48312759399414,10.296846691144774,0.001,4.549804925918579
10757,21,257,1532,6.251939296722412,10.273823514415936,0.001,3.656707525253296
10758,21,258,1089,8.879335403442383,10.265893146597671,0.001,4.1993207931518555
10759,21,259,977,6.999166488647461,10.256253188702903,0.001,4.679705858230591
10760,21,260,2000,7.186429977416992,10.25011433603471,0.001,3.5445876121520996
10761,21,261,616,9.43580150604248,10.245569464636034,0.001,4.38199257850647
10762,21,262,2205,5.9646315574646,10.227248839218403,0.001,3.5402426719665527
10763,21,263,496,16.85802459716797,10.25385213995563,0.001,4.57202410697937
10764,21,264,1675,11.423481941223145,10.257304640786012,0.001,4.28519868850708
10765,21,265,951,10.965719223022461,10.260244373012979,0.001,4.3061864376068115
10766,21,266,67,21.153343200683594,10.305424139953983,0.001,4.447603225708008
10767,21,267,852,13.87757396697998,10.320014739154622,0.001,4.38808274269104
10768,21,268,2425,14.753660202026367,10.338313878442895,0.001,4.481000900268555
10769,21,269,1099,9.888718605041504,10.33585698678195,0.001,4.915143728256226
10770,21,270,904,34.880821228027344,10.399090497639538,0.001,4.040163993835449
10771,21,271,522,13.310511589050293,10.414886559319493,0.001,4.6050286293029785
10772,21,272,1779,16.8309268951416,10.449300944671625,0.001,3.6836206912994385
10773,21,273,919,7.030247211456299,10.430720795165765,0.001,5.011551380157471
10774,21,274,1616,6.84665060043335,10.416074908739702,0.001,3.551738739013672
10775,21,275,408,7.905083179473877,10.409000473643601,0.001,4.485845565795898
10776,21,276,1909,13.40924072265625,10.424620191836613,0.001,4.411653518676758
10777,21,277,2906,8.99177360534668,10.418983159094974,0.001,4.272719860076904
10778,21,278,2590,11.62700366973877,10.422276044726631,0.001,3.6822350025177
10779,21,279,706,6.122659206390381,10.414100290596089,0.001,3.856304883956909
10780,21,280,916,3.961346387863159,10.401839518593926,0.001,4.40917181968689
10781,21,281,337,8.252925872802734,10.396408341991036,0.001,3.3907687664031982
10782,21,282,1751,15.78472900390625,10.411455354913738,0.001,4.540932655334473
10783,21,283,2911,29.664600372314453,10.444516801367065,0.001,5.078977108001709
10784,21,284,2436,16.439952850341797,10.455703481258496,0.001,4.47611927986145
10785,21,285,1914,6.07400369644165,10.44761407839934,0.001,3.622077465057373
10786,21,286,1440,6.76367712020874,10.433681613092835,0.001,4.330055236816406
10787,21,287,2464,17.10125732421875,10.44619438198324,0.001,4.490466833114624
10788,21,288,1551,8.480684280395508,10.438517168077507,0.001,4.463863134384155
10789,21,289,1828,5.787778854370117,10.414293487292104,0.001,4.319501876831055
10790,21,290,774,7.427941799163818,10.40290846365455,0.001,4.167031526565552
10791,21,291,2243,9.8220853805542,10.399968344524105,0.001,4.153077602386475
10792,21,292,448,9.245387077331543,10.39550978804443,0.001,4.07550835609436
10793,21,293,961,8.559520721435547,10.386359640824887,0.001,3.7013309001922607
10794,21,294,861,5.258077144622803,10.372625740077316,0.001,4.536225080490112
10795,21,295,1149,11.485857963562012,10.376818868878145,0.001,3.8484654426574707
10796,21,296,1576,6.920210361480713,10.37078569093955,0.001,4.064366817474365
10797,21,297,447,7.33963680267334,10.365353614663315,0.001,5.2304298877716064
10798,21,298,459,7.101938247680664,10.359630489228843,0.001,4.496508359909058
10799,21,299,915,6.222752094268799,10.352593235645971,0.001,4.324838638305664
10800,21,300,2610,6.8335113525390625,10.346381360283267,0.001,3.6104841232299805
10801,21,301,2098,12.436124801635742,10.351442803677399,0.001,4.209139823913574
10802,21,302,1832,11.431967735290527,10.356738772636124,0.001,4.2446160316467285
10803,21,303,773,8.402161598205566,10.349588571690301,0.001,4.350876331329346
10804,21,304,682,8.9241304397583,10.342717581702692,0.001,4.081332206726074
10805,21,305,65,8.35007381439209,10.339188804013096,0.001,4.19473671913147
10806,21,306,607,8.14957046508789,10.335552661778419,0.001,4.1418633460998535
10807,21,307,340,7.029068470001221,10.323569963334293,0.001,3.8912911415100098
10808,21,308,721,6.69852352142334,10.314387754153445,0.001,4.5215606689453125
10809,21,309,1793,5.724740028381348,10.292712928755444,0.001,3.858198642730713
10810,21,310,2923,7.006002902984619,10.28456251943332,0.001,4.313493251800537
10811,21,311,2448,5.861027717590332,10.263672824311987,0.001,3.8328423500061035
10812,21,312,2538,5.114872932434082,10.254932556284999,0.001,4.675100803375244
10813,21,313,863,20.451416015625,10.291322957324514,0.001,4.443432331085205
10814,21,314,858,12.581335067749023,10.294819618275328,0.001,3.9391860961914062
10815,21,315,344,5.597672462463379,10.286895386970118,0.001,4.986819505691528
10816,21,316,2327,6.653919219970703,10.277919428858246,0.001,4.570238351821899
10817,21,317,1368,5.9521164894104,10.266834721149827,0.001,4.309701919555664
10818,21,318,2580,9.300820350646973,10.262428236867438,0.001,3.9527761936187744
10819,21,319,814,5.940365314483643,10.255041902980102,0.001,3.4937989711761475
10820,21,320,1397,6.60105562210083,10.237906346812231,0.001,3.590967893600464
10821,21,321,1576,4.306488990783691,10.228258803983458,0.001,4.119971752166748
10822,21,322,1109,11.865801811218262,10.23554095629473,0.001,4.6552159786224365
10823,21,323,1441,14.00802993774414,10.241879143427543,0.001,4.018759250640869
10824,21,324,1925,6.289734840393066,10.235462640194548,0.001,4.187359571456909
10825,21,325,1370,17.009937286376953,10.258876581022854,0.001,3.7386062145233154
10826,21,326,1343,11.68271541595459,10.261050095925578,0.001,4.933955669403076
10827,21,327,1342,11.23604679107666,10.264318877849563,0.001,3.9708194732666016
10828,21,328,1577,9.851297378540039,10.262919642939305,0.001,4.095071315765381
10829,21,329,1155,6.583813667297363,10.256861870110042,0.001,4.6065990924835205
10830,21,330,1317,11.432242393493652,10.258757323811395,0.001,4.000338554382324
10831,21,331,1844,17.613460540771484,10.269307199922096,0.001,3.9031262397766113
10832,21,332,1793,13.05679702758789,10.281679762608494,0.001,4.494246006011963
10833,21,333,1636,6.77800178527832,10.2659518730957,0.001,4.720997095108032
10834,21,334,1394,16.856964111328125,10.288009248702894,0.001,4.331459999084473
10835,21,335,1769,8.486512184143066,10.279926985674855,0.001,4.4970009326934814
10836,21,336,1310,6.894405841827393,10.264874611778374,0.001,4.730286121368408
10837,21,337,1262,5.099699020385742,10.256849623475619,0.001,3.488800525665283
10838,21,338,1274,12.202492713928223,10.263144712247406,0.001,3.6658246517181396
10839,21,339,1516,12.34838581085205,10.269959413365045,0.001,4.1385719776153564
10840,21,340,2067,14.080156326293945,10.27910407582998,0.001,4.688999891281128
10841,21,341,1693,7.368239879608154,10.266464016328053,0.001,3.3326592445373535
10842,21,342,1809,7.843040466308594,10.256146078058995,0.001,4.0553507804870605
10843,21,343,1706,11.0347261428833,10.258661555418911,0.001,3.8673696517944336
10844,21,344,190,7.94495964050293,10.24845841680056,0.001,4.103563070297241
10845,21,345,1443,10.201547622680664,10.248258447966112,0.001,3.83555006980896
10846,21,346,1846,8.328310012817383,10.24215779569874,0.001,4.016391277313232
10847,21,347,1569,20.851755142211914,10.276272347878816,0.001,3.649805784225464
10848,21,348,1346,15.054353713989258,10.295820529478247,0.001,4.323090314865112
10849,21,349,1339,7.374155521392822,10.291331052629,0.001,4.462610960006714
10850,21,350,1571,7.46245813369751,10.279436730590131,0.001,3.7953341007232666
10851,21,351,1530,12.834131240844727,10.290157867927883,0.001,4.390973329544067
10852,21,352,1463,10.282137870788574,10.290147402995858,0.001,4.428296089172363
10853,21,353,1819,13.515440940856934,10.295011314326873,0.001,4.054845333099365
10854,21,354,1372,6.392486572265625,10.282847795757688,0.001,3.527493953704834
10855,21,355,1502,12.680770874023438,10.292961616684925,0.001,4.8063764572143555
10856,21,356,1373,13.29775619506836,10.300305521626228,0.001,3.46233868598938
10857,21,357,1481,7.066415309906006,10.290148184272644,0.001,3.8219850063323975
10858,21,358,1118,8.300809860229492,10.284022094205946,0.001,3.577376365661621
10859,21,359,2157,11.691834449768066,10.289800949405036,0.001,4.215874671936035
10860,21,360,1120,12.947060585021973,10.295353887264701,0.001,3.5548815727233887
10861,21,361,2034,5.968563079833984,10.277963786631961,0.001,3.4802379608154297
10862,21,362,1153,7.207168102264404,10.265384991767677,0.001,4.634947061538696
10863,21,363,2071,17.84952163696289,10.2817344836635,0.001,3.8765342235565186
10864,21,364,1495,9.658222198486328,10.279835212416732,0.001,4.176830291748047
10865,21,365,1514,9.235133171081543,10.278340811260216,0.001,4.277086496353149
10866,21,366,1699,7.865387916564941,10.27326479948629,0.001,4.636327505111694
10867,21,367,1649,12.729005813598633,10.280679759429711,0.001,3.759633779525757
10868,21,368,1442,8.328642845153809,10.276542034305418,0.001,3.3447954654693604
10869,21,369,1265,5.437331199645996,10.269602609924638,0.001,3.3967390060424805
10870,21,370,1679,10.751164436340332,10.270653896779198,0.001,4.130778551101685
10871,21,371,1838,12.552104949951172,10.277348071146482,0.001,4.216327667236328
10872,21,372,1794,6.263796806335449,10.26560274136385,0.001,3.870866298675537
10873,21,373,1453,10.109918594360352,10.265397463405701,0.001,3.9540374279022217
10874,21,374,1585,12.171131134033203,10.272830887516497,0.001,4.198257684707642
10875,21,375,2166,14.037354469299316,10.280736438893193,0.001,4.044301986694336
10876,21,376,1945,11.64285659790039,10.286087982944995,0.001,4.26308798789978
10877,21,377,1848,9.758441925048828,10.284017470364603,0.001,4.528604745864868
10878,21,378,2095,11.703670501708984,10.289440834838562,0.001,3.609088897705078
10879,21,379,1902,13.318989753723145,10.298279097001886,0.001,3.766774892807007
10880,21,380,1344,8.61762809753418,10.293441920967412,0.001,4.110988140106201
10881,21,381,1772,6.094237327575684,10.276992639434026,0.001,4.49881911277771
10882,21,382,1093,8.356125831604004,10.269748353011563,0.001,3.726118564605713
10883,21,383,1540,12.225043296813965,10.272447995438286,0.001,3.6520419120788574
10884,21,384,2202,9.015905380249023,10.267612223687959,0.001,3.931220293045044
10885,21,385,2225,7.911713600158691,10.258658932367291,0.001,4.925104856491089
10886,21,386,1768,7.768805503845215,10.255297666903534,0.001,3.810321092605591
10887,21,387,1756,9.40231704711914,10.252911714703385,0.001,3.968123435974121
10888,21,388,2051,14.807788848876953,10.265908251986701,0.001,4.42361855506897
10889,21,389,1250,4.761285781860352,10.25857238123509,0.001,3.8673315048217773
10890,21,390,2188,24.98879051208496,10.299836716214262,0.001,3.8045248985290527
10891,21,391,1918,6.101438522338867,10.284048232365064,0.001,3.990020990371704
10892,21,392,2249,12.11053466796875,10.289274030241614,0.001,4.407756328582764
10893,21,393,1541,5.834772109985352,10.283863866218578,0.001,4.359993934631348
10894,21,394,1791,6.184887886047363,10.275798341157609,0.001,4.030809640884399
10895,21,395,178,12.152031898498535,10.280905544785263,0.001,4.500283241271973
10896,21,396,1951,7.641386032104492,10.27355215823557,0.001,4.6487815380096436
10897,21,397,1128,5.550415992736816,10.260437911028118,0.001,3.9727861881256104
10898,21,398,1434,10.90476131439209,10.262158490412055,0.001,4.186266660690308
10899,21,399,177,5.3154449462890625,10.248703056034252,0.001,5.374513864517212
10900,21,400,2113,6.948751926422119,10.239503673196108,0.001,4.509941339492798
10901,21,401,1543,6.6311540603637695,10.234711811116108,0.001,4.08327054977417
10902,21,402,2070,10.230164527893066,10.234695251109871,0.001,4.528383731842041
10903,21,403,1092,13.157068252563477,10.24534125662295,0.001,3.7278287410736084
10904,21,404,1557,5.532526969909668,10.228163888598377,0.001,3.562898635864258
10905,21,405,1686,5.536150932312012,10.211258685235421,0.001,3.3416073322296143
10906,21,406,2349,5.298862457275391,10.193689327119728,0.001,4.766947269439697
10907,21,407,1580,11.437522888183594,10.19607668591292,0.001,4.283571004867554
10908,21,408,1087,15.095208168029785,10.213290732085259,0.001,4.056266784667969
10909,21,409,2387,33.46240997314453,10.257845819631497,0.001,4.694180488586426
10910,21,410,2392,6.350505352020264,10.250296394594804,0.001,4.242211818695068
10911,21,411,1615,8.165481567382812,10.24485481614268,0.001,3.9162158966064453
10912,21,412,2229,9.35644245147705,10.243394390920834,0.001,4.554040431976318
10913,21,413,1132,7.08863639831543,10.234892020617915,0.001,4.358140230178833
10914,21,414,1532,5.105106353759766,10.216911747102445,0.001,3.7090694904327393
10915,21,415,2343,7.0810770988464355,10.2110727891829,0.001,4.588815927505493
10916,21,416,2172,5.588630199432373,10.198697840179857,0.001,4.77889609336853
10917,21,417,1111,13.739068984985352,10.207966873587154,0.001,3.8400511741638184
10918,21,418,1602,23.12900733947754,10.218640742844311,0.001,5.45220947265625
10919,21,419,1313,10.479663848876953,10.21951256376028,0.001,4.193522691726685
10920,21,420,1675,10.793387413024902,10.22057076944043,0.001,3.8479557037353516
10921,21,421,2235,8.693482398986816,10.2152943725817,0.001,4.640952110290527
10922,21,422,2149,5.623991966247559,10.203205873436579,0.001,3.4505608081817627
10923,21,423,1900,17.20892906188965,10.212067342210723,0.001,4.893259525299072
10924,21,424,1493,7.069835662841797,10.201221971186708,0.001,3.5616252422332764
10925,21,425,1506,6.351217746734619,10.196734899832776,0.001,4.081790447235107
10926,21,426,1123,16.104339599609375,10.207567928759376,0.001,4.155472040176392
10927,21,427,1965,5.095459938049316,10.189934618060208,0.001,5.127494812011719
10928,21,428,1360,6.639843463897705,10.185727311013428,0.001,3.749032974243164
10929,21,429,1617,12.706637382507324,10.19401727189086,0.001,4.21037745475769
10930,21,430,1648,6.978025436401367,10.188174919561973,0.001,4.985076189041138
10931,21,431,1549,9.206194877624512,10.186338539424995,0.001,4.1758081912994385
10932,21,432,1862,8.17846393585205,10.183905736128546,0.001,4.340902805328369
10933,21,433,1333,10.871901512145996,10.185653886563378,0.001,4.533952713012695
10934,21,434,1473,7.411599159240723,10.181283571215607,0.001,4.8008952140808105
10935,21,435,1627,13.349053382873535,10.189348626581191,0.001,3.577357292175293
10936,21,436,1817,6.4097113609313965,10.184959125310511,0.001,3.8970015048980713
10937,21,437,1161,4.979763031005859,10.179081889640601,0.001,4.733911514282227
10938,21,438,2455,6.147832870483398,10.174145102517322,0.001,4.4501543045043945
10939,21,439,1361,20.380943298339844,10.186350517775521,0.001,4.109375238418579
10940,21,440,2216,6.962804317474365,10.182895118822321,0.001,5.1645262241363525
10941,21,441,1839,5.813789367675781,10.177783090422318,0.001,3.9829864501953125
10942,21,442,1766,28.543960571289062,10.193411114761245,0.001,3.8366503715515137
10943,21,443,2436,13.519575119018555,10.197406373029928,0.001,4.100657224655151
10944,21,444,2449,10.04058837890625,10.197014637740532,0.001,4.689795255661011
10945,21,445,1845,8.168194770812988,10.194743206737572,0.001,4.349539041519165
10946,21,446,2450,7.795324325561523,10.188887305524158,0.001,3.7784416675567627
10947,21,447,1182,6.893306732177734,10.180643060249377,0.001,4.992611885070801
10948,21,448,2462,9.303396224975586,10.177711869758914,0.001,3.919250011444092
10949,21,449,2399,6.128034591674805,10.173443447715592,0.001,3.7748491764068604
10950,21,450,264,8.531631469726562,10.16937236085727,0.001,3.632145643234253
10951,21,451,2243,14.480413436889648,10.183516599677262,0.001,3.987708806991577
10952,21,452,2278,18.330495834350586,10.20377997378232,0.001,3.844547748565674
10953,21,453,2040,6.425023078918457,10.191322408966938,0.001,3.900514841079712
10954,21,454,2192,26.240407943725586,10.206956944411976,0.001,3.550635576248169
10955,21,455,1196,6.0061187744140625,10.20248616850593,0.001,4.507064580917358
10956,21,456,1700,17.26151466369629,10.215423497747295,0.001,3.929466962814331
10957,21,457,1326,5.076110363006592,10.209565982110865,0.001,4.343167304992676
10958,21,458,1938,7.7178239822387695,10.206788257687274,0.001,4.398093938827515
10959,21,459,1807,29.30963706970215,10.267594962935307,0.001,3.882803201675415
10960,21,460,1888,11.916786193847656,10.272813501062885,0.001,3.665316343307495
10961,21,461,1523,6.814732551574707,10.26883859384362,0.001,4.059399604797363
10962,21,462,1151,8.96552848815918,10.266682630351575,0.001,4.782968997955322
10963,21,463,1676,8.154217720031738,10.25988149210297,0.001,4.040959119796753
10964,21,464,175,6.467990398406982,10.253265224479835,0.001,4.295555591583252
10965,21,465,1460,7.067325592041016,10.247807095476167,0.001,4.632875442504883
10966,21,466,2422,6.269515514373779,10.243282670277512,0.001,4.39626932144165
10967,21,467,1174,7.432600975036621,10.236572545221335,0.001,4.264650821685791
10968,21,468,1642,8.033296585083008,10.231415360032354,0.001,3.709291934967041
10969,21,469,2460,11.059121131896973,10.232348998112146,0.001,4.453700065612793
10970,21,470,2443,5.314247131347656,10.220802526448693,0.001,4.625277757644653
10971,21,471,1596,11.897357940673828,10.223565989440818,0.001,4.098478078842163
10972,21,472,1548,10.790610313415527,10.22485028510163,0.001,3.797231674194336
10973,21,473,2064,7.1906514167785645,10.217634076035901,0.001,4.653428792953491
10974,21,474,1311,6.771981716156006,10.206892814724625,0.001,4.563243627548218
10975,21,475,1480,5.86471700668335,10.202125645807635,0.001,3.9963550567626953
10976,21,476,1832,15.809761047363281,10.2195986933139,0.001,4.631932735443115
10977,21,477,1097,7.700249671936035,10.216878785964589,0.001,3.6478402614593506
10978,21,478,1921,15.527495384216309,10.229211921865485,0.001,3.7635583877563477
10979,21,479,2163,12.962868690490723,10.235722382184928,0.001,4.0794126987457275
10980,21,480,1802,10.974116325378418,10.23742487214243,0.001,4.230780363082886
10981,21,481,29,5.707823753356934,10.227028457333077,0.001,4.06915283203125
10982,21,482,2298,7.561497211456299,10.22417188601344,0.001,4.179373741149902
10983,21,483,2341,8.84971809387207,10.219924616073955,0.001,4.518020391464233
10984,21,484,2522,10.849150657653809,10.221355116805865,0.001,4.6424784660339355
10985,21,485,1098,7.2654337882995605,10.216468477783142,0.001,3.886733055114746
10986,21,486,2294,6.522218227386475,10.212572002594518,0.001,3.993130922317505
10987,21,487,1122,7.615030765533447,10.208264618888295,0.001,4.436454772949219
10988,21,488,2652,7.234645843505859,10.205089404298791,0.001,4.363506317138672
10989,21,489,272,9.168581008911133,10.203391739538333,0.001,4.52179741859436
10990,21,490,2585,5.981078147888184,10.193975348280306,0.001,5.210454940795898
10991,21,491,1812,12.5625638961792,10.201218183799424,0.001,4.270802021026611
10992,21,492,1821,21.178577423095703,10.213019684650476,0.001,4.016158580780029
10993,21,493,28,9.368256568908691,10.212114073305816,0.001,5.459329843521118
10994,21,494,2565,10.449888229370117,10.212374243710038,0.001,4.26893424987793
10995,21,495,1914,7.187998294830322,10.20912571141136,0.001,4.326294183731079
10996,21,496,2546,7.331822872161865,10.20269796475729,0.001,3.7459487915039062
10997,21,497,1105,7.943981170654297,10.200180684255537,0.001,4.14699912071228
10998,21,498,1626,5.2775373458862305,10.195086154573282,0.001,4.344069242477417
10999,21,499,2406,11.070847511291504,10.197727425935966,0.001,3.9229252338409424
11000,22,0,1751,10.1792573928833,10.1792573928833,0.001,3.823077917098999
11001,22,1,1806,6.305383682250977,7.656918783960975,0.001,3.963441848754883
11002,22,2,2673,15.552982330322266,10.270738545713694,0.001,4.0054497718811035
11003,22,3,2098,11.968695640563965,10.570063615949628,0.001,5.465858459472656
11004,22,4,2233,7.6721415519714355,10.105374791593654,0.001,4.215393781661987
11005,22,5,2529,7.1562910079956055,9.552534683664096,0.001,4.355768442153931
11006,22,6,2335,7.1661906242370605,9.356528764955877,0.001,4.9195027351379395
11007,22,7,1263,6.1136698722839355,8.890247254025953,0.001,4.287797451019287
11008,22,8,1149,10.729713439941406,9.123689911983787,0.001,3.638950824737549
11009,22,9,1383,5.7880635261535645,8.844934510801382,0.001,4.561075687408447
11010,22,10,2432,6.509634017944336,8.722211179493586,0.001,4.219316482543945
11011,22,11,1568,10.124004364013672,8.859296635627564,0.001,4.140421152114868
11012,22,12,1896,8.238883018493652,8.804029325100474,0.001,3.878004550933838
11013,22,13,2552,8.569458961486816,8.784892172024955,0.001,4.588789939880371
11014,22,14,1586,5.126004695892334,8.420238127553546,0.001,4.102935075759888
11015,22,15,2871,7.508091449737549,8.33855514669812,0.001,4.0368242263793945
11016,22,16,2601,13.722017288208008,8.776231206099823,0.001,4.431111812591553
11017,22,17,1864,11.936424255371094,8.867632306584891,0.001,4.2885870933532715
11018,22,18,1570,11.199246406555176,8.933358265379034,0.001,3.821859359741211
11019,22,19,2327,8.687186241149902,8.923651422619113,0.001,4.074559926986694
11020,22,20,2101,15.842782974243164,9.410237266431974,0.001,4.166446208953857
11021,22,21,2147,9.322096824645996,9.40445843229036,0.001,3.527987480163574
11022,22,22,2864,9.79434585571289,9.417739019191803,0.001,3.798307180404663
11023,22,23,2140,5.754146575927734,9.340595341919132,0.001,3.8766515254974365
11024,22,24,2794,5.233165264129639,9.251119796764142,0.001,4.916892051696777
11025,22,25,2505,6.09173059463501,9.183114726987494,0.001,4.745830774307251
11026,22,26,1551,7.035141468048096,9.090716231634547,0.001,4.062262296676636
11027,22,27,2073,5.10166072845459,9.015005388277899,0.001,4.3386454582214355
11028,22,28,1127,5.16347599029541,8.90186143295506,0.001,4.163389205932617
11029,22,29,1090,6.347857475280762,8.831363002425746,0.001,3.7534234523773193
11030,22,30,2274,5.71489143371582,8.71596608772316,0.001,3.4834024906158447
11031,22,31,2482,6.536588191986084,8.610641612009877,0.001,4.796499967575073
11032,22,32,2580,9.293452262878418,8.641177462865873,0.001,3.804213523864746
11033,22,33,2179,5.390768051147461,8.562408736440753,0.001,3.7458090782165527
11034,22,34,2861,6.42465353012085,8.492720957706235,0.001,4.151186227798462
11035,22,35,2000,6.76425313949585,8.466778938375636,0.001,4.169504642486572
11036,22,36,2452,10.897895812988281,8.541903904039538,0.001,4.004526615142822
11037,22,37,2378,17.743648529052734,8.820788969928971,0.001,3.8844144344329834
11038,22,38,2569,12.342808723449707,8.89440717923822,0.001,3.908963918685913
11039,22,39,2613,12.91048812866211,9.007508304758094,0.001,3.9813404083251953
11040,22,40,2523,14.228073120117188,9.199053776072692,0.001,3.93570613861084
11041,22,41,1554,9.841405868530273,9.207458446491774,0.001,4.417545557022095
11042,22,42,273,9.24504280090332,9.208459245269001,0.001,4.358064651489258
11043,22,43,2203,9.47467041015625,9.217531892387159,0.001,4.145720481872559
11044,22,44,2590,15.716875076293945,9.330269572868685,0.001,3.5077593326568604
11045,22,45,1682,15.406481742858887,9.478399107503108,0.001,4.473262548446655
11046,22,46,2789,8.734314918518066,9.46071042267966,0.001,4.998769760131836
11047,22,47,1878,6.9358720779418945,9.418911419814622,0.001,4.460047006607056
11048,22,48,2593,6.19373083114624,9.34343904643547,0.001,4.433945655822754
11049,22,49,2448,4.5464277267456055,9.202038718974684,0.001,4.680197238922119
11050,22,50,2117,8.79984188079834,9.193494232147863,0.001,3.779147148132324
11051,22,51,2595,5.115564346313477,9.151979287489308,0.001,3.9860544204711914
11052,22,52,2191,13.093903541564941,9.213027819592021,0.001,4.0160863399505615
11053,22,53,37,11.943987846374512,9.287753860355261,0.001,4.198832273483276
11054,22,54,1081,13.644454956054688,9.375965892785377,0.001,4.705360174179077
11055,22,55,1814,7.658400535583496,9.342410528014087,0.001,3.7903497219085693
11056,22,56,2845,8.938497543334961,9.33202537577274,0.001,4.669644117355347
11057,22,57,432,14.944328308105469,9.436360929426844,0.001,3.8787970542907715
11058,22,58,2502,9.20584774017334,9.430626007508943,0.001,4.273443222045898
11059,22,59,1690,6.532159328460693,9.405140943747433,0.001,4.310296535491943
11060,22,60,363,5.602062702178955,9.372413774501076,0.001,4.838286399841309
11061,22,61,2498,8.95409870147705,9.367068443279923,0.001,4.1700828075408936
11062,22,62,2758,7.101713180541992,9.327348615999934,0.001,3.827997922897339
11063,22,63,382,7.0035552978515625,9.308563026220074,0.001,4.4722208976745605
11064,22,64,2204,5.871715068817139,9.23148822848517,0.001,3.653858184814453
11065,22,65,2668,6.697779655456543,9.188465340498029,0.001,4.424084901809692
11066,22,66,350,6.467082977294922,9.143224535798112,0.001,3.919980049133301
11067,22,67,2906,7.733242988586426,9.120400633669897,0.001,4.705807685852051
11068,22,68,2782,9.06888484954834,9.119297561377467,0.001,3.7428343296051025
11069,22,69,1737,10.07174015045166,9.138534518893733,0.001,4.152987241744995
11070,22,70,446,6.607933521270752,9.100028457906845,0.001,4.640814781188965
11071,22,71,2013,6.925156593322754,9.084519471974305,0.001,4.55207371711731
11072,22,72,434,9.77131462097168,9.08899940284032,0.001,4.300452470779419
11073,22,73,256,8.341718673706055,9.08110470198613,0.001,3.719355583190918
11074,22,74,448,6.661233901977539,9.044605175743358,0.001,4.8333353996276855
11075,22,75,2750,13.157463073730469,9.073038902401095,0.001,4.24958610534668
11076,22,76,1089,9.255250930786133,9.076523009855686,0.001,3.6680796146392822
11077,22,77,2617,7.903713226318359,9.054626895066349,0.001,4.550412178039551
11078,22,78,336,7.134954452514648,9.018985605810995,0.001,4.432119846343994
11079,22,79,2775,11.635704040527344,9.054209856843807,0.001,4.21630597114563
11080,22,80,361,7.679424285888672,9.03081071855551,0.001,3.719316244125366
11081,22,81,2513,6.231828212738037,9.01314334525303,0.001,4.82943868637085
11082,22,82,2066,4.182801246643066,8.929265891184894,0.001,3.39969539642334
11083,22,83,1692,5.832089900970459,8.87628201018993,0.001,4.401368856430054
11084,22,84,2543,10.33352279663086,8.894918137834834,0.001,3.552272319793701
11085,22,85,1181,10.002358436584473,8.908492106214215,0.001,4.310115814208984
11086,22,86,68,9.217290878295898,8.91128983736735,0.001,4.529809236526489
11087,22,87,522,5.559133052825928,8.856418632113549,0.001,3.7373876571655273
11088,22,88,519,6.41334867477417,8.817031883907402,0.001,3.810040235519409
11089,22,89,455,23.292200088500977,8.880359141044554,0.001,3.819418430328369
11090,22,90,2219,11.296268463134766,8.893235160267288,0.001,4.161594390869141
11091,22,91,1264,14.378171920776367,8.924785520900144,0.001,4.320763111114502
11092,22,92,459,6.561164379119873,8.91162289103552,0.001,4.416694164276123
11093,22,93,2479,10.7865629196167,8.932745746595465,0.001,3.8622422218322754
11094,22,94,2425,21.870304107666016,9.082385977996676,0.001,3.2973341941833496
11095,22,95,2427,14.519351959228516,9.143015054145614,0.001,4.541069746017456
11096,22,96,492,12.957332611083984,9.200175654665724,0.001,4.2593910694122314
11097,22,97,447,6.366654396057129,9.184935691497024,0.001,4.098703384399414
11098,22,98,2347,6.544968605041504,9.155850543461149,0.001,4.157750129699707
11099,22,99,469,7.829131126403809,9.136676714577034,0.001,4.334979057312012
11100,22,100,461,10.835492134094238,9.160748040796443,0.001,4.128697633743286
11101,22,101,685,7.7199296951293945,9.145670140885612,0.001,4.229970455169678
11102,22,102,325,14.366567611694336,9.200300217798175,0.001,4.296087741851807
11103,22,103,2929,6.195399761199951,9.169053993134947,0.001,4.096873998641968
11104,22,104,1302,16.456371307373047,9.262301948920719,0.001,4.119911193847656
11105,22,105,2793,6.211748123168945,9.220460919621301,0.001,3.272768497467041
11106,22,106,1797,6.1420464515686035,9.205394479581553,0.001,4.4177093505859375
11107,22,107,1395,5.644694805145264,9.188131760282232,0.001,4.144688129425049
11108,22,108,2781,16.52144432067871,9.233813929405304,0.001,4.546449661254883
11109,22,109,2007,9.963459968566895,9.240966475667937,0.001,4.374176502227783
11110,22,110,2603,6.934939384460449,9.211787756935422,0.001,4.79259467124939
11111,22,111,2619,6.496729850769043,9.194616648143489,0.001,3.8741321563720703
11112,22,112,2075,7.178256034851074,9.181015163629207,0.001,3.895665407180786
11113,22,113,407,8.309800148010254,9.172725677768813,0.001,4.4287004470825195
11114,22,114,378,12.156988143920898,9.210131766648571,0.001,3.8169705867767334
11115,22,115,1903,4.796629905700684,9.181181120498039,0.001,4.304739713668823
11116,22,116,514,8.356833457946777,9.175645822889683,0.001,4.400954961776733
11117,22,117,721,11.15902328491211,9.188479834679292,0.001,4.76284384727478
11118,22,118,1717,10.661439895629883,9.194836715031416,0.001,4.4663026332855225
11119,22,119,2464,21.02377700805664,9.247378566703,0.001,4.161016941070557
11120,22,120,1365,11.178539276123047,9.25576236949814,0.001,4.800297260284424
11121,22,121,2706,12.259713172912598,9.268066923630487,0.001,3.67850923538208
11122,22,122,73,30.4229679107666,9.360038274546211,0.001,4.235935688018799
11123,22,123,60,7.357141971588135,9.347260435025314,0.001,4.263161897659302
11124,22,124,2548,6.492193222045898,9.322321179364229,0.001,4.2616400718688965
11125,22,125,2401,5.255212306976318,9.286032856976023,0.001,4.1064770221710205
11126,22,126,1503,10.842034339904785,9.294995679622643,0.001,4.042343854904175
11127,22,127,2196,6.648924350738525,9.285102055524561,0.001,5.1385815143585205
11128,22,128,441,7.795741558074951,9.27225403996599,0.001,4.060651540756226
11129,22,129,2511,11.711071968078613,9.287398673659961,0.001,3.837383508682251
11130,22,130,1714,10.270956993103027,9.295566628786535,0.001,3.378535270690918
11131,22,131,424,11.860795021057129,9.310321374885707,0.001,4.775470972061157
11132,22,132,2340,8.125276565551758,9.300589361658028,0.001,4.681456565856934
11133,22,133,2672,6.090074062347412,9.264829334476035,0.001,3.5736286640167236
11134,22,134,2458,6.012696266174316,9.238135068316652,0.001,4.995350122451782
11135,22,135,811,7.800702095031738,9.23293026992633,0.001,3.9431636333465576
11136,22,136,1363,19.815040588378906,9.31886948576903,0.001,4.517716646194458
11137,22,137,2669,6.851180076599121,9.309215067508344,0.001,3.877498149871826
11138,22,138,693,4.918814182281494,9.262051684634372,0.001,4.731063365936279
11139,22,139,1484,6.523694038391113,9.240052546260456,0.001,3.9661595821380615
11140,22,140,2533,8.159513473510742,9.23383353053576,0.001,4.098323583602905
11141,22,141,727,8.306873321533203,9.230404135381898,0.001,4.783933877944946
11142,22,142,1519,19.86362648010254,9.315090888714337,0.001,3.8159987926483154
11143,22,143,2538,6.921787738800049,9.30619408307794,0.001,3.8653180599212646
11144,22,144,852,12.418878555297852,9.330005164429801,0.001,4.378140687942505
11145,22,145,832,7.434133529663086,9.310771114951205,0.001,5.023108959197998
11146,22,146,2499,9.345054626464844,9.310957872076473,0.001,4.155388355255127
11147,22,147,2927,40.105125427246094,9.407380543343109,0.001,3.8590383529663086
11148,22,148,2060,27.96084213256836,9.547833708420615,0.001,4.61579442024231
11149,22,149,2563,15.947209358215332,9.582163386596594,0.001,4.501729249954224
11150,22,150,1117,17.172882080078125,9.639609913930798,0.001,3.9071686267852783
11151,22,151,728,9.220532417297363,9.636509253263918,0.001,4.650112152099609
11152,22,152,2221,12.571109771728516,9.658407467215127,0.001,4.399450063705444
11153,22,153,607,11.951595306396484,9.666066246104885,0.001,4.3680853843688965
11154,22,154,2181,16.63253402709961,9.690269900705628,0.001,4.339207410812378
11155,22,155,2722,17.602375030517578,9.715494601485227,0.001,4.193356037139893
11156,22,156,961,6.722668647766113,9.68698098891771,0.001,3.962440252304077
11157,22,157,377,6.265007019042969,9.669518144504206,0.001,4.398486137390137
11158,22,158,2080,14.907940864562988,9.719248401915058,0.001,4.538380861282349
11159,22,159,518,11.069022178649902,9.723801009498152,0.001,4.174023866653442
11160,22,160,695,10.178349494934082,9.727010817926981,0.001,3.9151611328125
11161,22,161,337,11.36005687713623,9.734364420183088,0.001,4.427764177322388
11162,22,162,680,11.060591697692871,9.738707260348415,0.001,4.804042816162109
11163,22,163,1368,6.219462871551514,9.720975367702081,0.001,4.366940021514893
11164,22,164,266,8.8277587890625,9.712806141097513,0.001,4.153100252151489
11165,22,165,915,9.123579025268555,9.71095930866598,0.001,4.876830816268921
11166,22,166,405,5.699259281158447,9.691047258689746,0.001,3.9787309169769287
11167,22,167,2050,8.842582702636719,9.687025576110386,0.001,3.805156707763672
11168,22,168,686,7.782937049865723,9.673962317908765,0.001,4.105526447296143
11169,22,169,2660,11.412043571472168,9.689076348705305,0.001,4.530123472213745
11170,22,170,2909,13.456350326538086,9.714206802332898,0.001,3.815068483352661
11171,22,171,2398,10.120199203491211,9.717721942713874,0.001,4.015044212341309
11172,22,172,1457,8.62781047821045,9.70837025470957,0.001,4.889376401901245
11173,22,173,254,6.961960315704346,9.684893288830542,0.001,4.5384461879730225
11174,22,174,864,13.654216766357422,9.696386651333668,0.001,3.7505500316619873
11175,22,175,771,7.6753339767456055,9.68356500680991,0.001,3.6105740070343018
11176,22,176,2197,15.77609634399414,9.721961908703742,0.001,4.490076541900635
11177,22,177,2588,6.510631084442139,9.694719199954058,0.001,4.100029468536377
11178,22,178,788,11.392082214355469,9.708874281785494,0.001,4.221721410751343
11179,22,179,2901,11.249540328979492,9.715863281763928,0.001,3.4384636878967285
11180,22,180,392,10.465834617614746,9.721963858258142,0.001,4.63148307800293
11181,22,181,1620,19.802932739257812,9.741693845896387,0.001,4.159675121307373
11182,22,182,2834,4.582683563232422,9.699599251408502,0.001,3.9631948471069336
11183,22,183,1399,13.715267181396484,9.732455855882609,0.001,4.761580467224121
11184,22,184,2930,4.981499671936035,9.71912158882553,0.001,4.476883888244629
11185,22,185,521,4.665387153625488,9.704723557495097,0.001,3.989515542984009
11186,22,186,481,6.441941738128662,9.685236612097885,0.001,3.691749095916748
11187,22,187,374,6.239896297454834,9.658156519541881,0.001,4.371247053146362
11188,22,188,825,18.762516021728516,9.683141131382138,0.001,4.1420652866363525
11189,22,189,2297,7.8868021965026855,9.672354069759528,0.001,3.982374429702759
11190,22,190,2510,6.855024337768555,9.650632320096948,0.001,4.212944507598877
11191,22,191,919,6.5719380378723145,9.626499813930721,0.001,4.3340744972229
11192,22,192,873,9.151183128356934,9.625350474190526,0.001,3.870471239089966
11193,22,193,2223,6.462343692779541,9.601029687599056,0.001,3.6659598350524902
11194,22,194,372,7.271843433380127,9.595465398271116,0.001,4.1466758251190186
11195,22,195,778,7.802441596984863,9.58536025152468,0.001,3.7674293518066406
11196,22,196,32,7.27910852432251,9.567707903197114,0.001,4.504414081573486
11197,22,197,1735,4.876698970794678,9.5550306149191,0.001,3.4357595443725586
11198,22,198,2494,9.945533752441406,9.557196589403304,0.001,4.003469467163086
11199,22,199,616,8.281729698181152,9.547846198022503,0.001,4.022649049758911
11200,22,200,814,6.502564907073975,9.539598223016466,0.001,4.494893789291382
11201,22,201,913,8.825654983520508,9.536797536453738,0.001,4.639960765838623
11202,22,202,2547,25.014781951904297,9.62193642388051,0.001,4.120568513870239
11203,22,203,77,9.478728294372559,9.621145625784518,0.001,4.08598780632019
11204,22,204,1828,6.605809211730957,9.59890489567095,0.001,3.7059669494628906
11205,22,205,2537,7.794846057891846,9.588975878175996,0.001,5.012108564376831
11206,22,206,2282,9.59746265411377,9.588997525875811,0.001,4.912870407104492
11207,22,207,2692,5.291837215423584,9.558483707191272,0.001,4.220702886581421
11208,22,208,719,7.076558589935303,9.540943950220557,0.001,4.751519441604614
11209,22,209,2205,6.181536674499512,9.522953437865935,0.001,3.4533488750457764
11210,22,210,789,6.287192344665527,9.506060873048936,0.001,3.9704525470733643
11211,22,211,1440,6.617525100708008,9.491331012318948,0.001,3.856255531311035
11212,22,212,1113,9.88774299621582,9.494064599795998,0.001,4.710996150970459
11213,22,213,1923,4.1080546379089355,9.46571701601979,0.001,3.92937970161438
11214,22,214,56,6.829105377197266,9.452212630334296,0.001,3.4438138008117676
11215,22,215,74,6.246431350708008,9.444518557768282,0.001,4.275205373764038
11216,22,216,367,10.224760055541992,9.447320184837881,0.001,4.155641317367554
11217,22,217,1334,6.2835798263549805,9.439799172894665,0.001,3.701418399810791
11218,22,218,981,7.0373148918151855,9.427631341411017,0.001,4.129490375518799
11219,22,219,705,4.898334503173828,9.396840903864138,0.001,4.346786737442017
11220,22,220,490,6.7670793533325195,9.390443083146922,0.001,4.404966831207275
11221,22,221,390,6.067447662353516,9.378902382034344,0.001,3.9129486083984375
11222,22,222,2874,7.792219638824463,9.371182533925476,0.001,3.51863956451416
11223,22,223,2144,5.872889518737793,9.363013732085818,0.001,4.626497268676758
11224,22,224,1083,10.362384796142578,9.369409660769316,0.001,3.873891830444336
11225,22,225,774,8.63007640838623,9.365784551754075,0.001,4.6260950565338135
11226,22,226,682,6.667111873626709,9.348397051757422,0.001,4.616981506347656
11227,22,227,1482,4.8010029792785645,9.33801431078244,0.001,4.3532936573028564
11228,22,228,808,17.36678123474121,9.376483029226044,0.001,4.285645961761475
11229,22,229,2767,14.202197074890137,9.40001011427427,0.001,4.957991361618042
11230,22,230,458,22.85230255126953,9.431599849503128,0.001,3.885362148284912
11231,22,231,67,12.889453887939453,9.448121635290283,0.001,4.149576425552368
11232,22,232,707,7.32806396484375,9.443617195594474,0.001,3.9151289463043213
11233,22,233,388,6.6189775466918945,9.437490108426257,0.001,5.14054012298584
11234,22,234,990,13.617891311645508,9.45772935767925,0.001,4.700923204421997
11235,22,235,914,11.057208061218262,9.465232963490179,0.001,3.7596583366394043
11236,22,236,408,5.799549102783203,9.453067148707289,0.001,4.899062156677246
11237,22,237,1126,8.54629135131836,9.447411543144591,0.001,3.8379275798797607
11238,22,238,2476,9.207016944885254,9.446876760576728,0.001,4.149539232254028
11239,22,239,2720,7.438024044036865,9.442768469672338,0.001,4.833620309829712
11240,22,240,2583,7.166045188903809,9.43216625964287,0.001,4.427878379821777
11241,22,241,403,5.601831436157227,9.419686534947418,0.001,4.315722465515137
11242,22,242,453,8.030447006225586,9.415169588958053,0.001,4.382511138916016
11243,22,243,827,11.017792701721191,9.4195304375215,0.001,4.852143287658691
11244,22,244,344,5.526834487915039,9.411036369274926,0.001,4.2142088413238525
11245,22,245,2614,7.159361839294434,9.397509704191663,0.001,3.9986705780029297
11246,22,246,2435,6.483219623565674,9.391029580388045,0.001,4.378817796707153
11247,22,247,858,12.737187385559082,9.39755997103395,0.001,4.043576955795288
11248,22,248,2328,5.655706882476807,9.385361111315078,0.001,3.611091375350952
11249,22,249,2709,19.269184112548828,9.406271888052494,0.001,4.190728425979614
11250,22,250,2174,15.256732940673828,9.440194992117748,0.001,4.886835813522339
11251,22,251,2682,8.16516399383545,9.432531504186162,0.001,3.778494119644165
11252,22,252,2911,16.497465133666992,9.446354945985886,0.001,3.9188458919525146
11253,22,253,773,12.060319900512695,9.457902096975685,0.001,3.79740834236145
11254,22,254,689,22.72119140625,9.49948609176944,0.001,4.737959146499634
11255,22,255,65,9.808671951293945,9.500148151871487,0.001,4.165453672409058
11256,22,256,38,8.001639366149902,9.495423468284446,0.001,3.7334845066070557
11257,22,257,694,7.594529628753662,9.48440037172635,0.001,3.477487325668335
11258,22,258,1259,9.400403022766113,9.484145300091527,0.001,4.799410581588745
11259,22,259,1556,9.010255813598633,9.482087588279953,0.001,3.593287467956543
11260,22,260,2377,15.73806381225586,9.508910209593537,0.001,4.103473424911499
11261,22,261,1777,7.798687934875488,9.501686312801002,0.001,4.795273303985596
11262,22,262,920,6.485981464385986,9.48431924106716,0.001,4.58078932762146
11263,22,263,1527,25.203144073486328,9.55061252611275,0.001,3.9245386123657227
11264,22,264,1879,12.483891487121582,9.559627577875371,0.001,4.89139723777771
11265,22,265,2251,7.098757266998291,9.552041382303734,0.001,4.301414966583252
11266,22,266,743,8.98781681060791,9.55091792673806,0.001,4.139509677886963
11267,22,267,977,9.99649429321289,9.552213816773735,0.001,3.9240758419036865
11268,22,268,851,6.843939304351807,9.536793187043159,0.001,5.196240186691284
11269,22,269,2608,6.944265842437744,9.522171905541487,0.001,4.757511377334595
11270,22,270,1324,11.205370903015137,9.531355148137516,0.001,4.065163850784302
11271,22,271,1099,12.379908561706543,9.546984023522947,0.001,4.3256285190582275
11272,22,272,1173,8.265474319458008,9.544470087399137,0.001,4.114714622497559
11273,22,273,274,9.380154609680176,9.543810600632481,0.001,3.917820692062378
11274,22,274,1616,7.195805549621582,9.534053225984312,0.001,4.0270209312438965
11275,22,275,2099,7.407458305358887,9.527871886036875,0.001,4.776533365249634
11276,22,276,819,10.138163566589355,9.530345726696778,0.001,4.2941601276397705
11277,22,277,2270,5.445078372955322,9.508248189319172,0.001,4.418148994445801
11278,22,278,2784,8.86302661895752,9.504799785943817,0.001,4.284256935119629
11279,22,279,401,24.016935348510742,9.562553489659809,0.001,4.243539571762085
11280,22,280,2772,8.297207832336426,9.557560060180606,0.001,3.5360031127929688
11281,22,281,496,16.82040786743164,9.584985770445137,0.001,4.0730180740356445
11282,22,282,717,7.595332622528076,9.574581047892936,0.001,4.620317459106445
11283,22,283,2055,11.172205924987793,9.582899155198154,0.001,4.593245983123779
11284,22,284,1909,12.799077987670898,9.599307910728184,0.001,4.17692756652832
11285,22,285,601,15.040610313415527,9.6273193255237,0.001,4.89948034286499
11286,22,286,966,10.59074592590332,9.629917827160218,0.001,3.9759297370910645
11287,22,287,1764,8.375486373901367,9.623383582117027,0.001,3.6734704971313477
11288,22,288,2535,6.855081558227539,9.61834329687823,0.001,4.532716274261475
11289,22,289,986,17.768590927124023,9.649926851325718,0.001,4.940655469894409
11290,22,290,523,12.4668550491333,9.664299025227603,0.001,4.066614389419556
11291,22,291,951,6.233590126037598,9.651375311363669,0.001,3.840420722961426
11292,22,292,2184,19.59050941467285,9.678369004113538,0.001,4.5306336879730225
11293,22,293,376,11.116016387939453,9.68098236525492,0.001,4.16086483001709
11294,22,294,1088,8.022699356079102,9.67489931569109,0.001,3.3859410285949707
11295,22,295,1762,7.016557693481445,9.665001294107373,0.001,4.077657699584961
11296,22,296,340,6.046054363250732,9.65150919742409,0.001,4.795444011688232
11297,22,297,383,9.064955711364746,9.64870517972604,0.001,3.8791110515594482
11298,22,298,2272,7.324830532073975,9.640145616985723,0.001,3.6027469635009766
11299,22,299,2413,6.196586608886719,9.627322008600895,0.001,3.887667179107666
11300,22,300,991,8.931025505065918,9.626132507419296,0.001,5.016937732696533
11301,22,301,2293,9.411864280700684,9.625331061991778,0.001,3.086176633834839
11302,22,302,342,8.608091354370117,9.620321767936177,0.001,3.71464467048645
11303,22,303,989,6.697691917419434,9.609757967262016,0.001,4.884458303451538
11304,22,304,1488,12.634931564331055,9.623431986854492,0.001,4.84754753112793
11305,22,305,1393,13.964583396911621,9.63912188325325,0.001,3.7106034755706787
11306,22,306,742,5.395074844360352,9.618794745974043,0.001,3.8873157501220703
11307,22,307,468,8.158395767211914,9.61193158842426,0.001,5.637887477874756
11308,22,308,2596,6.798580169677734,9.60480383756399,0.001,3.923504114151001
11309,22,309,2694,4.833324432373047,9.596808516211054,0.001,4.214874505996704
11310,22,310,770,6.935159683227539,9.587272524218356,0.001,4.685913562774658
11311,22,311,69,16.610069274902344,9.620471129623411,0.001,4.536190509796143
11312,22,312,2654,9.94616413116455,9.621996558984966,0.001,3.8070950508117676
11313,22,313,1470,8.702317237854004,9.618873368663785,0.001,3.7670645713806152
11314,22,314,2152,15.540236473083496,9.63924590650361,0.001,4.55461859703064
11315,22,315,2564,7.091660976409912,9.630577201488487,0.001,4.099138021469116
11316,22,316,2763,6.374279499053955,9.625255057270186,0.001,3.391428232192993
11317,22,317,834,4.1949262619018555,9.600377971648133,0.001,4.935220003128052
11318,22,318,962,7.088903903961182,9.594167901617276,0.001,4.099628210067749
11319,22,319,710,7.032572269439697,9.585451289420565,0.001,4.068848371505737
11320,22,320,870,8.235064506530762,9.582153569360438,0.001,4.254069805145264
11321,22,321,2241,5.034559726715088,9.561294807322806,0.001,4.5280539989471436
11322,22,322,1915,5.438018321990967,9.55142051744348,0.001,3.811547040939331
11323,22,323,98,6.205835819244385,9.536300725566637,0.001,4.286891460418701
11324,22,324,2584,7.2554707527160645,9.52612015729457,0.001,4.6823976039886475
11325,22,325,787,11.149877548217773,9.528748931553059,0.001,3.9307827949523926
11326,22,326,436,9.628209114074707,9.528982466756698,0.001,4.015568494796753
11327,22,327,1823,5.928626537322998,9.512633608235388,0.001,4.413174152374268
11328,22,328,1439,5.635361194610596,9.495717609787844,0.001,4.727199554443359
11329,22,329,904,24.913171768188477,9.527948318486754,0.001,3.791438341140747
11330,22,330,1858,8.02652645111084,9.523051000259144,0.001,3.3477280139923096
11331,22,331,2923,7.186403751373291,9.517725433229728,0.001,4.065327405929565
11332,22,332,2832,6.60380220413208,9.505603982426141,0.001,4.404587984085083
11333,22,333,801,5.503172874450684,9.496533077025031,0.001,3.983341932296753
11334,22,334,507,40.28345489501953,9.529895103994518,0.001,3.9156110286712646
11335,22,335,699,9.007848739624023,9.528222377052268,0.001,4.36832070350647
11336,22,336,611,7.4511213302612305,9.52348555314935,0.001,4.282628536224365
11337,22,337,916,3.8158230781555176,9.514518615421894,0.001,3.697031021118164
11338,22,338,2008,12.77210521697998,9.51901110740492,0.001,4.015963315963745
11339,22,339,1306,8.174281120300293,9.513247596855875,0.001,4.6269941329956055
11340,22,340,2610,7.470120429992676,9.510108568968855,0.001,3.605344295501709
11341,22,341,64,13.608262062072754,9.516464991310349,0.001,3.7181501388549805
11342,22,342,471,9.677520751953125,9.517145491182466,0.001,4.127663850784302
11343,22,343,759,8.713859558105469,9.514609042716657,0.001,3.809054136276245
11344,22,344,1779,8.847640991210938,9.511791008621653,0.001,4.772437334060669
11345,22,345,956,10.38996696472168,9.51548195409612,0.001,4.120060682296753
11346,22,346,368,9.648764610290527,9.515916323079226,0.001,4.395156383514404
11347,22,347,2325,10.52482795715332,9.5190957594412,0.001,3.998304843902588
11348,22,348,400,13.506402015686035,9.527100947372748,0.001,3.6475114822387695
11349,22,349,488,6.030172348022461,9.51267843540308,0.001,3.7359609603881836
11350,22,350,250,19.966968536376953,9.528252074756258,0.001,4.451102018356323
11351,22,351,94,8.263699531555176,9.52331478111992,0.001,3.736095428466797
11352,22,352,2534,6.648163318634033,9.519012481028497,0.001,4.10198187828064
11353,22,353,972,4.901662349700928,9.50499668983846,0.001,4.007479190826416
11354,22,354,803,9.10875415802002,9.504429296360401,0.001,3.7555508613586426
11355,22,355,1355,8.250678062438965,9.500549204751517,0.001,2.98917555809021
11356,22,356,863,20.275596618652344,9.533857210102331,0.001,3.825713634490967
11357,22,357,861,4.862033367156982,9.523624839929793,0.001,4.947345495223999
11358,22,358,1575,7.435627460479736,9.517099664615138,0.001,3.8728537559509277
11359,22,359,706,7.869876384735107,9.5146690752924,0.001,4.0661420822143555
11360,22,360,954,10.532629013061523,9.516143019383557,0.001,4.015652418136597
11361,22,361,1263,4.933186054229736,9.502251541480026,0.001,4.441854953765869
11362,22,362,1397,7.242177963256836,9.493035865201186,0.001,3.516286849975586
11363,22,363,1151,8.432510375976562,9.490834847175119,0.001,3.4871253967285156
11364,22,364,1616,6.758842468261719,9.482430558331101,0.001,3.542604446411133
11365,22,365,1502,9.829389572143555,9.483836107907551,0.001,4.066791534423828
11366,22,366,1105,8.348889350891113,9.482154539691585,0.001,4.073303699493408
11367,22,367,1527,23.040088653564453,9.522335206436622,0.001,4.809593200683594
11368,22,368,1473,8.013298988342285,9.51953976171388,0.001,4.608260869979858
11369,22,369,1576,4.551365852355957,9.512620041143672,0.001,4.0461578369140625
11370,22,370,1127,5.982842445373535,9.504988335962885,0.001,4.3364667892456055
11371,22,371,1161,8.622150421142578,9.503816273838794,0.001,3.4881889820098877
11372,22,372,1615,7.988922119140625,9.49943592801482,0.001,4.213904142379761
11373,22,373,1083,10.20991325378418,9.502153899230574,0.001,3.9604551792144775
11374,22,374,1762,8.191795349121094,9.498319706151205,0.001,4.078778266906738
11375,22,375,1196,5.982229709625244,9.493820379621987,0.001,3.8691012859344482
11376,22,376,1602,23.660255432128906,9.506874345943531,0.001,4.567481756210327
11377,22,377,1361,20.767284393310547,9.522536335357074,0.001,4.53286337852478
11378,22,378,1693,8.142175674438477,9.517195912954389,0.001,4.130559206008911
11379,22,379,1903,5.331606388092041,9.50864899598603,0.001,4.531229496002197
11380,22,380,1173,6.91742467880249,9.505048059396197,0.001,3.882551908493042
11381,22,381,1737,8.370161056518555,9.500793180800425,0.001,4.85670018196106
11382,22,382,1443,10.448870658874512,9.504412594010608,0.001,3.950514554977417
11383,22,383,1925,6.08693265914917,9.499779755004752,0.001,3.9143881797790527
11384,22,384,1383,4.676966190338135,9.489740226049074,0.001,4.499020576477051
11385,22,385,1481,6.79716157913208,9.481936510411433,0.001,4.57577919960022
11386,22,386,1735,6.648172378540039,9.478044750265738,0.001,4.259411096572876
11387,22,387,1484,6.964688777923584,9.470813382598793,0.001,3.4827957153320312
11388,22,388,1457,5.216919422149658,9.45486904009674,0.001,4.263500452041626
11389,22,389,1399,16.035043716430664,9.480051108396063,0.001,3.9806036949157715
11390,22,390,1769,4.439676284790039,9.460930078459544,0.001,4.810689926147461
11391,22,391,190,7.489041805267334,9.453373223117296,0.001,3.8622326850891113
11392,22,392,1676,12.108293533325195,9.463343721928176,0.001,4.028061866760254
11393,22,393,1368,4.911793231964111,9.454086134064713,0.001,4.502894401550293
11394,22,394,1570,11.874153137207031,9.457332510099214,0.001,4.5063629150390625
11395,22,395,1706,8.912367820739746,9.455824189838395,0.001,4.4813232421875
11396,22,396,1439,6.201546669006348,9.443968417412082,0.001,3.9395225048065186
11397,22,397,2166,14.747222900390625,9.454380579648348,0.001,4.4215123653411865
11398,22,398,2055,7.419955730438232,9.446910570002563,0.001,4.546644687652588
11399,22,399,2080,8.194173812866211,9.442299885615009,0.001,4.531696081161499
11400,22,400,1488,10.350894927978516,9.445412777690432,0.001,4.672130823135376
11401,22,401,2157,8.798592567443848,9.443064174340861,0.001,4.403514862060547
11402,22,402,1174,5.985223293304443,9.433643778705258,0.001,3.858262777328491
11403,22,403,1686,5.399393081665039,9.419115359559708,0.001,4.3729918003082275
11404,22,404,1274,8.910908699035645,9.417770850906715,0.001,5.2726194858551025
11405,22,405,2149,8.231794357299805,9.414531329981758,0.001,3.749255895614624
11406,22,406,1313,7.182472229003906,9.406884487762404,0.001,4.114262580871582
11407,22,407,2051,9.633827209472656,9.407495347342595,0.001,5.194074630737305
11408,22,408,2196,5.656948566436768,9.403196122076828,0.001,4.273539066314697
11409,22,409,1153,5.774739742279053,9.39021019255146,0.001,4.411827325820923
11410,22,410,1900,15.403487205505371,9.3980157078001,0.001,5.105688810348511
11411,22,411,2179,6.134530067443848,9.391744994511994,0.001,3.7999658584594727
11412,22,412,1839,5.299044609069824,9.386682390672714,0.001,3.8279271125793457
11413,22,413,1617,10.787328720092773,9.391446262002118,0.001,4.011456489562988
11414,22,414,1530,7.903257846832275,9.386227448660463,0.001,4.772004127502441
11415,22,415,1523,5.704737663269043,9.381607928922357,0.001,4.064051866531372
11416,22,416,1557,5.049431324005127,9.366383600958935,0.001,3.845797538757324
11417,22,417,1751,9.636831283569336,9.366889897609862,0.001,3.3697142601013184
11418,22,418,1817,6.231039047241211,9.363118076588083,0.001,4.404266595840454
11419,22,419,1791,5.683955192565918,9.356369126654103,0.001,4.499526262283325
11420,22,420,1888,9.095023155212402,9.355478020496651,0.001,4.686096429824829
11421,22,421,1965,4.7728376388549805,9.339526244039416,0.001,4.052417516708374
11422,22,422,1858,6.926678657531738,9.333362715301291,0.001,4.16767430305481
11423,22,423,1620,18.693023681640625,9.341053923376233,0.001,3.6628365516662598
11424,22,424,2188,26.281461715698242,9.384303304545666,0.001,3.5511770248413086
11425,22,425,1090,11.391148567199707,9.387935382276432,0.001,4.816020727157593
11426,22,426,1541,7.172038555145264,9.385470537738078,0.001,4.7347352504730225
11427,22,427,1514,7.537456512451172,9.383232309109205,0.001,4.082284212112427
11428,22,428,1264,8.524768829345703,9.382165654833416,0.001,4.531564474105835
11429,22,429,1355,8.391847610473633,9.379624189920666,0.001,3.8512167930603027
11430,22,430,1569,18.11269760131836,9.402009570736311,0.001,3.966470956802368
11431,22,431,1482,5.121951580047607,9.396889200779144,0.001,4.23471736907959
11432,22,432,178,9.467222213745117,9.397063393375683,0.001,4.34373140335083
11433,22,433,1250,7.8435444831848145,9.395210584251405,0.001,3.8947525024414062
11434,22,434,1111,12.047674179077148,9.401895892928644,0.001,3.9493660926818848
11435,22,435,1087,15.58325481414795,9.422292931056948,0.001,5.999680519104004
11436,22,436,2098,14.531883239746094,9.430730760940472,0.001,4.02910304069519
11437,22,437,2270,5.818061351776123,9.418520851881377,0.001,4.504685163497925
11438,22,438,1120,10.126871109008789,9.419726722474136,0.001,4.144428968429565
11439,22,439,1470,6.4893798828125,9.412600094651948,0.001,3.7765164375305176
11440,22,440,2073,5.188942909240723,9.407784535245863,0.001,3.2983124256134033
11441,22,441,1596,10.37860107421875,9.40947095734549,0.001,4.393725395202637
11442,22,442,1128,7.729020118713379,9.405292988449794,0.001,4.191858291625977
11443,22,443,1626,7.015130519866943,9.402562609135183,0.001,3.972425937652588
11444,22,444,1766,28.621429443359375,9.418742076033297,0.001,4.825096845626831
11445,22,445,1699,7.647661209106445,9.415690628625471,0.001,4.640016555786133
11446,22,446,2064,5.655974388122559,9.406305186989211,0.001,3.9876513481140137
11447,22,447,1344,5.8469319343566895,9.397620090259283,0.001,3.946852445602417
11448,22,448,1779,7.359851360321045,9.390969677776084,0.001,4.394482851028442
11449,22,449,1333,9.816481590270996,9.392013655129741,0.001,4.36632513999939
11450,22,450,1480,6.5715203285217285,9.38877995233002,0.001,4.167478561401367
11451,22,451,1679,6.321294784545898,9.383321771358991,0.001,4.124822378158569
11452,22,452,1918,8.109739303588867,9.379180347701958,0.001,4.139249563217163
11453,22,453,2050,6.96197509765625,9.375064391176869,0.001,4.034953594207764
11454,22,454,1372,5.864105701446533,9.366598042545657,0.001,4.333620309829712
11455,22,455,2216,10.710700035095215,9.367987238942826,0.001,4.603390216827393
11456,22,456,2235,7.667495250701904,9.362537993728692,0.001,4.802560091018677
11457,22,457,1554,9.603585243225098,9.362818303284287,0.001,4.041632890701294
11458,22,458,1326,7.4748334884643555,9.360686160895881,0.001,4.179098129272461
11459,22,459,2282,11.43532943725586,9.363055660720983,0.001,3.4334120750427246
11460,22,460,1878,9.028301239013672,9.362488741780249,0.001,4.2028725147247314
11461,22,461,2449,8.09519100189209,9.359451604205908,0.001,4.739818811416626
11462,22,462,1097,7.199449062347412,9.357059418322832,0.001,4.540353775024414
11463,22,463,1549,9.98502254486084,9.358161253382244,0.001,4.58924126625061
11464,22,464,2191,15.12956428527832,9.368204966199889,0.001,4.047650337219238
11465,22,465,2113,6.165660381317139,9.360487960569163,0.001,4.17340350151062
11466,22,466,1123,16.06344223022461,9.371820817753958,0.001,4.5249035358428955
11467,22,467,1764,13.15805721282959,9.383995042473048,0.001,4.855641841888428
11468,22,468,2174,22.178211212158203,9.423120828215062,0.001,4.323725700378418
11469,22,469,2192,25.501649856567383,9.438254372621484,0.001,4.56877326965332
11470,22,470,1902,10.35895824432373,9.44042269640977,0.001,4.534066677093506
11471,22,471,1122,4.692432880401611,9.432335955749247,0.001,4.184685468673706
11472,22,472,1265,5.145171642303467,9.427533343816425,0.001,3.9260993003845215
11473,22,473,1393,13.055779457092285,9.436069496242947,0.001,4.291913986206055
11474,22,474,1846,6.988731861114502,9.430407864304195,0.001,4.312851190567017
11475,22,475,2498,9.02584457397461,9.429736032825689,0.001,3.7372820377349854
11476,22,476,2479,5.359206199645996,9.420588483994678,0.001,4.171409368515015
11477,22,477,2243,8.489462852478027,9.41770577379594,0.001,4.547199010848999
11478,22,478,2398,6.390712261199951,9.408468370231859,0.001,4.104249954223633
11479,22,479,1317,6.8018927574157715,9.40560939568336,0.001,4.286296606063843
11480,22,480,2219,6.610929012298584,9.402728867653112,0.001,4.941678762435913
11481,22,481,2298,6.8695149421691895,9.400019687250516,0.001,4.182314157485962
11482,22,482,1690,7.272946834564209,9.39767089978575,0.001,3.795689821243286
11483,22,483,28,5.134976387023926,9.393029150990639,0.001,4.641359329223633
11484,22,484,1636,6.7454986572265625,9.384921329210625,0.001,4.307174444198608
11485,22,485,1627,13.485044479370117,9.394370431416618,0.001,3.2406039237976074
11486,22,486,1794,4.404254913330078,9.3831850430668,0.001,4.039639949798584
11487,22,487,1365,8.786211013793945,9.382535685503301,0.001,4.983602285385132
11488,22,488,2225,11.799015998840332,9.389838386536798,0.001,4.061062335968018
11489,22,489,1914,7.29619026184082,9.387578310666822,0.001,3.575103282928467
11490,22,490,2233,7.520177364349365,9.384570628840256,0.001,3.5005555152893066
11491,22,491,1519,17.218042373657227,9.402602516096598,0.001,5.117067813873291
11492,22,492,2067,10.027254104614258,9.403632940592457,0.001,4.304481029510498
11493,22,493,2325,5.831998825073242,9.395573605022149,0.001,4.351619482040405
11494,22,494,1363,18.565584182739258,9.416121511680243,0.001,4.640073299407959
11495,22,495,2335,7.527828216552734,9.414052546924523,0.001,3.7914390563964844
11496,22,496,2341,7.8836212158203125,9.409454551302437,0.001,4.469703197479248
11497,22,497,2422,8.77808666229248,9.408782122333712,0.001,3.8754096031188965
11498,22,498,2099,5.1194748878479,9.40191666295389,0.001,4.125216960906982
11499,22,499,2327,8.394195556640625,9.400343181198668,0.001,3.949774980545044
11500,23,0,2533,8.943052291870117,8.943052291870117,0.001,3.8658478260040283
11501,23,1,1302,16.879915237426758,13.956161994659178,0.001,5.0435028076171875
11502,23,2,2163,7.683081150054932,11.811274672210804,0.001,5.424400329589844
11503,23,3,2534,6.491182804107666,11.074764597857158,0.001,4.238044023513794
11504,23,4,1339,10.117522239685059,10.958063858728613,0.001,3.705552101135254
11505,23,5,2436,12.531188011169434,11.12786452030365,0.001,4.661230087280273
11506,23,6,2435,5.88039493560791,10.606468966700806,0.001,4.031580209732056
11507,23,7,1306,6.415987968444824,9.717652570428397,0.001,3.957693576812744
11508,23,8,1675,9.300847053527832,9.675433225838196,0.001,3.6707510948181152
11509,23,9,1806,6.285520076751709,9.130410244556641,0.001,3.9932684898376465
11510,23,10,2294,7.177340030670166,9.027800254958342,0.001,3.7484130859375
11511,23,11,1346,9.629321098327637,9.104709849912892,0.001,3.3481390476226807
11512,23,12,1370,20.217878341674805,10.116221250474874,0.001,3.8302438259124756
11513,23,13,1089,9.800474166870117,10.082301065478402,0.001,4.531921625137329
11514,23,14,38,5.6684088706970215,9.84004892735665,0.001,3.8276591300964355
11515,23,15,1311,6.898843288421631,9.569256832495759,0.001,4.0456836223602295
11516,23,16,1821,9.859455108642578,9.578491104938998,0.001,3.8175864219665527
11517,23,17,1575,7.345582008361816,9.435149934882304,0.001,4.791425466537476
11518,23,18,2378,19.411462783813477,10.030155061996478,0.001,3.6952178478240967
11519,23,19,250,19.693662643432617,10.294885380004663,0.001,4.323503732681274
11520,23,20,1395,4.515655517578125,10.138770276930282,0.001,4.285897731781006
11521,23,21,2203,6.717606067657471,9.901206649809527,0.001,3.8312325477600098
11522,23,22,1802,9.47364616394043,9.880178988317557,0.001,4.496189117431641
11523,23,23,2563,5.155896186828613,9.718732239936092,0.001,3.620365619659424
11524,23,24,2548,9.327638626098633,9.70120188059711,0.001,4.569854021072388
11525,23,25,2654,11.40341567993164,9.799065199413567,0.001,4.292914152145386
11526,23,26,2443,5.366876602172852,9.61794223017247,0.001,4.646930932998657
11527,23,27,1828,5.470062732696533,9.397534636086185,0.001,4.3002095222473145
11528,23,28,2297,7.231010437011719,9.3145120572383,0.001,4.047516822814941
11529,23,29,1580,12.217900276184082,9.390108484103296,0.001,4.376376390457153
11530,23,30,32,7.078605651855469,9.28090291874349,0.001,4.765363454818726
11531,23,31,2538,5.198261737823486,9.214200743980696,0.001,4.43203592300415
11532,23,32,1768,8.343040466308594,9.200309357830527,0.001,4.076250791549683
11533,23,33,254,7.545166969299316,9.129494276786938,0.001,3.545482635498047
11534,23,34,1310,4.686856269836426,8.945414371791266,0.001,3.8091068267822266
11535,23,35,2590,15.01477336883545,9.072596247090397,0.001,4.199232339859009
11536,23,36,1814,11.056199073791504,9.130056143620441,0.001,3.473435401916504
11537,23,37,2140,9.684028625488281,9.137377405348388,0.001,4.730554580688477
11538,23,38,2669,6.877292633056641,9.10618876943155,0.001,4.6154491901397705
11539,23,39,2617,6.583076000213623,9.014083967676095,0.001,3.838108539581299
11540,23,40,2205,6.240537166595459,8.938481201855925,0.001,3.9715170860290527
11541,23,41,2547,24.11190414428711,9.335731156728903,0.001,4.724743127822876
11542,23,42,1896,5.768855571746826,9.245619016058145,0.001,5.098350286483765
11543,23,43,2682,6.726006984710693,9.161838919545627,0.001,3.4963266849517822
11544,23,44,2425,14.694276809692383,9.29518639791636,0.001,4.15542197227478
11545,23,45,2660,6.60032320022583,9.213250710076888,0.001,5.072561264038086
11546,23,46,29,5.443953514099121,9.128062363236015,0.001,3.7999608516693115
11547,23,47,2458,5.1204514503479,9.03922216576801,0.001,3.581247091293335
11548,23,48,1099,7.7418317794799805,9.001758110942989,0.001,4.035787582397461
11549,23,49,2147,8.370837211608887,8.983986003612035,0.001,4.643149137496948
11550,23,50,1126,6.225299835205078,8.90865149567088,0.001,4.988608360290527
11551,23,51,2452,11.066877365112305,8.951825414415548,0.001,4.344230890274048
11552,23,52,2564,10.993921279907227,8.991206183288691,0.001,3.913398265838623
11553,23,53,2565,7.148373126983643,8.973859354983711,0.001,3.123056411743164
11554,23,54,2071,17.69225311279297,9.092370944834963,0.001,3.6253864765167236
11555,23,55,2692,7.928886890411377,9.063397533150356,0.001,3.711582660675049
11556,23,56,1493,9.273431777954102,9.068518520016964,0.001,4.019566774368286
11557,23,57,2450,5.512492656707764,9.005982948601421,0.001,4.606767416000366
11558,23,58,1556,6.903360843658447,8.968803046788498,0.001,4.2326178550720215
11559,23,59,177,5.5855817794799805,8.91107787347467,0.001,3.783003807067871
11560,23,60,1756,5.851562976837158,8.859880140933948,0.001,4.751461744308472
11561,23,61,274,7.678753852844238,8.840435122296691,0.001,4.222388505935669
11562,23,62,2034,4.609985828399658,8.74945439203278,0.001,3.52341628074646
11563,23,63,1081,12.948314666748047,8.817210830708888,0.001,4.476219654083252
11564,23,64,2874,6.379439830780029,8.779325844449309,0.001,4.5745463371276855
11565,23,65,2537,7.376774311065674,8.75694821244192,0.001,3.866562604904175
11566,23,66,1334,5.156290531158447,8.730837874202821,0.001,3.625981569290161
11567,23,67,1118,7.599343299865723,8.713641161109054,0.001,5.407263278961182
11568,23,68,1585,8.813641548156738,8.715611120601594,0.001,3.6781632900238037
11569,23,69,2152,16.198413848876953,8.824822604412256,0.001,3.860480546951294
11570,23,70,2494,12.68291187286377,8.880413902481498,0.001,4.788366079330444
11571,23,71,273,5.224380016326904,8.827603842391639,0.001,4.265791416168213
11572,23,72,256,10.229522705078125,8.841628853977051,0.001,3.8809330463409424
11573,23,73,1692,11.631328582763672,8.893207922332723,0.001,3.8096845149993896
11574,23,74,2782,10.097979545593262,8.915371745681245,0.001,4.6489129066467285
11575,23,75,2794,7.588467597961426,8.906695229129067,0.001,4.677555799484253
11576,23,76,2595,8.542952537536621,8.904378422847499,0.001,3.755864143371582
11577,23,77,2569,6.423917293548584,8.880789843490337,0.001,4.204169988632202
11578,23,78,1460,9.581964492797852,8.88744117576823,0.001,4.97710108757019
11579,23,79,2387,33.358116149902344,9.116856549762451,0.001,4.36840558052063
11580,23,80,2399,7.21415376663208,9.106278253152375,0.001,3.5652952194213867
11581,23,81,2706,7.7293500900268555,9.098210003613529,0.001,4.228132486343384
11582,23,82,2413,6.370387077331543,9.062860582807112,0.001,3.653620958328247
11583,23,83,1951,6.025180816650391,9.024453641801703,0.001,4.130562782287598
11584,23,84,2767,11.306669235229492,9.053293510636959,0.001,3.925776720046997
11585,23,85,2927,41.26320266723633,9.218147859114534,0.001,4.208603620529175
11586,23,86,1342,10.765684127807617,9.236755965569435,0.001,3.2610158920288086
11587,23,87,1812,9.94328784942627,9.248240676118836,0.001,3.8363382816314697
11588,23,88,2499,8.597299575805664,9.242673051131163,0.001,4.851816654205322
11589,23,89,2144,4.520703315734863,9.216227377611352,0.001,4.057846307754517
11590,23,90,1717,6.562223434448242,9.201472360849753,0.001,3.919522285461426
11591,23,91,1441,13.192291259765625,9.224304479937148,0.001,3.5712807178497314
11592,23,92,2476,6.260620594024658,9.207752660868456,0.001,4.740786790847778
11593,23,93,2223,9.416614532470703,9.210977462260313,0.001,3.2949931621551514
11594,23,94,1642,10.434416770935059,9.224692775192137,0.001,3.900897979736328
11595,23,95,2392,8.625982284545898,9.21981115855142,0.001,3.7694091796875
11596,23,96,2871,7.2876386642456055,9.191338337121019,0.001,4.5443220138549805
11597,23,97,1532,5.81254243850708,9.142301427896504,0.001,3.919705390930176
11598,23,98,368,5.067315101623535,9.096693308429701,0.001,4.434127330780029
11599,23,99,376,9.371257781982422,9.098123146842488,0.001,4.998635530471802
11600,23,100,2673,15.009537696838379,9.162085452241802,0.001,3.8886914253234863
11601,23,101,2610,5.9733757972717285,9.145950119973767,0.001,3.279972553253174
11602,23,102,2652,5.857285499572754,9.129720369159477,0.001,3.9502878189086914
11603,23,103,2793,9.89222526550293,9.140473873209004,0.001,3.99304461479187
11604,23,104,1262,8.106616020202637,9.135453173943068,0.001,4.4162092208862305
11605,23,105,2522,9.956353187561035,9.143784264819308,0.001,4.05734395980835
11606,23,106,2750,15.127669334411621,9.172597562649218,0.001,3.717327356338501
11607,23,107,2861,12.610634803771973,9.20753015474475,0.001,4.277795791625977
11608,23,108,407,10.6696138381958,9.22213953404205,0.001,3.9522902965545654
11609,23,109,2274,6.138436794281006,9.192196455714972,0.001,3.7337026596069336
11610,23,110,2583,6.6749982833862305,9.167348461549953,0.001,4.442834854125977
11611,23,111,403,7.029208660125732,9.15263514538796,0.001,4.2184975147247314
11612,23,112,2328,7.916056156158447,9.1439951786076,0.001,4.422761678695679
11613,23,113,2588,11.300848960876465,9.171743503124672,0.001,3.738295793533325
11614,23,114,1543,6.094632148742676,9.157621618568648,0.001,4.575566530227661
11615,23,115,492,11.96988296508789,9.192838995595991,0.001,4.226712226867676
11616,23,116,2462,8.885392189025879,9.188992584027197,0.001,4.057919502258301
11617,23,117,2584,5.371001720428467,9.142586571340566,0.001,5.2418951988220215
11618,23,118,1909,7.66929817199707,9.125096348296308,0.001,4.885972023010254
11619,23,119,468,9.016695976257324,9.123818157355773,0.001,4.7583887577056885
11620,23,120,361,9.4810791015625,9.127821552152131,0.001,4.554218769073486
11621,23,121,325,14.092630386352539,9.171133230492618,0.001,4.069448947906494
11622,23,122,2614,10.2891845703125,9.183928873141674,0.001,3.918247938156128
11623,23,123,2775,12.095932960510254,9.208578095871706,0.001,3.769597291946411
11624,23,124,1181,8.75525951385498,9.20481152865869,0.001,4.9483559131622314
11625,23,125,2781,17.294984817504883,9.247655099616587,0.001,4.4384777545928955
11626,23,126,2172,10.550095558166504,9.258766995351017,0.001,4.298284292221069
11627,23,127,1394,18.79810905456543,9.33814630948755,0.001,4.767850399017334
11628,23,128,1809,9.510551452636719,9.340003160631394,0.001,4.812135219573975
11629,23,129,1109,13.495323181152344,9.383560607985855,0.001,4.0566160678863525
11630,23,130,518,11.731905937194824,9.392675397928414,0.001,4.578338384628296
11631,23,131,514,10.463668823242188,9.39893221466237,0.001,4.62553858757019
11632,23,132,68,7.924275875091553,9.390317989465794,0.001,4.180998802185059
11633,23,133,461,8.196298599243164,9.377797018177276,0.001,3.5860116481781006
11634,23,134,337,10.217965126037598,9.382082532331001,0.001,4.528980016708374
11635,23,135,1506,7.498227596282959,9.375386252784198,0.001,4.260267496109009
11636,23,136,2202,6.63821268081665,9.346782411041515,0.001,4.514262914657593
11637,23,137,521,6.228989601135254,9.33532298931191,0.001,3.3851230144500732
11638,23,138,2095,15.07235050201416,9.392931147036451,0.001,4.87576699256897
11639,23,139,2543,13.747291564941406,9.426320030609892,0.001,4.154214143753052
11640,23,140,434,14.259256362915039,9.442145875077674,0.001,3.5882985591888428
11641,23,141,1838,6.314174175262451,9.418975811827709,0.001,5.008002996444702
11642,23,142,2834,7.141942024230957,9.396230751510434,0.001,4.416942358016968
11643,23,143,519,7.071653842926025,9.37322619708982,0.001,4.2815399169921875
11644,23,144,2901,10.347917556762695,9.378460002811538,0.001,4.276938438415527
11645,23,145,705,4.1107282638549805,9.326542565003166,0.001,4.518338203430176
11646,23,146,374,4.8508620262146,9.283780110468555,0.001,3.6571803092956543
11647,23,147,432,13.166196823120117,9.311037084641,0.001,3.1653990745544434
11648,23,148,1772,5.8327860832214355,9.277652700523879,0.001,4.5806286334991455
11649,23,149,2668,8.092796325683594,9.269219095291525,0.001,4.081828355789185
11650,23,150,64,6.860889434814453,9.261068337700177,0.001,3.591409683227539
11651,23,151,378,11.220699310302734,9.279233724208236,0.001,3.9107108116149902
11652,23,152,2864,12.428024291992188,9.294946112523839,0.001,4.199707508087158
11653,23,153,2906,10.281878471374512,9.301700171383299,0.001,4.138903856277466
11654,23,154,344,5.986923694610596,9.290866637386081,0.001,4.009582757949829
11655,23,155,1132,6.926305770874023,9.27454846311158,0.001,4.213127851486206
11656,23,156,342,8.340042114257812,9.266023919847543,0.001,4.503312110900879
11657,23,157,2293,6.823781967163086,9.249300981745604,0.001,3.755779981613159
11658,23,158,2075,5.661111831665039,9.232526639495564,0.001,4.075995922088623
11659,23,159,611,7.525534152984619,9.224583791739159,0.001,4.989588499069214
11660,23,160,1149,10.569818496704102,9.233522712737045,0.001,3.7905664443969727
11661,23,161,774,5.191565036773682,9.2070615358711,0.001,3.616438627243042
11662,23,162,481,5.8235979080200195,9.185091909107339,0.001,3.721234083175659
11663,23,163,1113,8.78862190246582,9.181689344868493,0.001,4.096988916397095
11664,23,164,73,21.5593318939209,9.220020177584614,0.001,4.216097354888916
11665,23,165,65,5.618041515350342,9.208784606486594,0.001,4.076742649078369
11666,23,166,446,5.982623100280762,9.188424222757565,0.001,4.157887935638428
11667,23,167,1548,6.064205169677734,9.169444392041079,0.001,4.817981481552124
11668,23,168,523,14.03950023651123,9.210522100270062,0.001,4.0608811378479
11669,23,169,2758,14.944906234741211,9.246087124947325,0.001,3.759791851043701
11670,23,170,1463,7.4891252517700195,9.241559257500576,0.001,4.518069505691528
11671,23,171,686,5.459399700164795,9.217697442750739,0.001,3.5058345794677734
11672,23,172,1864,11.840757369995117,9.225449467800413,0.001,4.3756797313690186
11673,23,173,372,14.905540466308594,9.240031875076154,0.001,3.5986952781677246
11674,23,174,1648,9.372175216674805,9.240607529929418,0.001,4.250776290893555
11675,23,175,2523,11.575037002563477,9.259513424015665,0.001,4.1620423793792725
11676,23,176,1360,6.053402900695801,9.250547000665538,0.001,3.6888742446899414
11677,23,177,1093,10.52031135559082,9.260517068417714,0.001,4.881584644317627
11678,23,178,1945,7.770866870880127,9.248683252920017,0.001,5.128937721252441
11679,23,179,717,4.936473369598389,9.214746304632932,0.001,4.018432140350342
11680,23,180,2117,12.545180320739746,9.233831651818315,0.001,4.300792455673218
11681,23,181,1700,17.717214584350586,9.27120130975512,0.001,4.603272199630737
11682,23,182,69,17.066307067871094,9.332009779561597,0.001,3.7630059719085693
11683,23,183,2709,19.63975715637207,9.360048993058228,0.001,4.019391775131226
11684,23,184,453,6.871513366699219,9.349898400375125,0.001,4.4272661209106445
11685,23,185,448,7.811369895935059,9.340883253514102,0.001,3.827552556991577
11686,23,186,390,4.942662715911865,9.323420189012396,0.001,3.7628540992736816
11687,23,187,727,9.375520706176758,9.323559329540311,0.001,3.5668301582336426
11688,23,188,175,6.794337749481201,9.313109388853286,0.001,5.455437898635864
11689,23,189,2204,6.441921234130859,9.291906754767938,0.001,3.5856781005859375
11690,23,190,1777,11.636296272277832,9.304827745403195,0.001,4.565598487854004
11691,23,191,77,11.2916898727417,9.316015705865318,0.001,4.48906397819519
11692,23,192,2340,9.984785079956055,9.319633141990183,0.001,4.0559468269348145
11693,23,193,2432,5.161999225616455,9.308591318212203,0.001,4.040093421936035
11694,23,194,2911,24.364524841308594,9.345126820224161,0.001,4.633311748504639
11695,23,195,94,6.649993896484375,9.326619504961654,0.001,4.19206976890564
11696,23,196,773,6.60786247253418,9.31184176864487,0.001,3.4789721965789795
11697,23,197,1682,15.50485610961914,9.345238120962357,0.001,3.4663984775543213
11698,23,198,770,7.421560764312744,9.334745025718199,0.001,4.282809257507324
11699,23,199,2510,6.878706932067871,9.317409810322134,0.001,5.05352258682251
11700,23,200,986,18.54964828491211,9.3672530100206,0.001,5.161917448043823
11701,23,201,719,7.1888251304626465,9.351920411651177,0.001,4.37187933921814
11702,23,202,1098,12.652082443237305,9.36442643141479,0.001,4.87523341178894
11703,23,203,991,10.048830032348633,9.366096870466869,0.001,4.0817224979400635
11704,23,204,981,8.618826866149902,9.362193136008287,0.001,3.9459047317504883
11705,23,205,37,12.798443794250488,9.385784695622604,0.001,4.62152099609375
11706,23,206,759,6.383333206176758,9.37048119257378,0.001,3.7260923385620117
11707,23,207,1440,6.734610557556152,9.357264311145807,0.001,3.9696767330169678
11708,23,208,340,6.175490856170654,9.341002339050902,0.001,4.083816289901733
11709,23,209,2552,6.809882640838623,9.328288492653078,0.001,4.965274095535278
11710,23,210,405,5.399197578430176,9.31377955216158,0.001,3.735727071762085
11711,23,211,607,8.085787773132324,9.310945487034713,0.001,4.0356221199035645
11712,23,212,710,9.855738639831543,9.313664223578998,0.001,4.282455205917358
11713,23,213,2060,26.434690475463867,9.399606397000634,0.001,4.62832236289978
11714,23,214,488,5.284188270568848,9.372664085625164,0.001,3.919206142425537
11715,23,215,1807,27.253841400146484,9.488598557961513,0.001,5.100672721862793
11716,23,216,2455,6.327517509460449,9.481035862257361,0.001,4.8205976486206055
11717,23,217,1495,6.642012119293213,9.467084181003091,0.001,3.9803786277770996
11718,23,218,916,4.600073337554932,9.45557779079389,0.001,3.3513171672821045
11719,23,219,1938,6.2026472091674805,9.44830235073063,0.001,4.975153207778931
11720,23,220,858,13.542450904846191,9.456884901113838,0.001,4.169313669204712
11721,23,221,977,10.083250045776367,9.45898668395242,0.001,3.714149236679077
11722,23,222,2930,6.067403316497803,9.451358797375185,0.001,4.115154504776001
11723,23,223,2460,9.649537086486816,9.451813088922655,0.001,4.359280347824097
11724,23,224,819,10.478127479553223,9.45675953994625,0.001,3.912684202194214
11725,23,225,401,21.46478843688965,9.514149154597886,0.001,3.639477014541626
11726,23,226,1714,14.360687255859375,9.53660697656687,0.001,4.14656400680542
11727,23,227,954,8.607611656188965,9.534512305280495,0.001,4.634608507156372
11728,23,228,2066,5.257632255554199,9.50779312308256,0.001,3.891077756881714
11729,23,229,522,8.878851890563965,9.503853179495287,0.001,3.661057710647583
11730,23,230,825,17.254802703857422,9.52066002992148,0.001,4.193806409835815
11731,23,231,2511,11.106485366821289,9.52599948835443,0.001,4.142481088638306
11732,23,232,2694,7.018878936767578,9.520492576984466,0.001,4.186978101730347
11733,23,233,60,9.155181884765625,9.519287741364671,0.001,4.1932079792022705
11734,23,234,2613,8.697224617004395,9.515546062539915,0.001,5.3555543422698975
11735,23,235,1092,13.117318153381348,9.537586826159359,0.001,4.102762937545776
11736,23,236,408,5.9211106300354,9.525907303374241,0.001,3.399043083190918
11737,23,237,1793,9.068228721618652,9.523173462559877,0.001,4.985422611236572
11738,23,238,2343,10.864566802978516,9.527454058222883,0.001,5.051979303359985
11739,23,239,382,9.31401252746582,9.527008096162032,0.001,4.110675811767578
11740,23,240,2672,7.878965377807617,9.517086893035028,0.001,5.201871395111084
11741,23,241,1848,9.738162994384766,9.518406795549515,0.001,4.320259094238281
11742,23,242,2596,8.407712936401367,9.514881820499692,0.001,3.9206044673919678
11743,23,243,471,4.239336967468262,9.484091285254056,0.001,4.527145624160767
11744,23,244,1649,12.218832969665527,9.496158881303272,0.001,4.271575212478638
11745,23,245,2601,12.613871574401855,9.51403783596738,0.001,4.223400831222534
11746,23,246,2784,7.515133380889893,9.502391616110765,0.001,3.9381256103515625
11747,23,247,2929,6.46611213684082,9.489227318731073,0.001,4.560314655303955
11748,23,248,272,6.094715118408203,9.478691937209993,0.001,4.199140310287476
11749,23,249,2448,4.941150188446045,9.452866977070302,0.001,3.906550407409668
11750,23,250,1155,6.05266809463501,9.445807568971656,0.001,4.070788621902466
11751,23,251,436,11.493453025817871,9.451948054031261,0.001,4.1752541065216064
11752,23,252,861,5.862453937530518,9.4410161044735,0.001,3.8927385807037354
11753,23,253,2505,5.541234493255615,9.432947980035541,0.001,4.162692070007324
11754,23,254,789,7.680815696716309,9.425556920630862,0.001,5.224853992462158
11755,23,255,864,15.404708862304688,9.436941954569981,0.001,3.9387047290802
11756,23,256,2593,9.12989616394043,9.435623035236281,0.001,4.260213851928711
11757,23,257,852,10.219027519226074,9.438870715817352,0.001,4.147466659545898
11758,23,258,863,21.01424217224121,9.487491499258482,0.001,4.900591135025024
11759,23,259,962,7.513234615325928,9.481577120104731,0.001,4.039761304855347
11760,23,260,2513,5.317117214202881,9.473390522625765,0.001,4.270695686340332
11761,23,261,2427,8.76862907409668,9.47053816901716,0.001,4.843247413635254
11762,23,262,685,6.586022853851318,9.45882501365018,0.001,4.541283369064331
11763,23,263,2197,10.17064380645752,9.461724900590426,0.001,4.526416301727295
11764,23,264,2040,5.025917053222656,9.437301709314351,0.001,4.58521294593811
11765,23,265,1879,7.624722957611084,9.431948056060518,0.001,3.699530601501465
11766,23,266,920,4.830325603485107,9.40680399700483,0.001,4.4404215812683105
11767,23,267,2007,12.684082984924316,9.419928598734131,0.001,4.065248966217041
11768,23,268,832,8.597538948059082,9.415560357658212,0.001,4.5227251052856445
11769,23,269,2580,11.967097282409668,9.428815780427241,0.001,4.0710060596466064
11770,23,270,915,7.417181015014648,9.425142085828307,0.001,3.671471357345581
11771,23,271,1503,10.06661319732666,9.426817635007021,0.001,3.989975929260254
11772,23,272,682,7.285629749298096,9.415629021528861,0.001,3.866474151611328
11773,23,273,98,6.323567867279053,9.39936694454323,0.001,3.3122141361236572
11774,23,274,788,7.710171699523926,9.390545923006718,0.001,3.80094838142395
11775,23,275,2464,17.16848373413086,9.405294510211927,0.001,3.7394278049468994
11776,23,276,778,8.577914237976074,9.402107853825115,0.001,4.406574249267578
11777,23,277,803,6.287884712219238,9.396512198355179,0.001,3.9971461296081543
11778,23,278,1453,23.442548751831055,9.420614772183965,0.001,3.8698320388793945
11779,23,279,680,6.7732744216918945,9.415794919719385,0.001,4.060039520263672
11780,23,280,2272,7.552769660949707,9.408635093243706,0.001,4.613754510879517
11781,23,281,904,26.14396858215332,9.449221287306184,0.001,4.621371269226074
11782,23,282,2529,8.968746185302734,9.4473418460698,0.001,3.7440221309661865
11783,23,283,458,18.149152755737305,9.46359705671857,0.001,5.109884023666382
11784,23,284,1823,5.356531143188477,9.442336019097448,0.001,3.834888219833374
11785,23,285,350,8.595648765563965,9.43911174558652,0.001,4.239819288253784
11786,23,286,400,9.785335540771484,9.439947643987102,0.001,4.488454818725586
11787,23,287,336,9.712221145629883,9.441319627970127,0.001,4.106474161148071
11788,23,288,2619,12.493582725524902,9.448793198783319,0.001,3.051870346069336
11789,23,289,2229,12.380504608154297,9.455557661483127,0.001,4.0468034744262695
11790,23,290,266,12.215277671813965,9.469257528013921,0.001,4.539952754974365
11791,23,291,2184,20.019004821777344,9.497452624922072,0.001,3.5093414783477783
11792,23,292,771,5.491693019866943,9.482747566111568,0.001,4.128671884536743
11793,23,293,707,6.522066116333008,9.477878299895671,0.001,4.332055330276489
11794,23,294,2832,7.812085151672363,9.470115765392823,0.001,4.5896196365356445
11795,23,295,801,4.551426410675049,9.457631476113963,0.001,4.216572523117065
11796,23,296,383,11.576918601989746,9.467606113374773,0.001,3.9200315475463867
11797,23,297,2000,7.6086530685424805,9.464424144459898,0.001,4.7360334396362305
11798,23,298,989,6.809079647064209,9.454821442574845,0.001,3.669574022293091
11799,23,299,1551,11.387948989868164,9.461917218869859,0.001,4.426486492156982
11800,23,300,1373,12.571954727172852,9.470715809031919,0.001,3.64298939704895
11801,23,301,2249,12.5337495803833,9.481923017605423,0.001,4.350069761276245
11802,23,302,377,6.523437023162842,9.474358612806363,0.001,3.849635601043701
11803,23,303,1324,11.14467716217041,9.48222396349643,0.001,3.542518377304077
11804,23,304,1088,8.623758316040039,9.479240738032873,0.001,4.154916286468506
11805,23,305,388,5.478120803833008,9.472770800882076,0.001,3.7345659732818604
11806,23,306,2401,8.867536544799805,9.470603935263277,0.001,3.745917558670044
11807,23,307,2251,10.95712661743164,9.474430690391824,0.001,4.344457626342773
11808,23,308,363,7.213102340698242,9.470662778785092,0.001,4.570868253707886
11809,23,309,2241,7.280224800109863,9.460312804235985,0.001,3.0226352214813232
11810,23,310,694,8.45112133026123,9.455632150730313,0.001,4.1219871044158936
11811,23,311,2377,13.996984481811523,9.471334009280291,0.001,4.393866062164307
11812,23,312,1923,8.026362419128418,9.466224524188803,0.001,4.405227899551392
11813,23,313,914,12.658784866333008,9.477189157634266,0.001,4.682734727859497
11814,23,314,695,6.6926374435424805,9.467541477340362,0.001,3.7331459522247314
11815,23,315,507,41.354827880859375,9.50384795525787,0.001,4.565770626068115
11816,23,316,787,25.16275978088379,9.529746389357037,0.001,4.597472906112671
11817,23,317,2720,15.6951904296875,9.539033540263924,0.001,4.381620168685913
11818,23,318,1797,6.653692722320557,9.534243547730759,0.001,4.275964021682739
11819,23,319,469,7.038308143615723,9.52297014386657,0.001,4.6866371631622314
11820,23,320,2482,10.434292793273926,9.527120073478502,0.001,3.9837608337402344
11821,23,321,1117,14.625594139099121,9.544629077095669,0.001,3.886060953140259
11822,23,322,2181,11.68762493133545,9.548076330990318,0.001,4.455248117446899
11823,23,323,743,14.831930160522461,9.556478231841712,0.001,3.8316924571990967
11824,23,324,2546,7.442560195922852,9.549453705209034,0.001,4.119697093963623
11825,23,325,490,9.40102481842041,9.549212480210528,0.001,3.4961090087890625
11826,23,326,2909,18.43885612487793,9.57910996761648,0.001,4.854773044586182
11827,23,327,1844,17.590579986572266,9.590400835644816,0.001,4.324414491653442
11828,23,328,2013,9.605191230773926,9.590423856675942,0.001,4.1133952140808105
11829,23,329,811,8.417664527893066,9.588706512368564,0.001,3.540116310119629
11830,23,330,459,6.67956018447876,9.584151824190595,0.001,5.0158371925354
11831,23,331,616,8.750535011291504,9.580519781167235,0.001,4.011678218841553
11832,23,332,2585,8.933637619018555,9.578433543299973,0.001,4.038210391998291
11833,23,333,2008,9.683321952819824,9.578580236880608,0.001,4.992756128311157
11834,23,334,1516,9.319479942321777,9.577737851744986,0.001,3.9807844161987305
11835,23,335,392,8.587249755859375,9.573473756743107,0.001,4.252344369888306
11836,23,336,367,13.709741592407227,9.582959206266649,0.001,4.487783908843994
11837,23,337,441,8.927166938781738,9.580837321618818,0.001,4.567615747451782
11838,23,338,956,6.1385016441345215,9.56607921025077,0.001,3.9645447731018066
11839,23,339,1182,8.782241821289062,9.56353675345647,0.001,3.766491413116455
11840,23,340,2772,7.876486301422119,9.558145528062168,0.001,4.253018856048584
11841,23,341,424,15.905759811401367,9.571941609075166,0.001,4.501619338989258
11842,23,342,913,7.435174942016602,9.567089124232487,0.001,3.9260997772216797
11843,23,343,67,14.410148620605469,9.582512592942324,0.001,3.9007608890533447
11844,23,344,1442,10.497289657592773,9.584560918267494,0.001,4.738634347915649
11845,23,345,2278,14.525677680969238,9.600437920168861,0.001,4.4475109577178955
11846,23,346,966,10.415777206420898,9.60224004807419,0.001,4.601855993270874
11847,23,347,851,6.463832378387451,9.588775806118903,0.001,4.530932188034058
11848,23,348,742,5.777581691741943,9.572793505955413,0.001,4.863104343414307
11849,23,349,2608,8.528483390808105,9.56836821667194,0.001,4.8265063762664795
11850,23,350,1577,13.594612121582031,9.580822512100818,0.001,4.8201165199279785
11851,23,351,2349,8.30204963684082,9.575575174434146,0.001,3.7982842922210693
11852,23,352,1845,6.588447093963623,9.571428894360993,0.001,4.005106449127197
11853,23,353,1819,12.913444519042969,9.576380450845528,0.001,4.242630481719971
11854,23,354,834,4.575078010559082,9.555914802613595,0.001,4.773633718490601
11855,23,355,951,6.205016136169434,9.545675057158236,0.001,4.347489356994629
11856,23,356,972,5.310690402984619,9.53297833656402,0.001,4.578445911407471
11857,23,357,2923,8.237213134765625,9.530241802955738,0.001,4.7922890186309814
11858,23,358,1832,7.903862953186035,9.523649595130948,0.001,4.083474397659302
11859,23,359,2070,9.396194458007812,9.52313678052833,0.001,3.69193959236145
11860,23,360,2789,7.015979290008545,9.515604940700772,0.001,4.414487361907959
11861,23,361,808,12.332683563232422,9.524002418999018,0.001,3.954119920730591
11862,23,362,496,16.904186248779297,9.545179594238089,0.001,4.061783313751221
11863,23,363,1915,6.984694957733154,9.539767396575364,0.001,4.579153299331665
11864,23,364,1921,7.62244987487793,9.534059109137717,0.001,4.359148979187012
11865,23,365,1862,6.411457061767578,9.529626286045808,0.001,3.698035478591919
11866,23,366,706,6.467832088470459,9.525219971194902,0.001,3.685330390930176
11867,23,367,728,7.229586601257324,9.518392851126423,0.001,3.8055458068847656
11868,23,368,264,6.01469087600708,9.507969296125598,0.001,4.901069402694702
11869,23,369,2722,13.000395774841309,9.512504346889278,0.001,4.124122381210327
11870,23,370,74,5.141495227813721,9.506451458352673,0.001,3.734473466873169
11871,23,371,2101,10.175949096679688,9.509095596909223,0.001,4.612408876419067
11872,23,372,873,6.566532135009766,9.505480242779596,0.001,3.876387596130371
11873,23,373,870,8.488428115844727,9.50335016715428,0.001,4.515009880065918
11874,23,374,56,6.476669788360596,9.494517782820706,0.001,3.478212356567383
11875,23,375,1586,5.645506381988525,9.479485655831388,0.001,4.934037923812866
11876,23,376,699,8.854844093322754,9.477703438768614,0.001,4.246942520141602
11877,23,377,2845,9.322614669799805,9.477107171346859,0.001,4.288236856460571
11878,23,378,961,6.97941780090332,9.467573079806787,0.001,5.205013751983643
11879,23,379,455,23.12851333618164,9.481902312239054,0.001,3.8067944049835205
11880,23,380,1540,7.336069107055664,9.47894832808276,0.001,3.6164603233337402
11881,23,381,1571,5.799857139587402,9.464971351829794,0.001,3.8019614219665527
11882,23,382,2406,8.14761734008789,9.459922004814548,0.001,4.682277679443359
11883,23,383,1343,9.71183967590332,9.460241126618202,0.001,3.211987257003784
11884,23,384,1434,12.457032203674316,9.468446177558347,0.001,4.185641050338745
11885,23,385,721,9.505209922790527,9.468519276792431,0.001,3.76328706741333
11886,23,386,601,15.893665313720703,9.49265945670101,0.001,4.458843946456909
11887,23,387,1568,10.79826545715332,9.496305138635714,0.001,3.6622071266174316
11888,23,388,2603,6.846100807189941,9.486652305004688,0.001,4.068972110748291
11889,23,389,919,6.3637471199035645,9.474843953344251,0.001,4.916700601577759
11890,23,390,2347,5.443708419799805,9.463642649055185,0.001,4.1259942054748535
11891,23,391,2502,7.672493934631348,9.456955565214251,0.001,4.435937881469727
11892,23,392,2535,6.551913738250732,9.453127300981066,0.001,3.9765570163726807
11893,23,393,447,5.697895526885986,9.448121484707002,0.001,4.4161176681518555
11894,23,394,814,6.160137176513672,9.443678546941298,0.001,4.157192945480347
11895,23,395,2763,6.2207465171813965,9.43947557583481,0.001,4.1147565841674805
11896,23,396,990,15.650924682617188,9.456960809075747,0.001,5.090529680252075
11897,23,397,1259,11.852564811706543,9.461560503851594,0.001,4.680049896240234
11898,23,398,827,19.294384002685547,9.477573735123872,0.001,4.241321563720703
11899,23,399,2221,9.310918807983398,9.477109473840333,0.001,4.525221109390259
11900,23,400,693,6.869450092315674,9.467598428906312,0.001,5.274137735366821
11901,23,401,689,22.054798126220703,9.491955496395338,0.001,3.9180002212524414
11902,23,402,1648,5.8436455726623535,9.484903895510387,0.001,3.8716132640838623
11903,23,403,1686,7.183035373687744,9.476624529965722,0.001,4.504949569702148
11904,23,404,1264,11.508150100708008,9.479286068889587,0.001,4.314507722854614
11905,23,405,1161,9.421835899353027,9.479216642807318,0.001,4.832810640335083
11906,23,406,1817,8.35080337524414,9.477817380742065,0.001,4.05346155166626
11907,23,407,1274,12.499712944030762,9.48577230655379,0.001,3.253570556640625
11908,23,408,1626,7.053645610809326,9.482768060306485,0.001,3.830794334411621
11909,23,409,1514,7.423822402954102,9.480161803878016,0.001,3.853628158569336
11910,23,410,1554,9.311633110046387,9.479944221818538,0.001,4.617924451828003
11911,23,411,1083,8.359575271606445,9.476060038243583,0.001,3.2339420318603516
11912,23,412,1527,23.665687561035156,9.513560762670961,0.001,3.899787664413452
11913,23,413,2007,11.661388397216797,9.51922530781871,0.001,4.003620862960815
11914,23,414,1123,18.597013473510742,9.536340859528341,0.001,4.788139581680298
11915,23,415,1620,20.720712661743164,9.545761089019448,0.001,3.821765184402466
11916,23,416,1263,5.360297679901123,9.534735480368772,0.001,4.217134475708008
11917,23,417,1397,8.157806396484375,9.529853405064454,0.001,4.661825656890869
11918,23,418,1324,7.51042366027832,9.522859792064946,0.001,4.433557987213135
11919,23,419,1766,28.616655349731445,9.53983308374897,0.001,4.080759048461914
11920,23,420,1182,6.506162166595459,9.531848081673667,0.001,4.060595750808716
11921,23,421,1768,6.745903015136719,9.52841012235116,0.001,4.922879457473755
11922,23,422,1828,5.6834516525268555,9.514800320925525,0.001,4.291485548019409
11923,23,423,2067,14.08499526977539,9.523465432747106,0.001,3.6718242168426514
11924,23,424,2071,17.93973731994629,9.538907096056214,0.001,5.410860300064087
11925,23,425,1344,11.23048210144043,9.543234924011895,0.001,4.235860109329224
11926,23,426,1858,9.8899564743042,9.544117993915648,0.001,4.43289852142334
11927,23,427,1575,11.602927207946777,9.54952933056846,0.001,4.382924318313599
11928,23,428,1174,21.734346389770508,9.58083747270888,0.001,4.623313665390015
11929,23,429,1914,7.247596263885498,9.577996839413505,0.001,3.581836223602295
11930,23,430,1570,9.406825065612793,9.577786259088306,0.001,3.681509256362915
11931,23,431,1306,8.654653549194336,9.574661125929138,0.001,4.712235927581787
11932,23,432,1568,12.27913761138916,9.581483194227804,0.001,4.054943323135376
11933,23,433,1596,15.395834922790527,9.591770440739769,0.001,4.040712594985962
11934,23,434,1541,6.450974941253662,9.588322245153812,0.001,3.7643041610717773
11935,23,435,1915,8.078736305236816,9.58562496757352,0.001,4.745292901992798
11936,23,436,1779,16.05193519592285,9.607295304274356,0.001,4.088430881500244
11937,23,437,1087,20.957822799682617,9.644628011624336,0.001,4.942716121673584
11938,23,438,1615,11.956765174865723,9.650299825315221,0.001,4.386173725128174
11939,23,439,1440,7.98275899887085,9.646221576444919,0.001,3.9474728107452393
11940,23,440,1896,10.66012954711914,9.648731804972133,0.001,4.462533712387085
11941,23,441,1844,18.605186462402344,9.658176159859051,0.001,4.868869066238403
11942,23,442,1495,12.403451919555664,9.665028732529386,0.001,4.164024114608765
11943,23,443,1764,8.69428825378418,9.66176252052537,0.001,4.1686131954193115
11944,23,444,1918,5.8760786056518555,9.64927558779957,0.001,3.754279613494873
11945,23,445,1921,10.14622688293457,9.650496911267584,0.001,4.384822130203247
11946,23,446,2184,22.139095306396484,9.672621030316133,0.001,3.3255679607391357
11947,23,447,1846,9.57457160949707,9.672382749456482,0.001,3.5904831886291504
11948,23,448,1372,6.64998197555542,9.665026672531646,0.001,4.161993980407715
11949,23,449,2203,6.4560441970825195,9.654569886341708,0.001,4.514834880828857
11950,23,450,1569,20.99704360961914,9.682326392338492,0.001,4.10286545753479
11951,23,451,1571,5.35074520111084,9.668373445839835,0.001,4.022234678268433
11952,23,452,1149,11.873860359191895,9.67375641370605,0.001,4.765686273574829
11953,23,453,1460,6.972174167633057,9.669079411181041,0.001,4.251303195953369
11954,23,454,2055,5.855325698852539,9.656841420760621,0.001,4.2188498973846436
11955,23,455,1394,15.958574295043945,9.671966011910682,0.001,3.733060359954834
11956,23,456,1343,11.094547271728516,9.67348523925594,0.001,4.142911195755005
11957,23,457,1888,7.222231388092041,9.665797131681778,0.001,3.859569787979126
11958,23,458,1109,11.786171913146973,9.672298766636645,0.001,3.7831461429595947
11959,23,459,1370,17.85985565185547,9.69189600799066,0.001,3.8429195880889893
11960,23,460,1735,4.079431533813477,9.685491806433498,0.001,4.289053201675415
11961,23,461,1250,6.232329368591309,9.681638195284563,0.001,3.1317694187164307
11962,23,462,1473,9.15554141998291,9.680862799830198,0.001,4.364433526992798
11963,23,463,2243,11.259509086608887,9.68584165087328,0.001,3.840041399002075
11964,23,464,1821,9.45411205291748,9.68558224472901,0.001,4.355724096298218
11965,23,465,2272,8.670952796936035,9.683198049121085,0.001,3.2953853607177734
11966,23,466,175,8.832144737243652,9.68174049574496,0.001,4.565468072891235
11967,23,467,2221,13.380810737609863,9.690573599585903,0.001,4.536396503448486
11968,23,468,1965,8.019000053405762,9.685325206132243,0.001,4.490213871002197
11969,23,469,1809,7.5830793380737305,9.678920926208287,0.001,4.909528732299805
11970,23,470,2219,11.139582633972168,9.680439932157023,0.001,3.9972879886627197
11971,23,471,1819,13.047669410705566,9.684195398224132,0.001,3.715984344482422
11972,23,472,1675,9.196365356445312,9.683396095674127,0.001,3.755131244659424
11973,23,473,1812,11.840073585510254,9.690122699433392,0.001,3.9016950130462646
11974,23,474,2166,13.273676872253418,9.696001019567817,0.001,4.960905075073242
11975,23,475,2293,9.385492324829102,9.69526893910565,0.001,4.54755163192749
11976,23,476,1151,8.73945426940918,9.693756914790384,0.001,3.8506481647491455
11977,23,477,1453,9.584845542907715,9.69364596598224,0.001,3.889528512954712
11978,23,478,2235,8.492894172668457,9.68999362386057,0.001,4.209049224853516
11979,23,479,1441,15.368993759155273,9.696320447197305,0.001,3.7009127140045166
11980,23,480,1551,9.559417724609375,9.69600286088291,0.001,4.580195903778076
11981,23,481,2325,4.805510520935059,9.684839212332877,0.001,3.7373199462890625
11982,23,482,1098,9.186738014221191,9.684022286713109,0.001,4.445760488510132
11983,23,483,1132,8.591437339782715,9.681506226552282,0.001,3.8293275833129883
11984,23,484,1506,5.951376438140869,9.677687407703516,0.001,3.9002645015716553
11985,23,485,1878,12.157029151916504,9.681644516820452,0.001,4.440519094467163
11986,23,486,2174,19.578989028930664,9.710584430352126,0.001,3.9593050479888916
11987,23,487,2378,21.674909591674805,9.737808936668856,0.001,3.1491048336029053
11988,23,488,1923,7.1900954246521,9.731961130193147,0.001,3.2084147930145264
11989,23,489,1586,5.740157604217529,9.71995584105911,0.001,4.743513345718384
11990,23,490,2152,15.040010452270508,9.731722021504684,0.001,4.511265754699707
11991,23,491,2181,8.627256393432617,9.730544609274373,0.001,4.12455940246582
11992,23,492,2399,5.439857006072998,9.726463354883728,0.001,4.581906080245972
11993,23,493,1181,11.280925750732422,9.729839640171251,0.001,3.9223151206970215
11994,23,494,2179,8.27920913696289,9.727507562538124,0.001,4.239392995834351
11995,23,495,2075,7.24947452545166,9.723649606346031,0.001,4.168248653411865
11996,23,496,1845,7.068653583526611,9.721008856259045,0.001,4.57589864730835
11997,23,497,1111,11.440013885498047,9.724796229205658,0.001,4.501344442367554
11998,23,498,1909,9.307504653930664,9.72358820892666,0.001,4.265191078186035
11999,23,499,2202,9.2211332321167,9.722106203542417,0.001,4.6102190017700195
12000,24,0,1557,6.274057865142822,6.274057865142822,0.001,3.837040662765503
12001,24,1,1463,5.68166971206665,6.134151826447464,0.001,4.32236647605896
12002,24,2,1802,15.017491340637207,9.348731480263794,0.001,3.7951548099517822
12003,24,3,2095,21.664798736572266,13.316357711740592,0.001,5.151805639266968
12004,24,4,2436,18.736934661865234,13.889540568879063,0.001,4.04522180557251
12005,24,5,2435,8.70046615600586,13.383415800912402,0.001,4.2416510581970215
12006,24,6,2070,9.809491157531738,12.635888321863847,0.001,5.066622972488403
12007,24,7,2060,25.35828399658203,14.372600893509283,0.001,4.150709390640259
12008,24,8,1113,16.432126998901367,14.688058337911933,0.001,4.087845802307129
12009,24,9,1762,15.33092975616455,14.75419219459361,0.001,4.160959482192993
12010,24,10,1457,11.415820121765137,14.354074689550885,0.001,4.129767894744873
12011,24,11,1617,11.872390747070312,14.094400234470749,0.001,4.81801438331604
12012,24,12,2163,6.70005464553833,13.525151888878879,0.001,4.459496021270752
12013,24,13,1523,12.912713050842285,13.5039833643697,0.001,4.29395866394043
12014,24,14,1823,12.150121688842773,13.382292970016888,0.001,4.414673566818237
12015,24,15,1806,7.824120044708252,12.932440506731924,0.001,4.20685338973999
12016,24,16,2149,6.664281845092773,12.569422047719469,0.001,5.442832946777344
12017,24,17,1484,7.723315715789795,12.305367639452578,0.001,4.188835144042969
12018,24,18,2452,9.663464546203613,12.170142911950967,0.001,4.344166994094849
12019,24,19,1777,8.563976287841797,11.996930359752994,0.001,3.980933904647827
12020,24,20,1602,24.34833526611328,12.183588962054335,0.001,4.407195329666138
12021,24,21,1128,12.291352272033691,12.188530248970734,0.001,3.6132524013519287
12022,24,22,1173,11.03425121307373,12.163753620010471,0.001,4.0326714515686035
12023,24,23,2191,16.972671508789062,12.316129215904908,0.001,5.10702109336853
12024,24,24,2482,9.222444534301758,12.145410446196154,0.001,4.19044303894043
12025,24,25,274,8.384364128112793,11.999572520940191,0.001,4.668809175491333
12026,24,26,1693,9.70806884765625,11.885533876999638,0.001,3.853727102279663
12027,24,27,2196,7.7839484214782715,11.820679838162784,0.001,4.570059061050415
12028,24,28,2204,5.140530109405518,11.512269432179044,0.001,4.301625967025757
12029,24,29,1682,17.09854507446289,11.701543152795654,0.001,3.646144390106201
12030,24,30,2144,9.278416633605957,11.663355729742166,0.001,4.458312034606934
12031,24,31,2462,9.852892875671387,11.585096022208258,0.001,3.5458619594573975
12032,24,32,1265,5.467529773712158,11.493004668198873,0.001,4.406570911407471
12033,24,33,1636,5.195265769958496,11.238474353370018,0.001,3.7003836631774902
12034,24,34,2494,8.206790924072266,11.150209303458704,0.001,4.7330381870269775
12035,24,35,1442,7.221900463104248,11.070538390285332,0.001,3.725168466567993
12036,24,36,1117,12.619307518005371,11.114605374675223,0.001,4.0939040184021
12037,24,37,2192,26.163349151611328,11.280668641727425,0.001,4.389319181442261
12038,24,38,1690,9.265852928161621,11.254294701276786,0.001,3.765740156173706
12039,24,39,2147,11.017634391784668,11.245940717105471,0.001,3.644216299057007
12040,24,40,2327,8.654548645019531,11.199014024930845,0.001,4.095094203948975
12041,24,41,2066,6.3136420249938965,11.037234111697321,0.001,4.527164459228516
12042,24,42,2476,6.461592674255371,10.983246194584055,0.001,3.9788031578063965
12043,24,43,2401,6.680314064025879,10.878199307977747,0.001,4.118881464004517
12044,24,44,1346,10.281566619873047,10.860283449795098,0.001,4.508667945861816
12045,24,45,1383,8.248933792114258,10.81678355067695,0.001,5.363745212554932
12046,24,46,1642,11.982428550720215,10.84258725314668,0.001,4.312251329421997
12047,24,47,1311,9.671774864196777,10.808635275680144,0.001,3.938150644302368
12048,24,48,2274,8.112960815429688,10.752162860065663,0.001,4.952693939208984
12049,24,49,2534,6.499119281768799,10.708820252032632,0.001,3.9463038444519043
12050,24,50,190,12.92222785949707,10.770900464255403,0.001,4.332926511764526
12051,24,51,29,13.423215866088867,10.823942302474245,0.001,4.853538274765015
12052,24,52,1099,16.07762336730957,10.961603374658054,0.001,4.035081148147583
12053,24,53,1368,9.442655563354492,10.940205705171842,0.001,3.7170002460479736
12054,24,54,2113,9.61384391784668,10.914730589593907,0.001,3.937803268432617
12055,24,55,2294,7.3977837562561035,10.884282190693856,0.001,4.228720664978027
12056,24,56,2505,10.266152381896973,10.878680436478104,0.001,3.8932912349700928
12057,24,57,1122,7.1884965896606445,10.829488832566529,0.001,4.415720462799072
12058,24,58,1700,18.83150863647461,10.938749102060529,0.001,3.7801513671875
12059,24,59,2098,19.41387939453125,11.038369314698981,0.001,4.890254735946655
12060,24,60,1439,9.870076179504395,11.01147364489554,0.001,4.499281883239746
12061,24,61,2538,4.979905605316162,10.961531840965264,0.001,4.209789752960205
12062,24,62,1769,7.9448723793029785,10.892661596093038,0.001,4.6602866649627686
12063,24,63,2172,7.9383111000061035,10.84259973749049,0.001,3.99700665473938
12064,24,64,2233,12.916638374328613,10.866892959976257,0.001,4.221679449081421
12065,24,65,2479,6.460578918457031,10.797827476538144,0.001,3.9838058948516846
12066,24,66,1649,13.898571968078613,10.847419065791605,0.001,3.912221908569336
12067,24,67,2157,12.627187728881836,10.884485778832959,0.001,3.538872718811035
12068,24,68,2251,7.986820697784424,10.851772945206797,0.001,3.698032855987549
12069,24,69,2425,16.157001495361328,10.932797336823684,0.001,4.909468173980713
12070,24,70,2297,8.725747108459473,10.899024663034497,0.001,3.948040723800659
12071,24,71,2610,8.050726890563965,10.87881114281751,0.001,3.9085848331451416
12072,24,72,1493,8.909518241882324,10.840434348474657,0.001,3.343498468399048
12073,24,73,1706,9.79540729522705,10.825474552421309,0.001,4.246171236038208
12074,24,74,2652,4.907407760620117,10.785956482279117,0.001,3.8362174034118652
12075,24,75,2278,18.548625946044922,10.896865261362333,0.001,3.3750641345977783
12076,24,76,1900,20.474271774291992,10.962201928280376,0.001,4.747144937515259
12077,24,77,1516,10.030499458312988,10.94944526381701,0.001,4.634890794754028
12078,24,78,2216,7.236410617828369,10.927718074503014,0.001,3.699119806289673
12079,24,79,1714,14.849752426147461,10.979437338940594,0.001,3.89154314994812
12080,24,80,1259,9.373608589172363,10.964391718931699,0.001,3.9323248863220215
12081,24,81,2064,5.588870048522949,10.892530644482303,0.001,4.31343412399292
12082,24,82,1791,6.340858459472656,10.850592551202734,0.001,4.694045543670654
12083,24,83,1262,8.530445098876953,10.836425217244516,0.001,3.973100185394287
12084,24,84,1807,27.856857299804688,11.123028947385338,0.001,5.488398313522339
12085,24,85,1090,5.4753546714782715,11.072575441685489,0.001,4.469402551651001
12086,24,86,2548,5.867764949798584,11.008438025073062,0.001,4.358740329742432
12087,24,87,2511,13.580799102783203,11.031528389642872,0.001,5.115876913070679
12088,24,88,1399,15.325949668884277,11.1024785144586,0.001,3.6798903942108154
12089,24,89,2580,10.960665702819824,11.100256922459577,0.001,4.024320840835571
12090,24,90,2249,13.164936065673828,11.125252905487008,0.001,4.868942022323608
12091,24,91,1838,11.603507041931152,11.130767794691671,0.001,4.559616565704346
12092,24,92,1196,6.159522533416748,11.105418182319575,0.001,4.949486255645752
12093,24,93,1577,9.307058334350586,11.084762825613836,0.001,4.03658127784729
12094,24,94,2335,7.564521789550781,11.0650320495905,0.001,4.730005502700806
12095,24,95,2584,8.134127616882324,11.021001818259917,0.001,3.7793467044830322
12096,24,96,28,6.585907936096191,10.997370919275612,0.001,3.8144335746765137
12097,24,97,38,6.016852855682373,10.957388860694303,0.001,5.059359312057495
12098,24,98,2008,9.2074613571167,10.949115997088482,0.001,3.8075742721557617
12099,24,99,1585,8.311474800109863,10.911110730626161,0.001,4.108166694641113
12100,24,100,2601,12.654592514038086,10.935751227470316,0.001,4.002929210662842
12101,24,101,1793,7.568605899810791,10.88862970169872,0.001,4.5287110805511475
12102,24,102,2225,7.171719551086426,10.836762702178344,0.001,4.247899532318115
12103,24,103,2448,4.304213047027588,10.74721321003029,0.001,3.742093563079834
12104,24,104,1737,8.196931838989258,10.713457114499253,0.001,4.784853935241699
12105,24,105,2543,10.207087516784668,10.708309015975031,0.001,4.257702827453613
12106,24,106,2443,5.069271564483643,10.652350412066367,0.001,4.0716493129730225
12107,24,107,2709,19.74864959716797,10.694934662602297,0.001,3.7726168632507324
12108,24,108,1360,5.884594917297363,10.672890791982745,0.001,4.910884380340576
12109,24,109,2909,7.624166488647461,10.64271242846534,0.001,4.600361585617065
12110,24,110,2449,5.592979431152344,10.593609852639888,0.001,4.197038412094116
12111,24,111,2117,11.371681213378906,10.600918581613557,0.001,4.755389213562012
12112,24,112,2763,6.6295318603515625,10.582929429591326,0.001,4.232013940811157
12113,24,113,250,21.00285530090332,10.630385012856735,0.001,4.244831562042236
12114,24,114,2547,25.288381576538086,10.769281242179167,0.001,4.082301139831543
12115,24,115,1902,11.216438293457031,10.773472854124277,0.001,5.032024145126343
12116,24,116,1519,18.314546585083008,10.844684817039616,0.001,4.3905017375946045
12117,24,117,177,5.6298828125,10.79745059951579,0.001,4.584874868392944
12118,24,118,2140,6.122653007507324,10.777960689287086,0.001,4.59214973449707
12119,24,119,1127,6.274159908294678,10.748125646236122,0.001,3.811087131500244
12120,24,120,2595,5.3900227546691895,10.725217940536455,0.001,4.254662275314331
12121,24,121,1530,6.7357659339904785,10.677704673591377,0.001,4.768604040145874
12122,24,122,1832,8.746318817138672,10.654926066493294,0.001,4.930842638015747
12123,24,123,2911,16.865421295166016,10.679028025732903,0.001,3.961679697036743
12124,24,124,2682,7.0806732177734375,10.636718279707067,0.001,4.077292203903198
12125,24,125,2930,5.0760273933410645,10.61429483807072,0.001,4.1463539600372314
12126,24,126,1373,9.17960262298584,10.60459713103043,0.001,3.966860294342041
12127,24,127,2923,12.523812294006348,10.615967556737651,0.001,4.097254514694214
12128,24,128,2603,12.15834903717041,10.632928127414491,0.001,3.8426783084869385
12129,24,129,1480,7.535468578338623,10.62069196953442,0.001,3.874131441116333
12130,24,130,2000,5.4665303230285645,10.600339018009551,0.001,3.6980133056640625
12131,24,131,2282,10.289306640625,10.599104068629016,0.001,3.768040180206299
12132,24,132,2793,11.04239559173584,10.60407155629225,0.001,5.673400163650513
12133,24,133,2871,10.422901153564453,10.602107614759687,0.001,3.98954439163208
12134,24,134,2377,12.111125946044922,10.614296810475695,0.001,4.358771324157715
12135,24,135,1342,8.731490135192871,10.599428252872666,0.001,3.988826274871826
12136,24,136,1864,11.753618240356445,10.60386865651246,0.001,4.359253406524658
12137,24,137,388,14.5997314453125,10.618428599415136,0.001,4.456589460372925
12138,24,138,2552,15.740294456481934,10.658609778116977,0.001,4.504456996917725
12139,24,139,434,15.40857219696045,10.674781208060859,0.001,4.561983585357666
12140,24,140,2050,6.32301664352417,10.650825035860516,0.001,3.925025224685669
12141,24,141,2080,9.060859680175781,10.6342470215431,0.001,3.6785030364990234
12142,24,142,1580,17.893495559692383,10.674231754044897,0.001,4.17136025428772
12143,24,143,2099,9.141767501831055,10.665781443820487,0.001,3.930875062942505
12144,24,144,1794,5.119447231292725,10.624199256047833,0.001,4.09672474861145
12145,24,145,2101,9.651784896850586,10.614325375331404,0.001,3.803873062133789
12146,24,146,2781,14.624492645263672,10.633180563969773,0.001,5.013847589492798
12147,24,147,1333,11.649045944213867,10.640773783682437,0.001,3.9617350101470947
12148,24,148,2565,6.62240743637085,10.62631413208839,0.001,3.8521780967712402
12149,24,149,2775,12.201868057250977,10.637781376193127,0.001,4.17637825012207
12150,24,150,2502,11.8282470703125,10.649488988963338,0.001,4.304521083831787
12151,24,151,407,7.798551082611084,10.628815301104435,0.001,3.429286479949951
12152,24,152,1155,7.261664390563965,10.617026422517682,0.001,3.6521685123443604
12153,24,153,455,21.77076530456543,10.64637210860933,0.001,3.6890625953674316
12154,24,154,363,7.155093669891357,10.634488251553933,0.001,4.469716548919678
12155,24,155,1549,8.150825500488281,10.621447804985982,0.001,3.9709317684173584
12156,24,156,2522,11.526031494140625,10.627804641095032,0.001,3.562077283859253
12157,24,157,2460,10.006092071533203,10.62571398489048,0.001,4.322289228439331
12158,24,158,2205,6.588260173797607,10.596887121281396,0.001,4.301180362701416
12159,24,159,2596,7.734874725341797,10.58261977207377,0.001,4.6315083503723145
12160,24,160,1692,5.39837121963501,10.534932452355878,0.001,3.5026440620422363
12161,24,161,383,8.338363647460938,10.515469860522401,0.001,4.985328435897827
12162,24,162,1355,7.749545574188232,10.496531513476473,0.001,4.0853352546691895
12163,24,163,264,8.98981761932373,10.486271035650343,0.001,4.151133298873901
12164,24,164,2427,14.543745040893555,10.512973957798927,0.001,4.084659099578857
12165,24,165,518,11.278829574584961,10.51542870586283,0.001,3.886139392852783
12166,24,166,2523,10.540846824645996,10.515654132755204,0.001,3.7229013442993164
12167,24,167,2782,10.534018516540527,10.515816974541611,0.001,3.8520164489746094
12168,24,168,1879,10.851947784423828,10.517416617111287,0.001,4.589734792709351
12169,24,169,2040,9.140798568725586,10.505346950730187,0.001,3.653013229370117
12170,24,170,1434,12.176996231079102,10.51576047598624,0.001,4.175120115280151
12171,24,171,2672,6.247310161590576,10.479132473295522,0.001,3.6232523918151855
12172,24,172,32,7.222260475158691,10.45109117735382,0.001,4.858541965484619
12173,24,173,1503,13.625298500061035,10.464290672981754,0.001,3.792371988296509
12174,24,174,1532,4.103157043457031,10.411492415392702,0.001,3.8196630477905273
12175,24,175,342,9.905030250549316,10.407231893690227,0.001,4.199279546737671
12176,24,176,68,9.459122657775879,10.402961735682599,0.001,4.074240207672119
12177,24,177,607,10.09118938446045,10.402081904839182,0.001,4.928951025009155
12178,24,178,2906,8.197795867919922,10.388619735470897,0.001,3.8060219287872314
12179,24,179,496,17.492033004760742,10.430046238062383,0.001,4.528523683547974
12180,24,180,2585,7.6819658279418945,10.413724696085927,0.001,4.115721940994263
12181,24,181,2593,5.380723476409912,10.382790282324505,0.001,3.6549072265625
12182,24,182,64,7.790063858032227,10.375281930378502,0.001,4.284324407577515
12183,24,183,400,9.521894454956055,10.37201696556542,0.001,3.39892315864563
12184,24,184,1339,10.16238784790039,10.371412565651077,0.001,3.799309730529785
12185,24,185,256,11.45313549041748,10.375944834167868,0.001,3.9808590412139893
12186,24,186,2654,9.134259223937988,10.36615457242714,0.001,4.62048077583313
12187,24,187,695,4.502697467803955,10.331530139245208,0.001,4.005627393722534
12188,24,188,272,9.022111892700195,10.326043922532081,0.001,3.7709479331970215
12189,24,189,685,11.991715431213379,10.335567126944946,0.001,4.265102863311768
12190,24,190,372,15.57300090789795,10.34822924425572,0.001,4.42515754699707
12191,24,191,461,9.19725227355957,10.33950040663302,0.001,3.550138235092163
12192,24,192,2340,10.400042533874512,10.339838285503294,0.001,3.5098013877868652
12193,24,193,336,6.907504081726074,10.313743155647986,0.001,3.775109052658081
12194,24,194,1945,9.441570281982422,10.307200309582075,0.001,4.410762548446655
12195,24,195,1616,7.200644016265869,10.289441332528066,0.001,4.31535267829895
12196,24,196,1556,7.555563926696777,10.27417992972777,0.001,4.428319692611694
12197,24,197,1679,9.510124206542969,10.271096913392917,0.001,4.9576735496521
12198,24,198,1502,7.887294292449951,10.25338390943983,0.001,4.4251322746276855
12199,24,199,60,5.425320625305176,10.23456493179415,0.001,3.939600944519043
12200,24,200,2513,5.8195881843566895,10.223151179104711,0.001,3.4123547077178955
12201,24,201,2901,8.709461212158203,10.217138111066957,0.001,4.894426107406616
12202,24,202,1153,5.266941070556641,10.181226376036216,0.001,3.987825393676758
12203,24,203,390,4.8962531089782715,10.161445835945988,0.001,3.9966909885406494
12204,24,204,1751,8.797353744506836,10.156215116533238,0.001,3.359727621078491
12205,24,205,2533,6.084056377410889,10.14040602993434,0.001,4.532850503921509
12206,24,206,1699,6.850045204162598,10.128226107736317,0.001,4.3443052768707275
12207,24,207,73,23.998689651489258,10.163695451856205,0.001,4.3099658489227295
12208,24,208,453,8.50581169128418,10.157494397570996,0.001,4.462169408798218
12209,24,209,403,5.805382251739502,10.141295770372471,0.001,4.098278284072876
12210,24,210,2073,5.958851337432861,10.13125719772391,0.001,3.818725347518921
12211,24,211,814,5.504952907562256,10.119404154526837,0.001,4.0391058921813965
12212,24,212,2464,17.99055290222168,10.139404813858496,0.001,4.272590637207031
12213,24,213,686,7.0999369621276855,10.123268870439563,0.001,3.841017961502075
12214,24,214,1097,6.910708427429199,10.115558926141615,0.001,3.4671072959899902
12215,24,215,1862,9.253249168395996,10.113433563840136,0.001,4.929005861282349
12216,24,216,481,9.179949760437012,10.108634522986355,0.001,4.460339307785034
12217,24,217,2563,12.179213523864746,10.116237146119383,0.001,4.022899627685547
12218,24,218,2706,8.143080711364746,10.111672737410457,0.001,3.8360092639923096
12219,24,219,693,5.481802463531494,10.08018108353154,0.001,4.592529773712158
12220,24,220,1105,6.1296610832214355,10.070267348709558,0.001,3.764378070831299
12221,24,221,616,6.2807722091674805,10.045083912410313,0.001,3.7778983116149902
12222,24,222,719,7.688499927520752,10.029359851889012,0.001,4.155946969985962
12223,24,223,77,8.689449310302734,10.022612521086172,0.001,5.1382505893707275
12224,24,224,2034,4.92678165435791,9.989542970225099,0.001,4.320801734924316
12225,24,225,864,10.745197296142578,9.991222125813984,0.001,3.733578681945801
12226,24,226,378,10.335966110229492,9.99347466762584,0.001,5.008772611618042
12227,24,227,1848,5.965244770050049,9.967243727839925,0.001,4.1364240646362305
12228,24,228,368,5.656609535217285,9.945674859307086,0.001,4.0098841190338135
12229,24,229,1925,8.509557723999023,9.942404752341753,0.001,4.677395820617676
12230,24,230,832,9.095224380493164,9.937012992723679,0.001,3.83671236038208
12231,24,231,2692,8.067718505859375,9.925139448364549,0.001,3.910159111022949
12232,24,232,1334,6.347257614135742,9.917170648529233,0.001,3.788978099822998
12233,24,233,458,21.36472511291504,9.943775795090708,0.001,4.912609577178955
12234,24,234,1797,7.104547500610352,9.937237409417461,0.001,3.9002866744995117
12235,24,235,787,10.995645523071289,9.939652476679708,0.001,3.6243462562561035
12236,24,236,521,6.193674564361572,9.931281785624197,0.001,4.35153865814209
12237,24,237,2422,6.124162197113037,9.922743558280093,0.001,4.704979658126831
12238,24,238,770,8.145503997802734,9.91430116115309,0.001,3.675947427749634
12239,24,239,827,14.46073055267334,9.926915220748821,0.001,3.6567986011505127
12240,24,240,266,8.549911499023438,9.918381742869476,0.001,4.6354711055755615
12241,24,241,962,9.315449714660645,9.916373038260787,0.001,4.610703945159912
12242,24,242,2229,14.768266677856445,9.930193214757134,0.001,4.786773920059204
12243,24,243,69,17.56702423095703,9.977269864743661,0.001,4.397268295288086
12244,24,244,2051,9.93624496459961,9.977081547492325,0.001,3.9831063747406006
12245,24,245,2832,6.73280143737793,9.958397831087282,0.001,4.018527269363403
12246,24,246,991,9.993849754333496,9.958472580615622,0.001,4.102198600769043
12247,24,247,2392,6.512406349182129,9.947233856359066,0.001,4.6953394412994385
12248,24,248,2758,9.566590309143066,9.945531819648476,0.001,4.48213005065918
12249,24,249,1576,6.869647026062012,9.939071485413512,0.001,4.015419960021973
12250,24,250,717,7.837784290313721,9.926594588064168,0.001,4.22682785987854
12251,24,251,2720,6.2910990715026855,9.919474800032637,0.001,4.100392818450928
12252,24,252,1363,18.17093276977539,9.955923375759788,0.001,4.017921209335327
12253,24,253,471,4.874765872955322,9.926399943255019,0.001,3.68999981880188
12254,24,254,2864,7.51889181137085,9.918776311466678,0.001,4.6225199699401855
12255,24,255,2772,4.396415710449219,9.89473349637821,0.001,4.119113922119141
12256,24,256,2767,11.002715110778809,9.89961944930552,0.001,4.0916876792907715
12257,24,257,2223,9.524542808532715,9.897442300094784,0.001,4.2388293743133545
12258,24,258,1814,7.388942718505859,9.886795706669735,0.001,4.378874063491821
12259,24,259,774,7.297330856323242,9.875682243296367,0.001,3.930675745010376
12260,24,260,811,9.59533405303955,9.87515292501095,0.001,4.162102222442627
12261,24,261,376,10.67240047454834,9.876798550413376,0.001,4.686072826385498
12262,24,262,2458,7.415192604064941,9.866366877962186,0.001,4.429119110107422
12263,24,263,2669,6.88652229309082,9.860265274458554,0.001,3.848191738128662
12264,24,264,1313,10.183626174926758,9.862008211456892,0.001,4.222198963165283
12265,24,265,773,9.845996856689453,9.861940920917275,0.001,4.552252769470215
12266,24,266,1118,11.050494194030762,9.866895765655043,0.001,4.356299161911011
12267,24,267,710,9.033027648925781,9.863438794825003,0.001,5.187286138534546
12268,24,268,2927,42.44326400756836,9.919392784413104,0.001,4.775971174240112
12269,24,269,2564,10.97881031036377,9.923706735862327,0.001,4.084273338317871
12270,24,270,469,5.499943256378174,9.899482646124927,0.001,4.659816741943359
12271,24,271,94,7.3606743812561035,9.886404391116116,0.001,4.457608461380005
12272,24,272,2590,10.732226371765137,9.888798748598571,0.001,4.31794548034668
12273,24,273,742,7.5500593185424805,9.876062418698886,0.001,4.274525880813599
12274,24,274,2617,7.2539381980896,9.86201323709079,0.001,3.7972915172576904
12275,24,275,2013,6.857171058654785,9.85633294853725,0.001,5.004564046859741
12276,24,276,2432,5.568042278289795,9.848015561097741,0.001,4.072061777114868
12277,24,277,721,7.047642707824707,9.84011268186679,0.001,3.907534599304199
12278,24,278,523,13.667394638061523,9.86068923710927,0.001,5.239455938339233
12279,24,279,2794,5.446864604949951,9.852204920196856,0.001,3.777402400970459
12280,24,280,1317,7.078537464141846,9.846957376267692,0.001,3.0598719120025635
12281,24,281,2387,34.11001968383789,9.915872633389702,0.001,3.7594454288482666
12282,24,282,514,9.931280136108398,9.915916798029857,0.001,4.968966245651245
12283,24,283,680,8.976505279541016,9.914167430278,0.001,3.933440685272217
12284,24,284,377,5.675126075744629,9.90223636750701,0.001,4.449856996536255
12285,24,285,507,39.94780349731445,9.94146168059461,0.001,4.459547519683838
12286,24,286,2583,7.821216583251953,9.933090641399238,0.001,3.6096737384796143
12287,24,287,2343,7.997066497802734,9.927754792639456,0.001,4.170891761779785
12288,24,288,1938,6.873657703399658,9.922281845973941,0.001,3.506424903869629
12289,24,289,488,7.213710308074951,9.908405366022269,0.001,3.8104841709136963
12290,24,290,1717,5.714921951293945,9.900761413172,0.001,4.425625562667847
12291,24,291,1756,6.590036392211914,9.888195530335297,0.001,4.270707845687866
12292,24,292,915,8.164602279663086,9.885147172776515,0.001,4.099268436431885
12293,24,293,2349,6.07885217666626,9.86580750492052,0.001,4.531224012374878
12294,24,294,2673,14.628514289855957,9.88426967406891,0.001,4.121285438537598
12295,24,295,401,11.342040061950684,9.88982014651127,0.001,4.088506698608398
12296,24,296,1081,13.74494457244873,9.90445100971976,0.001,4.595940589904785
12297,24,297,361,7.2277398109436035,9.891642417810884,0.001,3.9302756786346436
12298,24,298,682,14.216841697692871,9.913128780030858,0.001,3.887444496154785
12299,24,299,1548,12.293770790100098,9.921681026974145,0.001,4.032054901123047
12300,24,300,405,5.155608654022217,9.90869744017337,0.001,4.984058618545532
12301,24,301,611,7.488650321960449,9.902378221882724,0.001,4.130497932434082
12302,24,302,951,7.2871832847595215,9.89271641139635,0.001,4.543306350708008
12303,24,303,459,7.8201904296875,9.88909465882486,0.001,4.63348913192749
12304,24,304,834,7.669816017150879,9.878221417803037,0.001,4.224539279937744
12305,24,305,1395,5.326711177825928,9.870129329667105,0.001,4.4507551193237305
12306,24,306,771,6.036766529083252,9.856184118196701,0.001,4.73111367225647
12307,24,307,441,10.948676109313965,9.860161765786481,0.001,5.022758483886719
12308,24,308,1443,12.245084762573242,9.871637021823233,0.001,4.3609302043914795
12309,24,309,2455,6.216115951538086,9.865190527077239,0.001,4.171416282653809
12310,24,310,1488,12.62956428527832,9.877687358828938,0.001,4.532886266708374
12311,24,311,699,10.203511238098145,9.878840040344885,0.001,4.3664329051971436
12312,24,312,2722,18.500438690185547,9.89244756040384,0.001,4.506125211715698
12313,24,313,1302,15.988408088684082,9.919614757868082,0.001,5.11998724937439
12314,24,314,870,8.69236946105957,9.916485540057922,0.001,4.001133441925049
12315,24,315,2861,9.61882209777832,9.915421634673052,0.001,3.8974955081939697
12316,24,316,2341,8.551919937133789,9.908949663298243,0.001,4.811046838760376
12317,24,317,1481,6.761777400970459,9.897726352343893,0.001,4.882061958312988
12318,24,318,707,9.770139694213867,9.897526313608692,0.001,3.899704933166504
12319,24,319,2398,11.000682830810547,9.902625414637662,0.001,3.9119067192077637
12320,24,320,2845,12.015951156616211,9.912426563551247,0.001,4.665640592575073
12321,24,321,446,5.142360687255859,9.895999237033678,0.001,3.9968347549438477
12322,24,322,2750,14.012106895446777,9.902734874839801,0.001,4.090623378753662
12323,24,323,2668,10.088541030883789,9.903383838558307,0.001,4.8505754470825195
12324,24,324,2537,9.680578231811523,9.902600039598285,0.001,4.071145057678223
12325,24,325,819,6.7993035316467285,9.891907804453773,0.001,4.049241304397583
12326,24,326,788,10.00496768951416,9.89242385306557,0.001,4.441545248031616
12327,24,327,2498,13.840429306030273,9.902006800393103,0.001,5.1234118938446045
12328,24,328,65,6.429443359375,9.896254059256655,0.001,4.00687837600708
12329,24,329,728,7.14501953125,9.886904144507415,0.001,3.547100067138672
12330,24,330,694,10.2948579788208,9.888736321946014,0.001,4.959230184555054
12331,24,331,863,22.983598709106445,9.93306063788365,0.001,3.5137643814086914
12332,24,332,367,13.200648307800293,9.940788843948589,0.001,3.7617337703704834
12333,24,333,972,5.617292404174805,9.926607957928763,0.001,3.807671070098877
12334,24,334,67,13.2122802734375,9.937562734525516,0.001,4.448040246963501
12335,24,335,2588,11.065594673156738,9.942608883264672,0.001,3.419428825378418
12336,24,336,989,10.044833183288574,9.942946028740272,0.001,3.461204767227173
12337,24,337,1089,8.140990257263184,9.935049552124656,0.001,4.113732099533081
12338,24,338,2328,5.881840229034424,9.925426475728138,0.001,4.486754655838013
12339,24,339,2614,9.232555389404297,9.922430730898393,0.001,3.6579108238220215
12340,24,340,954,7.3534650802612305,9.918443063723403,0.001,4.1541969776153564
12341,24,341,392,7.66286039352417,9.908759887462558,0.001,3.932636260986328
12342,24,342,178,8.754886627197266,9.905111499866289,0.001,4.267316818237305
12343,24,343,2694,5.2034525871276855,9.89792119880843,0.001,4.2158825397491455
12344,24,344,2535,6.285678386688232,9.89236962781901,0.001,4.925030946731567
12345,24,345,424,11.8189697265625,9.8965873205359,0.001,4.891719818115234
12346,24,346,325,13.888452529907227,9.909367467768247,0.001,4.172164440155029
12347,24,347,706,8.12553596496582,9.906598624134853,0.001,3.69687557220459
12348,24,348,1310,6.757998466491699,9.893119477341893,0.001,5.220868825912476
12349,24,349,956,5.977916717529297,9.876578740818958,0.001,4.026132583618164
12350,24,350,2660,9.359521865844727,9.874439449167241,0.001,3.4700522422790527
12351,24,351,851,6.949631690979004,9.861854897913982,0.001,3.3470306396484375
12352,24,352,689,20.718965530395508,9.886175323007642,0.001,4.957752227783203
12353,24,353,2619,6.072198390960693,9.878344558011891,0.001,4.362342834472656
12354,24,354,977,6.254487991333008,9.870476679904002,0.001,5.170439958572388
12355,24,355,522,4.862325668334961,9.849570790547117,0.001,4.060315370559692
12356,24,356,448,6.921760082244873,9.840254467811253,0.001,3.912640333175659
12357,24,357,743,9.843437194824219,9.840259143436416,0.001,3.893949508666992
12358,24,358,432,14.395160675048828,9.854093337572152,0.001,4.169634819030762
12359,24,359,447,4.861324787139893,9.846653975060109,0.001,4.615182876586914
12360,24,360,916,3.799572229385376,9.83761024659379,0.001,4.260024547576904
12361,24,361,2834,4.327875137329102,9.81493922133318,0.001,3.5204195976257324
12362,24,362,825,15.576401710510254,9.823147782872256,0.001,4.328800439834595
12363,24,363,913,13.300871849060059,9.830725870983224,0.001,4.975569248199463
12364,24,364,2789,10.49381160736084,9.832743350871091,0.001,4.1428751945495605
12365,24,365,1627,12.194446563720703,9.839993206608662,0.001,3.5155627727508545
12366,24,366,705,4.9657392501831055,9.819977659007437,0.001,4.559872150421143
12367,24,367,803,5.659572601318359,9.814138580357335,0.001,3.6755495071411133
12368,24,368,873,9.122176170349121,9.813262080584408,0.001,3.8229057788848877
12369,24,369,914,11.71002197265625,9.818959297459996,0.001,4.6470842361450195
12370,24,370,1361,20.439239501953125,9.834172476598484,0.001,4.695735216140747
12371,24,371,789,11.692501068115234,9.839731147494943,0.001,4.332871198654175
12372,24,372,2510,15.003172874450684,9.860138254216478,0.001,4.5463762283325195
12373,24,373,1482,4.544512748718262,9.852675778532879,0.001,4.571025133132935
12374,24,374,2298,6.979151725769043,9.848697500551195,0.001,3.8655991554260254
12375,24,375,2784,6.120325565338135,9.833873132044442,0.001,4.160710096359253
12376,24,376,904,25.619953155517578,9.863435104106017,0.001,3.665804386138916
12377,24,377,727,7.12446403503418,9.859629774158577,0.001,4.4804863929748535
12378,24,378,919,5.226727485656738,9.84112882459219,0.001,4.369099378585815
12379,24,379,1120,8.743182182312012,9.838931936081977,0.001,4.381128311157227
12380,24,380,408,5.545054912567139,9.83001686451387,0.001,4.370561122894287
12381,24,381,2197,11.063140869140625,9.833603278588281,0.001,4.311496734619141
12382,24,382,1772,5.6209282875061035,9.816970518515623,0.001,4.11083722114563
12383,24,383,1839,5.062876224517822,9.810511014791674,0.001,4.384923696517944
12384,24,384,966,10.950921058654785,9.812830541754378,0.001,4.379437446594238
12385,24,385,2499,9.439949989318848,9.812056498027207,0.001,3.922715902328491
12386,24,386,350,6.575239658355713,9.802632682470232,0.001,3.819307565689087
12387,24,387,492,9.534492492675781,9.801601102963614,0.001,5.129016876220703
12388,24,388,337,7.793756484985352,9.797871678845615,0.001,4.068319320678711
12389,24,389,2188,23.944196701049805,9.83809566370916,0.001,3.4634346961975098
12390,24,390,519,6.520554542541504,9.825406680564583,0.001,3.213465452194214
12391,24,391,2608,5.883594036102295,9.810166072787386,0.001,4.1434619426727295
12392,24,392,778,6.6017537117004395,9.801138702153994,0.001,3.4806008338928223
12393,24,393,98,4.445422649383545,9.780863498925651,0.001,4.09528374671936
12394,24,394,1092,13.237526893615723,9.793862200914544,0.001,3.9623820781707764
12395,24,395,1365,11.050447463989258,9.79554925385707,0.001,4.7209391593933105
12396,24,396,2270,5.774444580078125,9.780366994556829,0.001,4.376654148101807
12397,24,397,1393,13.940675735473633,9.792054785471993,0.001,3.799912452697754
12398,24,398,2529,9.198384284973145,9.790363095741986,0.001,4.470820188522339
12399,24,399,1951,7.519221305847168,9.78404493561163,0.001,4.483193397521973
12400,24,400,986,19.83496856689453,9.812346695288326,0.001,3.9779834747314453
12401,24,401,1126,6.993803977966309,9.801945479850902,0.001,3.6860570907592773
12402,24,402,2546,5.52249813079834,9.79026499764636,0.001,4.684304714202881
12403,24,403,2413,6.5362653732299805,9.781213732428169,0.001,3.8074395656585693
12404,24,404,961,6.360876560211182,9.768803305423633,0.001,3.928192377090454
12405,24,405,374,5.815614223480225,9.754526298208027,0.001,3.4889461994171143
12406,24,406,344,5.392368316650391,9.74885891247492,0.001,4.146623134613037
12407,24,407,2347,6.899245262145996,9.741139961279579,0.001,3.4890480041503906
12408,24,408,37,14.635257720947266,9.758688630421156,0.001,3.864990711212158
12409,24,409,340,7.5426740646362305,9.752698631165925,0.001,4.040039300918579
12410,24,410,273,9.553947448730469,9.752159423547294,0.001,4.330733060836792
12411,24,411,808,14.320294380187988,9.764307727449765,0.001,4.435454607009888
12412,24,412,1903,6.858224391937256,9.758840998149271,0.001,3.9493205547332764
12413,24,413,759,5.710120677947998,9.748143768763828,0.001,4.245052814483643
12414,24,414,981,6.539241313934326,9.739580762730283,0.001,5.03561806678772
12415,24,415,2406,9.509612083435059,9.738759491629821,0.001,4.468749046325684
12416,24,416,436,11.296488761901855,9.741654984793117,0.001,4.885272264480591
12417,24,417,2874,10.7634916305542,9.744299702839433,0.001,4.400008916854858
12418,24,418,468,7.771714687347412,9.737444129737002,0.001,4.80264687538147
12419,24,419,254,7.25331974029541,9.728798959478597,0.001,4.207145690917969
12420,24,420,2613,8.491130828857422,9.725601686590192,0.001,4.551851272583008
12421,24,421,74,5.762453556060791,9.720737516747938,0.001,3.9112157821655273
12422,24,422,2450,4.811895370483398,9.708182997178916,0.001,3.9206511974334717
12423,24,423,990,11.296880722045898,9.71240936671316,0.001,4.859243392944336
12424,24,424,1676,8.002833366394043,9.706460889627401,0.001,4.0746519565582275
12425,24,425,382,6.901018142700195,9.703102220614667,0.001,4.024653434753418
12426,24,426,56,4.913071632385254,9.690741487903576,0.001,4.96475887298584
12427,24,427,801,4.412683963775635,9.681315897314912,0.001,4.880273818969727
12428,24,428,2929,7.839258193969727,9.676579172222734,0.001,3.7074525356292725
12429,24,429,1326,4.7536773681640625,9.670652234470406,0.001,3.964881658554077
12430,24,430,601,13.233020782470703,9.682791162520228,0.001,4.554588794708252
12431,24,431,852,8.998953819274902,9.68106471733357,0.001,3.7189066410064697
12432,24,432,2241,4.956859588623047,9.664848016659803,0.001,3.842395544052124
12433,24,433,1093,6.218753814697266,9.653421002022036,0.001,4.774783611297607
12434,24,434,1543,4.844736576080322,9.647538420393566,0.001,4.501321077346802
12435,24,435,1470,5.887597560882568,9.63829290738177,0.001,3.8194010257720947
12436,24,436,861,6.042492866516113,9.631813787897446,0.001,4.053421497344971
12437,24,437,490,4.995407581329346,9.626143695515465,0.001,4.180734157562256
12438,24,438,920,4.843884468078613,9.60993331686054,0.001,3.6154212951660156
12439,24,439,858,12.68504524230957,9.613257890049079,0.001,3.589735746383667
12440,24,440,2569,8.640215873718262,9.611524471720971,0.001,4.133935451507568
12441,24,441,1088,7.585940361022949,9.606576368019978,0.001,4.542410612106323
12442,24,442,1540,4.81157112121582,9.600843468399276,0.001,4.564186334609985
12443,24,443,1576,4.864010810852051,9.595318354323288,0.001,3.737941265106201
12444,24,444,1777,7.279750823974609,9.58965213144787,0.001,5.3271803855896
12445,24,445,1616,5.940252304077148,9.58040659202033,0.001,4.746025323867798
12446,24,446,1457,5.579343318939209,9.567364500807175,0.001,4.063459157943726
12447,24,447,1548,8.210630416870117,9.564153639107165,0.001,4.3962788581848145
12448,24,448,1109,9.884110450744629,9.565164524737114,0.001,4.133735179901123
12449,24,449,1556,5.232131481170654,9.554505444645418,0.001,3.7158024311065674
12450,24,450,1577,11.628029823303223,9.55954716902563,0.001,4.02387261390686
12451,24,451,1714,12.955892562866211,9.567619332355486,0.001,4.155296325683594
12452,24,452,1488,18.208738327026367,9.59393676520778,0.001,3.9279751777648926
12453,24,453,1344,9.141508102416992,9.59284987248041,0.001,3.69173002243042
12454,24,454,1896,7.431994915008545,9.587660996013636,0.001,4.372382640838623
12455,24,455,1586,8.980318069458008,9.585694137567332,0.001,5.037369728088379
12456,24,456,1123,17.296518325805664,9.598909210528433,0.001,4.0574328899383545
12457,24,457,1265,5.693375110626221,9.594424098878802,0.001,3.580962896347046
12458,24,458,1717,5.6634602546691895,9.58998336454519,0.001,4.720851182937622
12459,24,459,1823,8.247101783752441,9.585601389671195,0.001,2.9467647075653076
12460,24,460,1372,6.634917736053467,9.578590879434532,0.001,2.9691002368927
12461,24,461,1311,5.383687973022461,9.565315288337752,0.001,3.932102680206299
12462,24,462,1791,6.900406837463379,9.560860801879002,0.001,4.232917547225952
12463,24,463,1519,18.075578689575195,9.58141761841118,0.001,4.553332090377808
12464,24,464,1393,16.05282211303711,9.596807738302138,0.001,3.834181785583496
12465,24,465,1173,9.289396286010742,9.59646003844607,0.001,3.904682159423828
12466,24,466,1370,18.268630981445312,9.617034570452056,0.001,4.466264963150024
12467,24,467,1797,6.549836158752441,9.613525206253227,0.001,4.226381778717041
12468,24,468,1128,9.81856632232666,9.614007141591333,0.001,3.9419636726379395
12469,24,469,1951,9.848627090454102,9.61455761289336,0.001,3.3895087242126465
12470,24,470,1648,8.927630424499512,9.61341306599876,0.001,4.071407079696655
12471,24,471,1848,8.561742782592773,9.610132239026294,0.001,3.7891104221343994
12472,24,472,1502,9.938570022583008,9.611164488188273,0.001,3.5456840991973877
12473,24,473,1575,8.007452964782715,9.607359498025323,0.001,3.506444215774536
12474,24,474,1089,9.038620948791504,9.605609248807324,0.001,4.088467597961426
12475,24,475,1097,6.750940322875977,9.602557734196896,0.001,3.0599706172943115
12476,24,476,1092,13.750104904174805,9.61530861342586,0.001,3.0441677570343018
12477,24,477,1945,7.242900848388672,9.608043489713902,0.001,3.008995294570923
12478,24,478,175,8.48738956451416,9.606171390254609,0.001,3.5230484008789062
12479,24,479,1263,8.262785911560059,9.603105428949284,0.001,4.368447780609131
12480,24,480,1615,12.546388626098633,9.609676658242414,0.001,4.20345139503479
12481,24,481,1888,15.314271926879883,9.62669686188652,0.001,4.323379755020142
12482,24,482,1570,11.749907493591309,9.629018338754832,0.001,4.934729099273682
12483,24,483,1439,8.465983390808105,9.625552880609805,0.001,4.156654596328735
12484,24,484,1554,12.11870002746582,9.628274045304975,0.001,3.5814614295959473
12485,24,485,1105,7.797303676605225,9.626224746704223,0.001,4.181394100189209
12486,24,486,2070,10.088961601257324,9.627611506798859,0.001,4.156925916671753
12487,24,487,1443,8.290555000305176,9.623630705347042,0.001,4.077635765075684
12488,24,488,1482,4.053068161010742,9.617753543291634,0.001,4.72393274307251
12489,24,489,2000,5.522174835205078,9.613434542087697,0.001,4.53577446937561
12490,24,490,1532,6.787179946899414,9.605066099682809,0.001,3.5970699787139893
12491,24,491,1596,12.794955253601074,9.610031584710677,0.001,3.9068892002105713
12492,24,492,1081,14.086235046386719,9.620012259791725,0.001,4.429215431213379
12493,24,493,2147,7.890922546386719,9.614862780631272,0.001,4.2362470626831055
12494,24,494,1274,10.835925102233887,9.617513293551077,0.001,3.893462896347046
12495,24,495,1549,7.252020359039307,9.613669996830367,0.001,3.889688014984131
12496,24,496,1817,6.487814426422119,9.610490617860169,0.001,4.653950214385986
12497,24,497,1923,6.025370121002197,9.602413608537258,0.001,3.696091890335083
12498,24,498,1918,4.500896453857422,9.587431367653107,0.001,3.993457555770874
12499,24,499,1373,8.576064109802246,9.585688474319907,0.001,4.34346866607666
