global_step,epoch,step_in_epoch,sample_idx,loss,running_mean_loss,lr,seconds
0,0,0,1675,101.82355499267578,101.82355499267578,0.001,13.994068145751953
1,0,1,177,110.02574157714844,106.60230255252768,0.001,10.117895126342773
2,0,2,1151,111.09070587158203,107.89951373572254,0.001,9.67715311050415
3,0,3,1642,120.26810455322266,111.52159007826548,0.001,10.2883939743042
4,0,4,1087,107.58495330810547,110.41905920465534,0.001,8.654723882675171
5,0,5,1817,104.40743255615234,109.88006099946978,0.001,9.940221309661865
6,0,6,1457,110.6859359741211,110.0448658107897,0.001,7.539197683334351
7,0,7,1923,116.30108642578125,110.90005617212546,0.001,8.47289490699768
8,0,8,1548,108.34293365478516,110.60891289080261,0.001,11.148975133895874
9,0,9,1363,98.4885482788086,109.32751991467136,0.001,9.324509620666504
10,0,10,1092,99.32783508300781,108.08769473904529,0.001,7.7661378383636475
11,0,11,1523,133.04940795898438,109.14657518374018,0.001,8.75841474533081
12,0,12,1648,116.23960876464844,109.56903959984831,0.001,9.906006813049316
13,0,13,1686,125.98938751220703,111.21272911206964,0.001,9.486706972122192
14,0,14,1794,99.28214263916016,110.39129724833293,0.001,8.595146179199219
15,0,15,1596,110.48780822753906,110.39579416278508,0.001,9.294447660446167
16,0,16,1118,110.42959594726562,110.39790238096329,0.001,9.045506477355957
17,0,17,1098,122.38258361816406,110.9158999899481,0.001,8.157053709030151
18,0,18,1846,108.75439453125,110.79472468393017,0.001,10.07672643661499
19,0,19,1586,104.18926239013672,110.32829033238382,0.001,11.32805585861206
20,0,20,1259,111.3902587890625,110.36594303403119,0.001,9.242575645446777
21,0,21,1313,95.84608459472656,109.48305167363125,0.001,8.926536321640015
22,0,22,1355,107.4148178100586,109.38860590289784,0.001,8.703305721282959
23,0,23,1383,112.85729217529297,109.49928056924476,0.001,7.575344800949097
24,0,24,1779,127.1468505859375,110.47457279653905,0.001,10.659714221954346
25,0,25,178,119.05061340332031,110.80884701132219,0.001,8.068309783935547
26,0,26,1900,136.8534393310547,111.30686260128591,0.001,10.201714038848877
27,0,27,1762,113.74281311035156,111.3984660894584,0.001,10.915111064910889
28,0,28,1918,104.54074096679688,111.06949037461891,0.001,9.67402172088623
29,0,29,1439,112.32954406738281,111.12631904324373,0.001,8.766071319580078
30,0,30,1858,118.3092269897461,111.3618307582416,0.001,8.435422658920288
31,0,31,1127,112.58521270751953,111.39069656479721,0.001,9.70022177696228
32,0,32,1132,111.84805297851562,111.40524857796078,0.001,8.735500574111938
33,0,33,1769,110.86591339111328,111.38341067157512,0.001,8.512487411499023
34,0,34,1714,110.2702865600586,111.35170254291137,0.001,9.397504806518555
35,0,35,2060,107.98583221435547,111.25565363791468,0.001,9.627248764038086
36,0,36,1902,99.42669677734375,110.92870618953124,0.001,8.026859045028687
37,0,37,1373,98.00794982910156,110.65454247525386,0.001,9.607463359832764
38,0,38,2144,110.65413665771484,110.65453737361324,0.001,9.401373147964478
39,0,39,1627,114.14532470703125,110.74595209333346,0.001,9.291141510009766
40,0,40,1506,108.7561264038086,110.72287293216156,0.001,9.219733953475952
41,0,41,1365,126.48699188232422,110.91376451176855,0.001,7.529675483703613
42,0,42,1128,107.8023681640625,110.83673337859152,0.001,11.003854751586914
43,0,43,1502,112.00559997558594,110.87456365661886,0.001,8.087275266647339
44,0,44,1844,114.13215637207031,110.90723715195655,0.001,9.09263300895691
45,0,45,1181,120.59156799316406,111.12621194686811,0.001,8.74084210395813
46,0,46,2071,112.8194580078125,111.153556052477,0.001,9.052998542785645
47,0,47,1615,117.39936065673828,111.28981911298764,0.001,9.426068782806396
48,0,48,1394,102.51482391357422,111.09854656391144,0.001,7.937503814697266
49,0,49,1751,118.09136962890625,111.20598861661065,0.001,9.107240200042725
50,0,50,1393,112.47505187988281,111.23280662466028,0.001,8.690634965896606
51,0,51,1111,109.82275390625,111.20387964232555,0.001,10.81426453590393
52,0,52,2075,112.37627410888672,111.22057939706058,0.001,10.979681491851807
53,0,53,1126,115.17549896240234,111.3250405798961,0.001,7.815611362457275
54,0,54,1580,104.62786102294922,111.23207071040788,0.001,8.019222974777222
55,0,55,1693,99.34452056884766,110.93220673689937,0.001,8.042546510696411
56,0,56,1848,102.75435638427734,110.7295943420952,0.001,9.54816222190857
57,0,57,1361,102.94435119628906,110.66160739486793,0.001,8.927211999893188
58,0,58,1540,107.07774353027344,110.63032864799933,0.001,7.513290882110596
59,0,59,2113,115.40794372558594,110.7168106952832,0.001,10.276968955993652
60,0,60,1099,110.18704223632812,110.70445516620117,0.001,9.358686685562134
61,0,61,1577,116.91397094726562,110.81043004631563,0.001,8.588816404342651
62,0,62,1173,114.8415298461914,110.84326622189742,0.001,9.321332693099976
63,0,63,2098,112.69709014892578,110.86373517420769,0.001,9.660324096679688
64,0,64,1823,106.36652374267578,110.76289408098432,0.001,9.694163084030151
65,0,65,1541,123.09353637695312,110.8501537685983,0.001,10.69465708732605
66,0,66,1682,108.71488189697266,110.8159362637595,0.001,11.924727201461792
67,0,67,1311,107.38194274902344,110.74410359507469,0.001,8.482043266296387
68,0,68,1083,121.09992218017578,110.95166368828957,0.001,8.713834524154663
69,0,69,1109,101.37174987792969,110.76532932746747,0.001,9.005317449569702
70,0,70,1514,114.5493392944336,110.7921614442481,0.001,7.616634130477905
71,0,71,1434,113.80216979980469,110.83514647367183,0.001,10.368472814559937
72,0,72,1093,104.55448913574219,110.71586933657582,0.001,9.227699279785156
73,0,73,2328,111.43502807617188,110.72333778401683,0.001,8.701531171798706
74,0,74,2196,122.06289672851562,110.79276678947308,0.001,8.005335330963135
75,0,75,1617,109.56287384033203,110.77057391977335,0.001,9.518677711486816
76,0,76,1839,123.25636291503906,110.85170435110935,0.001,9.466451168060303
77,0,77,1343,114.01841735839844,110.87122470721211,0.001,8.2107515335083
78,0,78,2205,112.14822387695312,110.88894803957245,0.001,9.755294561386108
79,0,79,1344,99.19099426269531,110.73284813328745,0.001,8.808139562606812
80,0,80,1324,105.10401916503906,110.6344015574873,0.001,10.316381216049194
81,0,81,1333,103.9845199584961,110.54738773706295,0.001,9.476085901260376
82,0,82,1737,106.55818176269531,110.48096362608919,0.001,7.3077216148376465
83,0,83,2066,107.19320678710938,110.42593099172547,0.001,9.15752625465393
84,0,84,1306,97.09485626220703,110.20591516017942,0.001,9.686349630355835
85,0,85,2099,113.54650115966797,110.23541238035706,0.001,8.819983959197998
86,0,86,1896,106.29115295410156,110.18779637417296,0.001,8.784118890762329
87,0,87,1699,121.59222412109375,110.283530010856,0.001,9.161406755447388
88,0,88,1602,100.69317626953125,110.2472707339011,0.001,9.210702180862427
89,0,89,1482,121.11093139648438,110.3082813800827,0.001,8.312241077423096
90,0,90,2163,110.77639770507812,110.31394881961242,0.001,9.763566970825195
91,0,91,1161,117.66853332519531,110.35263471891042,0.001,9.74553894996643
92,0,92,2184,120.14840698242188,110.43481230824673,0.001,9.947471380233765
93,0,93,2073,118.51961517333984,110.47759512358127,0.001,9.246340036392212
94,0,94,1838,119.34239959716797,110.57729829950497,0.001,10.962717771530151
95,0,95,2050,106.88878631591797,110.54793710312516,0.001,8.981377840042114
96,0,96,1263,110.98382568359375,110.55282387808269,0.001,9.761301755905151
97,0,97,1484,119.44281005859375,110.65247461685428,0.001,9.429909944534302
98,0,98,1463,104.8690414428711,110.62597006116307,0.001,8.369430780410767
99,0,99,2191,109.43038177490234,110.61640152160484,0.001,8.651872634887695
100,0,100,2007,110.98149871826172,110.62033831135793,0.001,8.950417280197144
101,0,101,1903,111.25996398925781,110.62517560661833,0.001,10.971606492996216
102,0,102,2460,110.87178039550781,110.62643127533966,0.001,9.223625183105469
103,0,103,2166,113.46147155761719,110.64783700653383,0.001,8.102712392807007
104,0,104,1440,101.45014190673828,110.5531890724796,0.001,8.563679456710815
105,0,105,2455,114.28546905517578,110.57219650798791,0.001,8.3152494430542
106,0,106,1473,107.1822280883789,110.55026419518842,0.001,9.597517490386963
107,0,107,2172,95.18267822265625,110.38953947790608,0.001,7.951278209686279
108,0,108,2008,137.9340362548828,110.50968531820195,0.001,7.78906512260437
109,0,109,1569,105.90045166015625,110.46266123714237,0.001,7.7813720703125
110,0,110,2482,115.23531341552734,110.52689569485015,0.001,7.878984451293945
111,0,111,1717,125.2211685180664,110.59572094627862,0.001,7.930834770202637
112,0,112,1527,103.02217864990234,110.52153221563802,0.001,8.011688709259033
113,0,113,2293,112.06510925292969,110.53695150737853,0.001,7.940493583679199
114,0,114,1090,111.66377258300781,110.54464415902166,0.001,7.447102785110474
115,0,115,1735,113.08475494384766,110.556420204476,0.001,8.043124198913574
116,0,116,2499,117.87088012695312,110.6065844804341,0.001,8.309422731399536
117,0,117,1636,102.82762908935547,110.50821625207911,0.001,8.871561288833618
118,0,118,1495,120.59569549560547,110.60318379927976,0.001,9.901339054107666
119,0,119,2282,101.2825927734375,110.56188243913192,0.001,8.583475351333618
120,0,120,1819,95.97332000732422,110.4968452389642,0.001,9.413902282714844
121,0,121,2422,97.86579895019531,110.4411741508966,0.001,6.44317102432251
122,0,122,2064,108.90238189697266,110.42691715000379,0.001,7.804429769515991
123,0,123,2325,114.50090026855469,110.46398910732708,0.001,8.780304431915283
124,0,124,1777,114.97171783447266,110.5039539305263,0.001,9.781413078308105
125,0,125,1470,113.43997955322266,110.52945853382978,0.001,8.830576419830322
126,0,126,1649,97.61127471923828,110.41498490039017,0.001,9.138850927352905
127,0,127,1460,108.35120391845703,110.40198261778818,0.001,7.542470932006836
128,0,128,2202,108.7575454711914,110.38281826252827,0.001,9.634618043899536
129,0,129,1097,115.96839141845703,110.40517991098514,0.001,8.842007160186768
130,0,130,2505,110.71578216552734,110.40648162877365,0.001,8.981810092926025
131,0,131,2101,113.3341064453125,110.43999651161334,0.001,9.12900424003601
132,0,132,2095,109.4539794921875,110.42914115085536,0.001,7.883525371551514
133,0,133,2272,112.3551254272461,110.44520077944868,0.001,7.689146280288696
134,0,134,2398,103.63569641113281,110.37093131145399,0.001,9.268427610397339
135,0,135,1310,106.63676452636719,110.33005382158203,0.001,7.5602638721466064
136,0,136,2538,114.62296295166016,110.34672001438379,0.001,8.413721799850464
137,0,137,1120,95.73265838623047,110.26630839242722,0.001,11.225772619247437
138,0,138,1862,105.35955810546875,110.24745877255785,0.001,7.885703802108765
139,0,139,2462,111.32876586914062,110.25910782287168,0.001,8.066859483718872
140,0,140,2181,132.1104278564453,110.34202547564867,0.001,8.528574466705322
141,0,141,1088,102.67192077636719,110.28284715086711,0.001,9.594172716140747
142,0,142,274,106.93240356445312,110.25707152675324,0.001,10.74095368385315
143,0,143,2494,109.98818969726562,110.25500200005594,0.001,9.886965274810791
144,0,144,2040,122.39385986328125,110.38086822138196,0.001,9.78791332244873
145,0,145,1397,95.02183532714844,110.22340801380184,0.001,8.67707109451294
146,0,146,2452,111.99246978759766,110.23674848940571,0.001,9.822055578231812
147,0,147,2179,98.40292358398438,110.17247489151656,0.001,9.637358665466309
148,0,148,2583,108.54774475097656,110.16028624168665,0.001,11.29440712928772
149,0,149,1250,102.45207214355469,110.13337340166493,0.001,8.780122518539429
150,0,150,2343,116.65193176269531,110.16730765044758,0.001,10.229275465011597
151,0,151,2450,120.8319320678711,110.2439981431934,0.001,7.5782458782196045
152,0,152,266,119.283203125,110.3316033052845,0.001,10.62713623046875
153,0,153,1264,116.64083099365234,110.35374782715418,0.001,9.628314971923828
154,0,154,2590,128.52578735351562,110.44429015952402,0.001,10.14916443824768
155,0,155,1532,109.69196319580078,110.43718429224248,0.001,8.761420249938965
156,0,156,2601,115.49593353271484,110.48399455995637,0.001,10.308564186096191
157,0,157,2498,127.07510375976562,110.56709017118892,0.001,10.479602575302124
158,0,158,2251,120.47984313964844,110.61774102440826,0.001,10.934408903121948
159,0,159,1089,111.91687774658203,110.62972214532259,0.001,9.691355466842651
160,0,160,1806,104.36532592773438,110.57228727511445,0.001,9.226076602935791
161,0,161,2399,106.59709167480469,110.56068003342806,0.001,9.452611207962036
162,0,162,2513,101.00205993652344,110.52980304604755,0.001,11.968261003494263
163,0,163,2476,119.64501190185547,110.55942870706964,0.001,8.794811248779297
164,0,164,1585,105.33721160888672,110.51308638404083,0.001,10.296863317489624
165,0,165,1262,114.5350341796875,110.52576016954191,0.001,9.219958066940308
166,0,166,2229,103.33883666992188,110.49606890236772,0.001,9.50829029083252
167,0,167,190,111.07623291015625,110.50132037720611,0.001,9.517506837844849
168,0,168,2529,111.64641571044922,110.50903392227401,0.001,9.674115419387817
169,0,169,2511,128.48570251464844,110.59421317446184,0.001,8.05916976928711
170,0,170,2432,112.59695434570312,110.60051118304165,0.001,9.75102949142456
171,0,171,2533,107.87591552734375,110.58762354651002,0.001,10.355504751205444
172,0,172,1832,112.15679931640625,110.60112403615071,0.001,9.70421814918518
173,0,173,2406,110.5306625366211,110.60051800462855,0.001,10.120702028274536
174,0,174,2603,104.27117156982422,110.54837551135228,0.001,12.333661794662476
175,0,175,2543,103.12520599365234,110.50133331726273,0.001,9.277864694595337
176,0,176,2596,119.35047912597656,110.54092074963472,0.001,8.186168193817139
177,0,177,2668,121.64747619628906,110.61089656146167,0.001,9.501164436340332
178,0,178,1317,115.60503387451172,110.62563907641065,0.001,8.572787046432495
179,0,179,1812,105.11654663085938,110.57987020871039,0.001,8.712693214416504
180,0,180,1791,110.09420013427734,110.5777746032456,0.001,9.208735704421997
181,0,181,1756,103.01708984375,110.53244512209024,0.001,10.121282577514648
182,0,182,1568,115.46501922607422,110.56212364656342,0.001,8.464864492416382
183,0,183,1814,117.35936737060547,110.60248168128908,0.001,8.962247848510742
184,0,184,1925,138.425537109375,110.68125508521263,0.001,9.58986759185791
185,0,185,272,117.80317687988281,110.71186407652891,0.001,9.047257423400879
186,0,186,1878,114.62606048583984,110.72831027992937,0.001,9.36482048034668
187,0,187,2401,111.29637908935547,110.73171983587405,0.001,9.238609790802002
188,0,188,1620,115.15384674072266,110.74003997214261,0.001,10.379055261611938
189,0,189,2672,113.23502349853516,110.75965716401336,0.001,8.105075359344482
190,0,190,2834,115.9427261352539,110.800008437934,0.001,6.998035669326782
191,0,191,2449,105.57601165771484,110.76977527719855,0.001,10.706639766693115
192,0,192,2427,98.16377258300781,110.69880842664759,0.001,9.3286874294281
193,0,193,2547,101.25166320800781,110.64463334604517,0.001,8.455726861953735
194,0,194,1453,109.58380889892578,110.6419505441371,0.001,9.092228889465332
195,0,195,1616,125.20826721191406,110.72642375791122,0.001,9.661702394485474
196,0,196,2188,103.20864868164062,110.68438338156581,0.001,9.67011570930481
197,0,197,2794,103.42632293701172,110.66471384106566,0.001,9.829932928085327
198,0,198,2436,100.30699157714844,110.63683315833397,0.001,9.084735631942749
199,0,199,1802,124.92489624023438,110.71617286689597,0.001,8.93154239654541
200,0,200,2219,119.86380767822266,110.73892291380679,0.001,9.691997051239014
201,0,201,2392,113.49646759033203,110.74996600312079,0.001,10.092317342758179
202,0,202,1530,104.91830444335938,110.70724330617284,0.001,10.655811548233032
203,0,203,2378,115.0279312133789,110.73113724667677,0.001,8.822588920593262
204,0,204,2034,108.41168212890625,110.71459494388714,0.001,7.925291299819946
205,0,205,29,113.16915893554688,110.72776675870661,0.001,9.872961521148682
206,0,206,2523,107.07778930664062,110.70162877084665,0.001,9.881225109100342
207,0,207,2335,124.25721740722656,110.73703833008132,0.001,9.135233879089355
208,0,208,1626,114.97272491455078,110.74744480257849,0.001,8.279444456100464
209,0,209,1845,118.26053619384766,110.76540169801142,0.001,9.718955278396606
210,0,210,2548,102.79231262207031,110.72387052874197,0.001,7.993884086608887
211,0,211,2874,112.06336212158203,110.73078424970967,0.001,9.637791633605957
212,0,212,1441,113.23301696777344,110.73718677777944,0.001,7.676598072052002
213,0,213,2174,102.09443664550781,110.6787188012793,0.001,10.486674547195435
214,0,214,38,109.9278793334961,110.6759091614812,0.001,8.595428705215454
215,0,215,1821,115.63182830810547,110.68811057624649,0.001,9.62673568725586
216,0,216,2347,121.38125610351562,110.74318670716283,0.001,9.491434574127197
217,0,217,363,104.76917266845703,110.72861594121477,0.001,6.244592905044556
218,0,218,1360,127.75955200195312,110.76905555827813,0.001,10.819759130477905
219,0,219,1576,123.54637145996094,110.79972406821774,0.001,9.137142896652222
220,0,220,250,97.89916229248047,110.76824658489454,0.001,8.664436340332031
221,0,221,1807,98.15619659423828,110.68401046393001,0.001,10.120737552642822
222,0,222,2443,98.41627502441406,110.6225418467442,0.001,7.204348087310791
223,0,223,2000,104.1098861694336,110.60710230801514,0.001,8.496111869812012
224,0,224,1182,105.94054412841797,110.58351477436514,0.001,7.6219048500061035
225,0,225,1113,119.29296112060547,110.64129775150003,0.001,9.400599479675293
226,0,226,1149,92.23666381835938,110.54924747828416,0.001,10.12745451927185
227,0,227,1443,106.9773941040039,110.52594009931066,0.001,8.163318872451782
228,0,228,1914,93.26774597167969,110.48561179996986,0.001,9.843209028244019
229,0,229,1334,130.73318481445312,110.5320418529909,0.001,8.900137424468994
230,0,230,2479,116.57733917236328,110.56054130101066,0.001,8.92627239227295
231,0,231,2534,125.3740463256836,110.59529670409715,0.001,10.738519430160522
232,0,232,2349,119.1921615600586,110.65038540843452,0.001,10.430630683898926
233,0,233,2782,109.97859191894531,110.64603907506128,0.001,8.893182039260864
234,0,234,1339,141.14334106445312,110.71671350697429,0.001,10.08071780204773
235,0,235,2781,104.01840209960938,110.69669170323873,0.001,10.606467485427856
236,0,236,1480,119.98030090332031,110.7174387716599,0.001,9.15592074394226
237,0,237,2464,98.21449279785156,110.68851635660195,0.001,10.284467935562134
238,0,238,344,115.78065490722656,110.70005327883565,0.001,9.051899909973145
239,0,239,2225,115.00788879394531,110.72708052316406,0.001,9.761691093444824
240,0,240,2197,109.23845672607422,110.72013968859068,0.001,8.897756814956665
241,0,241,1764,111.8225326538086,110.72712510407759,0.001,7.022866249084473
242,0,242,1909,111.22746276855469,110.7301713934844,0.001,8.9388587474823
243,0,243,2546,92.29781341552734,110.64582428923134,0.001,8.406119346618652
244,0,244,2929,112.87477111816406,110.65606856417787,0.001,8.508527278900146
245,0,245,1706,113.63728332519531,110.6696432257439,0.001,7.1956562995910645
246,0,246,2669,110.17479705810547,110.66855405127409,0.001,9.198002338409424
247,0,247,2149,106.60273742675781,110.64982143905658,0.001,7.669402837753296
248,0,248,175,122.2665786743164,110.68815819921932,0.001,10.7362802028656
249,0,249,1551,113.045166015625,110.6989501261863,0.001,10.501600980758667
250,0,250,2569,110.5321044921875,110.69841654264938,0.001,8.962393999099731
251,0,251,368,98.3069076538086,110.64117990055756,0.001,9.969127655029297
252,0,252,432,110.38522338867188,110.6400625543836,0.001,8.8611900806427
253,0,253,2565,117.80389404296875,110.65546558886926,0.001,9.986412286758423
254,0,254,1326,126.87530517578125,110.68918437546958,0.001,9.73436164855957
255,0,255,367,136.85824584960938,110.7707103435728,0.001,9.843811511993408
256,0,256,256,110.80558013916016,110.77081872350112,0.001,10.346220016479492
257,0,257,2435,102.30548095703125,110.75256815166362,0.001,9.729053020477295
258,0,258,254,105.85342407226562,110.72417143708073,0.001,9.453070163726807
259,0,259,2448,102.43421936035156,110.6764475826436,0.001,8.677340030670166
260,0,260,2763,120.565185546875,110.69671249307044,0.001,7.791311025619507
261,0,261,2051,112.65579223632812,110.70521913034104,0.001,8.5605788230896
262,0,262,436,118.46847534179688,110.72866513419552,0.001,9.852041721343994
263,0,263,1965,104.38040161132812,110.69215498644604,0.001,9.4529390335083
264,0,264,2241,103.35823059082031,110.65003551590105,0.001,7.899032831192017
265,0,265,453,116.7608413696289,110.66838372145305,0.001,10.820998907089233
266,0,266,2552,116.52764129638672,110.6928845633939,0.001,9.318458795547485
267,0,267,1346,116.33995819091797,110.72338069653047,0.001,9.950778484344482
268,0,268,2692,122.66979217529297,110.789834286691,0.001,10.600658178329468
269,0,269,446,102.22267150878906,110.75447844596336,0.001,10.201929807662964
270,0,270,1768,115.48383331298828,110.76377149181286,0.001,8.433555364608765
271,0,271,56,121.13819122314453,110.80666008751767,0.001,9.374304056167603
272,0,272,2775,112.36180114746094,110.81297725891034,0.001,9.199176788330078
273,0,273,2297,119.9651870727539,110.8513184804384,0.001,9.554413795471191
274,0,274,1809,117.86170196533203,110.88872489550762,0.001,10.13814640045166
275,0,275,2585,111.99034118652344,110.89311338708863,0.001,6.856832504272461
276,0,276,2147,102.64511108398438,110.84840019868611,0.001,9.48993992805481
277,0,277,1274,115.31916809082031,110.86603386830777,0.001,9.347149848937988
278,0,278,1864,110.68766021728516,110.86568997231885,0.001,11.260534286499023
279,0,279,1557,100.91023254394531,110.81234669960533,0.001,9.59419059753418
280,0,280,1105,99.99171447753906,110.7909755900659,0.001,9.038486957550049
281,0,281,2067,114.83438110351562,110.80272890645988,0.001,8.302624940872192
282,0,282,1828,115.60528564453125,110.82860127312901,0.001,9.2678062915802
283,0,283,2192,102.15776824951172,110.81493087736412,0.001,8.808098793029785
284,0,284,680,130.95022583007812,110.85232995337095,0.001,10.101751565933228
285,0,285,64,122.98208618164062,110.87534942335535,0.001,9.389024496078491
286,0,286,2298,110.84516143798828,110.87529438781634,0.001,10.308173418045044
287,0,287,408,111.40560150146484,110.8767625897266,0.001,10.251004457473755
288,0,288,710,106.09363555908203,110.85820961732553,0.001,8.51822018623352
289,0,289,469,110.93354034423828,110.85859793727904,0.001,7.395534038543701
290,0,290,1575,109.86524963378906,110.85466958036847,0.001,9.610294580459595
291,0,291,719,100.20344543457031,110.80001029416671,0.001,8.570322513580322
292,0,292,2341,112.17927551269531,110.80709612539026,0.001,9.190672874450684
293,0,293,2221,108.1192855834961,110.79665933580527,0.001,9.792315483093262
294,0,294,2722,107.92859649658203,110.79186139099927,0.001,9.25396203994751
295,0,295,2055,118.4748764038086,110.83063904811146,0.001,9.035597801208496
296,0,296,1196,111.63407897949219,110.83196480345885,0.001,9.838425874710083
297,0,297,1570,100.69603729248047,110.81356305662814,0.001,8.343075037002563
298,0,298,492,91.43270874023438,110.71642934572277,0.001,8.25656771659851
299,0,299,2767,100.02411651611328,110.67590534490701,0.001,10.377522230148315
300,0,300,273,116.43968963623047,110.69756026251983,0.001,9.889616250991821
301,0,301,2595,148.12742614746094,110.76330367761632,0.001,7.926794052124023
302,0,302,1123,102.90359497070312,110.74254900825517,0.001,9.059121131896973
303,0,303,2673,103.48535919189453,110.71533276968277,0.001,10.451467752456665
304,0,304,1302,102.97876739501953,110.67984685096754,0.001,9.054286479949951
305,0,305,407,120.66324615478516,110.71641742512394,0.001,9.631766319274902
306,0,306,1372,115.2841796875,110.73300988997546,0.001,9.554975032806396
307,0,307,468,102.43035888671875,110.69318928425335,0.001,8.750054597854614
308,0,308,2425,104.78971862792969,110.67173443452188,0.001,8.218418598175049
309,0,309,514,130.08096313476562,110.72247621251303,0.001,7.697770833969116
310,0,310,2564,96.28219604492188,110.6714346593986,0.001,9.38858437538147
311,0,311,2614,113.234375,110.68356983966035,0.001,7.7476723194122314
312,0,312,2861,91.22642517089844,110.61370093154846,0.001,8.48818850517273
313,0,313,2377,107.785400390625,110.60368732642554,0.001,8.232698440551758
314,0,314,607,118.25379180908203,110.61611310441417,0.001,8.198027849197388
315,0,315,382,119.8075180053711,110.63118147296204,0.001,8.393441915512085
316,0,316,1399,111.28382873535156,110.63429572117334,0.001,9.450320482254028
317,0,317,601,105.89784240722656,110.61214832397187,0.001,8.426482915878296
318,0,318,2793,108.09461212158203,110.60022606130093,0.001,7.336665630340576
319,0,319,65,117.45772552490234,110.61187796575106,0.001,8.711376905441284
320,0,320,834,105.12277221679688,110.58651526259929,0.001,8.139229536056519
321,0,321,1117,120.33142852783203,110.6208390355445,0.001,10.091280698776245
322,0,322,2588,117.12901306152344,110.65105926934686,0.001,9.40192174911499
323,0,323,1174,111.59227752685547,110.654298137252,0.001,10.15036654472351
324,0,324,819,113.29913330078125,110.66338327550194,0.001,10.407318353652954
325,0,325,1368,128.2710723876953,110.70715815001657,0.001,8.716277837753296
326,0,326,2510,114.00871276855469,110.72197710360342,0.001,7.277638673782349
327,0,327,873,110.27421569824219,110.72134117877876,0.001,9.068598747253418
328,0,328,1265,114.91059875488281,110.72811628828401,0.001,7.92535138130188
329,0,329,523,116.84688568115234,110.75585608894568,0.001,9.671435594558716
330,0,330,727,131.95703125,110.78933733844303,0.001,8.909554958343506
331,0,331,518,117.34394073486328,110.79986846025835,0.001,8.072867393493652
332,0,332,361,102.1193618774414,110.76302670845075,0.001,8.779391050338745
333,0,333,2619,110.21737670898438,110.76183599312374,0.001,10.520337581634521
334,0,334,340,108.11327362060547,110.75300483761085,0.001,9.19260048866272
335,0,335,2563,114.05458068847656,110.76085329888426,0.001,9.64540719985962
336,0,336,2610,128.85731506347656,110.78946475533638,0.001,8.545489072799683
337,0,337,1549,114.50621032714844,110.79849101647541,0.001,7.643477201461792
338,0,338,441,112.22152709960938,110.80317050701878,0.001,10.649190187454224
339,0,339,989,122.28770446777344,110.84079131817502,0.001,9.937655687332153
340,0,340,2864,114.36992645263672,110.84913403827635,0.001,10.373641967773438
341,0,341,336,104.9916763305664,110.82349157762455,0.001,9.052476406097412
342,0,342,2249,105.21817016601562,110.80491213777142,0.001,9.097682237625122
343,0,343,377,134.51622009277344,110.85984745933243,0.001,8.257509231567383
344,0,344,2274,98.68363189697266,110.82122520294344,0.001,8.4945707321167
345,0,345,68,123.15664672851562,110.85020194553486,0.001,8.641990661621094
346,0,346,858,109.70185089111328,110.84860630393942,0.001,8.991280317306519
347,0,347,689,108.859375,110.84405587507764,0.001,10.27341604232788
348,0,348,1481,115.24832153320312,110.8583417247774,0.001,7.685011863708496
349,0,349,2901,117.1666030883789,110.873068574726,0.001,7.4337732791900635
350,0,350,2832,105.00160217285156,110.84934746917264,0.001,8.484275102615356
351,0,351,706,118.64374542236328,110.86133240678124,0.001,9.116047382354736
352,0,352,2652,119.67680358886719,110.87441454347297,0.001,9.840301990509033
353,0,353,991,116.47340393066406,110.88267651688285,0.001,9.00311541557312
354,0,354,1921,110.81520080566406,110.88246379463465,0.001,8.778075456619263
355,0,355,803,116.3426742553711,110.89044539929269,0.001,11.333339214324951
356,0,356,2243,122.94180297851562,110.94100281065857,0.001,7.98211407661438
357,0,357,405,105.53002166748047,110.92861667535242,0.001,8.705291032791138
358,0,358,981,118.38184356689453,110.95194526220531,0.001,10.521397113800049
359,0,359,77,111.63916778564453,110.95411158000262,0.001,8.989981412887573
360,0,360,986,108.36054992675781,110.9459280487553,0.001,9.155659675598145
361,0,361,2233,113.74481964111328,110.95209134589828,0.001,7.440363645553589
362,0,362,74,114.4290771484375,110.9571412533495,0.001,9.001050233840942
363,0,363,2906,108.40303039550781,110.94929450572668,0.001,9.908172369003296
364,0,364,728,109.08607482910156,110.94355120624456,0.001,9.538349866867065
365,0,365,2613,121.53036499023438,110.9755789680619,0.001,9.60120439529419
366,0,366,383,107.27095794677734,110.96097652939176,0.001,7.0914976596832275
367,0,367,685,109.61087036132812,110.95692501400526,0.001,7.269869565963745
368,0,368,2772,110.61030578613281,110.95587713628638,0.001,7.889470815658569
369,0,369,448,114.2398681640625,110.96603767546586,0.001,9.746320486068726
370,0,370,1503,104.62977600097656,110.95344785321295,0.001,9.62668776512146
371,0,371,2654,103.3304214477539,110.92277144614191,0.001,7.731710433959961
372,0,372,2340,121.51483154296875,110.95381540885634,0.001,7.619421482086182
373,0,373,2270,106.10336303710938,110.93429850214977,0.001,8.295696258544922
374,0,374,913,117.6733627319336,110.94857855442365,0.001,9.782957315444946
375,0,375,2117,110.90481567382812,110.9484517012886,0.001,10.361584186553955
376,0,376,1690,101.04491424560547,110.93435233041527,0.001,9.838690519332886
377,0,377,864,124.35047912597656,110.95226253142607,0.001,10.089504480361938
378,0,378,2223,104.79618072509766,110.9278829127228,0.001,9.100229501724243
379,0,379,788,105.79825592041016,110.90772805872946,0.001,9.553223133087158
380,0,380,2157,110.52759552001953,110.90624465315148,0.001,7.407163381576538
381,0,381,1571,109.0530014038086,110.89906331670964,0.001,8.283767223358154
382,0,382,2580,113.69830322265625,110.90966282788547,0.001,9.003579139709473
383,0,383,759,120.03873443603516,110.93582986618702,0.001,7.771042346954346
384,0,384,682,131.003173828125,111.01248859027565,0.001,8.263670682907104
385,0,385,2608,94.93040466308594,110.94966850420623,0.001,10.231431722640991
386,0,386,2758,112.01760864257812,110.95271525184046,0.001,8.505518436431885
387,0,387,519,114.95741271972656,110.96802764853042,0.001,10.136589765548706
388,0,388,1516,110.00802612304688,110.96531312968715,0.001,8.778964757919312
389,0,389,2204,97.9507064819336,110.91684422469667,0.001,8.832582235336304
390,0,390,954,121.51484680175781,110.93111937766614,0.001,9.058150291442871
391,0,391,1797,131.21681213378906,110.95901445306528,0.001,7.370221376419067
392,0,392,771,108.18311309814453,110.9512332552353,0.001,8.368443489074707
393,0,393,914,102.18954467773438,110.92668007586418,0.001,10.793143033981323
394,0,394,2911,100.59884643554688,110.91388685996938,0.001,8.339312076568604
395,0,395,424,116.33987426757812,110.9242212491719,0.001,9.724210977554321
396,0,396,2502,114.28913116455078,110.93687530992122,0.001,9.313440561294556
397,0,397,616,106.83970642089844,110.92181691557893,0.001,9.866695404052734
398,0,398,342,103.83502197265625,110.89520498914506,0.001,8.543937921524048
399,0,399,2294,117.99960327148438,110.9042693266969,0.001,9.267863273620605
400,0,400,962,101.8851547241211,110.88631586343647,0.001,10.157714605331421
401,0,401,2923,130.0347442626953,110.92290066361117,0.001,11.866260051727295
402,0,402,1700,112.35027313232422,110.92586116420884,0.001,8.820066452026367
403,0,403,916,112.197509765625,110.92755473025628,0.001,10.260859251022339
404,0,404,374,98.77206420898438,110.88342089153751,0.001,9.284699440002441
405,0,405,481,112.79388427734375,110.88863597794622,0.001,8.991490125656128
406,0,406,801,119.15935516357422,110.90426715807742,0.001,9.838261842727661
407,0,407,904,111.16893005371094,110.9047222707516,0.001,10.343167304992676
408,0,408,400,113.2467269897461,110.90879406242733,0.001,8.035024166107178
409,0,409,1951,116.11360168457031,110.92291916644153,0.001,9.938164472579956
410,0,410,447,128.05284118652344,110.94525974767492,0.001,8.778829336166382
411,0,411,1519,111.35822296142578,110.9463949036529,0.001,10.21400761604309
412,0,412,2593,103.1716079711914,110.92502969564373,0.001,9.023102760314941
413,0,413,490,112.8042221069336,110.92748360634462,0.001,8.238216876983643
414,0,414,1488,104.76432800292969,110.90679294013523,0.001,9.746624946594238
415,0,415,721,105.11162567138672,110.89590962744562,0.001,8.925565481185913
416,0,416,2522,97.4248275756836,110.86033241600164,0.001,8.759730815887451
417,0,417,705,100.250732421875,110.82215494580977,0.001,9.384866714477539
418,0,418,1395,123.84202575683594,110.83887337961853,0.001,10.16426420211792
419,0,419,1153,106.28385925292969,110.82268624683374,0.001,10.509916543960571
420,0,420,1081,103.04765319824219,110.80215001288919,0.001,9.653303384780884
421,0,421,1888,111.92279052734375,110.8060145172522,0.001,8.59195590019226
422,0,422,372,122.2930679321289,110.81862084049625,0.001,9.163853645324707
423,0,423,459,106.16997528076172,110.81286229161239,0.001,9.045926570892334
424,0,424,2013,120.70518493652344,110.82499302345312,0.001,7.997724533081055
425,0,425,507,107.939697265625,110.82248811555141,0.001,10.419367790222168
426,0,426,707,104.04203033447266,110.81458589907555,0.001,8.542651653289795
427,0,427,455,102.92459869384766,110.80706650092417,0.001,8.615994453430176
428,0,428,2709,113.16753387451172,110.80996093778982,0.001,10.50152325630188
429,0,429,1766,106.686767578125,110.80631250797644,0.001,9.97399353981018
430,0,430,863,101.7278823852539,110.78255935825587,0.001,9.624034881591797
431,0,431,2152,101.584716796875,110.75895471007827,0.001,10.035369396209717
432,0,432,2694,127.987548828125,110.7800390194895,0.001,9.098994255065918
433,0,433,2706,110.60337829589844,110.779832381167,0.001,10.22314167022705
434,0,434,2535,137.22705078125,110.81233050185246,0.001,8.764548063278198
435,0,435,471,102.60810852050781,110.78445809619339,0.001,8.977787971496582
436,0,436,787,108.46937561035156,110.78158500655613,0.001,9.633033752441406
437,0,437,1938,103.39459228515625,110.77287293157775,0.001,8.668035745620728
438,0,438,2216,120.81404113769531,110.78386865821771,0.001,9.972475290298462
439,0,439,2235,113.26221466064453,110.79228162443913,0.001,10.442472219467163
440,0,440,2789,107.45133209228516,110.78379558358,0.001,9.432506084442139
441,0,441,811,110.18437194824219,110.78312207292007,0.001,10.396171569824219
442,0,442,521,119.73420715332031,110.79391075371794,0.001,9.723022699356079
443,0,443,403,101.28165435791016,110.77683166626295,0.001,8.785234212875366
444,0,444,2387,109.91560363769531,110.77526987713085,0.001,8.51076865196228
445,0,445,2080,108.73534393310547,110.76835649216859,0.001,9.652806282043457
446,0,446,966,105.64611053466797,110.75931723459654,0.001,7.951280355453491
447,0,447,951,107.15341186523438,110.7502744608461,0.001,9.585119485855103
448,0,448,977,115.94212341308594,110.75930673042382,0.001,7.914995908737183
449,0,449,699,99.68606567382812,110.73201026324003,0.001,8.712475776672363
450,0,450,1155,117.52355194091797,110.74024060179222,0.001,7.270448207855225
451,0,451,808,105.326904296875,110.72684741266843,0.001,9.190926551818848
452,0,452,990,95.1734619140625,110.68723310436437,0.001,7.469711542129517
453,0,453,961,103.76838684082031,110.66445757605955,0.001,9.776148557662964
454,0,454,337,118.09449005126953,110.67634617032466,0.001,9.143618822097778
455,0,455,789,110.30596160888672,110.67543424154124,0.001,9.790368556976318
456,0,456,1342,118.96407318115234,110.69548459115377,0.001,11.168324708938599
457,0,457,2537,109.00609588623047,110.69123898148683,0.001,10.200538873672485
458,0,458,1945,110.96833801269531,110.69214512216203,0.001,9.201562881469727
459,0,459,915,110.57412719726562,110.69201251204565,0.001,8.99428677558899
460,0,460,2784,118.35668182373047,110.71705027002756,0.001,8.033397436141968
461,0,461,773,121.18278503417969,110.74251858206637,0.001,8.159870624542236
462,0,462,825,108.77661895751953,110.74030065647618,0.001,9.825588703155518
463,0,463,956,105.58346557617188,110.7237016002321,0.001,8.275168657302856
464,0,464,376,124.40460968017578,110.73970630451191,0.001,10.653286218643188
465,0,465,2660,119.92771911621094,110.7686646751947,0.001,9.124263048171997
466,0,466,920,109.33369445800781,110.76400164748172,0.001,8.91181468963623
467,0,467,686,105.38066864013672,110.75080737167,0.001,9.545007228851318
468,0,468,37,106.2895278930664,110.73665950370544,0.001,7.133229970932007
469,0,469,60,121.46324157714844,110.75489670346708,0.001,7.697255373001099
470,0,470,743,122.5643539428711,110.76821735968379,0.001,11.06943130493164
471,0,471,695,99.36377716064453,110.74085554620503,0.001,9.893297672271729
472,0,472,972,108.87141418457031,110.73650212250371,0.001,9.369777917861938
473,0,473,2070,111.53153991699219,110.73900439218515,0.001,9.93687653541565
474,0,474,611,102.90406036376953,110.72601087013744,0.001,7.619075298309326
475,0,475,264,96.2849349975586,110.69176765088577,0.001,10.008234977722168
476,0,476,742,102.89442443847656,110.66723873486978,0.001,8.342368125915527
477,0,477,814,102.0270004272461,110.65732151765688,0.001,10.286022424697876
478,0,478,2927,89.03673553466797,110.63640461092433,0.001,7.583896636962891
479,0,479,94,106.82780456542969,110.62522168058591,0.001,10.023575782775879
480,0,480,2140,120.48329162597656,110.63570987044488,0.001,9.587861061096191
481,0,481,461,110.00083923339844,110.63375737518538,0.001,7.6100687980651855
482,0,482,325,92.37483978271484,110.59150574125742,0.001,9.275765180587769
483,0,483,496,99.13734436035156,110.56610351206027,0.001,9.587504625320435
484,0,484,28,115.15190887451172,110.57113262255416,0.001,9.943686723709106
485,0,485,1676,105.31031036376953,110.55482992599305,0.001,11.529330253601074
486,0,486,870,104.43914031982422,110.54475047109088,0.001,10.258039951324463
487,0,487,2682,102.29034423828125,110.51912844918846,0.001,8.809008598327637
488,0,488,488,118.31794738769531,110.54269516431035,0.001,9.125997066497803
489,0,489,32,102.9184799194336,110.5190767717141,0.001,9.803670167922974
490,0,490,388,112.21504211425781,110.52084095764087,0.001,8.29657244682312
491,0,491,522,105.38152313232422,110.50521342110136,0.001,8.999351978302002
492,0,492,770,95.46371459960938,110.47061292128227,0.001,8.43452763557434
493,0,493,861,120.75894165039062,110.48726648738362,0.001,10.661320686340332
494,0,494,2930,110.40992736816406,110.48718506925522,0.001,8.520293235778809
495,0,495,390,116.07466125488281,110.4959662903358,0.001,9.445003032684326
496,0,496,458,111.77215576171875,110.49737527988361,0.001,9.156108140945435
497,0,497,2750,120.52962493896484,110.50804859724366,0.001,7.177297830581665
498,0,498,851,102.84345245361328,110.48455892153112,0.001,8.15450143814087
499,0,499,2720,120.39678955078125,110.49435419853926,0.001,7.93129563331604
500,1,0,2203,122.86605834960938,122.86605834960938,0.001,7.127472400665283
501,1,1,694,107.5490951538086,115.22279599136594,0.001,10.076701402664185
502,1,2,2871,97.13741302490234,109.21918681908613,0.001,8.641693592071533
503,1,3,67,102.83463287353516,107.93999302934729,0.001,9.815167665481567
504,1,4,1122,106.00359344482422,107.69437692437315,0.001,9.32511591911316
505,1,5,1772,105.8061752319336,107.33297437558748,0.001,8.470513105392456
506,1,6,1679,122.97664642333984,108.79428870892305,0.001,8.59477424621582
507,1,7,852,104.69781494140625,108.33325989149209,0.001,7.836782693862915
508,1,8,693,110.79718017578125,108.65893685307812,0.001,10.633601188659668
509,1,9,778,107.85088348388672,108.58689095171823,0.001,9.734768629074097
510,1,10,434,119.93689727783203,109.01039865045382,0.001,10.604570627212524
511,1,11,1442,107.07350158691406,108.89898948468857,0.001,9.45255708694458
512,1,12,2845,106.11175537109375,108.62595453979777,0.001,8.8665132522583
513,1,13,1793,105.7891845703125,108.37556852721568,0.001,9.175885677337646
514,1,14,378,116.03565216064453,109.00470648092262,0.001,8.737139701843262
515,1,15,1915,118.30804443359375,109.39258172908522,0.001,10.637780666351318
516,1,16,69,104.09245300292969,109.00293534721881,0.001,8.328400611877441
517,1,17,98,95.87300109863281,108.10707629401038,0.001,9.88301420211792
518,1,18,1493,110.35991668701172,108.25066155122812,0.001,8.22776985168457
519,1,19,2584,102.47686767578125,107.9065506335315,0.001,7.7741570472717285
520,1,20,717,112.53358459472656,108.16747565555316,0.001,9.29770803451538
521,1,21,73,122.10564422607422,108.44622612184939,0.001,8.363323211669922
522,1,22,2617,110.92236328125,108.57517943114578,0.001,9.91219425201416
523,1,23,350,113.58729553222656,108.76601845321967,0.001,9.344983100891113
524,1,24,1556,105.68328094482422,108.65321855597983,0.001,9.858120918273926
525,1,25,832,96.76323699951172,108.10535850133107,0.001,8.712154865264893
526,1,26,1370,96.72148132324219,107.7204804701032,0.001,9.224704504013062
527,1,27,774,107.06295013427734,107.69909809671141,0.001,10.634645700454712
528,1,28,2413,112.34656524658203,107.84724794125862,0.001,9.722103357315063
529,1,29,2327,112.33285522460938,107.9440108353897,0.001,7.920676946640015
530,1,30,1543,125.58598327636719,108.20256470463808,0.001,9.397026538848877
531,1,31,2458,112.79663848876953,108.33731051767562,0.001,10.742733716964722
532,1,32,1879,120.1807861328125,108.58522025138906,0.001,9.101170778274536
533,1,33,919,101.6956787109375,108.32639854810945,0.001,10.914908647537231
534,1,34,2278,101.93894958496094,108.1514776673307,0.001,7.720049142837524
535,1,35,1692,110.88670349121094,108.24613165091681,0.001,8.784095287322998
536,1,36,2909,119.58035278320312,108.53626292835189,0.001,8.867445468902588
537,1,37,401,112.57726287841797,108.63636006819642,0.001,8.792267084121704
538,1,38,827,110.24939727783203,108.65973137342726,0.001,9.667808294296265
539,1,39,392,105.41432189941406,108.5584567608389,0.001,9.247543811798096
540,1,40,1554,106.90907287597656,108.53986636874936,0.001,7.951472520828247
541,1,41,1839,117.53023529052734,108.63680069540334,0.001,8.97070860862732
542,1,42,1809,114.66986846923828,108.81383402471235,0.001,8.075328588485718
543,1,43,1317,111.56754302978516,108.84287806199397,0.001,9.66025972366333
544,1,44,1128,102.86265563964844,108.71291182229258,0.001,10.026911973953247
545,1,45,1626,110.43328094482422,108.72993996880747,0.001,8.92907452583313
546,1,46,1339,136.70455932617188,109.01776793315143,0.001,9.375004053115845
547,1,47,1530,101.63105773925781,108.8142151451264,0.001,10.002355813980103
548,1,48,1844,111.86270904541016,108.84068297580066,0.001,10.469303131103516
549,1,49,1568,111.58938598632812,108.89553924458527,0.001,9.740413904190063
550,1,50,1794,94.99592590332031,108.6262688314594,0.001,8.990554571151733
551,1,51,1161,113.05368041992188,108.66503674493778,0.001,9.571339845657349
552,1,52,1506,103.89400482177734,108.62329031230507,0.001,10.197669267654419
553,1,53,1098,116.48247528076172,108.73157643777257,0.001,8.805448532104492
554,1,54,1324,101.60515594482422,108.55607512051873,0.001,9.148397207260132
555,1,55,1081,101.58956146240234,108.42847066242452,0.001,7.149532318115234
556,1,56,1265,111.14590454101562,108.45200822743851,0.001,10.404457569122314
557,1,57,2040,117.58628845214844,108.670249363925,0.001,9.98735523223877
558,1,58,1313,92.1170425415039,108.30443617190217,0.001,8.210741996765137
559,1,59,1577,112.39181518554688,108.37363550326045,0.001,9.604172945022583
560,1,60,1383,109.75140380859375,108.39042865165614,0.001,9.004298686981201
561,1,61,1571,106.78412628173828,108.35533939702158,0.001,7.530335903167725
562,1,62,1460,104.84484100341797,108.31443507094895,0.001,7.384914875030518
563,1,63,1772,104.63877868652344,108.23531751099405,0.001,7.748236417770386
564,1,64,1821,112.56031799316406,108.2677098823821,0.001,9.917924642562866
565,1,65,1938,101.3808364868164,108.21815709997462,0.001,8.461657524108887
566,1,66,1514,109.3414535522461,108.22640921380898,0.001,8.230449438095093
567,1,67,1360,122.82434844970703,108.33062091037736,0.001,10.580071687698364
568,1,68,1153,104.1829605102539,108.24631203811661,0.001,9.039766073226929
569,1,69,1122,104.49787139892578,108.20562391120913,0.001,10.164599418640137
570,1,70,1118,105.9207534790039,108.17207885482202,0.001,10.924166202545166
571,1,71,175,118.25175476074219,108.27927104538068,0.001,7.1490209102630615
572,1,72,1848,98.91773223876953,108.10007869960833,0.001,8.924753427505493
573,1,73,1113,115.23171997070312,108.23344828907008,0.001,8.857550382614136
574,1,74,2157,107.06485748291016,108.2119823037399,0.001,9.344626903533936
575,1,75,2066,103.97667694091797,108.13599512900976,0.001,10.85165286064148
576,1,76,2055,113.9170913696289,108.23847767236853,0.001,7.1646387577056885
577,1,77,1549,110.880615234375,108.26403337641844,0.001,7.957277297973633
578,1,78,2140,118.18964385986328,108.32322053561197,0.001,7.6603498458862305
579,1,79,1791,105.26792907714844,108.29535099058845,0.001,11.459318399429321
580,1,80,1714,105.1436767578125,108.25600390869126,0.001,8.69337797164917
581,1,81,1493,108.88697052001953,108.26661917449157,0.001,8.512519598007202
582,1,82,1442,105.07206726074219,108.23850945808758,0.001,11.296921014785767
583,1,83,1355,102.02363586425781,108.16154593942294,0.001,10.938719987869263
584,1,84,1399,107.1916732788086,108.14563799771372,0.001,10.312191486358643
585,1,85,1151,107.16116333007812,108.137497285412,0.001,8.149385690689087
586,1,86,1274,110.82681274414062,108.16881214861631,0.001,8.26368260383606
587,1,87,1250,97.73734283447266,108.11082438331889,0.001,7.368936061859131
588,1,88,1262,109.37565612792969,108.11779599810522,0.001,9.456412315368652
589,1,89,1326,121.42457580566406,108.1907394623439,0.001,9.627192497253418
590,1,90,1846,103.58641052246094,108.1380184785121,0.001,9.791210651397705
591,1,91,2071,109.23372650146484,108.14691727428604,0.001,9.772001028060913
592,1,92,1649,92.78134155273438,107.97244424196086,0.001,7.780174970626831
593,1,93,1453,105.1137924194336,107.9581568722297,0.001,10.487830638885498
594,1,94,1642,114.62076568603516,108.03136073808786,0.001,8.747439622879028
595,1,95,1470,108.91878509521484,108.04089168873725,0.001,9.924744129180908
596,1,96,1149,87.55899047851562,107.81542059680137,0.001,8.8587064743042
597,1,97,1363,94.61112976074219,107.67329791020693,0.001,7.193862676620483
598,1,98,1602,98.67581939697266,107.6428449309289,0.001,10.052737712860107
599,1,99,2101,109.02904510498047,107.66260315838993,0.001,8.969111442565918
600,1,100,1126,110.02349853515625,107.69559802150825,0.001,8.592164754867554
601,1,101,1845,111.99857330322266,107.71569563518482,0.001,7.561324119567871
602,1,102,1864,106.15141296386719,107.70792421644933,0.001,8.17333722114563
603,1,103,1706,111.13813781738281,107.74292439467958,0.001,11.27778673171997
604,1,104,2075,105.35489654541016,107.7258698611064,0.001,7.8676536083221436
605,1,105,1617,104.81771087646484,107.68828251469189,0.001,8.731750726699829
606,1,106,1814,110.74282836914062,107.71821417089804,0.001,7.737641334533691
607,1,107,2073,112.60997009277344,107.74034373914391,0.001,10.191493272781372
608,1,108,1766,103.95996856689453,107.72767998491287,0.001,8.891115188598633
609,1,109,1914,89.2584228515625,107.64140649288031,0.001,7.8798253536224365
610,1,110,1575,106.66419219970703,107.63168656770856,0.001,9.191169023513794
611,1,111,2205,108.00700378417969,107.63535996150202,0.001,9.31580662727356
612,1,112,2272,106.82502746582031,107.62764452119842,0.001,8.022517919540405
613,1,113,1737,102.20540618896484,107.56143034783979,0.001,10.185083627700806
614,1,114,1693,95.49813842773438,107.41236939852583,0.001,9.376177787780762
615,1,115,1196,105.57209014892578,107.40492486469337,0.001,9.624876976013184
616,1,116,1394,97.15087127685547,107.31082736667129,0.001,7.58745002746582
617,1,117,2249,102.1373291015625,107.26286030562201,0.001,10.4619619846344
618,1,118,2070,108.97554016113281,107.28332899183862,0.001,10.151329755783081
619,1,119,1182,100.65033721923828,107.22378610611574,0.001,6.978362321853638
620,1,120,1503,100.39433288574219,107.18399112400701,0.001,8.81534481048584
621,1,121,2298,103.81484985351562,107.17019981201138,0.001,7.355495929718018
622,1,122,1925,133.211669921875,107.27795233964046,0.001,7.36283540725708
623,1,123,1259,103.34252166748047,107.25393927596535,0.001,9.818576097488403
624,1,124,2060,103.07964324951172,107.21763745753417,0.001,8.112753868103027
625,1,125,2274,95.7562484741211,107.12118864305502,0.001,9.907079696655273
626,1,126,1690,95.74215698242188,107.07453770522719,0.001,7.573065519332886
627,1,127,1395,120.7619400024414,107.13087622975841,0.001,10.148776531219482
628,1,128,2203,120.23104095458984,107.27815407776234,0.001,9.593655347824097
629,1,129,1092,95.55570220947266,107.14793786645531,0.001,7.785794734954834
630,1,130,1806,98.73004913330078,107.05543784151341,0.001,10.62842345237732
631,1,131,2202,103.86973571777344,107.02064766876802,0.001,10.193596601486206
632,1,132,1951,112.06228637695312,107.06139761094315,0.001,10.851852893829346
633,1,133,2188,99.08021545410156,106.99802461023846,0.001,10.661097526550293
634,1,134,1523,125.0685806274414,107.06679970658703,0.001,8.934040546417236
635,1,135,1481,109.71722412109375,107.08803568441192,0.001,9.10372805595398
636,1,136,1090,106.11317443847656,107.08263326136334,0.001,8.18729043006897
637,1,137,2436,95.51490020751953,107.03911253539613,0.001,9.04372787475586
638,1,138,2413,109.62359619140625,107.05948307095592,0.001,10.337574481964111
639,1,139,1181,114.84349822998047,107.11814349395772,0.001,8.5367591381073
640,1,140,2191,104.26288604736328,107.10214642062547,0.001,8.907621622085571
641,1,141,1099,104.65515899658203,107.07729837890244,0.001,11.25751256942749
642,1,142,2399,101.57444763183594,107.05951907755099,0.001,10.43365740776062
643,1,143,1443,100.72093200683594,106.99652957656687,0.001,8.520062685012817
644,1,144,1679,117.87054443359375,107.05562834416526,0.001,8.682045221328735
645,1,145,1372,108.68597412109375,107.06763621136919,0.001,7.276721954345703
646,1,146,1648,111.33390808105469,107.09001415368368,0.001,9.659597396850586
647,1,147,1502,105.50982666015625,107.07443620770361,0.001,8.860033750534058
648,1,148,1463,97.30479431152344,107.044991670702,0.001,9.80845046043396
649,1,149,2184,114.76670837402344,107.08523336921941,0.001,10.61564826965332
650,1,150,2098,106.7755355834961,107.083770661976,0.001,9.73474383354187
651,1,151,2216,116.00127410888672,107.11108460779522,0.001,7.386788606643677
652,1,152,2464,89.53792572021484,107.04997856314563,0.001,8.579963445663452
653,1,153,1264,109.47087097167969,107.05834822570647,0.001,9.059211015701294
654,1,154,1580,99.36022186279297,107.01945810987118,0.001,10.318291187286377
655,1,155,1554,104.02386474609375,107.00924804736951,0.001,8.706767082214355
656,1,156,2051,106.45911407470703,107.00536610680057,0.001,11.48454761505127
657,1,157,1397,88.96417999267578,106.83629557920891,0.001,7.687188386917114
658,1,158,2450,113.32406616210938,106.88022743556995,0.001,7.598344802856445
659,1,159,1097,109.270263671875,106.88783946892798,0.001,9.784271955490112
660,1,160,2172,90.4594955444336,106.77374200236324,0.001,11.100218772888184
661,1,161,2282,96.09562683105469,106.73920614035814,0.001,9.763980627059937
662,1,162,32,98.98542022705078,106.6681947853649,0.001,9.11771559715271
663,1,163,1343,106.05591583251953,106.66636036222103,0.001,9.75472116470337
664,1,164,2144,101.64875030517578,106.65050160879169,0.001,9.217128038406372
665,1,165,2349,111.71574401855469,106.69512813635949,0.001,10.288981914520264
666,1,166,1762,107.83924102783203,106.70266261494046,0.001,10.413889408111572
667,1,167,2425,99.20326232910156,106.65327162294425,0.001,9.58749771118164
668,1,168,2377,101.12178039550781,106.6173694403031,0.001,9.683087348937988
669,1,169,254,98.84636688232422,106.5507609270121,0.001,8.547341346740723
670,1,170,2243,116.74034881591797,106.63795385903323,0.001,9.5491783618927
671,1,171,1123,98.68791961669922,106.60185161321994,0.001,9.13488483428955
672,1,172,266,113.73375701904297,106.6620645566047,0.001,6.238963603973389
673,1,173,2241,100.00074005126953,106.60568297248443,0.001,10.117612600326538
674,1,174,1089,106.1773452758789,106.6021373164172,0.001,8.160912275314331
675,1,175,2000,97.13862609863281,106.57453521087811,0.001,10.936220645904541
676,1,176,2529,104.64811706542969,106.56239490100133,0.001,9.271499633789062
677,1,177,1488,99.78936767578125,106.51050621730697,0.001,8.359782934188843
678,1,178,2505,102.88448333740234,106.49975064135621,0.001,10.345459938049316
679,1,179,2432,103.42332458496094,106.49075110949688,0.001,10.84935188293457
680,1,180,2235,108.0469741821289,106.50321004651413,0.001,8.928630352020264
681,1,181,2401,103.17697143554688,106.48300471157287,0.001,10.37327527999878
682,1,182,2498,120.50843048095703,106.5426441495167,0.001,9.89631199836731
683,1,183,1527,97.99191284179688,106.49224716218698,0.001,8.9132239818573
684,1,184,1111,102.45016479492188,106.46849047249162,0.001,10.511783599853516
685,1,185,1473,100.5386734008789,106.44681219018166,0.001,9.212271451950073
686,1,186,1088,96.45435333251953,106.3896748238864,0.001,8.510592460632324
687,1,187,2392,106.29155731201172,106.3892623419346,0.001,9.013504266738892
688,1,188,2494,100.67254638671875,106.35647361218048,0.001,9.402382850646973
689,1,189,1576,116.19993591308594,106.38307375349794,0.001,9.939648866653442
690,1,190,2537,104.26190185546875,106.37064163119284,0.001,10.405531644821167
691,1,191,2174,93.80485534667969,106.2779390036188,0.001,9.380751848220825
692,1,192,1120,88.39099884033203,106.20897371975842,0.001,8.277731657028198
693,1,193,2229,96.72310638427734,106.1758774157565,0.001,9.245651245117188
694,1,194,1903,103.39405822753906,106.16487761092775,0.001,7.5723700523376465
695,1,195,2095,102.95938110351562,106.14146155241045,0.001,9.937767744064331
696,1,196,2552,109.1953125,106.15825934469893,0.001,7.80450701713562
697,1,197,1548,103.01174926757812,106.14155325068789,0.001,8.484230518341064
698,1,198,1615,109.37018585205078,106.15892501541316,0.001,8.19536542892456
699,1,199,2565,107.65715026855469,106.16290139780335,0.001,7.464834928512573
700,1,200,2502,108.194580078125,106.17778406679314,0.001,9.888436794281006
701,1,201,1484,110.27605438232422,106.20017685581688,0.001,9.83202600479126
702,1,202,2590,121.25221252441406,106.25636398398859,0.001,10.840089321136475
703,1,203,264,93.42868041992188,106.1871428208625,0.001,8.505850791931152
704,1,204,1333,100.324462890625,106.15580643078238,0.001,9.024531126022339
705,1,205,2067,107.376953125,106.1605501191513,0.001,11.122084856033325
706,1,206,1717,119.53150939941406,106.19389144491991,0.001,9.011893510818481
707,1,207,1532,103.64739990234375,106.17613415725019,0.001,9.914990425109863
708,1,208,1480,112.32064056396484,106.19125756713737,0.001,9.109074831008911
709,1,209,2008,131.495361328125,106.2477030350026,0.001,6.9962053298950195
710,1,210,1361,95.22830200195312,106.22030717795776,0.001,8.301424741744995
711,1,211,1596,103.20172119140625,106.20934325965705,0.001,11.160419940948486
712,1,212,2660,114.14771270751953,106.26296595261032,0.001,8.413543701171875
713,1,213,2462,103.8039779663086,106.24590371787504,0.001,11.11941647529602
714,1,214,2603,95.80101776123047,106.17664593184801,0.001,10.77042818069458
715,1,215,274,98.94203186035156,106.14052440511591,0.001,9.48516058921814
716,1,216,1878,105.25318145751953,106.1373584272355,0.001,9.851765155792236
717,1,217,2479,108.34619140625,106.14810480214007,0.001,9.444295883178711
718,1,218,2452,105.71653747558594,106.1459444927914,0.001,9.21157956123352
719,1,219,2709,109.53649139404297,106.15390957059195,0.001,8.583455324172974
720,1,220,1751,108.9175796508789,106.16375747045154,0.001,8.034453868865967
721,1,221,2343,107.05331420898438,106.16686938032198,0.001,8.587486743927002
722,1,222,1793,101.81304168701172,106.13863517851809,0.001,8.916376113891602
723,1,223,2297,110.74566650390625,106.16171657990853,0.001,10.539238691329956
724,1,224,2522,90.28085327148438,106.0849597155409,0.001,9.485917806625366
725,1,225,1306,88.90972900390625,105.97426872395106,0.001,8.811755418777466
726,1,226,2378,107.67613983154297,105.98257105961491,0.001,9.299051523208618
727,1,227,2435,94.97489166259766,105.95657586280562,0.001,8.253911018371582
728,1,228,1495,112.24750518798828,105.98685201038693,0.001,8.908700466156006
729,1,229,2546,86.76993560791016,105.89598088436654,0.001,9.460326433181763
730,1,230,2767,94.40445709228516,105.84070018086086,0.001,8.951530694961548
731,1,231,1692,105.63619232177734,105.83941873551733,0.001,10.451289415359497
732,1,232,2775,104.40875244140625,105.83279484670162,0.001,8.579586744308472
733,1,233,2455,107.42530822753906,105.83642415584104,0.001,9.72816276550293
734,1,234,2443,92.65335083007812,105.77546515864786,0.001,9.502244710922241
735,1,235,2270,99.1505355834961,105.7341042527887,0.001,10.599730491638184
736,1,236,1586,97.48233795166016,105.68307483550386,0.001,9.56208086013794
737,1,237,2050,95.40746307373047,105.65002298715524,0.001,9.512144565582275
738,1,238,2563,103.5689468383789,105.64320498549876,0.001,9.72400450706482
739,1,239,1155,111.67606353759766,105.65654188760918,0.001,8.272773027420044
740,1,240,1557,94.46189880371094,105.58844515912398,0.001,9.993363380432129
741,1,241,2149,96.72785949707031,105.54785465444692,0.001,9.173208475112915
742,1,242,1263,104.14064025878906,105.54153947961967,0.001,7.996724843978882
743,1,243,2672,104.84273529052734,105.53735237320474,0.001,8.83639121055603
744,1,244,2793,100.04998779296875,105.50431742548693,0.001,8.885920763015747
745,1,245,2758,106.77113342285156,105.50989253558626,0.001,10.159127950668335
746,1,246,1896,98.12752532958984,105.47762720623912,0.001,7.8107829093933105
747,1,247,2763,112.56497955322266,105.49234454097618,0.001,10.842560768127441
748,1,248,1627,108.1170654296875,105.50391801149905,0.001,9.172065496444702
749,1,249,250,89.7152099609375,105.47101745860991,0.001,9.792082786560059
750,1,250,2448,95.29483032226562,105.4124994906759,0.001,9.716116189956665
751,1,251,1093,96.1160659790039,105.36001394616866,0.001,9.370866775512695
752,1,252,2543,94.38226318359375,105.31255690453669,0.001,9.520188570022583
753,1,253,2668,112.60075378417969,105.34408422848371,0.001,9.418020486831665
754,1,254,1838,107.2325210571289,105.35198784494814,0.001,9.420445919036865
755,1,255,2874,101.68063354492188,105.33672955749688,0.001,8.740405797958374
756,1,256,2595,134.8897247314453,105.39583638574429,0.001,9.96983551979065
757,1,257,1344,89.82489013671875,105.3307894524503,0.001,10.862971782684326
758,1,258,1334,119.588134765625,105.35886168320584,0.001,8.853568077087402
759,1,259,1888,102.73683166503906,105.34446592652462,0.001,8.49223780632019
760,1,260,1519,104.91358947753906,105.34263735129709,0.001,9.967598676681519
761,1,261,2692,113.70404815673828,105.38877380701557,0.001,10.465769052505493
762,1,262,1373,89.56307983398438,105.3374292881295,0.001,10.020739793777466
763,1,263,2782,101.11409759521484,105.31406373780102,0.001,9.311073780059814
764,1,264,344,105.46733093261719,105.31436371751983,0.001,10.319835424423218
765,1,265,2538,104.28968811035156,105.31236327307764,0.001,9.723697900772095
766,1,266,1764,103.67158508300781,105.30329287914202,0.001,9.374436855316162
767,1,267,2113,106.24054718017578,105.30714086514733,0.001,10.798308849334717
768,1,268,1699,109.66987609863281,105.31941400637389,0.001,10.915197610855103
769,1,269,1174,102.00084686279297,105.30602036520246,0.001,8.401314496994019
770,1,270,2772,101.67371368408203,105.29151247576034,0.001,10.977061986923218
771,1,271,1117,110.38458251953125,105.31221467489517,0.001,9.82236909866333
772,1,272,1909,102.24493408203125,105.29621579881808,0.001,7.686790704727173
773,1,273,383,99.97064208984375,105.26904327619782,0.001,8.320059299468994
774,1,274,2166,103.58808135986328,105.2643381728835,0.001,8.185001134872437
775,1,275,2387,105.88326263427734,105.26607791979002,0.001,8.855003833770752
776,1,276,436,108.75093078613281,105.27565993931051,0.001,8.695475816726685
777,1,277,2340,112.39878845214844,105.3028436625934,0.001,8.778525590896606
778,1,278,2682,95.15019989013672,105.24956268662996,0.001,9.110927104949951
779,1,279,405,98.75836944580078,105.2312035182461,0.001,9.619726181030273
780,1,280,2929,102.8763427734375,105.22211579490826,0.001,9.00348424911499
781,1,281,2482,104.69512939453125,105.21939523465468,0.001,6.4984846115112305
782,1,282,1087,98.02667999267578,105.18344460741325,0.001,9.216755628585815
783,1,283,1441,98.182373046875,105.17045461198204,0.001,9.726840734481812
784,1,284,2293,98.67048645019531,105.14520241904104,0.001,9.718033075332642
785,1,285,2513,97.08489990234375,105.1307409692406,0.001,10.06829833984375
786,1,286,458,104.22174835205078,105.1290584347477,0.001,11.276813507080078
787,1,287,1551,104.27369689941406,105.12578353712765,0.001,8.272113800048828
788,1,288,1823,95.31613159179688,105.07565441304945,0.001,8.427444696426392
789,1,289,2673,96.33839416503906,105.04253583357789,0.001,10.39665937423706
790,1,290,2221,99.0086898803711,105.01966356040408,0.001,7.7202394008636475
791,1,291,441,101.08778381347656,105.00511921967215,0.001,9.850321531295776
792,1,292,2099,99.5411605834961,104.99063046008683,0.001,9.723911046981812
793,1,293,2278,97.04768371582031,104.9609384521711,0.001,9.944287776947021
794,1,294,1540,98.04243469238281,104.94873965948133,0.001,9.309034585952759
795,1,295,2750,111.42304992675781,104.95995647525685,0.001,8.392223596572876
796,1,296,1636,90.4029312133789,104.88890730706832,0.001,9.505599737167358
797,1,297,1620,103.99217224121094,104.88786595874727,0.001,9.89473009109497
798,1,298,2569,103.44439697265625,104.88412650807983,0.001,8.687292098999023
799,1,299,1311,95.04534912109375,104.83676472213024,0.001,8.8911612033844
800,1,300,37,97.88289642333984,104.80354109720139,0.001,9.871056079864502
801,1,301,1675,94.27685546875,104.77682185259015,0.001,7.677822113037109
802,1,302,2117,102.65127563476562,104.76939360868374,0.001,8.917402267456055
803,1,303,377,120.56573486328125,104.80970305053438,0.001,8.032011032104492
804,1,304,2610,114.02804565429688,104.82538931838035,0.001,9.898691892623901
805,1,305,1777,103.63394927978516,104.82121757812229,0.001,9.16319227218628
806,1,306,2930,102.4900894165039,104.81736818906958,0.001,9.28469967842102
807,1,307,1439,101.8698959350586,104.8036739295661,0.001,9.815037727355957
808,1,308,337,107.45357513427734,104.80970505327022,0.001,9.074594259262085
809,1,309,74,106.32987213134766,104.81221621678709,0.001,8.560080766677856
810,1,310,492,83.29029083251953,104.71158840638502,0.001,8.061039686203003
811,1,311,2669,101.76921844482422,104.70662678610267,0.001,10.250717401504517
812,1,312,2596,110.72529602050781,104.7215988186004,0.001,9.9751558303833
813,1,313,496,92.29037475585938,104.68025498114872,0.001,8.330257177352905
814,1,314,2585,100.31729888916016,104.66543976018549,0.001,8.851346492767334
815,1,315,680,120.31983947753906,104.6909481681484,0.001,8.906379699707031
816,1,316,2832,93.70386505126953,104.64294014466255,0.001,10.539854764938354
817,1,317,2406,100.09654998779297,104.62197527625533,0.001,9.582291603088379
818,1,318,1434,104.23340606689453,104.62069444122,0.001,8.62119436264038
819,1,319,2533,94.76332092285156,104.59626582370962,0.001,10.23448634147644
820,1,320,1083,110.07274627685547,104.62041329877533,0.001,7.872105598449707
821,1,321,1965,95.25104522705078,104.5778937113432,0.001,7.75105619430542
822,1,322,69,98.82723236083984,104.55190351467719,0.001,9.571598291397095
823,1,323,2233,103.70594024658203,104.54988677797292,0.001,10.439210653305054
824,1,324,2427,87.77361297607422,104.49500473379298,0.001,8.024380683898926
825,1,325,1393,101.2645492553711,104.48418375505912,0.001,8.275787591934204
826,1,326,1173,106.10430145263672,104.4867635770676,0.001,9.400897979736328
827,1,327,1769,98.60514831542969,104.46054677798348,0.001,9.57692551612854
828,1,328,2906,97.38848876953125,104.43729313271339,0.001,10.627056360244751
829,1,329,1543,116.96704864501953,104.45724363373643,0.001,7.739127159118652
830,1,330,461,102.3954849243164,104.44830780605149,0.001,9.502537488937378
831,1,331,689,99.26245880126953,104.436227042244,0.001,8.718870401382446
832,1,332,403,92.20435333251953,104.40798735691511,0.001,7.049032211303711
833,1,333,1819,88.10462188720703,104.382478797804,0.001,7.474471569061279
834,1,334,728,96.42635345458984,104.35655238860616,0.001,8.948475360870361
835,1,335,2422,85.03086853027344,104.32667013319676,0.001,8.365578413009644
836,1,336,1482,106.0796890258789,104.32934015716337,0.001,9.359841585159302
837,1,337,521,106.3619384765625,104.3324551126111,0.001,8.561868667602539
838,1,338,1556,95.89436340332031,104.30513513842834,0.001,8.678147315979004
839,1,339,710,96.92607879638672,104.28155195076684,0.001,10.837322473526001
840,1,340,407,106.03060913085938,104.2871536740236,0.001,10.488173007965088
841,1,341,686,94.43814849853516,104.25502860646979,0.001,9.351920127868652
842,1,342,2328,97.39154815673828,104.23922113597644,0.001,7.601828575134277
843,1,343,1797,114.5461196899414,104.25515623448328,0.001,9.139974355697632
844,1,344,2192,93.9233627319336,104.24205106236559,0.001,8.8968186378479
845,1,345,2901,105.40489959716797,104.24474330080932,0.001,10.29982852935791
846,1,346,1569,95.77647399902344,104.21782433465023,0.001,7.722197771072388
847,1,347,65,106.40220642089844,104.2211812694534,0.001,9.836124897003174
848,1,348,2564,85.71178436279297,104.16399595519334,0.001,9.52487301826477
849,1,349,682,118.3725814819336,104.22289627827868,0.001,8.897203922271729
850,1,350,368,89.36576080322266,104.17497725649741,0.001,8.796777963638306
851,1,351,707,94.85856628417969,104.16202812908624,0.001,8.608205080032349
852,1,352,814,91.42411041259766,104.14263563076932,0.001,9.302820682525635
853,1,353,2923,116.57072448730469,104.16936719694104,0.001,9.954970598220825
854,1,354,256,98.60147857666016,104.15719113426668,0.001,6.602658987045288
855,1,355,424,104.37052154541016,104.15763918558153,0.001,10.293065071105957
856,1,356,1900,123.14571380615234,104.18625263471631,0.001,8.588815450668335
857,1,357,64,112.71646881103516,104.19894106864855,0.001,7.711306571960449
858,1,358,1862,90.79521942138672,104.17927450085193,0.001,8.832767724990845
859,1,359,2458,101.3119125366211,104.170505351741,0.001,8.947692394256592
860,1,360,1735,98.93897247314453,104.16280151293358,0.001,8.048176765441895
861,1,361,1616,112.05412292480469,104.187456783861,0.001,8.73515772819519
862,1,362,177,99.28515625,104.17273624920269,0.001,8.249155521392822
863,1,363,455,90.87580108642578,104.1579704563123,0.001,7.355041980743408
864,1,364,2601,103.09388732910156,104.15374590109674,0.001,8.946007013320923
865,1,365,706,102.2682876586914,104.15098532632273,0.001,8.355654001235962
866,1,366,2327,107.42411804199219,104.15791314582583,0.001,8.996083736419678
867,1,367,2834,100.42861938476562,104.14290359759023,0.001,8.004359722137451
868,1,368,611,94.18172454833984,104.12191578255066,0.001,9.983174085617065
869,1,369,851,94.03723907470703,104.08079575310622,0.001,7.614762306213379
870,1,370,863,92.75615692138672,104.04682091379115,0.001,8.259465217590332
871,1,371,1812,93.56153106689453,104.0048525570327,0.001,9.68017864227295
872,1,372,2794,92.28970336914062,103.98812069874735,0.001,10.85312032699585
873,1,373,607,107.58001708984375,103.9929857009536,0.001,7.261921644210815
874,1,374,448,105.75101470947266,103.998292357475,0.001,10.12619948387146
875,1,375,2013,110.8303451538086,104.00771876100495,0.001,7.914090156555176
876,1,376,2294,103.57594299316406,104.00713340641681,0.001,8.949137210845947
877,1,377,453,106.53398895263672,104.01238644732484,0.001,8.428879737854004
878,1,378,378,108.65444946289062,104.03049780810503,0.001,10.287054538726807
879,1,379,1832,103.76689147949219,104.02947268464688,0.001,10.89384913444519
880,1,380,986,95.46139526367188,104.00416933304308,0.001,9.295972347259521
881,1,381,1858,102.33468627929688,103.99938671933306,0.001,9.546422243118286
882,1,382,2784,106.78217315673828,104.01013771282108,0.001,7.575594902038574
883,1,383,695,91.10100555419922,103.97268082415918,0.001,7.8090980052948
884,1,384,770,88.03001403808594,103.92628848483487,0.001,9.468601703643799
885,1,385,2911,87.94481658935547,103.90609990445117,0.001,6.549246072769165
886,1,386,372,106.31158447265625,103.90897747824341,0.001,8.66560959815979
887,1,387,1921,97.01016235351562,103.88932728872459,0.001,10.50120210647583
888,1,388,1346,107.39436340332031,103.90213860346361,0.001,10.00343370437622
889,1,389,981,107.05339813232422,103.91109115862758,0.001,8.969785928726196
890,1,390,834,94.60391235351562,103.8761008270032,0.001,10.908910274505615
891,1,391,94,95.33485412597656,103.84590130211329,0.001,9.187988758087158
892,1,392,919,93.45361328125,103.8064345088671,0.001,9.605942249298096
893,1,393,522,92.21479034423828,103.76311953280809,0.001,8.973517894744873
894,1,394,2535,120.9825668334961,103.78597351119402,0.001,9.115527868270874
895,1,395,488,106.98892974853516,103.7977234132801,0.001,8.955829381942749
896,1,396,870,95.18685150146484,103.78063410493107,0.001,7.8827807903289795
897,1,397,518,101.6307601928711,103.77778566313174,0.001,8.142922401428223
898,1,398,2080,95.09210205078125,103.74562382272563,0.001,7.347613334655762
899,1,399,916,98.9793701171875,103.7392599856393,0.001,8.268528938293457
900,1,400,972,99.02568817138672,103.72654785547917,0.001,8.229940414428711
901,1,401,2619,96.82101440429688,103.71415963136856,0.001,8.995795965194702
902,1,402,717,101.91991424560547,103.70762366459566,0.001,7.879838943481445
903,1,403,361,92.32209777832031,103.66826604751877,0.001,9.72111439704895
904,1,404,2706,95.5683364868164,103.6582963924951,0.001,7.503727674484253
905,1,405,1368,110.58779907226562,103.67201249206077,0.001,9.66075849533081
906,1,406,507,102.81912231445312,103.67124470776919,0.001,9.013920068740845
907,1,407,2861,78.7738265991211,103.60343680706383,0.001,9.092259883880615
908,1,408,408,94.48025512695312,103.58601462170205,0.001,8.653393268585205
909,1,409,2204,90.46776580810547,103.53966480646044,0.001,10.803616046905518
910,1,410,705,87.97826385498047,103.48315918629909,0.001,7.968332767486572
911,1,411,2510,98.99613189697266,103.46731178013108,0.001,7.524547100067139
912,1,412,1541,101.22930908203125,103.46472341476347,0.001,4.465377569198608
913,1,413,773,109.95330810546875,103.48199105551755,0.001,4.697796106338501
914,1,414,727,109.58169555664062,103.48960182883523,0.001,8.476442813873291
915,1,415,1700,100.96039581298828,103.48454622547207,0.001,11.576769590377808
916,1,416,446,92.55989837646484,103.45586943324047,0.001,9.330159902572632
917,1,417,2580,102.15011596679688,103.45138136690099,0.001,10.511826992034912
918,1,418,977,102.18133544921875,103.44906508413845,0.001,9.171222448348999
919,1,419,2593,91.13880157470703,103.41606921551683,0.001,8.857936382293701
920,1,420,1915,103.09088134765625,103.41546717867888,0.001,8.040098428726196
921,1,421,1127,98.5799560546875,103.40624970416972,0.001,9.091232299804688
922,1,422,519,100.50933074951172,103.39613937883622,0.001,9.257522106170654
923,1,423,2871,85.17914581298828,103.33341421306629,0.001,9.99002456665039
924,1,424,915,99.89945983886719,103.32932515713074,0.001,8.627922296524048
925,1,425,825,96.64244079589844,103.32128515431629,0.001,9.607433319091797
926,1,426,904,98.25187683105469,103.31300070722878,0.001,11.306225776672363
927,1,427,989,107.59477233886719,103.32402143108249,0.001,10.282493114471436
928,1,428,471,93.83028411865234,103.29180091596915,0.001,11.280178546905518
929,1,429,2449,88.45698547363281,103.25372849058672,0.001,10.946227312088013
930,1,430,962,90.04764556884766,103.22937962897453,0.001,8.307071924209595
931,1,431,469,97.95567321777344,103.21150421081875,0.001,10.548707723617554
932,1,432,827,99.74272918701172,103.2062544912349,0.001,10.262826919555664
933,1,433,2534,112.05156707763672,103.21710644884953,0.001,8.629994630813599
934,1,434,801,103.7374267578125,103.21802247586625,0.001,9.205665111541748
935,1,435,2398,90.66400146484375,103.17605132436132,0.001,9.52716588973999
936,1,436,56,104.55345153808594,103.17952861272549,0.001,9.636693239212036
937,1,437,388,102.98692321777344,103.1793069871177,0.001,9.61726427078247
938,1,438,778,100.20963287353516,103.17189772355685,0.001,9.009361028671265
939,1,439,858,100.46467590332031,103.16896270355763,0.001,7.538954257965088
940,1,440,2927,82.5160140991211,103.14756447745278,0.001,9.795464754104614
941,1,441,447,114.62837219238281,103.16143737615849,0.001,7.8101091384887695
942,1,442,2147,92.06884765625,103.1242460818952,0.001,9.122331380844116
943,1,443,2614,94.7433090209961,103.09664091805878,0.001,11.058327198028564
944,1,444,861,107.85479736328125,103.10509869494494,0.001,8.60129976272583
945,1,445,1686,108.18730926513672,103.12185556795072,0.001,11.562211275100708
946,1,446,2163,96.82254791259766,103.1058788473499,0.001,8.464434623718262
947,1,447,811,89.51087951660156,103.09106939825635,0.001,8.04194450378418
948,1,448,699,89.06237030029297,103.05706018529986,0.001,10.62273907661438
949,1,449,481,100.85716247558594,103.05165870394181,0.001,9.359718084335327
950,1,450,1802,107.77777099609375,103.06319254031573,0.001,8.70100450515747
951,1,451,2223,92.81257629394531,103.02957905922783,0.001,11.42274522781372
952,1,452,1570,86.69361114501953,103.01039051707534,0.001,10.676677942276001
953,1,453,789,94.74982452392578,102.99035258490517,0.001,7.787191390991211
954,1,454,991,105.26355743408203,102.99292686657093,0.001,8.120651483535767
955,1,455,819,96.7523193359375,102.97772030646281,0.001,7.592288017272949
956,1,456,28,101.7883071899414,102.97635486475008,0.001,8.596631050109863
957,1,457,2341,94.67972564697266,102.94944513127184,0.001,8.589398622512817
958,1,458,1923,100.60089874267578,102.94366207803323,0.001,11.446391105651855
959,1,459,788,92.8045883178711,102.91111221936255,0.001,9.198277711868286
960,1,460,382,98.06729888916016,102.90573677525892,0.001,9.409072637557983
961,1,461,808,95.2209701538086,102.88750467380035,0.001,10.865713834762573
962,1,462,1109,87.50360870361328,102.84028345760203,0.001,8.663474321365356
963,1,463,2584,89.9240493774414,102.79946783220655,0.001,9.589204549789429
964,1,464,38,92.75288391113281,102.78230344521401,0.001,10.55910849571228
965,1,465,2694,115.90737915039062,102.7970159517366,0.001,9.202403545379639
966,1,466,990,82.64594268798828,102.74823750204179,0.001,10.349852085113525
967,1,467,2608,85.06119537353516,102.69156020091145,0.001,11.48831295967102
968,1,468,68,109.22993469238281,102.70276980003831,0.001,9.167108535766602
969,1,469,29,96.74686431884766,102.68887465182506,0.001,7.958632469177246
970,1,470,694,93.42921447753906,102.66001347077695,0.001,9.838082790374756
971,1,471,1682,91.10023498535156,102.63308567210532,0.001,8.314809083938599
972,1,472,2864,97.60907745361328,102.62463202193591,0.001,8.071563959121704
973,1,473,434,104.12621307373047,102.62614003914659,0.001,10.522459745407104
974,1,474,1310,90.2384033203125,102.58758511919696,0.001,7.487189292907715
975,1,475,2613,107.60980987548828,102.59907286165759,0.001,10.20038652420044
976,1,476,1440,92.09568786621094,102.57531875971807,0.001,9.14066195487976
977,1,477,601,93.17803192138672,102.54646868356751,0.001,9.957836389541626
978,1,478,1918,87.71341705322266,102.50092774524035,0.001,10.779304265975952
979,1,479,787,94.32723999023438,102.49187230927102,0.001,9.198612689971924
980,1,480,1302,91.61344909667969,102.46082118861817,0.001,9.507831335067749
981,1,481,852,97.01666259765625,102.44852158760621,0.001,9.225352764129639
982,1,482,1817,80.43732452392578,102.42540664502998,0.001,8.448420286178589
983,1,483,2196,105.94306945800781,102.4288443504385,0.001,8.619352340698242
984,1,484,1828,96.11493682861328,102.40930588008545,0.001,9.596035242080688
985,1,485,1768,100.54071044921875,102.40729924190934,0.001,9.687040328979492
986,1,486,913,97.83888244628906,102.3999377961247,0.001,10.508394241333008
987,1,487,350,97.03081512451172,102.38771957468622,0.001,10.209035873413086
988,1,488,367,117.65187072753906,102.41200940011139,0.001,9.423907279968262
989,1,489,2225,98.46571350097656,102.40019612353814,0.001,10.759142637252808
990,1,490,363,92.97764587402344,102.3901618048721,0.001,8.436792135238647
991,1,491,514,113.15617370605469,102.40765494286686,0.001,8.680088758468628
992,1,492,2845,93.50574493408203,102.38114110059148,0.001,10.185059785842896
993,1,493,693,97.47515869140625,102.36648705222122,0.001,9.517279624938965
994,1,494,1457,93.86319732666016,102.34152134676903,0.001,9.071703672409058
995,1,495,459,102.5285873413086,102.34171768264663,0.001,10.675816774368286
996,1,496,2179,88.6317138671875,102.31970578045353,0.001,9.777348041534424
997,1,497,1342,102.27684020996094,102.31961267252808,0.001,8.758459091186523
998,1,498,803,105.9804916381836,102.32336426273139,0.001,10.202803134918213
999,1,499,1945,93.50059509277344,102.29741079133541,0.001,11.076951265335083
1000,2,0,2511,107.88534545898438,107.88534545898438,0.001,9.948197364807129
1001,2,1,401,96.92577362060547,101.52212367454521,0.001,10.374248743057251
1002,2,2,1516,93.66432189941406,98.64999503967906,0.001,8.838897466659546
1003,2,3,771,91.305908203125,96.68336146884367,0.001,9.033349752426147
1004,2,4,2720,104.72762298583984,97.53667181260677,0.001,7.612866640090942
1005,2,5,468,89.22152709960938,95.5302991070837,0.001,7.503018379211426
1006,2,6,719,84.01580810546875,93.27225029770592,0.001,10.345508575439453
1007,2,7,951,93.30025482177734,93.27582860348524,0.001,8.835463523864746
1008,2,8,2588,99.0252914428711,94.12310125572185,0.001,9.41853380203247
1009,2,9,966,90.78820037841797,93.88618953466253,0.001,9.83008074760437
1010,2,10,2152,90.06990814208984,93.53768324461703,0.001,7.422085523605347
1011,2,11,2335,107.34709167480469,94.13288704622356,0.001,8.123591899871826
1012,2,12,2617,95.70507049560547,94.29745858769562,0.001,8.581618070602417
1013,2,13,2781,88.45278930664062,94.0221176928179,0.001,8.867449522018433
1014,2,14,1132,90.1409912109375,93.7465015741921,0.001,7.363709926605225
1015,2,15,956,93.40187072753906,93.71720219699178,0.001,10.24312973022461
1016,2,16,2064,93.20118713378906,93.6858325529704,0.001,9.185932636260986
1017,2,17,1370,81.42237091064453,92.98596115572089,0.001,9.311809062957764
1018,2,18,2181,111.2362289428711,93.46714111739833,0.001,9.708162307739258
1019,2,19,721,93.5120849609375,93.46881826571838,0.001,9.75391936302185
1020,2,20,2789,94.8144302368164,93.53645885621148,0.001,8.277037620544434
1021,2,21,1105,82.04043579101562,93.25614508547555,0.001,9.577172040939331
1022,2,22,1585,91.45140838623047,93.14627393337737,0.001,8.114962100982666
1023,2,23,742,89.87223815917969,92.95539159789726,0.001,9.866698026657104
1024,2,24,273,99.40801239013672,93.2268540334706,0.001,10.753967523574829
1025,2,25,490,97.90283966064453,93.31971343618889,0.001,11.375211238861084
1026,2,26,2547,90.3975601196289,93.20463701946233,0.001,9.24667763710022
1027,2,27,1902,89.30925750732422,93.05724405917616,0.001,8.793132066726685
1028,2,28,864,107.14248657226562,93.29305181373097,0.001,10.274428844451904
1029,2,29,342,87.54830932617188,93.01789157594845,0.001,8.838903188705444
1030,2,30,67,91.7841567993164,92.97571884122401,0.001,9.67189908027649
1031,2,31,272,101.51100158691406,93.18020477892604,0.001,7.903975486755371
1032,2,32,2251,104.00820922851562,93.43777556596942,0.001,10.205223798751831
1033,2,33,920,95.15495300292969,93.51011268512309,0.001,9.102636098861694
1034,2,34,523,100.51344299316406,93.79202826351596,0.001,9.580928564071655
1035,2,35,774,92.76451873779297,93.76214843644853,0.001,9.805278778076172
1036,2,36,2007,91.54972076416016,93.70003596730538,0.001,9.832444190979004
1037,2,37,77,96.08414459228516,93.76629519690701,0.001,10.70178747177124
1038,2,38,914,88.1039810180664,93.61556586360504,0.001,8.708082675933838
1039,2,39,2548,88.74205780029297,93.49075029265576,0.001,7.544071197509766
1040,2,40,432,90.43806457519531,93.41473106291687,0.001,7.815299034118652
1041,2,41,2476,100.08328247070312,93.49468982482706,0.001,10.21783185005188
1042,2,42,98,88.37438201904297,93.32824791977394,0.001,8.84823989868164
1043,2,43,2499,101.20654296875,93.46276140785297,0.001,10.991573095321655
1044,2,44,336,88.56104278564453,93.31068827417162,0.001,10.413371324539185
1045,2,45,73,101.20381164550781,93.39769202614538,0.001,9.53894853591919
1046,2,46,743,100.8543472290039,93.47745266635467,0.001,9.182313203811646
1047,2,47,2325,98.904052734375,93.59773570438107,0.001,9.755312442779541
1048,2,48,2219,100.9424057006836,93.66963139616185,0.001,10.722594976425171
1049,2,49,685,92.98271942138672,93.65511170647434,0.001,9.008056640625
1050,2,50,759,102.31043243408203,93.83487325237031,0.001,9.496878623962402
1051,2,51,1365,107.22772216796875,93.96775561329622,0.001,10.77821397781372
1052,2,52,325,80.38982391357422,93.69229063755677,0.001,11.232703924179077
1053,2,53,340,92.47232055664062,93.6678925944041,0.001,10.601213216781616
1054,2,54,616,93.00419616699219,93.65085572003736,0.001,8.39059042930603
1055,2,55,178,95.83064270019531,93.69143682976224,0.001,10.261008977890015
1056,2,56,2034,93.73164367675781,93.69241952690817,0.001,8.495693445205688
1057,2,57,2583,94.58650970458984,93.70887419562133,0.001,8.82502031326294
1058,2,58,190,89.72620391845703,93.61194607066527,0.001,6.956343650817871
1059,2,59,961,86.84349060058594,93.45556348265525,0.001,8.241246938705444
1060,2,60,1756,90.67937469482422,93.40882661025792,0.001,7.883545875549316
1061,2,61,2654,91.9507064819336,93.37616048102639,0.001,8.525654792785645
1062,2,62,60,99.90113067626953,93.45301128101467,0.001,10.679401636123657
1063,2,63,400,99.90301513671875,93.52055444393329,0.001,8.369616985321045
1064,2,64,954,91.52053833007812,93.50511065399067,0.001,8.014110565185547
1065,2,65,2460,90.8824234008789,93.48501388553304,0.001,8.415534019470215
1066,2,66,2347,97.48954772949219,93.54840828244498,0.001,10.01590347290039
1067,2,67,2909,99.28418731689453,93.63872901917135,0.001,9.325787782669067
1068,2,68,390,102.52397918701172,93.73421952786336,0.001,7.816053152084351
1069,2,69,832,81.98885345458984,93.49858213221056,0.001,7.927194356918335
1070,2,70,392,93.89256286621094,93.50630199962363,0.001,8.850558996200562
1071,2,71,1676,90.4963150024414,93.44749753697775,0.001,9.536872863769531
1072,2,72,2652,97.02417755126953,93.47166546302056,0.001,9.969600677490234
1073,2,73,2197,98.52031707763672,93.54310220982111,0.001,6.211431264877319
1074,2,74,2523,94.11064147949219,93.55369455248838,0.001,11.27256155014038
1075,2,75,1779,105.09383392333984,93.76426168390952,0.001,7.929010629653931
1076,2,76,374,82.14971160888672,93.55677788251215,0.001,9.571899890899658
1077,2,77,1807,87.8158950805664,93.45675141495845,0.001,8.743497610092163
1078,2,78,1879,98.82994079589844,93.50794356455029,0.001,9.532124042510986
1079,2,79,2722,83.80925750732422,93.45231879936165,0.001,9.980970621109009
1080,2,80,376,109.19523620605469,93.55092481605614,0.001,10.326413869857788
1081,2,81,873,93.22428131103516,93.54916132202493,0.001,8.021175146102905
1082,2,82,1896,88.73914337158203,93.48838291770193,0.001,10.0281240940094
1083,2,83,1548,94.42537689208984,93.49970150930761,0.001,9.226067304611206
1084,2,84,1617,93.05517578125,93.49262162247157,0.001,9.954017400741577
1085,2,85,1576,103.98372650146484,93.55308711386864,0.001,9.787289381027222
1086,2,86,1554,92.21481323242188,93.54519114041398,0.001,9.043527126312256
1087,2,87,1480,100.13035583496094,93.5827280873538,0.001,9.843211889266968
1088,2,88,1626,87.63227081298828,93.54960027798154,0.001,9.157588005065918
1089,2,89,1751,94.90901184082031,93.56126446028796,0.001,9.340412139892578
1090,2,90,1777,93.23040008544922,93.5574020003908,0.001,9.598338842391968
1091,2,91,1441,85.4054946899414,93.51064220387538,0.001,8.643958568572998
1092,2,92,1311,85.37682342529297,93.3852052142872,0.001,10.552513837814331
1093,2,93,1556,86.52971649169922,93.30627212863682,0.001,9.067577838897705
1094,2,94,1571,95.5282211303711,93.33961445693329,0.001,9.253449440002441
1095,2,95,1368,102.25479888916016,93.41239511208053,0.001,9.51109766960144
1096,2,96,1862,81.3528823852539,93.34836004503057,0.001,10.748763799667358
1097,2,97,1097,100.06787872314453,93.38283872562043,0.001,8.807643175125122
1098,2,98,1945,90.02686309814453,93.33392641622189,0.001,8.99776554107666
1099,2,99,1925,121.21749114990234,93.47672957953448,0.001,10.723648071289062
1100,2,100,1081,92.65977478027344,93.46793468488077,0.001,8.306479454040527
1101,2,101,1812,88.04761505126953,93.39047956832958,0.001,9.616504192352295
1102,2,102,1549,96.5279769897461,93.41471633940455,0.001,8.609203577041626
1103,2,103,1196,89.78416442871094,93.39812283876721,0.001,10.88185429573059
1104,2,104,1263,98.34587097167969,93.44928918120358,0.001,9.26297378540039
1105,2,105,1682,86.70761108398438,93.38036115223188,0.001,9.789153099060059
1106,2,106,1394,83.09637451171875,93.27602068173954,0.001,9.687623023986816
1107,2,107,1527,89.6556625366211,93.23987880840122,0.001,9.067311763763428
1108,2,108,1355,85.36024475097656,93.1611281742489,0.001,8.94241189956665
1109,2,109,1809,98.4114990234375,93.22856362862524,0.001,9.801066637039185
1110,2,110,1523,101.43852233886719,93.26684767936469,0.001,8.727468967437744
1111,2,111,1302,89.24978637695312,93.21847112580188,0.001,9.218902587890625
1112,2,112,2070,95.10652160644531,93.24241175696298,0.001,9.40743613243103
1113,2,113,1132,86.13121795654297,93.17425646233382,0.001,10.086175918579102
1114,2,114,1569,90.71367645263672,93.15110111426716,0.001,10.10828185081482
1115,2,115,1463,85.27642059326172,93.1206811346111,0.001,9.085517168045044
1116,2,116,1903,91.43783569335938,93.10973719769848,0.001,7.587364912033081
1117,2,117,1814,89.88716888427734,93.08060637572952,0.001,10.510377883911133
1118,2,118,1344,81.79571533203125,92.97897008609367,0.001,8.810892105102539
1119,2,119,1313,81.63419342041016,92.84881196182629,0.001,9.431911945343018
1120,2,120,1821,102.22489929199219,92.88862882592537,0.001,7.8244147300720215
1121,2,121,2101,98.1893310546875,92.951642914354,0.001,7.80532693862915
1122,2,122,1797,98.49019622802734,92.97534188705302,0.001,8.539440870285034
1123,2,123,2095,91.51478576660156,92.95872172532258,0.001,8.800946950912476
1124,2,124,1087,89.3182373046875,92.91770966767518,0.001,9.41883373260498
1125,2,125,2064,90.58694458007812,92.897603999757,0.001,8.68073034286499
1126,2,126,1900,111.62100219726562,92.9752290719306,0.001,9.335593700408936
1127,2,127,1700,94.73310089111328,92.98640819666042,0.001,9.51282811164856
1128,2,128,1858,93.44274139404297,92.99018585288624,0.001,8.616689920425415
1129,2,129,1543,106.64617156982422,93.04521136763995,0.001,9.865914106369019
1130,2,130,1686,101.42588806152344,93.13715414475504,0.001,9.214284896850586
1131,2,131,1806,84.07689666748047,93.03844693929365,0.001,8.58175277709961
1132,2,132,1823,85.67495727539062,92.95746663516668,0.001,8.067850351333618
1133,2,133,1807,87.29546356201172,92.89800876808117,0.001,10.145056009292603
1134,2,134,1089,95.08450317382812,92.92099802205914,0.001,9.371618747711182
1135,2,135,2205,96.92304992675781,92.9528806771346,0.001,8.992666244506836
1136,2,136,2147,88.74822998046875,92.90914391912688,0.001,11.574981927871704
1137,2,137,2197,97.634765625,92.94526236429704,0.001,7.999933481216431
1138,2,138,1317,92.40665435791016,92.94330025787394,0.001,8.07757306098938
1139,2,139,1343,91.20411682128906,92.93738282673289,0.001,9.428988456726074
1140,2,140,1516,89.99622344970703,92.91523562661348,0.001,9.086244344711304
1141,2,141,2179,87.81554412841797,92.88739948009459,0.001,8.713123559951782
1142,2,142,2249,91.34095001220703,92.87559972366942,0.001,8.894716739654541
1143,2,143,1443,85.07775115966797,92.79901349504865,0.001,8.748499155044556
1144,2,144,2073,93.38693237304688,92.80099796795805,0.001,9.676080703735352
1145,2,145,1965,88.58153533935547,92.75952568433264,0.001,9.40029239654541
1146,2,146,1679,89.14330291748047,92.74035471716178,0.001,9.129577159881592
1147,2,147,1756,89.88520812988281,92.7200785998814,0.001,10.475116729736328
1148,2,148,1551,97.21342468261719,92.75281677562644,0.001,10.417601585388184
1149,2,149,1333,98.48599243164062,92.79370954699561,0.001,11.11124587059021
1150,2,150,1951,97.31005096435547,92.8256772292405,0.001,8.013202667236328
1151,2,151,1839,90.6572494506836,92.81855030038818,0.001,10.849595546722412
1152,2,152,2294,96.02471923828125,92.8289219416383,0.001,10.989020824432373
1153,2,153,1706,104.28059387207031,92.90844682220745,0.001,7.976660966873169
1154,2,154,1675,88.72985076904297,92.88796933826245,0.001,8.242506265640259
1155,2,155,2196,100.66960144042969,92.9110584962311,0.001,9.185034036636353
1156,2,156,2229,86.15290069580078,92.88230955450759,0.001,8.738245487213135
1157,2,157,1828,89.5753402709961,92.85156392166584,0.001,10.632016658782959
1158,2,158,2191,95.0294418334961,92.86236006244786,0.001,10.153655290603638
1159,2,159,1817,74.22172546386719,92.804258724652,0.001,10.466947078704834
1160,2,160,1473,89.5132827758789,92.79045343840096,0.001,10.057868003845215
1161,2,161,1772,89.33287811279297,92.75918095409233,0.001,7.3684656620025635
1162,2,162,1306,77.39757537841797,92.62398983309964,0.001,8.51129961013794
1163,2,163,2251,100.70947265625,92.66292803566151,0.001,9.425885438919067
1164,2,164,1440,90.45527648925781,92.64878684286931,0.001,7.734403848648071
1165,2,165,2188,89.86138916015625,92.63080438281924,0.001,8.827026605606079
1166,2,166,2216,98.04737091064453,92.64580619626216,0.001,8.461368560791016
1167,2,167,1902,88.03360748291016,92.61603493020635,0.001,9.801413536071777
1168,2,168,2298,82.05717468261719,92.584529282748,0.001,7.760572910308838
1169,2,169,1602,95.35477447509766,92.59012129099591,0.001,9.849144220352173
1170,2,170,1128,80.43912506103516,92.51262072025976,0.001,11.07539176940918
1171,2,171,1714,82.8366470336914,92.45287739421141,0.001,6.300541877746582
1172,2,172,1090,91.48419189453125,92.44857598061454,0.001,8.96724009513855
1173,2,173,1326,102.05226135253906,92.47689395691688,0.001,9.299243927001953
1174,2,174,1575,97.67936706542969,92.51014404168956,0.001,9.553446531295776
1175,2,175,2413,94.54075622558594,92.5229173772604,0.001,8.939327955245972
1176,2,176,2422,78.85064697265625,92.48259211594655,0.001,9.153090953826904
1177,2,177,2406,92.12939453125,92.47967481229024,0.001,8.849684000015259
1178,2,178,1768,95.7737808227539,92.48921485865807,0.001,8.920023202896118
1179,2,179,1181,102.38844299316406,92.54801050847625,0.001,9.758201360702515
1180,2,180,2099,84.51193237304688,92.51309206037001,0.001,8.927724599838257
1181,2,181,2221,90.70049285888672,92.50197297796,0.001,9.991233348846436
1182,2,182,1793,92.7342529296875,92.50379815002378,0.001,8.981730937957764
1183,2,183,2427,80.9741439819336,92.43678582347906,0.001,8.509529113769531
1184,2,184,2040,96.34545135498047,92.4678676034317,0.001,9.191972017288208
1185,2,185,1088,87.00088500976562,92.43652595357545,0.001,9.299120426177979
1186,2,186,2113,93.92403411865234,92.44530062247875,0.001,9.97812271118164
1187,2,187,1766,92.05361938476562,92.44452774497262,0.001,9.67960810661316
1188,2,188,2325,96.26229095458984,92.46663376861575,0.001,11.634259939193726
1189,2,189,1399,89.76437377929688,92.44567512734451,0.001,8.086636304855347
1190,2,190,2225,93.04824829101562,92.45023581469233,0.001,10.469127416610718
1191,2,191,1692,91.5542984008789,92.44351408915317,0.001,8.714844226837158
1192,2,192,1530,84.92189025878906,92.3873752827714,0.001,10.098567008972168
1193,2,193,2425,88.65531158447266,92.36649512754369,0.001,10.309834003448486
1194,2,194,2464,66.87967681884766,92.2976043572564,0.001,9.12373971939087
1195,2,195,2013,103.5466537475586,92.32680061300941,0.001,8.676381587982178
1196,2,196,1182,82.73078918457031,92.2734723002679,0.001,10.109984636306763
1197,2,197,1557,85.77596282958984,92.22579285855659,0.001,9.826654195785522
1198,2,198,1457,89.04542541503906,92.20298393289204,0.001,7.516637802124023
1199,2,199,2223,87.30565643310547,92.16753333065394,0.001,8.725836992263794
1200,2,200,256,87.91554260253906,92.151411633953,0.001,6.870276212692261
1201,2,201,1439,91.46438598632812,92.14658921347466,0.001,9.024557113647461
1202,2,202,1532,94.9783706665039,92.166464889172,0.001,9.978524208068848
1203,2,203,1265,94.49376678466797,92.17233992101463,0.001,9.592178583145142
1204,2,204,1370,76.78662872314453,92.09091947483337,0.001,10.218043088912964
1205,2,205,2184,101.03958892822266,92.12469405857368,0.001,9.886030435562134
1206,2,206,2007,87.60140991210938,92.10126679002856,0.001,10.605385065078735
1207,2,207,1481,88.8915023803711,92.08442349251835,0.001,9.352915287017822
1208,2,208,2203,103.45773315429688,92.16265679777202,0.001,8.167456150054932
1209,2,209,1879,93.67462158203125,92.16828752856476,0.001,9.255359649658203
1210,2,210,1699,92.55123138427734,92.16964962256108,0.001,8.891893863677979
1211,2,211,1174,89.68619537353516,92.15699013380217,0.001,8.009754657745361
1212,2,212,28,98.51519012451172,92.17226611535736,0.001,8.930319547653198
1213,2,213,1361,83.49788665771484,92.15138981219513,0.001,8.352015256881714
1214,2,214,2460,87.03023529052734,92.13910170665054,0.001,9.30718445777893
1215,2,215,2448,84.19901275634766,92.0863568133923,0.001,8.379778146743774
1216,2,216,175,98.52069091796875,92.10978892503199,0.001,9.411511898040771
1217,2,217,1346,101.10591888427734,92.16718243101677,0.001,9.80548357963562
1218,2,218,1848,84.38743591308594,92.11586455946389,0.001,8.353068351745605
1219,2,219,2243,96.49568939208984,92.14451848621547,0.001,7.726512670516968
1220,2,220,1620,91.85474395751953,92.14406732357389,0.001,8.02064037322998
1221,2,221,2462,89.95760345458984,92.12971592019791,0.001,10.045587539672852
1222,2,222,1495,96.57498168945312,92.15130396259076,0.001,8.212059497833252
1223,2,223,1360,102.99678039550781,92.17549277125,0.001,7.7139506340026855
1224,2,224,1173,98.96653747558594,92.19114208377295,0.001,8.921100378036499
1225,2,225,2152,87.30354309082031,92.16796513558468,0.001,8.815876722335815
1226,2,226,1616,99.89043426513672,92.20560821056773,0.001,7.0829081535339355
1227,2,227,2163,88.36036682128906,92.18689477813447,0.001,8.707047939300537
1228,2,228,38,84.31449890136719,92.16011453072812,0.001,7.780550003051758
1229,2,229,1540,93.15084075927734,92.16235584233986,0.001,8.499621152877808
1230,2,230,2067,93.67100524902344,92.1675398713896,0.001,6.7351298332214355
1231,2,231,2443,86.35195922851562,92.14055065279406,0.001,6.611711740493774
1232,2,232,1506,84.3287582397461,92.12407516625055,0.001,8.77209186553955
1233,2,233,32,83.33919525146484,92.06876219704054,0.001,8.327425241470337
1234,2,234,1844,104.44414520263672,92.09301655610368,0.001,8.674455881118774
1235,2,235,1484,92.06724548339844,92.0928966555054,0.001,8.14493703842163
1236,2,236,1264,92.20988464355469,92.09315768587594,0.001,8.87520718574524
1237,2,237,1794,79.76235961914062,92.03768584480362,0.001,9.294346332550049
1238,2,238,2436,85.30280303955078,92.02292206853777,0.001,10.768324851989746
1239,2,239,1118,87.98339080810547,92.00463072953853,0.001,10.051219701766968
1240,2,240,2060,86.89685821533203,91.98138821806943,0.001,7.351223707199097
1241,2,241,1690,74.9938735961914,91.94456657619797,0.001,9.138623237609863
1242,2,242,2297,92.5513687133789,91.94735329158355,0.001,8.75644326210022
1243,2,243,2343,90.80367279052734,91.9437393491247,0.001,8.995556831359863
1244,2,244,2174,78.34616088867188,91.86521518800438,0.001,8.750535488128662
1245,2,245,2546,81.8111572265625,91.82098690042129,0.001,8.582607746124268
1246,2,246,2192,91.77542877197266,91.82090634806298,0.001,9.134895324707031
1247,2,247,2652,92.94805908203125,91.8232356785416,0.001,8.46769094467163
1248,2,248,1915,89.75643157958984,91.81680312261811,0.001,8.86778736114502
1249,2,249,2547,86.78694152832031,91.79468031234819,0.001,8.3240065574646
1250,2,250,1395,108.0857162475586,91.8291774740574,0.001,9.227044582366943
1251,2,251,1888,85.40664672851562,91.79250942774986,0.001,8.144777297973633
1252,2,252,2050,76.2336654663086,91.74519721332209,0.001,8.16263723373413
1253,2,253,2534,105.14030456542969,91.77315860246097,0.001,8.941694259643555
1254,2,254,2682,83.3620376586914,91.72422660799553,0.001,9.349144697189331
1255,2,255,2071,96.00733184814453,91.73725241311885,0.001,8.647201776504517
1256,2,256,1393,90.25548553466797,91.73088582490173,0.001,8.232079982757568
1257,2,257,2669,97.23419952392578,91.74220636316531,0.001,9.372840642929077
1258,2,258,1648,97.8519058227539,91.76070762546435,0.001,8.044708251953125
1259,2,259,2593,82.22840881347656,91.71951590031487,0.001,9.02173662185669
1260,2,260,1693,87.62155151367188,91.69660294020701,0.001,8.504844188690186
1261,2,261,1864,92.90754699707031,91.69904407067357,0.001,8.477678298950195
1262,2,262,2476,95.39376831054688,91.70644705455642,0.001,8.677042007446289
1263,2,263,2709,101.56475067138672,91.72583868793643,0.001,10.612567663192749
1264,2,264,2219,94.30693054199219,91.73065668837012,0.001,6.537867307662964
1265,2,265,2619,89.54246520996094,91.72469904590086,0.001,9.387998104095459
1266,2,266,1577,91.4806137084961,91.72369178042787,0.001,8.72810435295105
1267,2,267,1585,88.23497009277344,91.70474340430722,0.001,7.097778558731079
1268,2,268,2166,88.44993591308594,91.69523366432404,0.001,8.210302352905273
1269,2,269,2585,85.51787567138672,91.670422814296,0.001,9.697299242019653
1270,2,270,2511,97.6854476928711,91.68818341766966,0.001,9.557995557785034
1271,2,271,2523,92.30142211914062,91.69150926723816,0.001,7.806504249572754
1272,2,272,2758,100.17988586425781,91.7256888359715,0.001,7.5873823165893555
1273,2,273,2377,80.77072143554688,91.68172958759293,0.001,7.180432081222534
1274,2,274,1274,88.82337188720703,91.67048736421921,0.001,7.182910442352295
1275,2,275,1502,85.97972869873047,91.63976998667647,0.001,8.468700408935547
1276,2,276,2583,91.24403381347656,91.6381850909375,0.001,8.821605205535889
1277,2,277,2455,101.23275756835938,91.65671274345448,0.001,8.42985463142395
1278,2,278,2533,75.69391632080078,91.61076687568463,0.001,8.164728164672852
1279,2,279,2140,99.60824584960938,91.62515994575,0.001,9.01073670387268
1280,2,280,1373,78.1292495727539,91.58342023076806,0.001,7.336896181106567
1281,2,281,2008,118.30401611328125,91.62814437596789,0.001,8.597267627716064
1282,2,282,2608,84.37132263183594,91.58958738403489,0.001,8.215222120285034
1283,2,283,1735,85.77653503417969,91.57868679518275,0.001,9.120425701141357
1284,2,284,1838,84.52290344238281,91.55173660476176,0.001,9.731393814086914
1285,2,285,1434,93.55419158935547,91.55922238947232,0.001,8.267532348632812
1286,2,286,2098,92.58488464355469,91.56182292720537,0.001,9.018593549728394
1287,2,287,37,84.78435516357422,91.52728102219483,0.001,9.974332332611084
1288,2,288,1117,95.24446105957031,91.54177186067099,0.001,8.705941438674927
1289,2,289,2282,82.97927856445312,91.52623093456222,0.001,8.316184043884277
1290,2,290,2552,93.71133422851562,91.53446724295098,0.001,7.674584150314331
1291,2,291,2722,77.95525360107422,91.51176957075019,0.001,9.746302604675293
1292,2,292,2929,90.0431137084961,91.50620499326858,0.001,8.880035161972046
1293,2,293,1615,93.76500701904297,91.51454627695179,0.001,9.832562685012817
1294,2,294,2235,90.9798355102539,91.51188089456798,0.001,7.864215850830078
1295,2,295,2274,87.08296203613281,91.49563008452965,0.001,9.752856492996216
1296,2,296,2000,84.24089050292969,91.48288788628962,0.001,9.164986371994019
1297,2,297,1769,85.9939956665039,91.4554361711105,0.001,8.165010452270508
1298,2,298,361,86.02813720703125,91.42997642483212,0.001,7.647928714752197
1299,2,299,2603,78.34064483642578,91.36737556591864,0.001,8.477537631988525
1300,2,300,2763,99.30738067626953,91.38116170989834,0.001,8.69613242149353
1301,2,301,1123,89.49419403076172,91.37623882990583,0.001,7.645400524139404
1302,2,302,2327,101.98403930664062,91.40340980719729,0.001,8.364447593688965
1303,2,303,1580,92.48780822753906,91.40622650667876,0.001,8.294334173202515
1304,2,304,2172,82.4691390991211,91.37323669567797,0.001,7.546128511428833
1305,2,305,1250,82.96343231201172,91.35889413116863,0.001,9.502680540084839
1306,2,306,1832,97.94446563720703,91.39060302279795,0.001,8.936276197433472
1307,2,307,2392,88.71028137207031,91.38363285813799,0.001,7.901453971862793
1308,2,308,1764,90.47142028808594,91.379194991877,0.001,10.085634708404541
1309,2,309,2668,97.23597717285156,91.40032579053126,0.001,8.517676830291748
1310,2,310,2789,89.51155090332031,91.39363655864824,0.001,10.129679679870605
1311,2,311,2450,90.0092544555664,91.38882461543432,0.001,9.913032293319702
1312,2,312,2775,90.27975463867188,91.38496228922111,0.001,9.006939888000488
1313,2,313,390,98.01753234863281,91.4012182688748,0.001,9.672738790512085
1314,2,314,2482,89.93000793457031,91.39427947988347,0.001,10.804619073867798
1315,2,315,1324,89.66751098632812,91.38631583906844,0.001,8.708529233932495
1316,2,316,1161,88.31736755371094,91.38152478854116,0.001,10.750588417053223
1317,2,317,407,90.20008850097656,91.37742423230051,0.001,9.439522504806519
1318,2,318,2149,82.05020141601562,91.34468753097342,0.001,8.545526504516602
1319,2,319,2672,89.54436492919922,91.33637405447818,0.001,8.509079933166504
1320,2,320,2055,88.1948013305664,91.3220144300851,0.001,9.84453272819519
1321,2,321,2772,85.46753692626953,91.30208677777902,0.001,10.370305061340332
1322,2,322,1649,78.03549194335938,91.25681896399165,0.001,9.680471181869507
1323,2,323,1092,86.8136215209961,91.2367098916012,0.001,9.158202886581421
1324,2,324,2834,85.2892837524414,91.20985850152036,0.001,10.340609312057495
1325,2,325,1914,81.1218490600586,91.193692898524,0.001,8.871259689331055
1326,2,326,1779,98.31170654296875,91.22542823850411,0.001,9.602657794952393
1327,2,327,1845,85.68086242675781,91.21709350559422,0.001,8.3037748336792
1328,2,328,2673,86.1429672241211,91.19990577761581,0.001,8.562822818756104
1329,2,329,2927,81.45681762695312,91.18650710857735,0.001,8.877138137817383
1330,2,330,2387,98.39558410644531,91.20365301276189,0.001,8.649348974227905
1331,2,331,1262,90.58586120605469,91.20269118812745,0.001,8.010809898376465
1332,2,332,461,94.37565612792969,91.21654505206178,0.001,9.052838802337646
1333,2,333,2505,87.14900207519531,91.21001425131897,0.001,9.88409161567688
1334,2,334,2075,77.7805404663086,91.17897918815032,0.001,10.013863563537598
1335,2,335,424,91.06909942626953,91.17873408356361,0.001,9.530712366104126
1336,2,336,1488,82.02896118164062,91.14122964088952,0.001,8.007490873336792
1337,2,337,453,100.33502197265625,91.16246893334478,0.001,9.375064134597778
1338,2,338,1453,92.0733871459961,91.1637850677106,0.001,7.6455278396606445
1339,2,339,2911,78.71694946289062,91.1459288488093,0.001,7.894014120101929
1340,2,340,2845,86.54705047607422,91.12609269236,0.001,8.935154438018799
1341,2,341,401,87.4386215209961,91.1141734096894,0.001,8.50445032119751
1342,2,342,2596,98.39422607421875,91.130909569197,0.001,8.695389986038208
1343,2,343,2706,80.70694732666016,91.11573997618086,0.001,8.345779418945312
1344,2,344,336,83.57754516601562,91.08332847224916,0.001,7.266383409500122
1345,2,345,266,101.27235412597656,91.12672427294866,0.001,6.957834005355835
1346,2,346,2034,89.94355773925781,91.12178895025697,0.001,9.541451930999756
1347,2,347,2565,85.83003234863281,91.11366345723414,0.001,7.762819051742554
1348,2,348,507,99.31704711914062,91.12228665805563,0.001,7.925854444503784
1349,2,349,2613,100.1856918334961,91.15054759401724,0.001,10.198400974273682
1350,2,350,1909,89.38575744628906,91.1432567688907,0.001,8.009293556213379
1351,2,351,1541,84.5625991821289,91.13429923208484,0.001,8.393024921417236
1352,2,352,2398,82.93856048583984,91.10044019941243,0.001,8.709451913833618
1353,2,353,2569,99.43456268310547,91.1189637459627,0.001,9.544976234436035
1354,2,354,2499,95.0510482788086,91.12772819667167,0.001,8.667049169540405
1355,2,355,682,99.89862060546875,91.16373762768055,0.001,7.72454833984375
1356,2,356,1918,80.590576171875,91.1200979755129,0.001,8.162386178970337
1357,2,357,685,87.59407043457031,91.10939109217378,0.001,7.085028886795044
1358,2,358,2548,85.7536392211914,91.09321859835852,0.001,10.907795190811157
1359,2,359,492,77.52661895751953,91.03782440834618,0.001,8.950195074081421
1360,2,360,376,104.22401428222656,91.0572800907899,0.001,7.9388322830200195
1361,2,361,1938,85.28253936767578,91.04919410382054,0.001,8.875411748886108
1362,2,362,1109,82.40290069580078,91.01541130642772,0.001,9.366663932800293
1363,2,363,400,93.94829559326172,91.0210988728547,0.001,6.511931419372559
1364,2,364,2401,82.35226440429688,90.99454540305416,0.001,9.492576360702515
1365,2,365,368,81.93928527832031,90.96636183274668,0.001,9.433881759643555
1366,2,366,374,77.08536529541016,90.91116359752988,0.001,8.45514440536499
1367,2,367,1127,89.05596160888672,90.90711572631035,0.001,8.84547233581543
1368,2,368,1363,84.7431869506836,90.88876298446262,0.001,7.837517976760864
1369,2,369,514,102.77532196044922,90.91439738726051,0.001,9.067337989807129
1370,2,370,727,88.34967041015625,90.91081732832512,0.001,9.328627824783325
1371,2,371,521,87.94588470458984,90.90664513908109,0.001,8.259663581848145
1372,2,372,1310,83.0309829711914,90.87542132691823,0.001,8.295289993286133
1373,2,373,264,87.6064682006836,90.8657200276832,0.001,9.454854011535645
1374,2,374,1151,91.66275024414062,90.86733366914795,0.001,9.91842794418335
1375,2,375,2458,83.7110366821289,90.84640596246952,0.001,8.258783340454102
1376,2,376,2328,82.10224151611328,90.82789160519701,0.001,10.496924877166748
1377,2,377,64,101.01168060302734,90.84226019363886,0.001,10.020393371582031
1378,2,378,2590,104.9580307006836,90.8707810587697,0.001,8.947378158569336
1379,2,379,1372,82.95947265625,90.84787229862266,0.001,7.913063287734985
1380,2,380,2181,101.50679016113281,90.86266970063777,0.001,8.94828748703003
1381,2,381,2617,86.84548950195312,90.84726544922097,0.001,8.45985722541809
1382,2,382,1365,97.80606079101562,90.85687015992188,0.001,9.39582896232605
1383,2,383,488,92.5315933227539,90.86323592265407,0.001,9.313315868377686
1384,2,384,1846,86.95234680175781,90.85210434185137,0.001,6.453911781311035
1385,2,385,1122,79.75566101074219,90.8290335955455,0.001,8.573326110839844
1386,2,386,1342,90.54144287109375,90.82822704415493,0.001,8.072350263595581
1387,2,387,2871,75.42769622802734,90.77010199994032,0.001,7.973642110824585
1388,2,388,432,82.2022933959961,90.74624440534019,0.001,8.613463878631592
1389,2,389,2861,75.81976318359375,90.7037143500076,0.001,8.093510389328003
1390,2,390,178,84.99712371826172,90.68799383849944,0.001,8.859902381896973
1391,2,391,693,88.5120620727539,90.67979878855216,0.001,9.733120203018188
1392,2,392,518,85.91354370117188,90.67339613667536,0.001,8.977811813354492
1393,2,393,56,92.02252960205078,90.67717408195193,0.001,8.52176022529602
1394,2,394,1586,88.74512481689453,90.66993226877294,0.001,8.526507139205933
1395,2,395,1636,74.09107971191406,90.60833005784988,0.001,10.364810705184937
1396,2,396,378,97.45429992675781,90.6336208150047,0.001,8.95539379119873
1397,2,397,383,89.70763397216797,90.6303205674872,0.001,10.023875713348389
1398,2,398,858,94.192626953125,90.63455672745658,0.001,8.413353681564331
1399,2,399,2340,91.57269287109375,90.63707842276412,0.001,10.260277032852173
1400,2,400,363,89.83908081054688,90.63604032897595,0.001,8.947054386138916
1401,2,401,2272,86.01502227783203,90.62340439071762,0.001,9.853132009506226
1402,2,402,1113,91.71116638183594,90.6273575401932,0.001,10.079898357391357
1403,2,403,728,82.1392822265625,90.60419812108363,0.001,9.20499062538147
1404,2,404,2694,105.54981231689453,90.62339406082188,0.001,9.085839033126831
1405,2,405,2906,85.0556869506836,90.60836007408149,0.001,7.640620946884155
1406,2,406,789,83.2857894897461,90.58864083094268,0.001,8.880588293075562
1407,2,407,350,84.99848175048828,90.57347216179949,0.001,9.181326627731323
1408,2,408,2901,93.59471893310547,90.57940904325534,0.001,8.402407169342041
1409,2,409,1503,83.23973083496094,90.56643607973817,0.001,7.27321720123291
1410,2,410,77,88.42530822753906,90.56063157509092,0.001,8.816148519515991
1411,2,411,490,88.04072570800781,90.55735761219607,0.001,9.269855737686157
1412,2,412,2202,89.32611083984375,90.55295384116357,0.001,9.028550863265991
1413,2,413,1126,85.08769989013672,90.53354869411928,0.001,7.609280347824097
1414,2,414,1514,90.68926239013672,90.53374378146596,0.001,9.051860570907593
1415,2,415,811,73.80029296875,90.51418891319514,0.001,8.358523845672607
1416,2,416,1460,90.19957733154297,90.51359239853234,0.001,8.115108489990234
1417,2,417,1339,102.42816162109375,90.5288061142402,0.001,9.134457349777222
1418,2,418,68,97.82062530517578,90.54280200047397,0.001,8.297247648239136
1419,2,419,2614,81.21881866455078,90.5104201778339,0.001,8.520751953125
1420,2,420,448,97.58160400390625,90.52936682915181,0.001,8.925207376480103
1421,2,421,2930,90.12459564208984,90.52887396823591,0.001,7.736739158630371
1422,2,422,377,93.8984603881836,90.53515924582632,0.001,8.444956302642822
1423,2,423,956,85.78069305419922,90.51872639307904,0.001,8.980787515640259
1424,2,424,990,76.39241790771484,90.4812127706445,0.001,8.22439980506897
1425,2,425,759,91.3378677368164,90.48340699107361,0.001,9.239137411117554
1426,2,426,408,77.6544189453125,90.45996791988759,0.001,9.162247657775879
1427,2,427,913,84.12361145019531,90.44834397916591,0.001,9.425060749053955
1428,2,428,710,85.57866668701172,90.43588537745195,0.001,8.790439128875732
1429,2,429,2513,99.35418701171875,90.4467363007863,0.001,8.233397722244263
1430,2,430,1482,90.353759765625,90.44662411144331,0.001,9.19700026512146
1431,2,431,458,84.9406509399414,90.43971699357765,0.001,9.077800273895264
1432,2,432,94,80.68981170654297,90.4084242999451,0.001,10.743062734603882
1433,2,433,607,98.07735443115234,90.41738017897043,0.001,8.422781229019165
1434,2,434,2563,78.61157989501953,90.39583958064199,0.001,9.30642294883728
1435,2,435,991,99.85832977294922,90.407051587238,0.001,8.302293539047241
1436,2,436,2537,85.77424621582031,90.39503518054343,0.001,8.436418771743774
1437,2,437,966,84.0474853515625,90.38378248130655,0.001,9.785766839981079
1438,2,438,337,85.24061584472656,90.37538025107452,0.001,7.411456346511841
1439,2,439,2278,87.56522369384766,90.36818422606477,0.001,8.302758693695068
1440,2,440,788,83.29936218261719,90.34442618833715,0.001,7.367603063583374
1441,2,441,825,82.34815979003906,90.33510845042885,0.001,9.012555599212646
1442,2,442,455,72.24041748046875,90.31853961261466,0.001,7.7674267292022705
1443,2,443,1737,86.92140197753906,90.3075240062066,0.001,8.352282285690308
1444,2,444,98,87.2701187133789,90.29738455632328,0.001,10.21990180015564
1445,2,445,447,100.16039276123047,90.30921635697337,0.001,7.544728755950928
1446,2,446,340,83.82807922363281,90.29308561299706,0.001,8.146722078323364
1447,2,447,954,77.22032165527344,90.27766891360626,0.001,10.186037302017212
1448,2,448,803,103.3153305053711,90.29263901627131,0.001,8.994555473327637
1449,2,449,873,88.95379638671875,90.29125125338193,0.001,8.913061141967773
1450,2,450,1676,84.71659088134766,90.27278417243794,0.001,8.822856426239014
1451,2,451,771,85.4886245727539,90.26108706510902,0.001,9.813478469848633
1452,2,452,694,82.56431579589844,90.23595671579075,0.001,9.28957462310791
1453,2,453,2347,86.6070785522461,90.22709515887142,0.001,9.51054835319519
1454,2,454,2051,85.4378662109375,90.21533746751216,0.001,10.355762958526611
1455,2,455,699,78.4632797241211,90.18717772503526,0.001,9.811543703079224
1456,2,456,2293,75.84278869628906,90.15152113626354,0.001,8.344390153884888
1457,2,457,707,86.23416900634766,90.14728346038878,0.001,8.314826011657715
1458,2,458,1791,81.37841796875,90.13234402897639,0.001,9.908100128173828
1459,2,459,695,85.13688659667969,90.12017315335267,0.001,8.558265924453735
1460,2,460,2660,92.44998931884766,90.1275022484954,0.001,6.66942286491394
1461,2,461,2584,82.71223449707031,90.10384748148105,0.001,8.95867133140564
1462,2,462,60,89.47207641601562,90.10276927724959,0.001,9.666813373565674
1463,2,463,2494,75.66200256347656,90.06852899516072,0.001,8.740569829940796
1464,2,464,403,81.64976501464844,90.0543204041768,0.001,8.139026403427124
1465,2,465,469,90.56221771240234,90.0559258483112,0.001,9.131656646728516
1466,2,466,915,95.51197052001953,90.06187823125902,0.001,10.667984008789062
1467,2,467,67,85.94376373291016,90.05210756649845,0.001,9.255791425704956
1468,2,468,2782,81.36970520019531,90.02446694362936,0.001,10.180232763290405
1469,2,469,2595,100.79462432861328,90.03647921056832,0.001,9.234726905822754
1470,2,470,522,77.49561309814453,89.9969969430761,0.001,9.229333877563477
1471,2,471,721,89.20677947998047,89.99569290855149,0.001,8.72933578491211
1472,2,472,273,90.67021942138672,89.99728782696405,0.001,9.028892278671265
1473,2,473,981,93.88932800292969,90.00640804013305,0.001,8.486674785614014
1474,2,474,2522,76.58573150634766,89.97539901866018,0.001,8.543225288391113
1475,2,475,519,83.57205200195312,89.9554550918031,0.001,9.61783766746521
1476,2,476,2452,98.989501953125,89.97640838768285,0.001,8.372892379760742
1477,2,477,441,82.46306610107422,89.95904670479969,0.001,9.028921127319336
1478,2,478,808,87.04670715332031,89.95237738969386,0.001,8.429482698440552
1479,2,479,2241,98.48177337646484,89.97889143746066,0.001,9.575632333755493
1480,2,480,914,83.83320617675781,89.96482657888706,0.001,9.089086771011353
1481,2,481,972,89.65387725830078,89.96412728853343,0.001,10.138097763061523
1482,2,482,601,87.11054229736328,89.95544032142638,0.001,8.88536262512207
1483,2,483,2117,91.7290267944336,89.95938648954653,0.001,9.296434164047241
1484,2,484,986,78.76618957519531,89.93350224877067,0.001,9.330058574676514
1485,2,485,989,93.26704406738281,89.94105003562449,0.001,8.670169830322266
1486,2,486,616,88.8586196899414,89.93781571740229,0.001,6.116150617599487
1487,2,487,961,79.41896057128906,89.90632699674693,0.001,7.664912223815918
1488,2,488,29,83.24102020263672,89.89142193090919,0.001,8.84237790107727
1489,2,489,2692,90.66875457763672,89.89374504871695,0.001,7.777421951293945
1490,2,490,2864,85.85641479492188,89.88721699231074,0.001,8.915631532669067
1491,2,491,686,75.81114959716797,89.85506934688374,0.001,7.689157724380493
1492,2,492,814,74.6803970336914,89.83849277714096,0.001,8.003299713134766
1493,2,493,719,80.31764221191406,89.81019990390871,0.001,8.113206148147583
1494,2,494,2144,90.90161895751953,89.81134401081259,0.001,6.6488728523254395
1495,2,495,778,93.357421875,89.81914867482996,0.001,7.265156269073486
1496,2,496,434,90.75846862792969,89.82004654847087,0.001,8.877517938613892
1497,2,497,801,88.8231430053711,89.81851683180321,0.001,7.655011415481567
1498,2,498,1149,71.37482452392578,89.77739870197509,0.001,7.041463136672974
1499,2,499,870,86.77465057373047,89.772660777824,0.001,8.62442135810852
1500,3,0,2588,88.48880767822266,88.48880767822266,0.001,8.823533773422241
1501,3,1,468,84.558349609375,86.54453779912204,0.001,9.264554500579834
1502,3,2,919,85.27225494384766,86.11620786574002,0.001,9.11572003364563
1503,3,3,2909,86.95254516601562,86.28386490231166,0.001,9.489615678787231
1504,3,4,1155,96.01113891601562,87.13805821951486,0.001,8.242920160293579
1505,3,5,951,89.711669921875,87.53200537967821,0.001,9.767619848251343
1506,3,6,2204,91.4617919921875,88.19124330216033,0.001,9.532509088516235
1507,3,7,2510,82.25355529785156,87.33329954677933,0.001,8.6252121925354
1508,3,8,65,93.31712341308594,87.63586996295574,0.001,10.427922010421753
1509,3,9,446,87.29789733886719,87.60432230170763,0.001,9.077103614807129
1510,3,10,827,93.81033325195312,87.9328794537709,0.001,7.813860177993774
1511,3,11,2270,84.72654724121094,87.58906929955137,0.001,10.232768297195435
1512,3,12,325,81.24557495117188,87.12310985662093,0.001,8.750511407852173
1513,3,13,977,87.3987045288086,87.13650180094443,0.001,7.538920640945435
1514,3,14,1098,79.25308990478516,86.75689150063387,0.001,9.121820449829102
1515,3,15,1083,93.79109191894531,87.31861958244308,0.001,8.458763122558594
1516,3,16,367,99.94796752929688,87.84293183107044,0.001,6.891211032867432
1517,3,17,69,88.94042205810547,87.9234458580477,0.001,8.027759075164795
1518,3,18,770,87.46461486816406,87.8993867341173,0.001,7.656893253326416
1519,3,19,1717,103.01114654541016,88.2581923368133,0.001,8.156513929367065
1520,3,20,496,81.09867858886719,87.9282962856109,0.001,9.463649272918701
1521,3,21,1259,79.23885345458984,87.64529227320543,0.001,9.026844024658203
1522,3,22,916,90.67840576171875,87.71221421136153,0.001,7.704604387283325
1523,3,23,834,89.7778091430664,87.83028215331827,0.001,8.264912128448486
1524,3,24,742,82.99861907958984,87.56753823160922,0.001,8.90731430053711
1525,3,25,342,81.38815307617188,87.24543737385666,0.001,9.203416347503662
1526,3,26,717,90.3364028930664,87.39623081420308,0.001,9.213501691818237
1527,3,27,405,90.02005767822266,87.4645835718253,0.001,8.40177869796753
1528,3,28,2874,87.83405303955078,87.47705587946983,0.001,10.311746597290039
1529,3,29,689,89.98799896240234,87.53716789175009,0.001,8.446658849716187
1530,3,30,1093,83.6472396850586,87.37320955254835,0.001,9.362616062164307
1531,3,31,832,75.5172119140625,86.88761631145414,0.001,9.631887674331665
1532,3,32,2498,97.68901824951172,87.1203140352361,0.001,8.492787837982178
1533,3,33,272,90.9734878540039,87.20222742022315,0.001,5.673713684082031
1534,3,34,177,89.79196166992188,87.2756233058656,0.001,10.580003499984741
1535,3,35,190,78.42186737060547,86.94123176116011,0.001,10.198559284210205
1536,3,36,250,83.99270629882812,86.90279832117619,0.001,8.952042579650879
1537,3,37,2923,95.46053314208984,87.06160903570603,0.001,9.52803111076355
1538,3,38,2335,97.47843933105469,87.1961477159391,0.001,8.797926425933838
1539,3,39,1334,90.95826721191406,87.24214127439996,0.001,6.965537786483765
1540,3,40,1596,91.62604522705078,87.32060855069263,0.001,8.823394298553467
1541,3,41,523,91.02368927001953,87.44416075457566,0.001,8.107767581939697
1542,3,42,2543,85.68791961669922,87.40139906961157,0.001,10.101176023483276
1543,3,43,2610,86.59032440185547,87.39214109162702,0.001,8.385427951812744
1544,3,44,1519,87.93292236328125,87.40500341172046,0.001,6.79594874382019
1545,3,45,2399,89.795166015625,87.4285828826595,0.001,8.13299298286438
1546,3,46,254,76.90542602539062,87.11541055148093,0.001,8.91298246383667
1547,3,47,851,85.0594482421875,87.05435559418142,0.001,8.596356630325317
1548,3,48,2654,87.66617584228516,87.07167790458963,0.001,8.525725841522217
1549,3,49,436,89.66746520996094,87.10964610977858,0.001,8.861379146575928
1550,3,50,2502,91.21610260009766,87.22171133713478,0.001,9.869007110595703
1551,3,51,2066,93.01799011230469,87.37342063732281,0.001,8.203699111938477
1552,3,52,2564,79.95503234863281,87.23226118442355,0.001,7.415417432785034
1553,3,53,773,97.5779037475586,87.42878248513297,0.001,9.171453952789307
1554,3,54,2529,89.45683288574219,87.46744737375704,0.001,8.67263126373291
1555,3,55,1878,87.4786605834961,87.46759287950972,0.001,7.792253494262695
1556,3,56,705,80.72879028320312,87.30380558547519,0.001,8.999431610107422
1557,3,57,481,90.65414428710938,87.36283389476051,0.001,9.131223678588867
1558,3,58,1921,81.70137023925781,87.26492135150848,0.001,8.639856100082397
1559,3,59,1762,94.97850799560547,87.39594842665987,0.001,8.839269876480103
1560,3,60,382,79.40141296386719,87.33344281599632,0.001,8.473190546035767
1561,3,61,2580,89.84341430664062,87.38753787776783,0.001,8.048293113708496
1562,3,62,1397,79.5383529663086,87.21632274048432,0.001,7.211786508560181
1563,3,63,706,80.45084381103516,87.16378603857179,0.001,8.609944581985474
1564,3,64,1570,84.11122131347656,87.14038543440782,0.001,8.181855916976929
1565,3,65,2767,83.5632553100586,87.08355021581849,0.001,7.9581098556518555
1566,3,66,1099,89.78654479980469,87.13901205306263,0.001,7.555974245071411
1567,3,67,73,85.43379211425781,87.12648252150619,0.001,9.040440559387207
1568,3,68,787,88.10247802734375,87.1336097638706,0.001,8.62105941772461
1569,3,69,2535,92.67117309570312,87.1731788726669,0.001,8.297746419906616
1570,3,70,743,86.39122009277344,87.16766327520735,0.001,7.63896107673645
1571,3,71,344,85.123291015625,87.15320995233006,0.001,10.420609712600708
1572,3,72,2341,81.84883880615234,87.04977785254174,0.001,7.940441370010376
1573,3,73,1568,83.51948547363281,86.9996121871924,0.001,8.751684427261353
1574,3,74,2157,80.84994506835938,86.88448201617754,0.001,8.917381763458252
1575,3,75,2479,86.1050796508789,86.87404285169202,0.001,9.024198532104492
1576,3,76,1111,87.07850646972656,86.87682830870605,0.001,8.121375799179077
1577,3,77,1802,94.35807800292969,86.97726628222793,0.001,7.881896495819092
1578,3,78,392,90.33135986328125,87.03595362019142,0.001,8.973813772201538
1579,3,79,1442,82.4830093383789,86.99381386771222,0.001,10.079391479492188
1580,3,80,1819,85.46644592285156,86.98425207862931,0.001,8.71423602104187
1581,3,81,2080,79.59638977050781,86.85718999074876,0.001,8.588066101074219
1582,3,82,819,85.04276275634766,86.83412157223648,0.001,8.622191190719604
1583,3,83,2781,77.75306701660156,86.76278331600487,0.001,8.108558416366577
1584,3,84,1470,92.85366821289062,86.8363663719753,0.001,8.676420450210571
1585,3,85,274,86.57006072998047,86.83315608174087,0.001,8.303025722503662
1586,3,86,2832,78.88679504394531,86.71142967200716,0.001,9.674608707427979
1587,3,87,861,94.5644760131836,86.77860149095294,0.001,8.035288095474243
1588,3,88,920,87.07579040527344,86.78332932997233,0.001,9.149951696395874
1589,3,89,962,75.74480438232422,86.69051029049999,0.001,9.201339483261108
1590,3,90,2793,81.5345230102539,86.61017845958237,0.001,8.64566421508789
1591,3,91,1493,84.54347229003906,86.57891606323771,0.001,8.711211681365967
1592,3,92,2538,93.2972412109375,86.61500851603448,0.001,9.12906289100647
1593,3,93,2720,92.67080688476562,86.64488228104665,0.001,8.622692346572876
1594,3,94,611,87.3648681640625,86.65050108172304,0.001,10.17849612236023
1595,3,95,2233,93.52118682861328,86.70437637533604,0.001,8.662340641021729
1596,3,96,388,96.97977447509766,86.75581943949524,0.001,8.923921585083008
1597,3,97,2750,86.71691131591797,86.75561889681998,0.001,9.36133360862732
1598,3,98,1923,87.17294311523438,86.76022419186886,0.001,9.618700981140137
1599,3,99,904,80.36656951904297,86.71691097375846,0.001,8.311185598373413
1600,3,100,471,87.01266479492188,86.72103843282541,0.001,9.12408447265625
1601,3,101,1642,85.21168518066406,86.7054715925527,0.001,9.716069459915161
1602,3,102,1153,88.11518096923828,86.72502129022378,0.001,7.506104469299316
1603,3,103,1105,78.7733154296875,86.68458525804962,0.001,9.348698377609253
1604,3,104,459,107.3731918334961,86.7844464419075,0.001,8.603208303451538
1605,3,105,2378,89.97328186035156,86.81704856941626,0.001,8.123794078826904
1606,3,106,1627,97.46451568603516,86.92451041429725,0.001,8.693021059036255
1607,3,107,2784,89.27957916259766,86.95565780666105,0.001,8.807312250137329
1608,3,108,74,97.07564544677734,87.00238953506707,0.001,7.829171657562256
1609,3,109,372,81.07974243164062,86.97814610583728,0.001,9.461485624313354
1610,3,110,2794,86.09889221191406,86.9740163120866,0.001,6.545203685760498
1611,3,111,774,86.63519287109375,86.97074282759041,0.001,9.825019598007202
1612,3,112,2349,84.0401611328125,86.93372321434711,0.001,9.485891342163086
1613,3,113,852,91.67033386230469,86.97797334306556,0.001,11.027108430862427
1614,3,114,2435,85.31237030029297,86.97029457269151,0.001,7.715520143508911
1615,3,115,1383,92.46639251708984,87.00750049610271,0.001,9.787768840789795
1616,3,116,2432,76.77815246582031,86.9617451898882,0.001,9.054343700408936
1617,3,117,2449,79.53898620605469,86.89336025903349,0.001,8.511643648147583
1618,3,118,1120,79.89399719238281,86.8498102550929,0.001,9.258684396743774
1619,3,119,863,82.55204772949219,86.81058183597959,0.001,8.42046046257019
1620,3,120,680,104.85818481445312,86.88736911929087,0.001,8.347636699676514
1621,3,121,864,96.20838928222656,86.92513615023553,0.001,9.25791049003601
1622,3,122,2601,90.0494613647461,86.96150947431676,0.001,8.87491250038147
1623,3,123,1263,95.88057708740234,87.03994535869866,0.001,8.962246179580688
1624,3,124,1585,86.83464050292969,87.03759141543534,0.001,8.642890214920044
1625,3,125,1365,94.4138412475586,87.06812872207901,0.001,7.27156662940979
1626,3,126,1769,82.75435638427734,87.01834827524048,0.001,7.888575315475464
1627,3,127,1909,87.53475952148438,87.02409714293438,0.001,8.444864749908447
1628,3,128,1620,85.68441772460938,87.02049170043985,0.001,9.920311450958252
1629,3,129,1519,87.62548065185547,87.02565573818582,0.001,9.02509093284607
1630,3,130,1393,88.57431030273438,87.03859899193192,0.001,7.312368154525757
1631,3,131,1370,73.39569091796875,86.92539572088987,0.001,8.558081865310669
1632,3,132,1823,81.98932647705078,86.87054688989542,0.001,7.896526098251343
1633,3,133,1343,86.28282165527344,86.86842136395893,0.001,7.454463720321655
1634,3,134,1306,75.07476043701172,86.74249223401284,0.001,7.536858558654785
1635,3,135,1326,93.04621887207031,86.76615843348213,0.001,9.085151195526123
1636,3,136,1627,97.50591278076172,86.85212615012928,0.001,10.659130334854126
1637,3,137,1717,102.39949035644531,86.90998478836313,0.001,9.053349733352661
1638,3,138,1514,91.09539794921875,86.92556700619019,0.001,7.176445245742798
1639,3,139,2013,101.0123519897461,86.97735608951986,0.001,9.248790740966797
1640,3,140,1098,77.67330169677734,86.9249581239045,0.001,9.770678043365479
1641,3,141,1265,93.60151672363281,86.94976780861995,0.001,8.818243026733398
1642,3,142,1516,83.4461669921875,86.92291031771327,0.001,10.898764610290527
1643,3,143,1274,85.76209259033203,86.91419529478934,0.001,9.03184723854065
1644,3,144,1548,91.1208267211914,86.94493054197353,0.001,9.34338641166687
1645,3,145,1523,87.08467864990234,86.94543582436452,0.001,8.173946380615234
1646,3,146,1735,80.72964477539062,86.92288599504035,0.001,9.217570781707764
1647,3,147,2098,89.64068603515625,86.93628652184522,0.001,8.199391841888428
1648,3,148,1090,86.57906341552734,86.93440632181947,0.001,9.51763105392456
1649,3,149,1346,97.9607925415039,87.0393301596499,0.001,10.026002407073975
1650,3,150,1087,84.99064636230469,87.01966637591508,0.001,9.463062763214111
1651,3,151,2055,82.184326171875,86.9728526640263,0.001,9.559664011001587
1652,3,152,1453,93.28886413574219,86.99311922372469,0.001,9.685089349746704
1653,3,153,1921,81.14724731445312,86.95119589855896,0.001,10.049905776977539
1654,3,154,1339,97.33212280273438,86.98713902601504,0.001,8.476990938186646
1655,3,155,1791,81.07797241210938,86.95752494311543,0.001,6.289217472076416
1656,3,156,1915,81.30260467529297,86.92920392304279,0.001,8.78445029258728
1657,3,157,1554,87.33089447021484,86.93057298341164,0.001,7.794362545013428
1658,3,158,1482,90.4857406616211,86.94234242515792,0.001,7.6151652336120605
1659,3,159,1109,83.30431365966797,86.9096805989375,0.001,8.647823095321655
1660,3,160,1575,98.171142578125,86.98951592625264,0.001,7.710145473480225
1661,3,161,1081,92.02606964111328,87.02422103631795,0.001,9.667715787887573
1662,3,162,1762,95.34584045410156,87.08093356489528,0.001,9.416969537734985
1663,3,163,1480,88.04330444335938,87.08400668352334,0.001,5.194318532943726
1664,3,164,1399,82.49846649169922,87.04212869712498,0.001,8.070761680603027
1665,3,165,1764,88.19336700439453,87.0525899489154,0.001,8.711183547973633
1666,3,166,1360,98.84532928466797,87.08894584881742,0.001,8.602951526641846
1667,3,167,2008,113.98052978515625,87.16507961557856,0.001,7.966557025909424
1668,3,168,1766,87.77375793457031,87.1664508298997,0.001,9.139438152313232
1669,3,169,1395,107.00605773925781,87.2299279662423,0.001,8.720232963562012
1670,3,170,1806,79.7188491821289,87.16416495075508,0.001,7.639622211456299
1671,3,171,1313,83.49213409423828,87.13368680158686,0.001,7.104900360107422
1672,3,172,1126,81.98397064208984,87.08931185582718,0.001,7.304532766342163
1673,3,173,1488,80.57219696044922,87.03710313950717,0.001,7.430706739425659
1674,3,174,1902,88.94926452636719,87.04926699014213,0.001,8.769653797149658
1675,3,175,1858,82.80962371826172,87.02280170389017,0.001,9.077402591705322
1676,3,176,1149,71.54727935791016,86.92483255990142,0.001,9.649081468582153
1677,3,177,1615,88.7279281616211,86.9358356708636,0.001,8.908271074295044
1678,3,178,1751,85.91448974609375,86.93129872189172,0.001,8.299947500228882
1679,3,179,2172,83.83468627929688,86.91188457464179,0.001,8.831028461456299
1680,3,180,1900,95.45706939697266,86.93752813447394,0.001,8.81212830543518
1681,3,181,2157,80.4144058227539,86.88449678586973,0.001,8.834844589233398
1682,3,182,1616,93.92583465576172,86.92814341052413,0.001,9.18925404548645
1683,3,183,2229,84.06098175048828,86.91745205851036,0.001,7.917684555053711
1684,3,184,1923,86.85478210449219,86.91706762340418,0.001,8.732028484344482
1685,3,185,1355,77.73857116699219,86.86204892846857,0.001,8.009243726730347
1686,3,186,1772,85.84081268310547,86.85386674837198,0.001,9.084943056106567
1687,3,187,2060,81.89043426513672,86.8245110653737,0.001,9.855848789215088
1688,3,188,1092,86.53026580810547,86.82221740370946,0.001,8.200302839279175
1689,3,189,1495,91.23882293701172,86.84796278311075,0.001,8.268728733062744
1690,3,190,1706,103.66854858398438,86.94461087240896,0.001,9.392333269119263
1691,3,191,1844,103.72757720947266,86.9854993129376,0.001,7.048813581466675
1692,3,192,1540,96.09654235839844,87.01058308843301,0.001,8.796165466308594
1693,3,193,1768,93.1738510131836,87.02727890860966,0.001,8.073850154876709
1694,3,194,1809,88.16557312011719,87.03573896321548,0.001,9.38413119316101
1695,3,195,1879,83.42230224609375,87.02088859806608,0.001,10.23169207572937
1696,3,196,1161,83.4658203125,87.01189701465724,0.001,9.379778623580933
1697,3,197,2099,77.69581604003906,86.97432857784278,0.001,7.156736850738525
1698,3,198,2293,74.43001556396484,86.9025702126534,0.001,7.362743616104126
1699,3,199,1317,81.8458251953125,86.88917560126512,0.001,11.11298394203186
1700,3,200,1481,81.14633178710938,86.85694162569712,0.001,9.448732376098633
1701,3,201,2205,93.0345458984375,86.89156405198395,0.001,10.601885557174683
1702,3,202,1737,86.88480377197266,86.89151607825424,0.001,9.510097026824951
1703,3,203,1779,93.23950958251953,86.93737425210705,0.001,9.615269899368286
1704,3,204,2034,88.73208618164062,86.95008808609151,0.001,9.077159643173218
1705,3,205,1122,76.5260009765625,86.90944891870168,0.001,8.941735982894897
1706,3,206,2070,89.62313079833984,86.92870838534965,0.001,7.966305255889893
1707,3,207,2113,87.73908996582031,86.93306565621859,0.001,7.9611170291900635
1708,3,208,1173,96.11101531982422,86.95632832472873,0.001,9.06354570388794
1709,3,209,1807,86.31092071533203,86.9518645910388,0.001,9.856980562210083
1710,3,210,1344,80.37161254882812,86.91776733425824,0.001,8.59084439277649
1711,3,211,2328,79.57042694091797,86.89009250876667,0.001,9.01534128189087
1712,3,212,1965,85.12937927246094,86.87784854689116,0.001,8.660575151443481
1713,3,213,1311,76.17143249511719,86.80470323935225,0.001,8.219902753829956
1714,3,214,1699,87.02381896972656,86.80548427839791,0.001,9.966547966003418
1715,3,215,1642,84.41166687011719,86.79346566391204,0.001,7.960289239883423
1716,3,216,1839,79.48851776123047,86.77614497701461,0.001,9.0946946144104
1717,3,217,1397,80.50675201416016,86.73346859356704,0.001,8.826484203338623
1718,3,218,1557,84.52760314941406,86.71863732702451,0.001,8.100714445114136
1719,3,219,2378,89.4496078491211,86.7324095840396,0.001,9.009312868118286
1720,3,220,1089,88.6808090209961,86.74526341539567,0.001,9.245771884918213
1721,3,221,2101,93.5348129272461,86.79020607314712,0.001,8.935622215270996
1722,3,222,2179,91.51823425292969,86.80699280677868,0.001,7.657850503921509
1723,3,223,178,81.51554870605469,86.78178632374599,0.001,10.46064043045044
1724,3,224,1945,79.75051879882812,86.73628062827449,0.001,9.224100351333618
1725,3,225,2243,87.21729278564453,86.73937688858962,0.001,8.192070960998535
1726,3,226,1368,88.07437133789062,86.7440493736343,0.001,8.842285394668579
1727,3,227,1470,92.91002655029297,86.77275033105025,0.001,9.77431035041809
1728,3,228,2377,75.97224426269531,86.72158246330595,0.001,8.552061796188354
1729,3,229,1636,72.44087219238281,86.63135487531,0.001,9.313103199005127
1730,3,230,2202,88.6561050415039,86.64411996462113,0.001,9.570770025253296
1731,3,231,1153,88.00496673583984,86.6526562755128,0.001,9.199440240859985
1732,3,232,2432,76.00071716308594,86.6287771940896,0.001,8.114034175872803
1733,3,233,1440,91.74729919433594,86.6519929082866,0.001,9.070836305618286
1734,3,234,2066,93.75595092773438,86.69538892463959,0.001,6.8853490352630615
1735,3,235,1648,96.57425689697266,86.72771099505317,0.001,7.376523971557617
1736,3,236,1675,87.59244537353516,86.7305068177672,0.001,7.730550050735474
1737,3,237,28,96.57120513916016,86.75180572736043,0.001,8.278697490692139
1738,3,238,1097,96.28669738769531,86.77192621491167,0.001,7.794065952301025
1739,3,239,2401,78.73310089111328,86.73494918177819,0.001,9.525497436523438
1740,3,240,1693,89.16853332519531,86.74953089520157,0.001,7.228651762008667
1741,3,241,1372,79.14679718017578,86.71556286136831,0.001,9.069732189178467
1742,3,242,1105,78.83941650390625,86.6980858702461,0.001,10.056816816329956
1743,3,243,1088,86.53993225097656,86.69739532389036,0.001,8.572145938873291
1744,3,244,1777,82.16039276123047,86.6775427715874,0.001,8.917608499526978
1745,3,245,1196,87.14488220214844,86.67844736813372,0.001,7.277898073196411
1746,3,246,2476,93.83305358886719,86.69357364687521,0.001,8.052855014801025
1747,3,247,254,76.14142608642578,86.63202077990108,0.001,8.83281683921814
1748,3,248,1117,91.03095245361328,86.65162859395001,0.001,7.083521366119385
1749,3,249,1846,85.67440795898438,86.64740683535966,0.001,8.160950183868408
1750,3,250,2494,75.14816284179688,86.59791411951416,0.001,7.121797800064087
1751,3,251,1862,78.94600677490234,86.582119296679,0.001,9.060898303985596
1752,3,252,1434,89.7713623046875,86.59539579869269,0.001,9.128819942474365
1753,3,253,1128,73.91118621826172,86.54087408651962,0.001,7.8935041427612305
1754,3,254,1120,80.4661865234375,86.52318571933313,0.001,9.06326961517334
1755,3,255,1441,78.50675201416016,86.50650632216671,0.001,9.226046800613403
1756,3,256,1797,74.76513671875,86.48216918457494,0.001,9.416796207427979
1757,3,257,1484,88.68193054199219,86.4915985203779,0.001,6.742455244064331
1758,3,258,1174,85.93954467773438,86.4892577913481,0.001,7.973123788833618
1759,3,259,1443,78.16558074951172,86.44287322060448,0.001,9.727877140045166
1760,3,260,2225,90.13811492919922,86.46342839922691,0.001,9.2823486328125
1761,3,261,2538,93.85671997070312,86.47814849231199,0.001,8.239661455154419
1762,3,262,2233,93.75653076171875,86.49967751800526,0.001,8.66169285774231
1763,3,263,2535,90.14619445800781,86.50688085867563,0.001,8.280572414398193
1764,3,264,1649,77.37667846679688,86.46904144236582,0.001,9.146903991699219
1765,3,265,2406,88.63496398925781,86.48102754088642,0.001,9.806750535964966
1766,3,266,2294,94.46961975097656,86.49613227374118,0.001,7.540611267089844
1767,3,267,1832,97.14920043945312,86.5541683948539,0.001,8.455518960952759
1768,3,268,2050,74.304931640625,86.5192212949595,0.001,8.192939519882202
1769,3,269,2325,92.44538879394531,86.54329952610954,0.001,8.661891222000122
1770,3,270,2435,85.59784698486328,86.54142319196772,0.001,9.77509880065918
1771,3,271,1602,97.33735656738281,86.5551531180377,0.001,8.03904914855957
1772,3,272,2498,96.26228332519531,86.5830247173365,0.001,8.009563207626343
1773,3,273,1568,82.42149353027344,86.56644506033066,0.001,9.312011241912842
1774,3,274,1903,85.83355712890625,86.56438449224177,0.001,10.20293927192688
1775,3,275,1394,77.69217681884766,86.52903052563293,0.001,8.08895206451416
1776,3,276,2192,91.96045684814453,86.537660759175,0.001,10.387051105499268
1777,3,277,1551,93.80502319335938,86.5669314549917,0.001,9.95276165008545
1778,3,278,2450,85.7717514038086,86.56385149401103,0.001,9.076901197433472
1779,3,279,2327,101.48104095458984,86.60501737035183,0.001,9.454710006713867
1780,3,280,1503,82.46297454833984,86.59431082866817,0.001,8.358851671218872
1781,3,281,1814,77.59515380859375,86.55961704451619,0.001,9.317635536193848
1782,3,282,2196,95.65699768066406,86.57485376129141,0.001,8.390496730804443
1783,3,283,2080,79.05963134765625,86.53568516216907,0.001,7.900771141052246
1784,3,284,29,81.60968780517578,86.51674851136427,0.001,8.679635524749756
1785,3,285,2251,96.57704162597656,86.54511977224357,0.001,9.157967567443848
1786,3,286,1361,80.70146179199219,86.53441086708106,0.001,8.70958924293518
1787,3,287,2534,101.42618560791016,86.56201793181566,0.001,9.930450201034546
1788,3,288,2166,84.40262603759766,86.55613579285775,0.001,8.89638876914978
1789,3,289,1093,83.87047576904297,86.54272966474198,0.001,8.942569732666016
1790,3,290,2511,88.23953247070312,86.54739706047363,0.001,8.78905200958252
1791,3,291,2297,85.9058609008789,86.54491328675434,0.001,10.622668981552124
1792,3,292,2513,101.28826141357422,86.57132462610957,0.001,9.239043235778809
1793,3,293,2204,93.34149169921875,86.6047841521404,0.001,7.9713616371154785
1794,3,294,1532,94.60888671875,86.64450545846111,0.001,7.816012144088745
1795,3,295,2147,87.00347900390625,86.64630039898647,0.001,9.093134880065918
1796,3,296,1493,83.84164428710938,86.6324011925708,0.001,7.990474700927734
1797,3,297,2000,86.25715637207031,86.63174763963748,0.001,7.730008125305176
1798,3,298,2216,90.3775863647461,86.63765866915936,0.001,8.428593873977661
1799,3,299,2502,90.59634399414062,86.65725728779022,0.001,9.050363540649414
1800,3,300,2051,83.8154067993164,86.64678190600303,0.001,8.858401536941528
1801,3,301,1342,85.00689697265625,86.64090579311743,0.001,11.16648244857788
1802,3,302,190,76.78140258789062,86.5919983472071,0.001,7.680239200592041
1803,3,303,1679,73.69634246826172,86.55794084045463,0.001,8.576331615447998
1804,3,304,2398,81.8199462890625,86.53537487495855,0.001,7.860881328582764
1805,3,305,2347,84.24556732177734,86.52716228107737,0.001,7.732032537460327
1806,3,306,1793,92.03282928466797,86.55306860029546,0.001,9.650619983673096
1807,3,307,1334,88.21508026123047,86.55584546668474,0.001,8.308277606964111
1808,3,308,272,89.39136505126953,86.56310126164159,0.001,9.445984840393066
1809,3,309,2425,87.85031127929688,86.56768727840726,0.001,9.928039312362671
1810,3,310,1925,111.48584747314453,86.6092922241001,0.001,9.922313213348389
1811,3,311,2709,99.78053283691406,86.63119519965893,0.001,8.451791524887085
1812,3,312,2221,90.16229248046875,86.64387622926951,0.001,9.678227424621582
1813,3,313,2343,86.21756744384766,86.64281949516344,0.001,8.305261850357056
1814,3,314,1111,87.4700698852539,86.64570794999204,0.001,7.48943305015564
1815,3,315,2596,94.40644836425781,86.66505732238183,0.001,8.995538234710693
1816,3,316,1556,80.6430435180664,86.6439984453206,0.001,7.526474952697754
1817,3,317,2184,95.04588317871094,86.66503255441845,0.001,9.07727599143982
1818,3,318,1714,73.98249816894531,86.62222861803318,0.001,6.452280282974243
1819,3,319,1181,96.91908264160156,86.65691331301576,0.001,8.537354946136475
1820,3,320,2449,79.41302490234375,86.63199178218291,0.001,6.822466611862183
1821,3,321,2223,84.8746566772461,86.62391956500691,0.001,9.89622449874878
1822,3,322,2436,87.10746765136719,86.62471251997113,0.001,6.349899530410767
1823,3,323,266,99.15633392333984,86.68162307700157,0.001,10.63092303276062
1824,3,324,2458,78.61662292480469,86.65438173811074,0.001,8.826438665390015
1825,3,325,1794,78.57735443115234,86.62756346999575,0.001,8.591315269470215
1826,3,326,2071,94.8165283203125,86.64712549696299,0.001,10.647051572799683
1827,3,327,32,78.97447204589844,86.61218668574507,0.001,9.852825164794922
1828,3,328,1460,89.12126922607422,86.61820913810983,0.001,8.63778567314148
1829,3,329,2608,86.9043197631836,86.61950457840813,0.001,7.4304890632629395
1830,3,330,1123,89.8263931274414,86.62709541741602,0.001,9.751126766204834
1831,3,331,2188,88.15306091308594,86.6321091148067,0.001,9.56220293045044
1832,3,332,1250,82.82090759277344,86.62617796258189,0.001,9.332109928131104
1833,3,333,1502,80.64264678955078,86.59953256106611,0.001,9.340976476669312
1834,3,334,2720,91.6533432006836,86.60685031775179,0.001,8.302371740341187
1835,3,335,1099,89.40758514404297,86.6191064895142,0.001,8.776737213134766
1836,3,336,2095,85.41212463378906,86.61396137441973,0.001,9.137075185775757
1837,3,337,2722,73.15916442871094,86.59469929177813,0.001,8.515769243240356
1838,3,338,2669,98.154296875,86.61282629545438,0.001,9.405227422714233
1839,3,339,2272,85.11468505859375,86.6079790464624,0.001,8.017255306243896
1840,3,340,2694,101.57553100585938,86.63086560404088,0.001,8.354506731033325
1841,3,341,363,90.09427642822266,86.6361658114028,0.001,8.071285724639893
1842,3,342,1700,87.99151611328125,86.63945592546393,0.001,9.785426378250122
1843,3,343,1817,67.83452606201172,86.61160064671512,0.001,7.922544956207275
1844,3,344,2460,81.26106262207031,86.60342814470592,0.001,8.897984504699707
1845,3,345,1262,88.3165054321289,86.60600552651383,0.001,8.927679300308228
1846,3,346,1617,88.1052474975586,86.61217005518736,0.001,8.17758846282959
1847,3,347,37,81.11141967773438,86.58896901689822,0.001,9.306040525436401
1848,3,348,1527,86.09808349609375,86.58742237153167,0.001,8.548684120178223
1849,3,349,1506,79.38166046142578,86.57711510189215,0.001,9.53238296508789
1850,3,350,1686,90.01643371582031,86.5915428934352,0.001,9.630249738693237
1851,3,351,2668,93.78958892822266,86.61442054747258,0.001,8.761834621429443
1852,3,352,2548,85.74454498291016,86.61173962419106,0.001,8.407354593276978
1853,3,353,2341,80.47323608398438,86.5860165545006,0.001,8.968866109848022
1854,3,354,2140,96.03362274169922,86.59942984586756,0.001,7.014182090759277
1855,3,355,388,97.51627349853516,86.6149260500674,0.001,7.189212083816528
1856,3,356,1570,85.8238754272461,86.6137431339727,0.001,9.309675931930542
1857,3,357,1580,96.38996124267578,86.63534005628614,0.001,9.572471857070923
1858,3,358,1463,82.54949188232422,86.6300950831724,0.001,9.345791816711426
1859,3,359,2585,81.81566619873047,86.61552465146562,0.001,8.885959386825562
1860,3,360,2067,88.13367462158203,86.6189425800967,0.001,9.984409809112549
1861,3,361,340,82.26085662841797,86.60553221181983,0.001,10.261404991149902
1862,3,362,367,97.03282165527344,86.62805624302005,0.001,9.117405891418457
1863,3,363,2413,90.22657012939453,86.63919385850771,0.001,8.595330238342285
1864,3,364,2443,89.10777282714844,86.64664969105816,0.001,9.738739013671875
1865,3,365,2387,96.83818054199219,86.66880215019421,0.001,8.30318284034729
1866,3,366,1132,75.4926986694336,86.63444000518305,0.001,9.736177682876587
1867,3,367,2547,86.23445892333984,86.6332287726028,0.001,10.330668687820435
1868,3,368,2861,79.2052230834961,86.61072214142948,0.001,8.417654275894165
1869,3,369,2750,84.83536529541016,86.60820236906895,0.001,9.92665433883667
1870,3,370,2349,82.84117889404297,86.59325240194069,0.001,8.418290853500366
1871,3,371,2399,91.60928344726562,86.5996521304717,0.001,9.333968877792358
1872,3,372,342,81.5866470336914,86.57943371330285,0.001,8.269956111907959
1873,3,373,1682,77.39427185058594,86.5522322651417,0.001,8.484422445297241
1874,3,374,2235,87.76927947998047,86.55701266895173,0.001,9.652932167053223
1875,3,375,1914,84.52198028564453,86.55415292969984,0.001,8.627187490463257
1876,3,376,1302,86.20232391357422,86.55286149385581,0.001,9.28744101524353
1877,3,377,1383,91.92018127441406,86.56429215934935,0.001,7.79193902015686
1878,3,378,2927,86.05655670166016,86.56367756661919,0.001,8.158361434936523
1879,3,379,2845,84.7044448852539,86.55644599966313,0.001,8.108754634857178
1880,3,380,1541,80.37825012207031,86.5486338082426,0.001,7.765672922134399
1881,3,381,1838,75.27106475830078,86.51639507350217,0.001,9.76091480255127
1882,3,382,459,108.81864929199219,86.54700805642314,0.001,9.047871112823486
1883,3,383,273,89.22754669189453,86.55484161813129,0.001,8.681495428085327
1884,3,384,1676,84.43000030517578,86.54660621690932,0.001,7.489219665527344
1885,3,385,2593,78.0648193359375,86.52168814687226,0.001,9.107404947280884
1886,3,386,455,68.18733978271484,86.50245359809692,0.001,7.912460088729858
1887,3,387,1151,91.99664306640625,86.51329465303424,0.001,8.902372598648071
1888,3,388,2617,83.60782623291016,86.50229600663478,0.001,8.588040351867676
1889,3,389,2064,85.3629379272461,86.4990127941543,0.001,7.049536466598511
1890,3,390,2784,88.15283203125,86.50529837048447,0.001,7.435236930847168
1891,3,391,2335,96.32147216796875,86.51888699489642,0.001,7.861351490020752
1892,3,392,325,82.74173736572266,86.50824742214068,0.001,8.649876832962036
1893,3,393,601,86.30709075927734,86.50749275644492,0.001,10.037752389907837
1894,3,394,74,97.40381622314453,86.52188497898717,0.001,8.533852577209473
1895,3,395,468,85.27179718017578,86.51726066080782,0.001,8.052288293838501
1896,3,396,56,88.41276550292969,86.52255620926304,0.001,8.914661884307861
1897,3,397,2191,93.61617279052734,86.5369959614559,0.001,8.988003730773926
1898,3,398,1864,94.35139465332031,86.54744069668452,0.001,9.710426330566406
1899,3,399,2565,80.48102569580078,86.53927261875498,0.001,10.07699179649353
1900,3,400,2448,82.04194641113281,86.52275881163692,0.001,8.770873546600342
1901,3,401,2763,95.27413940429688,86.53420635139213,0.001,9.906539916992188
1902,3,402,2529,89.43138885498047,86.54238464725809,0.001,9.873788356781006
1903,3,403,2422,78.23038482666016,86.53146730065068,0.001,9.620607376098633
1904,3,404,1802,93.12772369384766,86.54951642371901,0.001,8.392080783843994
1905,3,405,1457,84.42729949951172,86.54184451168099,0.001,9.35814380645752
1906,3,406,1264,88.51242065429688,86.54445954355741,0.001,9.2587890625
1907,3,407,441,81.29007720947266,86.53015608871411,0.001,10.254924297332764
1908,3,408,2181,98.31688690185547,86.54549279140814,0.001,9.626513957977295
1909,3,409,337,79.52598571777344,86.5331637582411,0.001,9.027069807052612
1910,3,410,2282,83.84343719482422,86.52969496311984,0.001,8.613085746765137
1911,3,411,350,82.27806854248047,86.51810326921749,0.001,9.405472040176392
1912,3,412,2923,92.63610076904297,86.52955635663322,0.001,10.419312953948975
1913,3,413,1127,89.00199890136719,86.53441769811758,0.001,7.555910110473633
1914,3,414,2906,83.90693664550781,86.5273736822177,0.001,7.9444966316223145
1915,3,415,1951,92.65581512451172,86.54384186914766,0.001,9.168403625488281
1916,3,416,1113,87.88115692138672,86.54860495990219,0.001,8.821081638336182
1917,3,417,432,78.81732177734375,86.528383513413,0.001,8.280318260192871
1918,3,418,390,94.87643432617188,86.54384714959416,0.001,7.190022945404053
1919,3,419,67,85.57939910888672,86.54128523859742,0.001,8.3228120803833
1920,3,420,492,80.0247573852539,86.51826409438942,0.001,8.325761318206787
1921,3,421,453,99.16902923583984,86.54191036695183,0.001,9.326115608215332
1922,3,422,1569,89.66886901855469,86.5501959105822,0.001,7.546380281448364
1923,3,423,1878,86.77240753173828,86.55060792365093,0.001,8.090528964996338
1924,3,424,1373,75.48676300048828,86.52781206825259,0.001,9.158198595046997
1925,3,425,77,86.23856353759766,86.52704601645858,0.001,7.603142738342285
1926,3,426,2427,80.1568374633789,86.5107747183962,0.001,8.442530393600464
1927,3,427,1596,91.83474731445312,86.52044847033416,0.001,9.028748989105225
1928,3,428,2298,74.8799057006836,86.50638732302593,0.001,8.951083660125732
1929,3,429,1543,100.05155944824219,86.52339640685817,0.001,9.343376636505127
1930,3,430,2652,89.16542053222656,86.52660291166617,0.001,9.015969514846802
1931,3,431,73,82.83529663085938,86.52198971653785,0.001,9.091526985168457
1932,3,432,377,88.10076141357422,86.52490737169273,0.001,8.253278493881226
1933,3,433,436,87.90814208984375,86.52741417787202,0.001,8.175999164581299
1934,3,434,1577,87.03478240966797,86.5287145778618,0.001,9.416431665420532
1935,3,435,98,88.977783203125,86.53713470833841,0.001,9.844270944595337
1936,3,436,2692,88.05146026611328,86.54229310116592,0.001,7.929748058319092
1937,3,437,407,85.21614837646484,86.53890993679327,0.001,8.693159580230713
1938,3,438,69,89.00203704833984,86.5473324467206,0.001,9.38921594619751
1939,3,439,743,84.75520324707031,86.54517959174605,0.001,7.214184045791626
1940,3,440,405,90.79686737060547,86.55305370587877,0.001,10.940515756607056
1941,3,441,400,89.7499008178711,86.55823087945986,0.001,6.900738477706909
1942,3,442,2603,74.9226303100586,86.52007787821226,0.001,7.64679479598999
1943,3,443,2278,88.11151123046875,86.52414306755779,0.001,8.855637311935425
1944,3,444,2452,100.72933197021484,86.55978090157235,0.001,8.411743640899658
1945,3,445,1442,83.23571014404297,86.55390808769094,0.001,9.227570533752441
1946,3,446,699,77.55359649658203,86.53176877520299,0.001,7.462346792221069
1947,3,447,2929,85.98322296142578,86.53040029188692,0.001,7.722803831100464
1948,3,448,2197,94.91426086425781,86.5511129621791,0.001,8.445720672607422
1949,3,449,1828,78.37670135498047,86.5235117959085,0.001,11.05289626121521
1950,3,450,825,80.33271789550781,86.51639945570273,0.001,8.51792049407959
1951,3,451,368,82.6134033203125,86.50644044534091,0.001,8.272303342819214
1952,3,452,2563,75.6631088256836,86.4872941198496,0.001,8.801155090332031
1953,3,453,434,88.7257308959961,86.48967046133622,0.001,8.058351039886475
1954,3,454,2580,89.12979125976562,86.49811697595115,0.001,8.795217037200928
1955,3,455,680,104.4342041015625,86.51884219395427,0.001,9.62910532951355
1956,3,456,2654,87.72301483154297,86.52278111516755,0.001,9.749870777130127
1957,3,457,689,89.88764190673828,86.5286241916901,0.001,8.662613868713379
1958,3,458,851,85.70397186279297,86.52588884734637,0.001,9.127906322479248
1959,3,459,458,83.4803466796875,86.52226892897451,0.001,8.610462427139282
1960,3,460,2007,84.50276947021484,86.51740466863006,0.001,8.61968469619751
1961,3,461,2522,78.53089904785156,86.49828944668343,0.001,8.740468263626099
1962,3,462,2834,82.13540649414062,86.48422356828448,0.001,8.805591344833374
1963,3,463,1690,77.24690246582031,86.47355547615899,0.001,7.859228134155273
1964,3,464,1083,91.94495391845703,86.49061814063107,0.001,9.399999380111694
1965,3,465,2462,87.6205062866211,86.49426829101796,0.001,8.919435739517212
1966,3,466,2672,85.12698364257812,86.48989807527256,0.001,8.025737524032593
1967,3,467,1848,84.12265014648438,86.48237301839617,0.001,9.325035333633423
1968,3,468,2793,80.74163818359375,86.46394383922467,0.001,8.073846101760864
1969,3,469,962,75.31150817871094,86.44495499036013,0.001,9.371351957321167
1970,3,470,1586,88.13092041015625,86.45029225365977,0.001,9.069154977798462
1971,3,471,2864,85.30632019042969,86.44835016120312,0.001,10.098242282867432
1972,3,472,2455,101.51201629638672,86.46557702338824,0.001,8.426463842391968
1973,3,473,2203,95.6307144165039,86.4942743565671,0.001,9.972105026245117
1974,3,474,374,74.9007797241211,86.45838806102645,0.001,9.464488983154297
1975,3,475,1819,87.74930572509766,86.45983337145631,0.001,8.709752082824707
1976,3,476,2241,100.64144134521484,86.50435386353084,0.001,9.349552631378174
1977,3,477,523,89.70439147949219,86.51433326182335,0.001,10.201563596725464
1978,3,478,447,95.86531829833984,86.5247678892637,0.001,7.232886552810669
1979,3,479,801,86.12350463867188,86.52412488813317,0.001,9.686949968338013
1980,3,480,773,96.854248046875,86.54794700714055,0.001,9.07271409034729
1981,3,481,1756,90.8676986694336,86.55772250422669,0.001,10.145160675048828
1982,3,482,1918,79.8541259765625,86.53717006684009,0.001,8.017600536346436
1983,3,483,706,79.84013366699219,86.52974397113937,0.001,8.912901401519775
1984,3,484,1692,88.0098648071289,86.53423757559412,0.001,8.143437147140503
1985,3,485,2610,83.52997589111328,86.53096590975505,0.001,9.11413288116455
1986,3,486,488,87.62791442871094,86.53426030880536,0.001,10.019326448440552
1987,3,487,616,89.3516616821289,86.54269986073147,0.001,7.690770387649536
1988,3,488,904,78.56060028076172,86.53127640463768,0.001,8.31607985496521
1989,3,489,2144,91.86366271972656,86.53696351656207,0.001,9.856719493865967
1990,3,490,920,86.46331787109375,86.5367390319623,0.001,8.854182004928589
1991,3,491,1549,94.19176483154297,86.54940659124439,0.001,9.443956851959229
1992,3,492,392,90.1551284790039,86.56010044433215,0.001,9.790231943130493
1993,3,493,873,89.09685516357422,86.56248417050132,0.001,8.036360502243042
1994,3,494,727,81.33147430419922,86.55698177682115,0.001,9.624395370483398
1995,3,495,1310,82.2506103515625,86.54408557927368,0.001,9.226389169692993
1996,3,496,481,90.05206298828125,86.55190059974844,0.001,8.289732456207275
1997,3,497,1439,87.75588989257812,86.5554218857375,0.001,8.629663705825806
1998,3,498,2619,87.00235748291016,86.55607049551261,0.001,9.253454685211182
1999,3,499,2117,91.43216705322266,86.56660937678645,0.001,8.10827374458313
2000,4,0,1363,86.23957824707031,86.23957824707031,0.001,8.581807374954224
2001,4,1,1473,84.75494384765625,85.6692535768389,0.001,8.55463457107544
2002,4,2,719,80.86404418945312,83.49855878085607,0.001,8.382223129272461
2003,4,3,514,98.60746765136719,86.47266319707214,0.001,9.122795343399048
2004,4,4,471,87.23655700683594,86.67437244288148,0.001,8.207147598266602
2005,4,5,2595,94.31786346435547,87.33439643040343,0.001,8.761666059494019
2006,4,6,707,86.56074523925781,87.27609164812411,0.001,9.685292720794678
2007,4,7,961,79.13538360595703,85.78492994156746,0.001,10.000839710235596
2008,4,8,361,85.41473388671875,85.72975124028255,0.001,8.644790649414062
2009,4,9,2601,89.57434844970703,86.24253166976604,0.001,9.967891454696655
2010,4,10,1888,78.7218017578125,85.35632080727436,0.001,8.92484974861145
2011,4,11,2871,74.75885009765625,84.2287939711254,0.001,9.345996379852295
2012,4,12,981,91.60327911376953,84.77769595365696,0.001,8.192460775375366
2013,4,13,789,80.96202850341797,84.51473184093494,0.001,7.405848741531372
2014,4,14,1182,76.16466522216797,83.97045374294284,0.001,9.091057062149048
2015,4,15,2523,91.7037124633789,84.58498928247329,0.001,9.347039699554443
2016,4,16,811,73.55089569091797,84.30268647531658,0.001,8.853833436965942
2017,4,17,2673,84.8767318725586,84.3346027431809,0.001,8.1112060546875
2018,4,18,803,102.68560791015625,84.78890595333897,0.001,9.270086288452148
2019,4,19,989,90.63645935058594,85.08472170558052,0.001,8.562633514404297
2020,4,20,94,78.13478088378906,84.66848893523418,0.001,7.017503023147583
2021,4,21,2163,80.62418365478516,84.47988668132525,0.001,8.945886611938477
2022,4,22,403,83.19818115234375,84.43997807978634,0.001,9.695047378540039
2023,4,23,2464,61.723899841308594,83.96365778661742,0.001,8.959932327270508
2024,4,24,2152,86.96642303466797,84.0865773936471,0.001,8.980615139007568
2025,4,25,2930,87.18827056884766,84.1451416414622,0.001,9.479184627532959
2026,4,26,446,88.38939666748047,84.30933079678448,0.001,7.706505298614502
2027,4,27,177,89.20296478271484,84.49050432760102,0.001,9.064423561096191
2028,4,28,986,77.31307983398438,84.2265815499217,0.001,9.274138450622559
2029,4,29,469,90.66182708740234,84.5216534827749,0.001,9.282018184661865
2030,4,30,2682,80.6357421875,84.34844890117702,0.001,7.931757926940918
2031,4,31,2782,78.87313079833984,84.11559930572317,0.001,7.611600637435913
2032,4,32,1259,78.02921295166016,83.98412370703959,0.001,9.764052867889404
2033,4,33,64,97.89024353027344,84.18833540557934,0.001,9.911204814910889
2034,4,34,521,83.68058776855469,84.18111690973912,0.001,10.788264513015747
2035,4,35,991,98.8531494140625,84.38331681932011,0.001,7.426659345626831
2036,4,36,919,86.19220733642578,84.45302430241023,0.001,10.735020399093628
2037,4,37,1938,83.41078186035156,84.43958033379097,0.001,8.236347198486328
2038,4,38,274,87.96771240234375,84.53442187043485,0.001,8.773778676986694
2039,4,39,344,84.43511199951172,84.53314276300534,0.001,9.059155464172363
2040,4,40,507,99.56344604492188,84.66647781685259,0.001,8.094281196594238
2041,4,41,2546,85.2795181274414,84.68231344765414,0.001,8.291996002197266
2042,4,42,376,102.89488983154297,84.90873364258294,0.001,11.368168354034424
2043,4,43,2149,81.00535583496094,84.80945148894844,0.001,8.624297857284546
2044,4,44,2249,88.88243865966797,84.91096570806354,0.001,7.171600103378296
2045,4,45,774,86.88877868652344,84.95820071847498,0.001,8.73785138130188
2046,4,46,682,92.60015869140625,85.192187530126,0.001,8.562602758407593
2047,4,47,2499,92.71826934814453,85.31475281372833,0.001,7.480577230453491
2048,4,48,68,94.34538269042969,85.46196099781201,0.001,8.48137378692627
2049,4,49,819,84.49590301513672,85.44071767115115,0.001,8.418367147445679
2050,4,50,264,91.0584716796875,85.56178952165696,0.001,8.538314819335938
2051,4,51,38,83.40318298339844,85.52902253050834,0.001,9.702945709228516
2052,4,52,2767,83.94227600097656,85.49580281678693,0.001,8.917369604110718
2053,4,53,424,88.83316040039062,85.54196613539285,0.001,9.915400743484497
2054,4,54,2584,82.87800598144531,85.47177309144757,0.001,9.032033681869507
2055,4,55,864,95.10932922363281,85.55713276257919,0.001,9.595822811126709
2056,4,56,770,89.701416015625,85.63813455110584,0.001,8.886696577072144
2057,4,57,2909,85.02473449707031,85.62643869265538,0.001,8.146530866622925
2058,4,58,1324,89.06420135498047,85.7102382374039,0.001,8.835691690444946
2059,4,59,954,74.03501892089844,85.60875239718656,0.001,12.116944551467896
2060,4,60,834,90.46223449707031,85.72404504528667,0.001,8.179282188415527
2061,4,61,2781,76.77046203613281,85.62518059106951,0.001,10.159057378768921
2062,4,62,956,83.11155700683594,85.56760330341545,0.001,9.884641170501709
2063,4,63,2075,75.82149505615234,85.45101385989761,0.001,8.87639594078064
2064,4,64,496,80.71439361572266,85.37500669531116,0.001,8.68170166015625
2065,4,65,2789,86.87728118896484,85.39968502801874,0.001,9.349971771240234
2066,4,66,710,84.39640808105469,85.38349706125332,0.001,9.874730587005615
2067,4,67,827,94.17107391357422,85.46738753951294,0.001,8.065781116485596
2068,4,68,721,90.80375671386719,85.5269431713855,0.001,9.231969118118286
2069,4,69,694,82.64973449707031,85.46733811982207,0.001,9.55610179901123
2070,4,70,2588,87.62007141113281,85.51158572225006,0.001,7.734424352645874
2071,4,71,870,86.75983428955078,85.52505026912051,0.001,8.168911695480347
2072,4,72,2479,85.06707763671875,85.51847207429527,0.001,7.0651960372924805
2073,4,73,378,95.97223663330078,85.72164514525906,0.001,9.702997922897339
2074,4,74,2614,79.1678237915039,85.5977488966435,0.001,9.256900072097778
2075,4,75,1571,92.28734588623047,85.72245670291186,0.001,9.054356098175049
2076,4,76,788,81.59870147705078,85.64653720212564,0.001,9.074709415435791
2077,4,77,175,90.46891021728516,85.69447692656186,0.001,8.146235227584839
2078,4,78,65,92.10428619384766,85.73677390601219,0.001,8.293469667434692
2079,4,79,2174,74.71119689941406,85.54655701620185,0.001,10.000551700592041
2080,4,80,717,89.85635375976562,85.62166003812962,0.001,9.236064672470093
2081,4,81,408,74.39089965820312,85.51875295942092,0.001,8.693007946014404
2082,4,82,913,83.80352783203125,85.50308776470469,0.001,10.000566005706787
2083,4,83,808,86.98472595214844,85.5217124258757,0.001,8.379400491714478
2084,4,84,858,92.88949584960938,85.56179248742862,0.001,9.180387258529663
2085,4,85,2392,86.08969116210938,85.56656000595261,0.001,7.456260442733765
2086,4,86,951,90.11161041259766,85.62248892533498,0.001,9.10964059829712
2087,4,87,2911,78.82762145996094,85.58571449439121,0.001,7.940228700637817
2088,4,88,759,86.71142578125,85.59922371558079,0.001,7.58757758140564
2089,4,89,2543,86.30541229248047,85.60773790025468,0.001,10.256498575210571
2090,4,90,2537,83.71686553955078,85.58486036450864,0.001,9.06507921218872
2091,4,91,990,76.48576354980469,85.47596969441905,0.001,9.5125150680542
2092,4,92,2270,84.69670104980469,85.46387698611133,0.001,10.621804475784302
2093,4,93,2874,87.61756134033203,85.48790017114533,0.001,8.476054906845093
2094,4,94,742,82.63861846923828,85.4451111484315,0.001,8.4906587600708
2095,4,95,2901,91.89151763916016,85.4974941162622,0.001,7.901464462280273
2096,4,96,1576,96.2782211303711,85.55338540397685,0.001,8.68653392791748
2097,4,97,2583,90.76152038574219,85.61079976899624,0.001,8.831735372543335
2098,4,98,2505,86.10111236572266,85.61339719912847,0.001,8.368478536605835
2099,4,99,461,92.40926361083984,85.70975508663594,0.001,8.815765619277954
2100,4,100,518,81.7400131225586,85.68948422488425,0.001,9.117053985595703
2101,4,101,256,79.0586929321289,85.63989886996727,0.001,8.690573453903198
2102,4,102,1118,84.31771087646484,85.62609121911152,0.001,7.720238924026489
2103,4,103,2552,90.22945404052734,85.67339037983048,0.001,8.636200428009033
2104,4,104,2340,87.56144714355469,85.69235695743293,0.001,8.231011867523193
2105,4,105,972,88.47577667236328,85.72013372083084,0.001,7.650593519210815
2106,4,106,2613,98.07438659667969,85.84295936166305,0.001,8.20222520828247
2107,4,107,336,81.97313690185547,85.79135099947638,0.001,6.539994478225708
2108,4,108,2040,84.72945404052734,85.77729552815964,0.001,8.174418449401855
2109,4,109,372,80.06279754638672,85.75397111015393,0.001,9.061670541763306
2110,4,110,519,80.72474670410156,85.68905825701752,0.001,7.793869733810425
2111,4,111,1333,104.46448516845703,85.86865969132106,0.001,9.356947183609009
2112,4,112,2533,67.08712005615234,85.73912943315487,0.001,8.006548643112183
2113,4,113,2775,87.38539123535156,85.75438206646426,0.001,7.773883104324341
2114,4,114,705,81.63951110839844,85.70270071168964,0.001,9.300711870193481
2115,4,115,522,76.11319732666016,85.58518216768843,0.001,8.264751672744751
2116,4,116,383,90.18360137939453,85.638947999742,0.001,9.332384586334229
2117,4,117,916,89.87279510498047,85.65743594999452,0.001,7.772181987762451
2118,4,118,2274,88.00003814697266,85.67797248806662,0.001,9.582516193389893
2119,4,119,250,87.08972930908203,85.68396958306553,0.001,8.773951053619385
2120,4,120,693,85.91556549072266,85.68669648026571,0.001,10.686537981033325
2121,4,121,2073,82.15813446044922,85.67257250578643,0.001,8.177915573120117
2122,4,122,2706,79.18025207519531,85.64695650677469,0.001,7.165606260299683
2123,4,123,2590,100.5631103515625,85.73649240556719,0.001,8.801372289657593
2124,4,124,2482,85.6958236694336,85.73602341501939,0.001,9.473078727722168
2125,4,125,861,92.64837646484375,85.77811820972933,0.001,8.970035076141357
2126,4,126,966,81.63970947265625,85.75359355279006,0.001,9.349329710006714
2127,4,127,490,88.01705932617188,85.76286679927017,0.001,8.356265306472778
2128,4,128,2569,101.40117645263672,85.85622001440308,0.001,8.598877668380737
2129,4,129,1821,99.36105346679688,85.90974145096855,0.001,6.990251541137695
2130,4,130,863,82.37464904785156,85.88027241024795,0.001,7.872476577758789
2131,4,131,832,76.41972351074219,85.77755151661717,0.001,9.395963907241821
2132,4,132,401,82.48995971679688,85.75082015920304,0.001,7.448032379150391
2133,4,133,814,74.61040496826172,85.70672684838081,0.001,10.820992231369019
2134,4,134,448,96.9458999633789,85.79899170355408,0.001,9.33625054359436
2135,4,135,771,85.44871520996094,85.79622066174038,0.001,8.770655632019043
2136,4,136,915,96.52253723144531,85.83527707841756,0.001,8.236066102981567
2137,4,137,914,83.552978515625,85.81738345911367,0.001,9.708142757415771
2138,4,138,2832,78.37922668457031,85.74380992255888,0.001,9.774489164352417
2139,4,139,695,85.80648040771484,85.7442985660258,0.001,8.741402864456177
2140,4,140,60,87.37488555908203,85.753227116318,0.001,9.422914981842041
2141,4,141,2794,86.78759765625,85.7570458421163,0.001,8.37805438041687
2142,4,142,685,86.8425064086914,85.76518467184088,0.001,8.206624269485474
2143,4,143,1626,74.5611343383789,85.72609854419679,0.001,7.716620206832886
2144,4,144,778,92.85494995117188,85.77926644003561,0.001,8.562414169311523
2145,4,145,382,77.85980224609375,85.75180746153659,0.001,8.45217776298523
2146,4,146,611,88.67572784423828,85.76711132752163,0.001,8.888736963272095
2147,4,147,686,74.01918029785156,85.67831580784912,0.001,7.696538209915161
2148,4,148,1530,80.7590103149414,85.63031301696796,0.001,7.440356969833374
2149,4,149,977,86.09612274169922,85.63266566790122,0.001,7.655214071273804
2150,4,150,787,88.46412658691406,85.64259461742549,0.001,7.726362228393555
2151,4,151,1812,83.17782592773438,85.6186831734377,0.001,8.53428339958191
2152,4,152,728,82.00392150878906,85.59279217962026,0.001,8.866124153137207
2153,4,153,2772,79.75495910644531,85.55153944999678,0.001,8.698330640792847
2154,4,154,1155,94.06080627441406,85.58067100506517,0.001,8.127703428268433
2155,4,155,2219,90.31591796875,85.59558373209377,0.001,10.245323419570923
2156,4,156,852,92.42860412597656,85.64288648733402,0.001,9.990829467773438
2157,4,157,607,95.89510345458984,85.67560611647427,0.001,9.19140625
2158,4,158,2564,82.02460479736328,85.65075996405841,0.001,8.571779489517212
2159,4,159,1896,80.88052368164062,85.618179998087,0.001,8.713695526123047
2160,4,160,2660,89.84332275390625,85.65580702325678,0.001,9.461460828781128
2161,4,161,1845,79.14097595214844,85.63592540753143,0.001,9.25594711303711
2162,4,162,2758,100.15423583984375,85.73348800726102,0.001,7.084486484527588
2163,4,163,2510,80.35063171386719,85.68587541543961,0.001,9.490602493286133
2164,4,164,1540,97.51712799072266,85.72373017378268,0.001,9.12375283241272
2165,4,165,1311,75.69347381591797,85.63555343803847,0.001,8.07549262046814
2166,4,166,1117,90.56207275390625,85.66849765582266,0.001,8.001838207244873
2167,4,167,1768,93.64002227783203,85.69319695677142,0.001,8.89368987083435
2168,4,168,1806,79.66972351074219,85.6409758259266,0.001,8.766985416412354
2169,4,169,1155,94.05489349365234,85.667346457673,0.001,8.962872982025146
2170,4,170,1181,96.78913116455078,85.73716264638219,0.001,9.232070922851562
2171,4,171,1751,85.50102996826172,85.73608099519097,0.001,9.660123109817505
2172,4,172,1569,89.77991485595703,85.76195567673068,0.001,7.55362606048584
2173,4,173,1817,68.15167236328125,85.71054697832885,0.001,10.1519296169281
2174,4,174,1693,89.72361755371094,85.74406808976055,0.001,8.993127822875977
2175,4,175,1470,93.02377319335938,85.78837092691491,0.001,7.968566179275513
2176,4,176,1766,87.76995849609375,85.79256731356926,0.001,9.743028402328491
2177,4,177,1262,88.22002410888672,85.7996471361691,0.001,9.3436119556427
2178,4,178,1777,81.7891616821289,85.7752271564517,0.001,8.531173706054688
2179,4,179,1127,89.11592864990234,85.79020708338975,0.001,8.771094560623169
2180,4,180,1596,91.94988250732422,85.81653016766025,0.001,8.120291948318481
2181,4,181,1344,80.8686752319336,85.78667782876286,0.001,8.593772649765015
2182,4,182,1397,81.36894989013672,85.75069669806257,0.001,7.703861951828003
2183,4,183,1395,107.32581329345703,85.81355954565998,0.001,9.102960586547852
2184,4,184,1443,78.02710723876953,85.75190395331536,0.001,10.460796356201172
2185,4,185,1334,87.31192016601562,85.7562529492271,0.001,8.794856548309326
2186,4,186,1460,89.10848999023438,85.77051372634727,0.001,9.403477191925049
2187,4,187,1099,89.36312103271484,85.79877493485934,0.001,9.157414197921753
2188,4,188,1453,94.59551239013672,85.82167091015903,0.001,9.55469036102295
2189,4,189,1264,88.38703918457031,85.82895755498654,0.001,6.787367105484009
2190,4,190,1361,80.64371490478516,85.8145575049518,0.001,9.188263416290283
2191,4,191,1802,92.88026428222656,85.85538327182846,0.001,8.99233365058899
2192,4,192,1965,85.06536865234375,85.84926834819943,0.001,7.077532768249512
2193,4,193,1794,78.78300476074219,85.80950274809744,0.001,7.031637907028198
2194,4,194,1915,79.9590072631836,85.78592885925272,0.001,8.416332244873047
2195,4,195,1274,85.44672393798828,85.78404360015395,0.001,7.0569658279418945
2196,4,196,1481,80.57720184326172,85.75431128634133,0.001,8.97853136062622
2197,4,197,2144,91.89100646972656,85.77057721609921,0.001,9.358203887939453
2198,4,198,1791,81.34419250488281,85.75313418756869,0.001,8.204446077346802
2199,4,199,1717,101.65803527832031,85.79494083755209,0.001,8.735299825668335
2200,4,200,1313,84.7082290649414,85.78724297971148,0.001,7.662843942642212
2201,4,201,1627,97.9632568359375,85.8549635167453,0.001,6.902622938156128
2202,4,202,1346,97.6598892211914,85.93809387367638,0.001,7.970311164855957
2203,4,203,1692,88.01216125488281,85.95308176990571,0.001,9.51526665687561
2204,4,204,1706,103.96353912353516,86.0501001327943,0.001,8.438259363174438
2205,4,205,1439,87.7499008178711,86.06211122921376,0.001,8.819488763809204
2206,4,206,1737,87.08141326904297,86.06916082898022,0.001,9.026079416275024
2207,4,207,1556,80.81686401367188,86.04117746201058,0.001,9.40949821472168
2208,4,208,1858,81.65840148925781,86.01830360967882,0.001,9.155508041381836
2209,4,209,1153,87.95880126953125,86.03196914610443,0.001,8.846935272216797
2210,4,210,2051,83.64408874511719,86.01944749605576,0.001,8.632035493850708
2211,4,211,2147,87.14976501464844,86.02729771696198,0.001,9.220275163650513
2212,4,212,1182,76.1581039428711,85.97605809445314,0.001,8.827211618423462
2213,4,213,1173,95.75554656982422,86.00011391098089,0.001,9.418902158737183
2214,4,214,1343,86.75537109375,86.00183785033461,0.001,9.412487268447876
2215,4,215,2202,88.54600524902344,86.01922016523281,0.001,8.583311557769775
2216,4,216,1122,75.96646881103516,85.98223102752326,0.001,8.781810760498047
2217,4,217,2113,87.40393829345703,85.98949921987665,0.001,10.419883012771606
2218,4,218,1615,87.65515899658203,85.99768567925027,0.001,9.829928874969482
2219,4,219,1399,81.76632690429688,85.96913333310775,0.001,9.455581426620483
2220,4,220,1649,77.44560241699219,85.92673974375374,0.001,8.002547264099121
2221,4,221,2233,93.9021987915039,85.9547792192295,0.001,7.89753532409668
2222,4,222,1797,72.98233032226562,85.92367335501099,0.001,9.33693790435791
2223,4,223,2179,92.56918334960938,85.9473174397231,0.001,9.539084434509277
2224,4,224,2172,84.56317901611328,85.94043569942632,0.001,9.117031812667847
2225,4,225,2117,91.42420196533203,85.96648321862487,0.001,10.753535747528076
2226,4,226,1700,87.9430160522461,85.97370542323236,0.001,10.201298713684082
2227,4,227,1530,80.76740264892578,85.94029156868767,0.001,9.730666637420654
2228,4,228,1568,81.93340301513672,85.92121298546068,0.001,9.181718349456787
2229,4,229,1123,89.94839477539062,85.93491972472575,0.001,6.72050142288208
2230,4,230,1690,77.29814910888672,85.91515289697408,0.001,9.073073625564575
2231,4,231,1577,86.96560668945312,85.9201137867011,0.001,9.24380111694336
2232,4,232,1896,80.88600158691406,85.89650419278291,0.001,7.222229480743408
2233,4,233,1923,86.42230224609375,85.89903071839947,0.001,7.641120195388794
2234,4,234,1862,79.5272445678711,85.88478629418344,0.001,8.462206840515137
2235,4,235,1457,84.3608169555664,85.87540756385368,0.001,8.822643280029297
2236,4,236,1585,86.84867858886719,85.88134557296206,0.001,8.514324426651001
2237,4,237,2325,92.32097625732422,85.91111306022268,0.001,6.54727029800415
2238,4,238,1541,80.2773208618164,85.89987606822906,0.001,9.701318264007568
2239,4,239,1699,86.71061706542969,85.90246571805771,0.001,9.355629205703735
2240,4,240,1118,84.3152847290039,85.8952466435457,0.001,9.506629705429077
2241,4,241,1848,84.1330337524414,85.88454354057342,0.001,7.73540186882019
2242,4,242,1648,96.82232666015625,85.91980016132109,0.001,8.808434009552002
2243,4,243,1360,98.52465057373047,85.94611575222244,0.001,8.336447954177856
2244,4,244,2272,85.06195831298828,85.94214666869028,0.001,9.09084677696228
2245,4,245,1463,82.6664810180664,85.93605258249936,0.001,8.270545482635498
2246,4,246,1093,84.00785064697266,85.92479925600868,0.001,8.417550563812256
2247,4,247,1372,78.7613754272461,85.89314538437083,0.001,9.407636165618896
2248,4,248,1551,93.6766357421875,85.92811441752735,0.001,9.111513614654541
2249,4,249,1174,85.91934204101562,85.9280756968063,0.001,10.62109088897705
2250,4,250,2297,85.38127136230469,85.92562814738876,0.001,8.712382555007935
2251,4,251,2075,75.81671905517578,85.89462678311014,0.001,8.54789662361145
2252,4,252,1149,72.04507446289062,85.83383573379265,0.001,9.08439326286316
2253,4,253,2163,80.64395141601562,85.8107803102307,0.001,8.424885511398315
2254,4,254,2243,86.44017791748047,85.8143994540185,0.001,7.880966663360596
2255,4,255,2070,89.370849609375,85.83464826191013,0.001,8.093066215515137
2256,4,256,1676,84.50645446777344,85.82705679850336,0.001,8.514841079711914
2257,4,257,1442,83.27117919921875,85.81940977967159,0.001,8.614377975463867
2258,4,258,1821,99.32086181640625,85.8465465328687,0.001,7.1161558628082275
2259,4,259,1363,86.22698974609375,85.84814685819379,0.001,8.563647985458374
2260,4,260,2040,84.78950500488281,85.84215457853392,0.001,8.887396574020386
2261,4,261,1846,85.6001968383789,85.84115322244199,0.001,8.674241781234741
2262,4,262,1903,85.789794921875,85.84100298777233,0.001,8.842936277389526
2263,4,263,1393,88.86637878417969,85.85361700360109,0.001,8.799510478973389
2264,4,264,2203,95.61837768554688,85.90742990316241,0.001,8.523350954055786
2265,4,265,2235,87.68461608886719,85.91710747757278,0.001,9.449806213378906
2266,4,266,1088,86.8349609375,85.92077701271091,0.001,8.322144269943237
2267,4,267,2274,87.91787719726562,85.92874759525267,0.001,7.660594463348389
2268,4,268,1921,80.31810760498047,85.90605872435088,0.001,8.515184164047241
2269,4,269,2050,74.50504302978516,85.8737728077948,0.001,8.82187032699585
2270,4,270,2140,95.88874053955078,85.89217573515387,0.001,8.223196029663086
2271,4,271,2422,78.38043975830078,85.87776634937738,0.001,7.541492700576782
2272,4,272,1120,80.93647003173828,85.86427899775234,0.001,8.029178380966187
2273,4,273,1109,84.13581848144531,85.85539828728862,0.001,8.656583786010742
2274,4,274,1333,104.3412094116211,85.92907203072946,0.001,8.798248767852783
2275,4,275,1888,78.71987915039062,85.89164652823939,0.001,8.10299277305603
2276,4,276,1317,80.94552612304688,85.88236409377267,0.001,9.07778787612915
2277,4,277,1128,74.02674102783203,85.83568472354885,0.001,8.082937717437744
2278,4,278,1793,92.24053955078125,85.86866226906707,0.001,9.587909936904907
2279,4,279,2436,87.31826782226562,85.87137990126233,0.001,7.387649059295654
2280,4,280,1092,86.81771850585938,85.87629092462332,0.001,6.997107982635498
2281,4,281,2498,95.93428039550781,85.90406782485228,0.001,9.304668188095093
2282,4,282,2278,88.11505889892578,85.91273138328474,0.001,10.155282735824585
2283,4,283,2340,87.62733459472656,85.91917809692806,0.001,8.126457929611206
2284,4,284,2479,85.08460235595703,85.91608749533248,0.001,9.07640266418457
2285,4,285,32,78.92008209228516,85.87989732220109,0.001,8.396531343460083
2286,4,286,1832,97.25968170166016,85.93749139480111,0.001,6.83139967918396
2287,4,287,2392,86.09268188476562,85.93791554497672,0.001,8.288507461547852
2288,4,288,2099,77.0545883178711,85.91387989588584,0.001,8.601755380630493
2289,4,289,2450,85.48793029785156,85.91230960113114,0.001,7.996296644210815
2290,4,290,1514,91.75959777832031,85.92267092645267,0.001,7.766993999481201
2291,4,291,2191,93.65058135986328,85.94377256489553,0.001,10.035018920898438
2292,4,292,1324,89.05884552001953,85.95909916761705,0.001,8.051213026046753
2293,4,293,175,90.49739074707031,85.97138286218309,0.001,8.833216190338135
2294,4,294,2034,88.54796600341797,85.9838820377932,0.001,9.170948028564453
2295,4,295,1543,99.98382568359375,86.00883285459877,0.001,9.11892294883728
2296,4,296,2095,85.35809326171875,86.00571014900291,0.001,8.659257888793945
2297,4,297,1925,111.07361602783203,86.04899328453749,0.001,7.369547605514526
2298,4,298,2499,92.7219467163086,86.06644504229519,0.001,8.939327955245972
2299,4,299,2225,90.26231384277344,86.08674455691532,0.001,9.227198362350464
2300,4,300,38,83.34913635253906,86.07959934450676,0.001,9.722960948944092
2301,4,301,1909,87.41104888916016,86.08591178823453,0.001,10.118093252182007
2302,4,302,274,87.84347534179688,86.09212991457636,0.001,8.330897331237793
2303,4,303,2066,94.14730834960938,86.13035809278153,0.001,9.20401406288147
2304,4,304,1844,103.71629333496094,86.15696637588361,0.001,7.3762383460998535
2305,4,305,2546,85.12755584716797,86.15333028192816,0.001,9.98299765586853
2306,4,306,2398,81.88774108886719,86.13335897546051,0.001,8.720594882965088
2307,4,307,1368,87.32161712646484,86.13642132121048,0.001,9.772007942199707
2308,4,308,250,86.73173522949219,86.13742462796225,0.001,10.098459243774414
2309,4,309,2328,79.19786834716797,86.11975896901845,0.001,9.623826265335083
2310,4,310,1081,92.83809661865234,86.14336577907376,0.001,8.603337526321411
2311,4,311,1342,84.46246337890625,86.13759779503069,0.001,8.295738220214844
2312,4,312,2458,78.33845520019531,86.11051862365456,0.001,8.21689224243164
2313,4,313,2538,94.14115905761719,86.12384841898816,0.001,9.24762511253357
2314,4,314,2535,89.15812683105469,86.12886189372871,0.001,8.363188743591309
2315,4,315,1779,92.41901397705078,86.15777416855119,0.001,9.48935341835022
2316,4,316,1355,77.3291015625,86.12721294136067,0.001,5.8440399169921875
2317,4,317,1626,74.58297729492188,86.10893138837156,0.001,8.497078657150269
2318,4,318,2529,89.41320037841797,86.12051666569585,0.001,9.999645948410034
2319,4,319,2452,100.72992706298828,86.17039495833338,0.001,8.466048240661621
2320,4,320,1839,78.68059539794922,86.15847792320261,0.001,8.880325317382812
2321,4,321,1616,93.51363372802734,86.18404114364424,0.001,8.560230255126953
2322,4,322,1819,87.6673355102539,86.18645659172469,0.001,8.533063650131226
2323,4,323,1161,82.65619659423828,86.18109696800647,0.001,9.105273246765137
2324,4,324,1772,85.9347915649414,86.17997239057617,0.001,9.61720085144043
2325,4,325,2157,79.90139770507812,86.15187518891632,0.001,8.448636531829834
2326,4,326,2610,83.54173278808594,86.14770061723256,0.001,10.400493860244751
2327,4,327,2347,83.89264678955078,86.1401813256713,0.001,9.003807306289673
2328,4,328,2564,81.84464263916016,86.1261285660388,0.001,8.173124313354492
2329,4,329,1310,82.2304916381836,86.10882103033175,0.001,8.440011978149414
2330,4,330,2543,86.29000091552734,86.1094233591879,0.001,8.631583213806152
2331,4,331,2476,93.90149688720703,86.12170971381937,0.001,9.151892185211182
2332,4,332,1570,86.11101531982422,86.12169275994793,0.001,9.051614046096802
2333,4,333,1473,84.76730346679688,86.11892274032694,0.001,8.644465446472168
2334,4,334,1762,96.0079345703125,86.15123153014154,0.001,8.210405588150024
2335,4,335,1636,72.31582641601562,86.09091405824792,0.001,9.47088098526001
2336,4,336,1383,91.82247161865234,86.10444003281235,0.001,8.931808710098267
2337,4,337,2149,80.96298217773438,86.08752128119592,0.001,7.127721548080444
2338,4,338,1495,90.9917984008789,86.10344787853845,0.001,10.689952611923218
2339,4,339,2101,93.47061920166016,86.13533529625975,0.001,7.920966148376465
2340,4,340,2413,90.22312927246094,86.14862704291446,0.001,8.290016174316406
2341,4,341,1087,85.27694702148438,86.14498083138156,0.001,9.271973848342896
2342,4,342,1557,84.72531127929688,86.1389240625954,0.001,9.084484100341797
2343,4,343,1083,91.96469116210938,86.16291920465946,0.001,8.861754179000854
2344,4,344,1902,89.83006286621094,86.17451773878062,0.001,8.952534198760986
2345,4,345,2008,113.468994140625,86.21117393346412,0.001,7.386425018310547
2346,4,346,2055,80.49974060058594,86.18725303613462,0.001,9.38123106956482
2347,4,347,1370,73.5068359375,86.14728394065644,0.001,9.782310724258423
2348,4,348,2000,86.71920013427734,86.14812509366324,0.001,10.36867618560791
2349,4,349,37,81.01200103759766,86.12692194334875,0.001,9.000337839126587
2350,4,350,2166,84.42699432373047,86.1231703326068,0.001,8.820290565490723
2351,4,351,1918,79.81798553466797,86.09710444694134,0.001,8.678595304489136
2352,4,352,1098,75.82300567626953,86.0742291848242,0.001,8.85999083518982
2353,4,353,2652,89.12584686279297,86.07862803785517,0.001,9.373657941818237
2354,4,354,2221,90.34558868408203,86.09198853894235,0.001,8.146396398544312
2355,4,355,2251,96.49242401123047,86.11529016654042,0.001,10.88887357711792
2356,4,356,1441,78.79830932617188,86.1043838333075,0.001,8.770586490631104
2357,4,357,2510,80.41189575195312,86.0814433162766,0.001,9.061628341674805
2358,4,358,2007,84.49424743652344,86.07664675940883,0.001,8.570310592651367
2359,4,359,2789,86.87747955322266,86.0790643361555,0.001,9.373032808303833
2360,4,360,1814,77.0788345336914,86.05226343939019,0.001,7.965019464492798
2361,4,361,1549,94.1224365234375,86.07013842643978,0.001,8.438791036605835
2362,4,362,2425,88.00065612792969,86.07596394337659,0.001,9.327138185501099
2363,4,363,1523,86.59295654296875,86.07670432828922,0.001,9.681795597076416
2364,4,364,1900,93.37998962402344,86.08738625334544,0.001,9.709053754806519
2365,4,365,2184,94.8375473022461,86.10624638903604,0.001,9.123274326324463
2366,4,366,272,89.04305267333984,86.11254325885338,0.001,8.402104377746582
2367,4,367,2060,81.12557220458984,86.0976265740956,0.001,6.858514070510864
2368,4,368,2377,75.6515121459961,86.06676716128914,0.001,8.335800886154175
2369,4,369,2537,83.71326446533203,86.05965300864483,0.001,10.039453268051147
2370,4,370,2462,87.61829376220703,86.06585613327033,0.001,7.068388223648071
2371,4,371,1306,76.00292205810547,86.02661441599226,0.001,8.350437879562378
2372,4,372,2378,89.01654815673828,86.0354571459885,0.001,8.724025964736938
2373,4,373,2327,101.53012084960938,86.06716512876655,0.001,8.669315814971924
2374,4,374,2298,74.86065673828125,86.05199454995635,0.001,8.287569761276245
2375,4,375,2580,89.11266326904297,86.06358118935931,0.001,6.636977910995483
2376,4,376,2460,81.1361083984375,86.0567856212858,0.001,9.945676565170288
2377,4,377,1502,80.44154357910156,86.0348482881155,0.001,8.506702423095703
2378,4,378,2692,87.9105224609375,86.04203652216228,0.001,8.453277587890625
2379,4,379,2064,85.40772247314453,86.04019577236797,0.001,8.4837007522583
2380,4,380,28,96.41307067871094,86.05428051652953,0.001,8.899749517440796
2381,4,381,2432,75.40512084960938,86.03961092888323,0.001,8.56791877746582
2382,4,382,2590,100.62799072265625,86.06845706822956,0.001,8.075608253479004
2383,4,383,1434,89.64212799072266,86.07828186054488,0.001,7.3499345779418945
2384,4,384,1878,86.70170593261719,86.0795319674725,0.001,9.077588081359863
2385,4,385,1440,92.31771850585938,86.09683215075171,0.001,9.79332423210144
2386,4,386,2593,78.05767059326172,86.07363159222533,0.001,10.492791891098022
2387,4,387,1132,75.25277709960938,86.04267129260933,0.001,9.481874942779541
2388,4,388,2781,76.71382141113281,86.02625105203286,0.001,8.455586433410645
2389,4,389,2927,86.53705596923828,86.02684347933223,0.001,9.633068323135376
2390,4,390,2588,87.59115600585938,86.0327496951567,0.001,8.367219924926758
2391,4,391,1823,82.27371215820312,86.01845599813117,0.001,9.522640943527222
2392,4,392,2864,85.29791259765625,86.01700879344871,0.001,10.358725786209106
2393,4,393,407,85.06343841552734,86.0143625246256,0.001,9.355571985244751
2394,4,394,1516,82.80573272705078,86.00554216072794,0.001,9.621248006820679
2395,4,395,1250,82.98265838623047,86.00161071099106,0.001,8.036560535430908
2396,4,396,2601,89.53106689453125,86.01434712206431,0.001,9.522501230239868
2397,4,397,2071,94.84272003173828,86.03154880877467,0.001,9.35752248764038
2398,4,398,2152,86.99217987060547,86.03415626166426,0.001,10.338961362838745
2399,4,399,1554,87.27487182617188,86.03579522554546,0.001,8.244459390640259
2400,4,400,2282,84.14201354980469,86.03333583638214,0.001,8.393907308578491
2401,4,401,2482,85.69358825683594,86.03209038608605,0.001,9.05375862121582
2402,4,402,2906,83.85836029052734,86.02620519077726,0.001,9.612432956695557
2403,4,403,344,84.42876434326172,86.02413563472273,0.001,10.656416416168213
2404,4,404,273,89.03534698486328,86.03235550192056,0.001,7.8176515102386475
2405,4,405,1196,87.21739959716797,86.0337542876212,0.001,8.91912579536438
2406,4,406,1097,96.126708984375,86.04636744934764,0.001,9.121416091918945
2407,4,407,2249,88.88220977783203,86.05415168766099,0.001,7.422902345657349
2408,4,408,1493,83.50593566894531,86.04501714153345,0.001,8.064213752746582
2409,4,409,2763,94.9969253540039,86.05635378751114,0.001,7.936926364898682
2410,4,410,1506,79.06856536865234,86.04790650861014,0.001,7.685745477676392
2411,4,411,1938,83.41117095947266,86.0446698774336,0.001,9.601763486862183
2412,4,412,403,83.28073120117188,86.03945658736758,0.001,9.888979196548462
2413,4,413,461,92.375,86.06170775230636,0.001,9.40132451057434
2414,4,414,2073,82.12569427490234,86.05693144741716,0.001,9.462773561477661
2415,4,415,2502,90.45018768310547,86.07257610603129,0.001,9.217062711715698
2416,4,416,2192,92.03172302246094,86.07886446687455,0.001,8.96793007850647
2417,4,417,1764,88.10411071777344,86.08611007435786,0.001,8.884508848190308
2418,4,418,388,97.7137680053711,86.10006237297601,0.001,7.713095664978027
2419,4,419,1575,98.8730697631836,86.13434488420737,0.001,10.17341947555542
2420,4,420,1642,83.46256256103516,86.12745568022555,0.001,10.172916173934937
2421,4,421,363,90.31478118896484,86.13263990309204,0.001,7.944870471954346
2422,4,422,1105,78.8953628540039,86.1232853918439,0.001,8.302815198898315
2423,4,423,2784,87.79354858398438,86.12910077015981,0.001,8.570927619934082
2424,4,424,337,78.69694519042969,86.11663641984912,0.001,8.776710271835327
2425,4,425,2505,86.11917877197266,86.1166396278737,0.001,9.555227994918823
2426,4,426,1151,92.30631256103516,86.12765923870198,0.001,9.496335983276367
2427,4,427,1126,80.91022491455078,86.10966411048132,0.001,7.966476202011108
2428,4,428,2181,98.04132080078125,86.12434832909757,0.001,8.659862518310547
2429,4,429,1113,87.67189025878906,86.12964110234498,0.001,9.903164148330688
2430,4,430,2750,84.2017593383789,86.12730703657948,0.001,7.715578317642212
2431,4,431,178,80.79376220703125,86.11399456886322,0.001,7.558940410614014
2432,4,432,2223,85.09060668945312,86.11049315143701,0.001,8.152603387832642
2433,4,433,1914,85.053955078125,86.1092133526536,0.001,7.9295876026153564
2434,4,434,1365,93.32218933105469,86.11797062902359,0.001,8.50601077079773
2435,4,435,2595,93.82544708251953,86.12721872457492,0.001,9.47687840461731
2436,4,436,1580,96.95759582519531,86.14678743499024,0.001,9.605116605758667
2437,4,437,342,81.77957153320312,86.13184490306891,0.001,8.64935302734375
2438,4,438,2832,78.35073852539062,86.10696916986898,0.001,8.819989681243896
2439,4,439,256,78.86383819580078,86.0941185945894,0.001,8.83130669593811
2440,4,440,2448,82.14690399169922,86.0810118199828,0.001,9.149866819381714
2441,4,441,1945,79.23062896728516,86.05818330507942,0.001,9.031903982162476
2442,4,442,2660,89.73533630371094,86.07013939565792,0.001,9.88382363319397
2443,4,443,2619,86.98213195800781,86.07162121826599,0.001,9.984391689300537
2444,4,444,523,89.56365966796875,86.08325709852681,0.001,8.578792095184326
2445,4,445,2293,74.16255950927734,86.05311215586075,0.001,8.293241024017334
2446,4,446,1265,93.54171752929688,86.0619404314241,0.001,10.078281879425049
2447,4,447,340,82.12720489501953,86.05223197556013,0.001,7.822198152542114
2448,4,448,455,67.53910827636719,86.03561332697778,0.001,8.098745346069336
2449,4,449,1769,82.00189208984375,86.02230033317494,0.001,6.817368984222412
2450,4,450,29,81.14643859863281,86.01045580865318,0.001,8.351011514663696
2451,4,451,519,80.5273208618164,85.99255897958122,0.001,8.317660570144653
2452,4,452,507,99.68148803710938,86.00362003755573,0.001,8.245624303817749
2453,4,453,2874,87.61309051513672,86.00745114365446,0.001,8.415615797042847
2454,4,454,1326,91.25460052490234,86.01342434023209,0.001,9.450240850448608
2455,4,455,325,83.33604431152344,86.00696532125785,0.001,7.907505035400391
2456,4,456,1090,86.52400970458984,86.00784544547386,0.001,7.580177307128906
2457,4,457,2216,90.17415618896484,86.01214003822918,0.001,7.978759527206421
2458,4,458,2455,101.62455749511719,86.03046257288487,0.001,10.621031522750854
2459,4,459,377,87.29907989501953,86.03264425767682,0.001,7.563624382019043
2460,4,460,2341,80.04256439208984,86.0133393394906,0.001,7.480050802230835
2461,4,461,2901,91.79720306396484,86.02346087773921,0.001,7.46151876449585
2462,4,462,2204,94.37711334228516,86.04965061561863,0.001,8.654725313186646
2463,4,463,458,83.41036987304688,86.04656953537163,0.001,6.888606786727905
2464,4,464,390,94.6527099609375,86.06083127217275,0.001,9.833589553833008
2465,4,465,1812,83.168701171875,86.05157343081909,0.001,8.46704363822937
2466,4,466,2775,87.35336303710938,86.05461424364823,0.001,9.393610954284668
2467,4,467,1532,94.94597625732422,86.08242277485427,0.001,9.362120389938354
2468,4,468,2706,79.23619079589844,86.07512029799638,0.001,9.090280532836914
2469,4,469,2772,79.4981460571289,86.05970214824056,0.001,8.759697914123535
2470,4,470,2672,84.96546936035156,86.05626069625536,0.001,8.521634817123413
2471,4,471,382,77.71168518066406,86.04721658195437,0.001,9.040210485458374
2472,4,472,2614,79.01380920410156,86.02549525075356,0.001,6.8458545207977295
2473,4,473,2722,72.90670776367188,86.01203546786587,0.001,8.158095359802246
2474,4,474,1679,72.73241424560547,85.9894926013061,0.001,9.377462148666382
2475,4,475,774,87.01908111572266,85.9918872074464,0.001,9.480520725250244
2476,4,476,2196,95.88336181640625,86.00173505551177,0.001,8.547346830368042
2477,4,477,2569,101.65850067138672,86.02757382527622,0.001,10.728729963302612
2478,4,478,801,85.74674987792969,86.02712344664879,0.001,8.77011227607727
2479,4,479,350,82.118408203125,86.01803934258983,0.001,8.307084798812866
2480,4,480,68,94.03589630126953,86.0314964222465,0.001,8.726046562194824
2481,4,481,2067,87.65707397460938,86.03423061988954,0.001,8.947863101959229
2482,4,482,64,97.69813537597656,86.04716298883584,0.001,8.45842432975769
2483,4,483,1714,73.63986206054688,86.01942548610474,0.001,8.269721746444702
2484,4,484,601,86.1396484375,86.01979159677143,0.001,8.889081716537476
2485,4,485,372,79.83391571044922,86.01388631255402,0.001,10.091458320617676
2486,4,486,468,85.72169494628906,86.01300801695129,0.001,8.951450109481812
2487,4,487,73,81.82030487060547,86.00840988233216,0.001,9.272143125534058
2488,4,488,2694,100.8372573852539,86.02433556164102,0.001,8.734232902526855
2489,4,489,2399,92.52565002441406,86.03063156623521,0.001,8.322218418121338
2490,4,490,1111,87.9464111328125,86.03495602669344,0.001,6.958584547042847
2491,4,491,2596,94.0180892944336,86.04783489952196,0.001,7.077482223510742
2492,4,492,915,96.78372192382812,86.058965717439,0.001,6.7100934982299805
2493,4,493,1682,77.38753509521484,86.03947663610886,0.001,8.917526006698608
2494,4,494,707,86.86674499511719,86.04030712351606,0.001,7.816843509674072
2495,4,495,2241,101.19258117675781,86.08622011468353,0.001,8.076293230056763
2496,4,496,1675,87.63783264160156,86.08867583798187,0.001,5.595617771148682
2497,4,497,717,89.85076904296875,86.0998756852675,0.001,8.62962818145752
2498,4,498,2834,81.99788665771484,86.08764681919658,0.001,7.708077669143677
2499,4,499,2552,90.02687072753906,86.0963154406929,0.001,5.267537832260132
2500,5,0,2449,79.39170837402344,79.39170837402344,0.001,8.691322803497314
2501,5,1,1686,89.2984848022461,85.04594706324605,0.001,8.97523808479309
2502,5,2,368,82.98181915283203,84.41200282734465,0.001,11.330649852752686
2503,5,3,2871,74.84423065185547,81.70754747240956,0.001,7.700455665588379
2504,5,4,441,81.06651306152344,81.59506377911842,0.001,7.035045862197876
2505,5,5,607,95.6689682006836,82.64301852378888,0.001,8.689463138580322
2506,5,6,492,80.81857299804688,82.31733890399845,0.001,8.727183103561401
2507,5,7,956,82.83452606201172,82.39531587248672,0.001,8.083085298538208
2508,5,8,2080,78.73564147949219,81.91163807811311,0.001,8.786710977554321
2509,5,9,789,80.9085922241211,81.82197908575753,0.001,8.562844276428223
2510,5,10,694,82.85477447509766,81.93216147887355,0.001,8.242877721786499
2511,5,11,981,91.22215270996094,82.6226805737327,0.001,8.33556842803955
2512,5,12,2335,96.05645751953125,83.09228046297298,0.001,8.021201848983765
2513,5,13,803,102.59844207763672,83.71868910984104,0.001,10.514367580413818
2514,5,14,2174,74.72154235839844,82.97728003624519,0.001,10.182684659957886
2515,5,15,2435,86.13128662109375,83.07267183296548,0.001,7.008301496505737
2516,5,16,2406,88.47574615478516,83.4866423083366,0.001,8.720633745193481
2517,5,17,424,88.87933349609375,83.68739495582908,0.001,9.256652116775513
2518,5,18,2188,88.39014434814453,83.92984199211277,0.001,9.25758981704712
2519,5,19,1586,88.2102279663086,84.20923858442717,0.001,8.943641424179077
2520,5,20,69,89.14067077636719,84.5117022694591,0.001,9.3261137008667
2521,5,21,434,88.28964233398438,84.58455900539734,0.001,8.322083711624146
2522,5,22,954,73.74253845214844,84.35875811535057,0.001,9.31950044631958
2523,5,23,1879,81.77384185791016,84.27905688796768,0.001,8.613925457000732
2524,5,24,961,79.28294372558594,84.0126595199566,0.001,8.773597478866577
2525,5,25,990,76.70425415039062,83.72400411422011,0.001,8.48044466972351
2526,5,26,743,84.1946029663086,83.73244153215651,0.001,8.297459602355957
2527,5,27,2669,98.564697265625,83.99883296194801,0.001,8.671231031417847
2528,5,28,1263,96.57093048095703,84.44935641729938,0.001,9.211570024490356
2529,5,29,1756,91.27552795410156,84.68206831142429,0.001,7.766742944717407
2530,5,30,814,74.73983001708984,84.51627449151839,0.001,10.628642082214355
2531,5,31,2682,80.7032241821289,84.34831123255267,0.001,8.545740604400635
2532,5,32,2565,79.71029663085938,84.27627174056562,0.001,9.208658695220947
2533,5,33,2427,80.58171081542969,84.16377699422956,0.001,9.467713117599487
2534,5,34,432,78.49190521240234,83.99585423732813,0.001,9.54702615737915
2535,5,35,1480,86.64007568359375,84.03274881836485,0.001,7.595543146133423
2536,5,36,254,75.66014862060547,83.7147266118903,0.001,8.581779718399048
2537,5,37,436,87.34483337402344,83.78623465978389,0.001,8.014892816543579
2538,5,38,2617,83.23976135253906,83.76664480024883,0.001,8.054807424545288
2539,5,39,2534,101.0099868774414,83.98875972551393,0.001,9.99465799331665
2540,5,40,1484,88.6619644165039,84.11148617358933,0.001,8.602998733520508
2541,5,41,2349,82.04021453857422,84.04245202140872,0.001,8.868335962295532
2542,5,42,870,86.91319274902344,84.09318629554251,0.001,8.657465934753418
2543,5,43,2613,98.08323669433594,84.42623118422385,0.001,8.743249416351318
2544,5,44,65,92.0893783569336,84.51521369320899,0.001,8.151221513748169
2545,5,45,827,94.31878662109375,84.65208338489172,0.001,7.414444208145142
2546,5,46,759,86.2308120727539,84.68795990326625,0.001,8.311370134353638
2547,5,47,496,80.68897247314453,84.60194669146892,0.001,8.909451246261597
2548,5,48,98,89.69002532958984,84.75062129707543,0.001,9.238512754440308
2549,5,49,2563,75.27081298828125,84.6047623573398,0.001,8.512380838394165
2550,5,50,686,73.78824615478516,84.37250587446286,0.001,8.601648092269897
2551,5,51,2464,61.723960876464844,84.14331297653779,0.001,9.160324335098267
2552,5,52,2794,87.00102233886719,84.17168178039104,0.001,9.624082803726196
2553,5,53,808,87.18709564208984,84.23203388211769,0.001,7.448401212692261
2554,5,54,2930,86.88373565673828,84.2567175321189,0.001,6.90083646774292
2555,5,55,2197,94.92889404296875,84.46461442008341,0.001,8.494896411895752
2556,5,56,488,87.23721313476562,84.53456567820004,0.001,8.595649003982544
2557,5,57,361,85.59976196289062,84.55978855169887,0.001,10.0064377784729
2558,5,58,400,89.30146789550781,84.6157412415303,0.001,8.646821737289429
2559,5,59,611,89.0753173828125,84.67274479055088,0.001,7.750108242034912
2560,5,60,986,77.14739227294922,84.53599732089525,0.001,8.469485759735107
2561,5,61,913,84.13084411621094,84.53091063036275,0.001,8.764103412628174
2562,5,62,977,85.91924285888672,84.54768465071906,0.001,10.573524951934814
2563,5,63,469,90.80377960205078,84.68933646225413,0.001,8.868169069290161
2564,5,64,825,80.06631469726562,84.65306061602287,0.001,8.125425577163696
2565,5,65,1571,92.5088882446289,84.82569624920217,0.001,7.7936789989471436
2566,5,66,920,86.38475799560547,84.85977156348724,0.001,9.367351770401001
2567,5,67,1576,96.05391693115234,84.94397200553381,0.001,9.993733167648315
2568,5,68,446,88.79656982421875,85.00436740375504,0.001,9.737595319747925
2569,5,69,1503,82.54837036132812,84.97908188139846,0.001,6.834517240524292
2570,5,70,77,86.03397369384766,84.9955244142138,0.001,8.232047319412231
2571,5,71,2511,86.60272979736328,85.01321835578058,0.001,10.400483846664429
2572,5,72,336,82.02123260498047,84.9532939243126,0.001,10.661837816238403
2573,5,73,852,92.70465087890625,85.06607863934214,0.001,8.669989109039307
2574,5,74,2219,90.5272216796875,85.10174299252522,0.001,8.95328688621521
2575,5,75,2294,94.82752227783203,85.16676294158576,0.001,9.961790561676025
2576,5,76,693,85.702392578125,85.17697309032285,0.001,7.976282358169556
2577,5,77,919,86.4935302734375,85.20187671356275,0.001,7.239144563674927
2578,5,78,858,92.71846771240234,85.24689042487212,0.001,8.752353191375732
2579,5,79,1394,78.15296936035156,85.1497809954202,0.001,8.14698600769043
2580,5,80,447,95.22325134277344,85.21581134176161,0.001,8.269623279571533
2581,5,81,680,104.27684783935547,85.33722654348902,0.001,10.21601676940918
2582,5,82,863,82.39161682128906,85.29768359750388,0.001,8.436092138290405
2583,5,83,2668,93.58080291748047,85.40788637520633,0.001,9.571659564971924
2584,5,84,1602,98.31086730957031,85.46109901827408,0.001,10.44199252128601
2585,5,85,518,81.51605224609375,85.43653125458644,0.001,10.110156297683716
2586,5,86,2909,84.70219421386719,85.42701120265023,0.001,8.472372770309448
2587,5,87,770,90.29315948486328,85.48962939292089,0.001,8.888813257217407
2588,5,88,778,92.89990234375,85.58170242617643,0.001,8.384916543960571
2589,5,89,2782,78.5792007446289,85.46549241724838,0.001,7.128714323043823
2590,5,90,1527,86.26396179199219,85.4751497790831,0.001,7.6367151737213135
2591,5,91,392,90.1981430053711,85.54987309046585,0.001,7.8331708908081055
2592,5,92,1845,78.91091918945312,85.51435673441802,0.001,8.434601783752441
2593,5,93,989,90.23475646972656,85.56980599857563,0.001,7.692484617233276
2594,5,94,721,91.28301239013672,85.61666867561269,0.001,9.028441905975342
2595,5,95,2793,80.57604217529297,85.5381117773609,0.001,9.27473759651184
2596,5,96,405,91.11573791503906,85.58456641377656,0.001,9.369911909103394
2597,5,97,2513,102.09786987304688,85.67323861568897,0.001,7.785990953445435
2598,5,98,2861,80.14204406738281,85.61082087701747,0.001,7.948545694351196
2599,5,99,2767,84.07616424560547,85.59357397027723,0.001,9.130236864089966
2600,5,100,811,73.68106842041016,85.53559763258906,0.001,8.720250368118286
2601,5,101,787,88.57147216796875,85.5516795937142,0.001,8.892313003540039
2602,5,102,727,80.62775421142578,85.52644969423417,0.001,9.918293714523315
2603,5,103,2608,87.61478424072266,85.55697860983665,0.001,9.050137996673584
2604,5,104,916,89.81059265136719,85.57902984173957,0.001,9.0603928565979
2605,5,105,264,91.51708984375,85.64229195671777,0.001,8.900063514709473
2606,5,106,719,81.0376968383789,85.57813095114466,0.001,7.294696807861328
2607,5,107,2522,79.00405883789062,85.51085612125387,0.001,8.70691728591919
2608,5,108,374,74.85067749023438,85.36682300998785,0.001,10.766319751739502
2609,5,109,773,96.71321868896484,85.48129655765294,0.001,7.871250629425049
2610,5,110,1259,77.90193176269531,85.42818848940622,0.001,7.7598114013671875
2611,5,111,2673,84.94380187988281,85.42331089038316,0.001,8.30170488357544
2612,5,112,1620,84.87612915039062,85.42158823227368,0.001,7.9749932289123535
2613,5,113,2911,78.94922637939453,85.3934943002465,0.001,7.2600791454315186
2614,5,114,2548,86.04296112060547,85.39972337145639,0.001,8.70861268043518
2615,5,115,2343,86.03585052490234,85.40406727879163,0.001,7.488758563995361
2616,5,116,728,82.12071228027344,85.37248599608483,0.001,6.880478382110596
2617,5,117,1548,91.57567596435547,85.42912328827394,0.001,7.075008392333984
2618,5,118,2387,96.7708969116211,85.50571934991432,0.001,9.861534595489502
2619,5,119,376,103.00332641601562,85.58518093893994,0.001,9.032556295394897
2620,5,120,2709,100.00875854492188,85.6486247247941,0.001,8.642369508743286
2621,5,121,2098,88.98457336425781,85.6689817604974,0.001,5.908178091049194
2622,5,122,1951,92.53376007080078,85.73231511788035,0.001,9.09347915649414
2623,5,123,834,90.60932159423828,85.79139116652664,0.001,9.115989446640015
2624,5,124,2270,84.7435302734375,85.77869431513678,0.001,9.156517505645752
2625,5,125,481,90.03474426269531,85.81658846865409,0.001,9.664730787277222
2626,5,126,742,82.64803314208984,85.77922717514707,0.001,7.777875661849976
2627,5,127,190,76.13495635986328,85.66465888830479,0.001,8.625204801559448
2628,5,128,832,76.51897430419922,85.56036945987957,0.001,8.564889907836914
2629,5,129,56,87.96173858642578,85.58084455424711,0.001,8.610261678695679
2630,5,130,459,109.54487609863281,85.67700375514171,0.001,8.415804624557495
2631,5,131,851,85.83208465576172,85.67878018822738,0.001,9.859740018844604
2632,5,132,2584,83.02098846435547,85.64945356179608,0.001,8.32878565788269
2633,5,133,788,81.52621459960938,85.60418239026299,0.001,8.708815574645996
2634,5,134,1488,80.74042510986328,85.55463450891071,0.001,9.021822690963745
2635,5,135,2205,92.90691375732422,85.61490926145173,0.001,10.471827983856201
2636,5,136,74,97.5894775390625,85.66007798054737,0.001,9.616025447845459
2637,5,137,378,95.91056060791016,85.76873005959455,0.001,9.04694652557373
2638,5,138,1373,75.46026611328125,85.704780785602,0.001,8.37782907485962
2639,5,139,1828,78.06877136230469,85.62350147857786,0.001,10.124613761901855
2640,5,140,67,85.70884704589844,85.62416358022747,0.001,6.104558706283569
2641,5,141,401,82.41667175292969,85.5994649305503,0.001,9.03988003730774
2642,5,142,2443,89.65322875976562,85.63016734588638,0.001,7.616940259933472
2643,5,143,861,92.51905822753906,85.66756452825543,0.001,7.427308797836304
2644,5,144,966,81.56319427490234,85.64586837713463,0.001,10.231218814849854
2645,5,145,1089,88.45611572265625,85.67384641254512,0.001,7.832860708236694
2646,5,146,705,81.7276382446289,85.63428446813795,0.001,9.26045036315918
2647,5,147,2401,78.23201751708984,85.57914402378773,0.001,8.770504236221313
2648,5,148,873,89.16848754882812,85.59015691322985,0.001,9.489748477935791
2649,5,149,471,87.3431625366211,85.6069438375234,0.001,8.516088485717773
2650,5,150,2923,91.87510681152344,85.63828332658908,0.001,10.471124172210693
2651,5,151,951,90.17407989501953,85.67069651782538,0.001,8.692939281463623
2652,5,152,60,87.30035400390625,85.67897215011472,0.001,8.908359050750732
2653,5,153,699,77.54316711425781,85.62227087507837,0.001,7.412987947463989
2654,5,154,771,85.4551773071289,85.62110333092812,0.001,8.202337265014648
2655,5,155,819,84.4926986694336,85.61318831208412,0.001,9.329353094100952
2656,5,156,695,85.86495208740234,85.61494874123157,0.001,9.741532564163208
2657,5,157,266,99.0311050415039,85.73801669877415,0.001,8.347499370574951
2658,5,158,2720,91.13410949707031,85.7542912695223,0.001,7.473318099975586
2659,5,159,991,98.84070587158203,85.79590311598403,0.001,8.815697193145752
2660,5,160,522,76.06929016113281,85.7078689997058,0.001,7.763963937759399
2661,5,161,453,99.12467956542969,85.77182567930326,0.001,8.769534587860107
2662,5,162,367,96.28282165527344,85.82149726956106,0.001,8.769725322723389
2663,5,163,1809,87.11506652832031,85.83273931700606,0.001,7.581201791763306
2664,5,164,383,90.31076049804688,85.87083164244775,0.001,6.426750183105469
2665,5,165,2533,67.00105285644531,85.78084257555784,0.001,7.520776033401489
2666,5,166,864,94.90309143066406,85.80771304207651,0.001,7.694898366928101
2667,5,167,448,96.95870971679688,85.88177798696117,0.001,7.370493412017822
2668,5,168,2523,91.73986053466797,85.93212748499302,0.001,7.41985559463501
2669,5,169,2654,87.78141021728516,85.94792557958347,0.001,9.00438642501831
2670,5,170,1864,94.88773345947266,85.97522541687141,0.001,7.9448401927948
2671,5,171,962,75.29200744628906,85.92649412083098,0.001,8.51023554801941
2672,5,172,904,78.21691131591797,85.89576918957844,0.001,7.604401111602783
2673,5,173,2494,75.22508239746094,85.82942774770093,0.001,8.716233015060425
2674,5,174,1838,74.6961669921875,85.76127290643798,0.001,8.286654949188232
2675,5,175,1807,86.64472198486328,85.76845623676168,0.001,8.775505304336548
2676,5,176,94,77.9948501586914,85.70856932297859,0.001,7.8924033641815186
2677,5,177,2845,84.71781921386719,85.70054614938236,0.001,9.14622712135315
2678,5,178,1339,94.55116271972656,85.72650402361576,0.001,8.854193687438965
2679,5,179,2929,85.87384033203125,85.72739279363479,0.001,10.271599292755127
2680,5,180,2229,84.69808959960938,85.72357528224119,0.001,6.694159984588623
2681,5,181,682,92.23939514160156,85.77497137522789,0.001,9.547985076904297
2682,5,182,972,88.43148040771484,85.79041129323389,0.001,8.106144905090332
2683,5,183,514,98.28593444824219,85.84378380526563,0.001,8.79145336151123
2684,5,184,2585,81.66535949707031,85.81975482084202,0.001,9.54030442237854
2685,5,185,2758,100.25469207763672,85.9035292199748,0.001,8.5632643699646
2686,5,186,689,89.94418334960938,85.92023076409255,0.001,8.58659315109253
2687,5,187,2013,101.3682632446289,85.96211787791569,0.001,9.237863779067993
2688,5,188,1617,88.30654907226562,85.97946434185342,0.001,9.741920232772827
2689,5,189,710,84.40826416015625,85.97053367957216,0.001,8.91659164428711
2690,5,190,521,83.48575592041016,85.96382302014916,0.001,9.234034538269043
2691,5,191,1302,86.4259033203125,85.96708505191468,0.001,9.388632535934448
2692,5,192,1482,91.12975311279297,85.9807870261217,0.001,8.532319784164429
2693,5,193,914,83.56834411621094,85.96729742681403,0.001,8.298858404159546
2694,5,194,706,79.77972412109375,85.95053776260532,0.001,9.841583728790283
2695,5,195,685,86.89189147949219,85.95570578525422,0.001,8.42562985420227
2696,5,196,1735,79.55481719970703,85.93862852443746,0.001,9.58992886543274
2697,5,197,408,74.0660400390625,85.89219890588554,0.001,8.353358507156372
2698,5,198,2583,90.9886474609375,85.92043503126594,0.001,9.059991836547852
2699,5,199,490,88.16873168945312,85.92642636861449,0.001,10.00675368309021
2700,5,200,616,89.55659484863281,85.95253046499451,0.001,8.433057069778442
2701,5,201,2603,74.86018371582031,85.87456598686721,0.001,8.691621541976929
2702,5,202,1519,87.14922332763672,85.88154790559902,0.001,7.287042856216431
2703,5,203,2547,86.42536926269531,85.88446524363724,0.001,8.492753744125366
2704,5,204,177,89.16346740722656,85.90166623762819,0.001,7.180621147155762
2705,5,205,1196,87.26728820800781,85.90483219479863,0.001,8.632111549377441
2706,5,206,1900,92.51431274414062,85.92191241950263,0.001,9.194022178649902
2707,5,207,1092,86.9876708984375,85.92939596913898,0.001,9.899265766143799
2708,5,208,1577,86.85713195800781,85.93422450703073,0.001,8.936072826385498
2709,5,209,1938,83.50167083740234,85.92839462081852,0.001,9.225088596343994
2710,5,210,2007,84.46015930175781,85.92081701351773,0.001,10.527147769927979
2711,5,211,1346,97.63217163085938,85.99845198742621,0.001,8.831961870193481
2712,5,212,190,76.0809097290039,85.92911509397737,0.001,8.950165033340454
2713,5,213,1596,92.09750366210938,85.95107084271854,0.001,8.996257781982422
2714,5,214,1576,96.12161254882812,85.97532545644998,0.001,9.576491117477417
2715,5,215,1602,98.19041442871094,85.99486480404371,0.001,6.142931699752808
2716,5,216,1797,71.91055297851562,85.96015784323502,0.001,9.134101867675781
2717,5,217,1495,90.94335174560547,85.98540642778079,0.001,8.487480640411377
2718,5,218,1682,77.35418701171875,85.94220736128767,0.001,8.8467857837677
2719,5,219,1173,95.60122680664062,85.96536293769218,0.001,7.7647624015808105
2720,5,220,1334,86.74260711669922,85.96717962227547,0.001,9.05283522605896
2721,5,221,1368,86.7834243774414,85.97014039031478,0.001,8.349709749221802
2722,5,222,1365,93.20494079589844,85.98729009625191,0.001,8.877934455871582
2723,5,223,1821,99.46258544921875,86.01897121208978,0.001,10.190367698669434
2724,5,224,1493,83.37382507324219,86.00157770415832,0.001,8.719784498214722
2725,5,225,1262,88.16386413574219,86.00655705072793,0.001,8.421195030212402
2726,5,226,1692,88.04436492919922,86.01976453573249,0.001,9.160833358764648
2727,5,227,1965,85.05337524414062,86.01347007863653,0.001,10.396810531616211
2728,5,228,1575,99.09030151367188,86.07799015591125,0.001,8.38220763206482
2729,5,229,1921,80.02568817138672,86.04900098452961,0.001,7.675419092178345
2730,5,230,1554,87.2794418334961,86.05184313903534,0.001,7.88420033454895
2731,5,231,1453,95.08844757080078,86.07098570538442,0.001,7.270786762237549
2732,5,232,1823,82.4621810913086,86.04763133547546,0.001,7.534329175949097
2733,5,233,1839,78.13275146484375,86.03014208428611,0.001,9.104520082473755
2734,5,234,1503,82.52513122558594,86.01924886920527,0.001,8.627696990966797
2735,5,235,1914,85.38882446289062,86.01783593571196,0.001,9.043136358261108
2736,5,236,2147,87.32120513916016,86.02602171546184,0.001,8.743572235107422
2737,5,237,1480,86.64906311035156,86.02738599167138,0.001,8.183168888092041
2738,5,238,1862,80.16163635253906,86.014356671399,0.001,8.458035230636597
2739,5,239,1751,85.39652252197266,86.01230256304738,0.001,9.064286231994629
2740,5,240,1460,89.18359375,86.02283160867694,0.001,9.041603565216064
2741,5,241,1814,76.6224594116211,85.98013352585306,0.001,9.006495237350464
2742,5,242,1097,96.04891204833984,86.00156935232046,0.001,8.533359050750732
2743,5,243,1090,86.54010772705078,86.00330802837311,0.001,8.267212390899658
2744,5,244,1649,77.50727844238281,85.96445059013277,0.001,8.188539266586304
2745,5,245,1149,72.3643569946289,85.90210342585151,0.001,8.295289993286133
2746,5,246,1339,94.3786392211914,85.92068105951435,0.001,7.226404666900635
2747,5,247,175,90.25324249267578,85.93495108626814,0.001,8.569433689117432
2748,5,248,1089,88.43404388427734,85.94989032622262,0.001,10.347734212875366
2749,5,249,1161,82.263671875,85.94248762397586,0.001,7.275940418243408
2750,5,250,1918,80.09288024902344,85.90766654157419,0.001,9.25920844078064
2751,5,251,1648,96.99897003173828,85.94275207783657,0.001,9.445020198822021
2752,5,252,2034,88.46856689453125,85.9573948433258,0.001,8.641654014587402
2753,5,253,1700,87.93338775634766,85.96394537756012,0.001,7.4054882526397705
2754,5,254,1263,96.55168151855469,86.01025458124805,0.001,8.558847188949585
2755,5,255,1440,92.74052429199219,86.03897633199678,0.001,8.596556186676025
2756,5,256,2204,94.48450469970703,86.08706833635631,0.001,8.9732825756073
2757,5,257,1302,86.44116973876953,86.08897370236089,0.001,9.979674339294434
2758,5,258,1548,91.60894775390625,86.1117572345067,0.001,6.713441610336304
2759,5,259,2163,80.40508270263672,86.08671266504784,0.001,9.505640983581543
2760,5,260,2229,84.73390197753906,86.08314889490907,0.001,7.000801086425781
2761,5,261,1174,85.96271514892578,86.08263584047891,0.001,9.836047172546387
2762,5,262,1699,86.58535766601562,86.08411819807998,0.001,8.72822380065918
2763,5,263,1570,86.58568572998047,86.08513864103949,0.001,8.594382047653198
2764,5,264,1530,80.73262023925781,86.05517587776232,0.001,9.230966567993164
2765,5,265,1858,81.29672241210938,86.03547931686415,0.001,7.861707925796509
2766,5,266,1360,98.45013427734375,86.0594592704333,0.001,7.4028215408325195
2767,5,267,1105,78.92327117919922,86.04472399919491,0.001,8.543335676193237
2768,5,268,2197,94.91627502441406,86.08131280066132,0.001,10.283790588378906
2769,5,269,1457,84.32491302490234,86.0717386307993,0.001,7.913935661315918
2770,5,270,1879,81.85870361328125,86.05914086654668,0.001,8.719137907028198
2771,5,271,2251,96.42713928222656,86.0902401238771,0.001,7.801384925842285
2772,5,272,1580,97.16535186767578,86.12254143175726,0.001,8.859827280044556
2773,5,273,1081,93.29735565185547,86.15182735362472,0.001,10.349256038665771
2774,5,274,1543,99.73958587646484,86.17853993485163,0.001,8.548505067825317
2775,5,275,2099,76.78871154785156,86.15121781788984,0.001,8.784841299057007
2776,5,276,2272,85.02955627441406,86.1466927765059,0.001,8.533718585968018
2777,5,277,1923,86.31010437011719,86.14736471471504,0.001,8.240433692932129
2778,5,278,1470,93.07127380371094,86.1743848930653,0.001,9.349114894866943
2779,5,279,1132,75.08513641357422,86.1294573014444,0.001,6.194056272506714
2780,5,280,1344,81.04119110107422,86.10941466885703,0.001,8.774202585220337
2781,5,281,1324,89.10344696044922,86.12506480338615,0.001,8.820656061172485
2782,5,282,1516,82.75474548339844,86.11188056597487,0.001,8.950688362121582
2783,5,283,1181,96.76655578613281,86.15270057330584,0.001,8.112414836883545
2784,5,284,1306,76.34722900390625,86.10182855750176,0.001,9.064204931259155
2785,5,285,1586,88.17259216308594,86.11263033282627,0.001,8.249841213226318
2786,5,286,1571,92.42018127441406,86.14501008344327,0.001,7.67883563041687
2787,5,287,1118,84.22016906738281,86.1376327902147,0.001,9.171837091445923
2788,5,288,1951,92.53138732910156,86.1621806950321,0.001,8.479010343551636
2789,5,289,1482,91.09976196289062,86.17106486884133,0.001,9.324280738830566
2790,5,290,1945,79.18817138671875,86.13558877073069,0.001,9.364901781082153
2791,5,291,1706,104.07125854492188,86.20333909716481,0.001,8.02575421333313
2792,5,292,2149,81.12815856933594,86.18388305413188,0.001,9.626207828521729
2793,5,293,1127,89.20024871826172,86.19216708938742,0.001,8.965229749679565
2794,5,294,1259,77.93114471435547,86.17045723950369,0.001,8.192845582962036
2795,5,295,1909,87.45943450927734,86.17678854040439,0.001,8.823970556259155
2796,5,296,1772,86.00394439697266,86.1759178062295,0.001,8.77260684967041
2797,5,297,1809,87.08821868896484,86.1803368374202,0.001,9.244551658630371
2798,5,298,1117,90.43623352050781,86.19632254887902,0.001,10.164719581604004
2799,5,299,1844,103.73582458496094,86.22366844951442,0.001,8.51789665222168
2800,5,300,1779,92.03490447998047,86.25198883456306,0.001,9.545410871505737
2801,5,301,2335,96.11892700195312,86.26961718117815,0.001,9.297617673873901
2802,5,302,2347,83.61898040771484,86.25997273695431,0.001,7.224334955215454
2803,5,303,1087,85.42850494384766,86.25602322305974,0.001,8.924560308456421
2804,5,304,1764,88.0934066772461,86.26503570284959,0.001,9.040330410003662
2805,5,305,1311,75.61456298828125,86.21415457087626,0.001,7.481129884719849
2806,5,306,1676,84.59590911865234,86.20638325446504,0.001,9.513692855834961
2807,5,307,2325,92.25048828125,86.2279680990952,0.001,8.217678546905518
2808,5,308,2101,93.48310089111328,86.26256260228945,0.001,8.348952770233154
2809,5,309,1399,81.62091064453125,86.2403984657645,0.001,7.946302175521851
2810,5,310,1846,85.58206176757812,86.23810374078667,0.001,7.9027321338653564
2811,5,311,1806,79.7052230834961,86.20755857954677,0.001,8.817162275314331
2812,5,312,1807,86.65626525878906,86.20961552627963,0.001,8.880036115646362
2813,5,313,1519,87.15032958984375,86.21294205175654,0.001,8.884321689605713
2814,5,314,2066,94.43936157226562,86.25063341427567,0.001,8.507218837738037
2815,5,315,1675,87.61459350585938,86.25395450709182,0.001,10.015051364898682
2816,5,316,1828,77.96870422363281,86.21522377796755,0.001,9.307461261749268
2817,5,317,1717,101.4942626953125,86.23985042667567,0.001,8.96992564201355
2818,5,318,1128,74.15996551513672,86.19856857400069,0.001,9.186635732650757
2819,5,319,2297,85.01806640625,86.1944654052224,0.001,8.61893916130066
2820,5,320,1569,89.87237548828125,86.20701400873375,0.001,7.899996757507324
2821,5,321,1793,92.43334197998047,86.2346674445886,0.001,10.49467921257019
2822,5,322,1463,82.91764068603516,86.23003088646047,0.001,8.590829610824585
2823,5,323,2070,89.30794525146484,86.24377088074623,0.001,8.684590816497803
2824,5,324,1737,87.20449829101562,86.24793355003435,0.001,7.049811363220215
2825,5,325,1111,87.85614013671875,86.25327191575926,0.001,9.17700719833374
2826,5,326,1151,92.45875549316406,86.267454451338,0.001,8.348921775817871
2827,5,327,2343,86.0396499633789,86.26692196006213,0.001,7.766497373580933
2828,5,328,1264,88.27696990966797,86.27015010436084,0.001,9.294718027114868
2829,5,329,1182,76.09136962890625,86.23629969236018,0.001,7.869632959365845
2830,5,330,2203,95.41556549072266,86.27659301968261,0.001,8.776022911071777
2831,5,331,254,75.69003295898438,86.23067155061865,0.001,9.36488676071167
2832,5,332,2422,78.58125305175781,86.21876895377454,0.001,9.193868160247803
2833,5,333,1925,110.72590637207031,86.25642025015763,0.001,8.062092542648315
2834,5,334,1434,89.60325622558594,86.26691756898792,0.001,10.218072652816772
2835,5,335,1686,89.42910766601562,86.280530260999,0.001,7.898166656494141
2836,5,336,1109,84.40924072265625,86.27277222734574,0.001,6.894604682922363
2837,5,337,1326,91.2274169921875,86.28024944254273,0.001,8.66790509223938
2838,5,338,1838,74.66841888427734,86.24366000647773,0.001,7.910125255584717
2839,5,339,2071,94.86842346191406,86.26322068098953,0.001,9.742543697357178
2840,5,340,274,88.24449157714844,86.26943711195122,0.001,7.651358604431152
2841,5,341,2443,89.78531646728516,86.28052731848436,0.001,9.254555702209473
2842,5,342,2510,80.26835632324219,86.25536334510436,0.001,6.365715265274048
2843,5,343,2221,90.56455993652344,86.26922363931561,0.001,9.218407154083252
2844,5,344,2529,89.46765899658203,86.27951743231166,0.001,6.906589984893799
2845,5,345,2502,90.42423248291016,86.29699624865052,0.001,8.650477886199951
2846,5,346,1153,87.98573303222656,86.30407625880937,0.001,9.287832736968994
2847,5,347,2482,85.55799102783203,86.30095749948808,0.001,8.772591590881348
2848,5,348,1088,87.02220153808594,86.30314420006341,0.001,7.248727083206177
2849,5,349,2270,84.74930572509766,86.29668481236874,0.001,9.212603092193604
2850,5,350,2406,88.48799133300781,86.30574338365078,0.001,7.715787172317505
2851,5,351,2144,92.07489776611328,86.31408313042432,0.001,8.263265371322632
2852,5,352,2327,101.58438873291016,86.34684326696268,0.001,8.185142278671265
2853,5,353,1626,74.49923706054688,86.33017151148802,0.001,9.29889726638794
2854,5,354,2196,95.86016082763672,86.34264718935562,0.001,8.067052841186523
2855,5,355,1636,72.36978912353516,86.28587306765787,0.001,8.25222396850586
2856,5,356,2080,78.77436065673828,86.25536224837943,0.001,8.585127115249634
2857,5,357,2181,97.9516830444336,86.27225449354422,0.001,8.747926950454712
2858,5,358,273,88.95171356201172,86.28040092419451,0.001,9.999102354049683
2859,5,359,2298,74.8520736694336,86.26442961319523,0.001,7.381999731063843
2860,5,360,1441,79.04228210449219,86.25386069956647,0.001,8.677847385406494
2861,5,361,2533,66.9884262084961,86.2118325817503,0.001,9.833281993865967
2862,5,362,250,87.50190734863281,86.21367701792558,0.001,7.341604948043823
2863,5,363,1620,84.8886489868164,86.21241491264543,0.001,8.065078496932983
2864,5,364,2584,83.03694915771484,86.1998413412442,0.001,9.543567657470703
2865,5,365,2113,87.31295013427734,86.20319189395883,0.001,9.538980960845947
2866,5,366,2067,87.74728393554688,86.206538347629,0.001,8.387844324111938
2867,5,367,2537,83.65110778808594,86.19881870124453,0.001,7.202063798904419
2868,5,368,1616,93.38180541992188,86.22046405854157,0.001,8.795048236846924
2869,5,369,1481,80.48865509033203,86.20341224931373,0.001,7.814323902130127
2870,5,370,2098,88.99662780761719,86.20878747870869,0.001,9.247955083847046
2871,5,371,1113,87.60552978515625,86.21422199462295,0.001,7.774792432785034
2872,5,372,2064,85.47554016113281,86.21204665569243,0.001,10.226596355438232
2873,5,373,1551,93.6129150390625,86.23388504189248,0.001,9.51496148109436
2874,5,374,1848,84.29749298095703,86.22639134923945,0.001,8.494020223617554
2875,5,375,1902,90.15451049804688,86.23773664774325,0.001,8.723329782485962
2876,5,376,2387,96.77374267578125,86.25943149831355,0.001,9.300451755523682
2877,5,377,1817,68.31486511230469,86.23568473385052,0.001,9.180319547653198
2878,5,378,1383,91.73176574707031,86.24711727068558,0.001,8.722044229507446
2879,5,379,1762,96.21338653564453,86.27554419380478,0.001,7.896381139755249
2880,5,380,2398,81.95539855957031,86.25928720073792,0.001,6.910362482070923
2881,5,381,1488,80.74529266357422,86.2396686573315,0.001,8.768049240112305
2882,5,382,2563,75.4180908203125,86.21770566504759,0.001,8.853068590164185
2883,5,383,1343,86.88313293457031,86.21854427664668,0.001,8.420526027679443
2884,5,384,2166,84.49140930175781,86.21507898472755,0.001,7.7977519035339355
2885,5,385,256,78.82686614990234,86.2003836766934,0.001,9.395719289779663
2886,5,386,1394,78.0287094116211,86.17742080435552,0.001,9.045359134674072
2887,5,387,1098,75.3580322265625,86.15553048755966,0.001,7.633577823638916
2888,5,388,2172,84.748046875,86.15152869343127,0.001,10.035374641418457
2889,5,389,1484,88.65240478515625,86.15857056931499,0.001,5.820107936859131
2890,5,390,1832,97.37208557128906,86.20015743056128,0.001,8.430974245071411
2891,5,391,266,99.0296630859375,86.24758135895937,0.001,9.152009725570679
2892,5,392,2095,85.35453033447266,86.24436017955328,0.001,8.267422437667847
2893,5,393,177,89.16857147216797,86.25229083912144,0.001,9.397274017333984
2894,5,394,2614,79.05245971679688,86.22619393970487,0.001,8.535941123962402
2895,5,395,2789,86.85071563720703,86.2278945758276,0.001,8.907288551330566
2896,5,396,2476,93.951416015625,86.23797320065516,0.001,8.575906038284302
2897,5,397,1313,84.991943359375,86.2336447572297,0.001,8.409809827804565
2898,5,398,2448,82.1495361328125,86.21897395464812,0.001,8.317668437957764
2899,5,399,1274,85.40260314941406,86.21681101590323,0.001,9.927373170852661
2900,5,400,1395,107.40254974365234,86.24448853824683,0.001,9.091333150863647
2901,5,401,2652,89.06866455078125,86.24805019637704,0.001,6.610519170761108
2902,5,402,2498,95.7929458618164,86.26635835685356,0.001,9.227569580078125
2903,5,403,2450,85.34452819824219,86.2639305891638,0.001,7.745913982391357
2904,5,404,2202,88.50469207763672,86.27197485007426,0.001,10.0669264793396
2905,5,405,2378,88.8907699584961,86.27903709098942,0.001,7.667898893356323
2906,5,406,2595,93.74716186523438,86.28843636382204,0.001,7.97717547416687
2907,5,407,1333,104.67656707763672,86.33739405018196,0.001,9.087889432907104
2908,5,408,32,78.87291717529297,86.31057166073069,0.001,7.957600831985474
2909,5,409,2832,78.34146881103516,86.28388016973861,0.001,12.343210220336914
2910,5,410,2864,85.29315185546875,86.28199736868191,0.001,9.638206005096436
2911,5,411,2051,83.57061767578125,86.27483316535601,0.001,8.08907151222229
2912,5,412,1363,86.38030242919922,86.2751088025177,0.001,9.454641342163086
2913,5,413,2425,88.17240905761719,86.28008608430895,0.001,8.601982355117798
2914,5,414,2565,79.9251937866211,86.27205722886929,0.001,7.86542820930481
2915,5,415,2706,79.21784210205078,86.2637402549256,0.001,9.808232307434082
2916,5,416,1370,73.63284301757812,86.23068076370413,0.001,7.472668170928955
2917,5,417,2694,101.02559661865234,86.24883959831007,0.001,9.043774127960205
2918,5,418,2660,89.72362518310547,86.26058474031814,0.001,9.695984601974487
2919,5,419,336,81.98794555664062,86.24579613858918,0.001,8.389646530151367
2920,5,420,2225,90.37203216552734,86.25990489100874,0.001,8.737587928771973
2921,5,421,363,90.38948059082031,86.26492730956892,0.001,7.9710845947265625
2922,5,422,2906,83.84146118164062,86.25874448124829,0.001,8.84107518196106
2923,5,423,2590,100.44316101074219,86.28384192654813,0.001,7.959605693817139
2924,5,424,1864,94.8561019897461,86.29434418402558,0.001,10.260013341903687
2925,5,425,1120,81.19527435302734,86.28550825650372,0.001,9.025769472122192
2926,5,426,1888,78.54127502441406,86.25970246958734,0.001,10.050180673599243
2927,5,427,2668,93.63404083251953,86.27859339977523,0.001,8.670636415481567
2928,5,428,2593,78.06596374511719,86.2574066220774,0.001,8.846132516860962
2929,5,429,2603,74.8581314086914,86.22009251582274,0.001,8.825425148010254
2930,5,430,2223,85.1221694946289,86.21639382725304,0.001,8.832234859466553
2931,5,431,2692,87.68856811523438,86.22129772477363,0.001,9.432018041610718
2932,5,432,2340,87.37469482421875,86.2241119815058,0.001,6.833611726760864
2933,5,433,2413,90.22737884521484,86.23421111595125,0.001,9.053191661834717
2934,5,434,1123,90.05509185791016,86.2409719268235,0.001,9.311719179153442
2935,5,435,374,74.86190795898438,86.20361881265805,0.001,8.529581785202026
2936,5,436,361,85.50860595703125,86.20144169498934,0.001,8.282596826553345
2937,5,437,1777,81.71052551269531,86.19054382513373,0.001,9.260921716690063
2938,5,438,2462,87.66681671142578,86.19544000778518,0.001,10.433214902877808
2939,5,439,2452,101.02554321289062,86.23173708761658,0.001,9.211931705474854
2940,5,440,1355,77.19303131103516,86.20955185281186,0.001,8.655182838439941
2941,5,441,1155,93.93617248535156,86.2186837367746,0.001,7.136033773422241
2942,5,442,2505,86.14944458007812,86.21860162527494,0.001,8.554186820983887
2943,5,443,2174,74.69385528564453,86.18231444380017,0.001,9.614911079406738
2944,5,444,1791,81.46624755859375,86.17426904780174,0.001,7.9189231395721436
2945,5,445,400,89.4873275756836,86.1794018488166,0.001,9.855985403060913
2946,5,446,436,87.51181030273438,86.18166211341173,0.001,9.194297075271606
2947,5,447,1502,80.30249786376953,86.1625078401681,0.001,9.900614023208618
2948,5,448,1915,79.69571685791016,86.1515182742246,0.001,8.924552202224731
2949,5,449,383,90.31694793701172,86.1644166278609,0.001,8.919626951217651
2950,5,450,455,67.51216888427734,86.14810714723261,0.001,7.364242792129517
2951,5,451,2585,81.68510437011719,86.13764764256456,0.001,8.699751615524292
2952,5,452,1442,83.499755859375,86.13320937885543,0.001,10.244193077087402
2953,5,453,2775,87.35420989990234,86.13607642828933,0.001,9.040170431137085
2954,5,454,2794,86.8749771118164,86.13692309093999,0.001,8.251062870025635
2955,5,455,1690,77.77120208740234,86.12738704165535,0.001,8.998186826705933
2956,5,456,2669,98.47402954101562,86.1415183760651,0.001,8.12363338470459
2957,5,457,2073,81.95020294189453,86.13697861603357,0.001,7.7015907764434814
2958,5,458,368,82.81657409667969,86.12886804865461,0.001,7.353198528289795
2959,5,459,441,81.1082992553711,86.11704975255017,0.001,8.759742021560669
2960,5,460,272,88.79094696044922,86.12157320078616,0.001,9.785016775131226
2961,5,461,2722,72.92182159423828,86.10792044807243,0.001,7.894196033477783
2962,5,462,1802,92.68009185791016,86.12327425942696,0.001,8.445054292678833
2963,5,463,403,83.47035217285156,86.11887991988978,0.001,8.479269027709961
2964,5,464,382,77.75504302978516,86.10982505125146,0.001,8.088853120803833
2965,5,465,1393,89.01127624511719,86.11663699890127,0.001,9.081933498382568
2966,5,466,2750,84.0295639038086,86.11433910041009,0.001,8.826366424560547
2967,5,467,434,88.42180633544922,86.11665660416138,0.001,8.724011898040771
2968,5,468,1617,88.26918029785156,86.12309218016522,0.001,7.804614543914795
2969,5,469,1615,87.34434509277344,86.12586253201911,0.001,8.500361680984497
2970,5,470,264,91.37020111083984,86.13806294859991,0.001,8.396764278411865
2971,5,471,408,74.12696838378906,86.11845925045604,0.001,10.25143551826477
2972,5,472,342,81.832275390625,86.10510330908895,0.001,9.688553094863892
2973,5,473,1265,93.54246520996094,86.11326986527189,0.001,8.190794944763184
2974,5,474,73,82.03785705566406,86.10875805780704,0.001,9.76946234703064
2975,5,475,344,84.35174560546875,86.1068341500075,0.001,8.546175718307495
2976,5,476,2075,75.83349609375,86.0903189856722,0.001,9.132429122924805
2977,5,477,2040,84.37201690673828,86.08502374572625,0.001,9.301666736602783
2978,5,478,2435,86.05601501464844,86.08499129818314,0.001,8.064504623413086
2979,5,479,2060,80.83133697509766,86.07297514335308,0.001,8.593285322189331
2980,5,480,2293,74.17591857910156,86.04533765640589,0.001,8.00205945968628
2981,5,481,519,80.46729278564453,86.02843540799466,0.001,8.230547428131104
2982,5,482,2546,85.60926055908203,86.02749687209868,0.001,9.031011819839478
2983,5,483,682,92.19811248779297,86.04588406278496,0.001,8.810901880264282
2984,5,484,1473,84.6143569946289,86.04388171855898,0.001,8.453397750854492
2985,5,485,2580,89.02316284179688,86.05258504174608,0.001,8.216763973236084
2986,5,486,377,87.21089935302734,86.054436591458,0.001,9.013637781143188
2987,5,487,2772,79.46681213378906,86.03978042540936,0.001,6.513204097747803
2988,5,488,611,88.97030639648438,86.04436688607764,0.001,9.314334392547607
2989,5,489,2901,91.77884674072266,86.0536903749546,0.001,9.05651068687439
2990,5,490,1794,79.0826416015625,86.03847602608106,0.001,8.464231491088867
2991,5,491,2601,89.43547058105469,86.04833052732862,0.001,7.168161392211914
2992,5,492,56,87.86132049560547,86.05233537502244,0.001,9.74766206741333
2993,5,493,2191,93.80726623535156,86.06482241773885,0.001,9.624191999435425
2994,5,494,1845,78.92174530029297,86.05775508712017,0.001,8.285048246383667
2995,5,495,2793,80.58304595947266,86.04144947248878,0.001,9.469428777694702
2996,5,496,2909,84.72374725341797,86.03853551820312,0.001,10.023465394973755
2997,5,497,518,81.52947235107422,86.03381272234698,0.001,7.708031415939331
2998,5,498,2583,91.04293823242188,86.04483862478811,0.001,8.459584951400757
2999,5,499,378,95.8536376953125,86.0733438731111,0.001,9.350718259811401
3000,6,0,448,97.00019073486328,97.00019073486328,0.001,9.669244050979614
3001,6,1,2294,94.8161392211914,96.32201336998229,0.001,9.676077842712402
3002,6,2,38,83.67982482910156,92.19280817153606,0.001,9.208943367004395
3003,6,3,2188,88.39582061767578,91.01424976398852,0.001,10.504257440567017
3004,6,4,1679,72.63807678222656,87.60089719476919,0.001,8.970530986785889
3005,6,5,2709,100.0761489868164,88.93580538487521,0.001,9.002723217010498
3006,6,6,1250,83.1487808227539,88.37612412452205,0.001,8.890467166900635
3007,6,7,694,82.87051391601562,87.19312708323291,0.001,9.933200359344482
3008,6,8,2619,86.97175598144531,87.17199731212082,0.001,9.339547157287598
3009,6,9,2543,86.5353012084961,87.09044557164304,0.001,9.219177484512329
3010,6,10,2464,61.717891693115234,85.6111720430682,0.001,10.41737174987793
3011,6,11,2328,79.0481948852539,85.08774193822943,0.001,10.21300482749939
3012,6,12,2008,113.19730377197266,86.34888301247435,0.001,7.645478963851929
3013,6,13,743,84.19320678710938,86.24655660937158,0.001,9.625890016555786
3014,6,14,461,92.27872467041016,86.95279293627654,0.001,8.218785285949707
3015,6,15,2219,90.51319122314453,87.08845135120252,0.001,7.968970537185669
3016,6,16,803,102.5954360961914,87.67777779748968,0.001,9.774277210235596
3017,6,17,2845,84.74501037597656,87.38914126123456,0.001,8.76666784286499
3018,6,18,432,78.48441314697266,86.78712327151248,0.001,9.646501064300537
3019,6,19,2613,98.083984375,87.50688366380743,0.001,10.477884531021118
3020,6,20,2050,74.7166748046875,86.9533361524517,0.001,8.754801273345947
3021,6,21,852,92.68678283691406,87.28344594564362,0.001,10.273894548416138
3022,6,22,446,88.75523376464844,87.3637647166023,0.001,8.60071587562561
3023,6,23,1769,81.95068359375,86.99047812247696,0.001,6.821766376495361
3024,6,24,2522,79.07178497314453,86.6082067840521,0.001,8.449954748153687
3025,6,25,458,83.38955688476562,86.5332043007139,0.001,9.111957788467407
3026,6,26,2179,93.267578125,86.75755369646551,0.001,8.310785055160522
3027,6,27,2672,84.93492889404297,86.65159713611855,0.001,8.953653812408447
3028,6,28,2401,78.09889221191406,86.29156774015041,0.001,9.627402067184448
3029,6,29,742,82.65584564208984,86.10005011341372,0.001,6.11475133895874
3030,6,30,1372,78.55321502685547,85.8157752830187,0.001,8.456070184707642
3031,6,31,2241,101.13717651367188,86.56069713930921,0.001,6.304904222488403
3032,6,32,2278,88.34001922607422,86.623455137774,0.001,10.36099624633789
3033,6,33,832,76.62745666503906,86.18329990733021,0.001,8.255695819854736
3034,6,34,834,90.67607879638672,86.37351306214887,0.001,7.572824001312256
3035,6,35,2243,86.02940368652344,86.35948828984745,0.001,9.769327878952026
3036,6,36,1397,81.73554229736328,86.17674021581055,0.001,8.414356470108032
3037,6,37,1439,87.77983856201172,86.23625635113498,0.001,9.369199275970459
3038,6,38,2216,90.16123962402344,86.28297834355331,0.001,7.550744533538818
3039,6,39,2449,79.38584899902344,86.09577226235646,0.001,8.119903326034546
3040,6,40,2184,94.57418823242188,86.25835391380916,0.001,7.885034799575806
3041,6,41,2117,91.52139282226562,86.39153225388074,0.001,7.8645548820495605
3042,6,42,1541,80.23473358154297,86.32311358956488,0.001,8.545073747634888
3043,6,43,2479,84.91765594482422,86.289118971152,0.001,8.893731355667114
3044,6,44,710,84.40122985839844,86.24327806312864,0.001,8.906670093536377
3045,6,45,1342,83.9366455078125,86.18930137263963,0.001,8.562740325927734
3046,6,46,98,89.51472473144531,86.29221914640581,0.001,9.43929123878479
3047,6,47,2055,79.87559509277344,86.1004115582282,0.001,8.044411897659302
3048,6,48,2341,80.0276107788086,85.9229331285322,0.001,10.777383804321289
3049,6,49,2610,82.92979431152344,85.89217375560428,0.001,8.70835828781128
3050,6,50,719,81.0123062133789,85.75582367700594,0.001,8.726988554000854
3051,6,51,1568,81.70796203613281,85.67340146936807,0.001,9.21712064743042
3052,6,52,686,73.85061645507812,85.43078118597346,0.001,9.330315828323364
3053,6,53,367,96.10281372070312,85.57983785121372,0.001,8.965555191040039
3054,6,54,873,89.24244689941406,85.60997361062077,0.001,6.32027530670166
3055,6,55,1523,86.65302276611328,85.61965995315862,0.001,6.851608991622925
3056,6,56,771,85.50762176513672,85.6175343685091,0.001,10.121647119522095
3057,6,57,801,85.74598693847656,85.61921210974539,0.001,8.943210124969482
3058,6,58,689,89.9542236328125,85.67659000764219,0.001,7.949977397918701
3059,6,59,2927,86.98963928222656,85.68658938912793,0.001,8.018610954284668
3060,6,60,1878,86.57752227783203,85.69803738314361,0.001,8.133129119873047
3061,6,61,481,90.02982330322266,85.7754737247144,0.001,8.470790386199951
3062,6,62,401,82.30210876464844,85.71437283553028,0.001,7.864567995071411
3063,6,63,2192,92.07498931884766,85.75869973976,0.001,7.643582582473755
3064,6,64,680,104.30474090576172,85.91000421804013,0.001,7.698426961898804
3065,6,65,507,99.75936126708984,85.98908942977269,0.001,8.505193710327148
3066,6,66,2140,95.67997741699219,86.06450148639946,0.001,7.470408916473389
3067,6,67,2399,92.47471618652344,86.11086947128203,0.001,7.911071300506592
3068,6,68,2455,101.66251373291016,86.23812963368721,0.001,8.337523698806763
3069,6,69,1514,92.21912384033203,86.28526682640958,0.001,8.92827582359314
3070,6,70,2205,92.89234924316406,86.39547559838914,0.001,7.022176027297974
3071,6,71,808,87.14094543457031,86.40740577512632,0.001,8.803615093231201
3072,6,72,1083,91.59011840820312,86.5139308781717,0.001,9.564111948013306
3073,6,73,981,91.25948333740234,86.58793876863217,0.001,8.498077392578125
3074,6,74,728,82.15190887451172,86.51976423701896,0.001,8.801827907562256
3075,6,75,1556,81.04661560058594,86.4368105026744,0.001,7.941781997680664
3076,6,76,1627,98.16698455810547,86.61261543347128,0.001,7.609967470169067
3077,6,77,1766,87.828369140625,86.6187221514063,0.001,10.205836534500122
3078,6,78,2233,94.01535034179688,86.69569924049162,0.001,8.629621028900146
3079,6,79,1756,91.20689392089844,86.75970945982723,0.001,8.24263620376587
3080,6,80,2929,85.85761260986328,86.74686962516569,0.001,8.880223035812378
3081,6,81,705,81.83969116210938,86.65413280549407,0.001,8.168838739395142
3082,6,82,2673,84.9425048828125,86.63022318358182,0.001,7.728010654449463
3083,6,83,814,74.70099639892578,86.55046387135738,0.001,8.2364501953125
3084,6,84,2564,82.36127471923828,86.4949515063091,0.001,9.007636070251465
3085,6,85,1819,88.38516998291016,86.50710866121659,0.001,9.19812822341919
3086,6,86,28,96.32855224609375,86.56907498643525,0.001,7.415457487106323
3087,6,87,2923,91.73360443115234,86.6162691592417,0.001,9.700068235397339
3088,6,88,94,77.9886245727539,86.47559509725805,0.001,8.11008596420288
3089,6,89,1903,85.86811828613281,86.47010526450406,0.001,7.411880970001221
3090,6,90,2682,80.65048217773438,86.37065927059172,0.001,10.323334693908691
3091,6,91,2349,82.2210464477539,86.30227242808269,0.001,7.410287857055664
3092,6,92,453,99.1200180053711,86.41411250419213,0.001,8.205040454864502
3093,6,93,2784,87.658447265625,86.43431266181044,0.001,9.022040128707886
3094,6,94,2720,91.08356475830078,86.45900344249088,0.001,8.563899993896484
3095,6,95,685,86.88066101074219,86.46395950011619,0.001,8.406420707702637
3096,6,96,1361,80.6395263671875,86.43111730584866,0.001,7.909314155578613
3097,6,97,514,98.32080841064453,86.53228708784998,0.001,8.782954454421997
3098,6,98,2911,78.93135833740234,86.49311087703379,0.001,8.971674680709839
3099,6,99,2782,78.68089294433594,86.372005027979,0.001,8.246247053146362
3100,6,100,2874,87.6099853515625,86.38580850386916,0.001,9.167916059494019
3101,6,101,956,82.90479278564453,86.33397137421795,0.001,7.469129800796509
3102,6,102,521,83.50267791748047,86.31901075143273,0.001,7.455224990844727
3103,6,103,2436,87.61612701416016,86.32591658482866,0.001,8.56505823135376
3104,6,104,2460,81.01616668701172,86.29805744197101,0.001,10.135165691375732
3105,6,105,1540,97.86253356933594,86.35894566320646,0.001,8.072896480560303
3106,6,106,64,97.73380279541016,86.41886659375135,0.001,9.047667503356934
3107,6,107,2235,87.58840942382812,86.43558202553292,0.001,7.080789566040039
3108,6,108,1768,93.85118103027344,86.47316156111553,0.001,9.603626728057861
3109,6,109,2861,79.97103118896484,86.40383087572962,0.001,7.939525604248047
3110,6,110,390,94.6515884399414,86.46419319024054,0.001,9.221612215042114
3111,6,111,2871,74.80464935302734,86.30387340796545,0.001,9.013579368591309
3112,6,112,2617,83.28511047363281,86.26296215142973,0.001,9.067013502120972
3113,6,113,2282,84.37356567382812,86.25382581520923,0.001,9.38986611366272
3114,6,114,916,89.81014251708984,86.27128013031049,0.001,8.93020749092102
3115,6,115,2608,87.48121643066406,86.28771269705354,0.001,10.518140077590942
3116,6,116,966,81.5102767944336,86.25453017854343,0.001,7.382879018783569
3117,6,117,601,86.14342498779297,86.25308040737113,0.001,9.95145559310913
3118,6,118,870,86.8465576171875,86.25721061415885,0.001,8.904287338256836
3119,6,119,388,97.80086517333984,86.30821267923531,0.001,8.568512439727783
3120,6,120,1714,73.65162658691406,86.18983088323051,0.001,8.336949586868286
3121,6,121,2274,88.15617370605469,86.20816605449812,0.001,8.721826314926147
3122,6,122,759,86.4014892578125,86.20996714083677,0.001,9.186963319778442
3123,6,123,774,86.9748306274414,86.21710804860048,0.001,8.539682149887085
3124,6,124,29,81.14321899414062,86.17052547509216,0.001,7.520125865936279
3125,6,125,2427,80.43235778808594,86.11907918645915,0.001,10.42094087600708
3126,6,126,773,96.75518035888672,86.21559347778333,0.001,8.852594375610352
3127,6,127,1373,75.4593734741211,86.13945306158318,0.001,10.152639150619507
3128,6,128,2538,94.36140441894531,86.17465646891728,0.001,9.434573411941528
3129,6,129,1896,80.86177062988281,86.12774292932735,0.001,8.727814435958862
3130,6,130,989,90.42366790771484,86.16552261115238,0.001,8.850443124771118
3131,6,131,488,87.4136962890625,86.17987874972863,0.001,8.798885583877563
3132,6,132,2834,82.06507873535156,86.13244430038866,0.001,9.628992080688477
3133,6,133,2513,101.9190444946289,86.19657537965793,0.001,8.890331268310547
3134,6,134,350,82.1329116821289,86.16177792527223,0.001,9.43070936203003
3135,6,135,37,80.90520477294922,86.10315443286714,0.001,8.218403339385986
3136,6,136,699,77.54145050048828,86.03286692551885,0.001,9.303959131240845
3137,6,137,2152,87.07455444335938,86.041399138694,0.001,10.491234302520752
3138,6,138,2758,100.21624755859375,86.15717034320056,0.001,9.689538478851318
3139,6,139,607,95.8032455444336,86.19325692448434,0.001,8.57785439491272
3140,6,140,717,89.84056854248047,86.23255692465568,0.001,8.721935272216797
3141,6,141,2432,75.20650482177734,86.189803765638,0.001,8.987746000289917
3142,6,142,1310,82.32867431640625,86.14856340915271,0.001,9.906922578811646
3143,6,143,459,109.53129577636719,86.23626665723013,0.001,10.546749830245972
3144,6,144,695,85.87472534179688,86.23339491047203,0.001,9.908334493637085
3145,6,145,913,83.95044708251953,86.22067630189294,0.001,7.579335451126099
3146,6,146,1126,80.8218994140625,86.1647184475371,0.001,8.829465389251709
3147,6,147,2499,92.70306396484375,86.20079302852092,0.001,7.790576457977295
3148,6,148,977,86.0127182006836,86.19979385697948,0.001,9.092800378799438
3149,6,149,77,86.09476470947266,86.19898485124249,0.001,6.748276472091675
3150,6,150,2763,94.89472198486328,86.23014755457876,0.001,8.7898690700531
3151,6,151,2458,77.99762725830078,86.16842136989779,0.001,8.885674715042114
3152,6,152,1099,89.36370849609375,86.20023741225108,0.001,9.295067310333252
3153,6,153,1693,89.85481262207031,86.23605190477807,0.001,9.814953565597534
3154,6,154,68,94.14778137207031,86.27832934808046,0.001,7.355711936950684
3155,6,155,2534,101.10076904296875,86.33058417925314,0.001,9.072478771209717
3156,6,156,1443,78.04646301269531,86.2510754704983,0.001,7.976185083389282
3157,6,157,67,85.72288513183594,86.24727585253935,0.001,7.653738975524902
3158,6,158,2654,87.77871704101562,86.26187239566167,0.001,10.82884955406189
3159,6,159,972,88.43709564208984,86.2769630906279,0.001,8.057329893112183
3160,6,160,721,91.05084991455078,86.30055485057649,0.001,8.708221435546875
3161,6,161,340,82.11878204345703,86.27126955115538,0.001,8.57056736946106
3162,6,162,2157,79.77304077148438,86.21130741352101,0.001,10.146370887756348
3163,6,163,863,82.37924194335938,86.18478518223023,0.001,8.487586498260498
3164,6,164,1506,78.94796752929688,86.16237948848281,0.001,8.099000215530396
3165,6,165,770,90.02496337890625,86.18904425432288,0.001,9.229489088058472
3166,6,166,706,79.77794647216797,86.16800118412611,0.001,7.620969533920288
3167,6,167,962,75.2869873046875,86.1150996377564,0.001,9.562790870666504
3168,6,168,522,76.06298065185547,86.02513695880891,0.001,9.258182287216187
3169,6,169,1122,75.83052062988281,85.97589355183426,0.001,10.375366926193237
3170,6,170,861,92.47443389892578,86.00667836910347,0.001,8.20552110671997
3171,6,171,1735,79.59503936767578,85.9863284240101,0.001,7.635969638824463
3172,6,172,447,95.46199035644531,86.01639491262492,0.001,8.24189829826355
3173,6,173,858,92.78309631347656,86.03556108834835,0.001,8.061022996902466
3174,6,174,376,102.99110412597656,86.0891941556644,0.001,8.809803009033203
3175,6,175,951,90.19185638427734,86.11579203989587,0.001,7.984884023666382
3176,6,176,2523,91.74241638183594,86.16422308199638,0.001,8.411825180053711
3177,6,177,372,79.92203521728516,86.14744764305317,0.001,8.274913549423218
3178,6,178,74,97.61209106445312,86.18195888693963,0.001,8.58611798286438
3179,6,179,69,89.09910583496094,86.20688783177945,0.001,9.66737675666809
3180,6,180,616,89.51355743408203,86.23440445124277,0.001,8.181003093719482
3181,6,181,2000,87.15447998046875,86.23712436312233,0.001,8.386227369308472
3182,6,182,2249,88.96522521972656,86.25449153804364,0.001,8.853888750076294
3183,6,183,2547,86.39252471923828,86.25535045450724,0.001,9.140604257583618
3184,6,184,60,87.26313018798828,86.25978369167795,0.001,9.215192079544067
3185,6,185,990,76.6171646118164,86.1992155761072,0.001,9.00965166091919
3186,6,186,325,83.30970001220703,86.18164829277089,0.001,9.133641004562378
3187,6,187,778,92.87139129638672,86.22188261580312,0.001,7.073135614395142
3188,6,188,2781,76.6355972290039,86.18564904155181,0.001,8.134943962097168
3189,6,189,424,88.87207794189453,86.19662753366131,0.001,9.865493535995483
3190,6,190,851,85.83039093017578,86.19364573596305,0.001,8.101058959960938
3191,6,191,954,73.84217071533203,86.15869517470398,0.001,9.702031135559082
3192,6,192,788,81.52857971191406,86.1221489786352,0.001,7.251010894775391
3193,6,193,490,88.08932495117188,86.12777527067308,0.001,9.063839197158813
3194,6,194,2548,85.9859848022461,86.12695891618732,0.001,7.820221185684204
3195,6,195,914,83.55430603027344,86.11204481688735,0.001,8.16451382637024
3196,6,196,1557,84.85192108154297,86.102286646607,0.001,8.808422565460205
3197,6,197,707,86.64037322998047,86.10366856875092,0.001,7.863967418670654
3198,6,198,819,84.49354553222656,86.09440644161015,0.001,6.989337921142578
3199,6,199,405,90.94037628173828,86.1145941270558,0.001,8.343123197555542
3200,6,200,2588,87.56112670898438,86.12563374499065,0.001,8.961718320846558
3201,6,201,392,90.15921783447266,86.15555658818572,0.001,9.429638385772705
3202,6,202,492,80.48486328125,86.11333462810066,0.001,8.286072492599487
3203,6,203,727,81.01518249511719,86.1000290612544,0.001,8.85536241531372
3204,6,204,496,80.69640350341797,86.07142229904368,0.001,9.479833602905273
3205,6,205,789,80.92092895507812,86.04319034581246,0.001,8.910783767700195
3206,6,206,2511,87.13123321533203,86.047500490469,0.001,9.370045900344849
3207,6,207,827,94.2248306274414,86.07403153057388,0.001,8.70000171661377
3208,6,208,523,89.59889221191406,86.09973946100936,0.001,7.951012849807739
3209,6,209,920,86.4305419921875,86.10214499770933,0.001,10.208578109741211
3210,6,210,1093,84.0737075805664,86.08796054375011,0.001,9.603723049163818
3211,6,211,1527,86.1666488647461,86.08837621766449,0.001,9.00348424911499
3212,6,212,811,73.5866928100586,86.05912435553942,0.001,9.889657974243164
3213,6,213,1532,94.87726593017578,86.12065618904697,0.001,7.672584533691406
3214,6,214,904,78.33014678955078,86.09482099431243,0.001,8.501408815383911
3215,6,215,1549,94.41831970214844,86.12679922988477,0.001,9.857467412948608
3216,6,216,178,80.7928466796875,86.09972026266634,0.001,7.777580261230469
3217,6,217,2569,101.44528198242188,86.15636306919878,0.001,8.21036171913147
3218,6,218,2930,87.0860824584961,86.15860067067594,0.001,6.985186815261841
3219,6,219,2767,83.97038269042969,86.14718976426465,0.001,9.038717269897461
3220,6,220,471,87.30561065673828,86.15500159981599,0.001,9.148558378219604
3221,6,221,2377,75.55357360839844,86.10133151628011,0.001,8.210583209991455
3222,6,222,469,90.69879150390625,86.13217151915593,0.001,8.161353826522827
3223,6,223,468,85.5396728515625,86.12824820315973,0.001,9.578715562820435
3224,6,224,2552,90.16783142089844,86.14820918109015,0.001,8.478515148162842
3225,6,225,991,98.84628295898438,86.1776566185152,0.001,9.822319746017456
3226,6,226,65,92.04007720947266,86.19184465179292,0.001,8.156740427017212
3227,6,227,825,80.19407653808594,86.178050882495,0.001,8.57000470161438
3228,6,228,1585,86.87342071533203,86.18255948385406,0.001,7.534485101699829
3229,6,229,1317,80.78352355957031,86.16995596322613,0.001,8.29307770729065
3230,6,230,2013,101.32167053222656,86.2047269455508,0.001,8.857170343399048
3231,6,231,864,95.00694274902344,86.22412551015994,0.001,9.40155816078186
3232,6,232,915,96.55608367919922,86.24726638651426,0.001,7.5048768520355225
3233,6,233,961,79.1678695678711,86.20172823275047,0.001,8.952181816101074
3234,6,234,919,86.24165344238281,86.20198868804037,0.001,9.710145950317383
3235,6,235,2392,86.07557678222656,86.20155019282694,0.001,8.649825811386108
3236,6,236,787,88.4789047241211,86.20681459152166,0.001,9.764806985855103
3237,6,237,693,85.87477111816406,86.20469895171725,0.001,9.104832172393799
3238,6,238,1642,83.4396743774414,86.19179318222447,0.001,8.607125759124756
3239,6,239,2535,88.63336944580078,86.1972820335157,0.001,8.87463092803955
3240,6,240,2596,94.15986633300781,86.22403733298205,0.001,9.437638282775879
3241,6,241,1812,83.16175079345703,86.20471150165243,0.001,10.183334350585938
3242,6,242,2494,75.18273162841797,86.15379696577311,0.001,8.609177589416504
3243,6,243,407,85.00601196289062,86.14847644348349,0.001,9.667636394500732
3244,6,244,337,78.59562683105469,86.12592314984468,0.001,10.752063035964966
3245,6,245,986,77.23274230957031,86.0843293633901,0.001,8.225195169448853
3246,6,246,1360,98.47222137451172,86.11062654321611,0.001,8.215445280075073
3247,6,247,1802,92.73625946044922,86.14077470405644,0.001,8.507673263549805
3248,6,248,1516,82.77230834960938,86.12555514349621,0.001,7.397534370422363
3249,6,249,1556,80.93573760986328,86.10195057515178,0.001,10.197519540786743
3250,6,250,1679,72.89049530029297,86.05848406755777,0.001,9.670007467269897
3251,6,251,1682,77.3266372680664,86.01935127368033,0.001,9.108973026275635
3252,6,252,1772,85.99527740478516,86.01920569004179,0.001,7.626147985458374
3253,6,253,1088,86.98410034179688,86.0234060901688,0.001,8.216739416122437
3254,6,254,1902,90.12879943847656,86.04160936275612,0.001,6.7813379764556885
3255,6,255,1676,84.58428955078125,86.03299511753782,0.001,8.89335560798645
3256,6,256,1812,83.16191101074219,86.01605411764386,0.001,6.868885278701782
3257,6,257,2050,74.61791229248047,85.98120433026308,0.001,8.67903470993042
3258,6,258,1839,78.30915069580078,85.96562275304763,0.001,9.686903476715088
3259,6,259,1548,91.54157257080078,85.98884514179535,0.001,8.078125715255737
3260,6,260,1888,78.53384399414062,85.9466834305259,0.001,9.481392860412598
3261,6,261,1714,73.65473175048828,85.89524232134843,0.001,9.83185076713562
3262,6,262,1105,78.9059829711914,85.88041462241883,0.001,8.714315414428711
3263,6,263,1557,84.86993408203125,85.8746433916726,0.001,9.404081344604492
3264,6,264,1819,88.25044250488281,85.8794896669584,0.001,8.282706260681152
3265,6,265,1814,76.7545166015625,85.84142633295153,0.001,8.988747596740723
3266,6,266,1923,86.3360824584961,85.84355702224128,0.001,8.038944005966187
3267,6,267,1806,79.69233703613281,85.8091246739156,0.001,8.941218376159668
3268,6,268,1616,93.38849639892578,85.84146853692732,0.001,8.995927810668945
3269,6,269,1951,92.54029083251953,85.86934550530046,0.001,8.02433443069458
3270,6,270,1549,94.53971862792969,85.89573544508771,0.001,10.246895551681519
3271,6,271,175,90.33145141601562,85.90909349468433,0.001,9.738655090332031
3272,6,272,1161,82.37069702148438,85.9025563386749,0.001,8.031548976898193
3273,6,273,1527,86.19132232666016,85.90373443117579,0.001,7.0796895027160645
3274,6,274,1109,84.36563873291016,85.89565182074647,0.001,9.311679601669312
3275,6,275,1087,85.41370391845703,85.89308842790608,0.001,7.214335680007935
3276,6,276,1530,80.74002838134766,85.86535712781473,0.001,8.458813190460205
3277,6,277,1576,96.16661834716797,85.8848211827271,0.001,8.196333885192871
3278,6,278,1543,99.78369140625,85.91185914397443,0.001,7.034406661987305
3279,6,279,2095,85.35706329345703,85.90895443743064,0.001,8.529923677444458
3280,6,280,1649,77.48236083984375,85.87527105626151,0.001,9.182563781738281
3281,6,281,1751,85.44133758544922,85.87403596247024,0.001,8.689879179000854
3282,6,282,1097,96.09130096435547,85.89281060577588,0.001,8.542318344116211
3283,6,283,1151,92.40337371826172,85.9105378813947,0.001,7.907945871353149
3284,6,284,1334,86.9174575805664,85.91239967128786,0.001,7.786540985107422
3285,6,285,1399,81.64523315429688,85.88970735383228,0.001,7.8381507396698
3286,6,286,1365,93.27371215820312,85.90353712160386,0.001,8.122979402542114
3287,6,287,1310,82.33660125732422,85.8848817699417,0.001,8.823124170303345
3288,6,288,1118,84.22522735595703,85.87845673910519,0.001,7.373612880706787
3289,6,289,1764,88.0952377319336,85.8901029837955,0.001,8.28896188735962
3290,6,290,2152,87.09171295166016,85.89468557420015,0.001,8.00346040725708
3291,6,291,1113,87.6015396118164,85.90339961948675,0.001,7.16961669921875
3292,6,292,1393,89.01937866210938,85.91536288431045,0.001,7.674954891204834
3293,6,293,1093,84.12269592285156,85.90645270842201,0.001,9.819272756576538
3294,6,294,1443,78.05245971679688,85.86710591366993,0.001,9.541585683822632
3295,6,295,1457,84.32390594482422,85.85944397334127,0.001,9.201658010482788
3296,6,296,1342,84.00032043457031,85.85260730945325,0.001,8.73195743560791
3297,6,297,1570,86.4944839477539,85.85376294706893,0.001,7.790070295333862
3298,6,298,1514,92.09228515625,85.86476700734762,0.001,8.275169849395752
3299,6,299,1127,89.19892883300781,85.87381586703678,0.001,10.56697130203247
3300,6,300,1344,81.00928497314453,85.8559334507355,0.001,10.690524339675903
3301,6,301,1914,85.17221069335938,85.8547287668462,0.001,8.414050340652466
3302,6,302,2066,94.39179992675781,85.8964383244295,0.001,7.869744300842285
3303,6,303,2075,75.82815551757812,85.87045555252004,0.001,10.008244037628174
3304,6,304,1791,81.4613037109375,85.85908384197367,0.001,8.134599685668945
3305,6,305,1879,81.94450378417969,85.8486869806368,0.001,10.022355079650879
3306,6,306,1263,96.45182800292969,85.88725569482902,0.001,7.15242600440979
3307,6,307,1343,86.86906433105469,85.88884612987194,0.001,8.187055110931396
3308,6,308,1250,83.03215789794922,85.88396596982105,0.001,8.054738283157349
3309,6,309,2188,88.30895233154297,85.89266717199045,0.001,7.376327991485596
3310,6,310,1532,94.88667297363281,85.93557529747898,0.001,9.257095575332642
3311,6,311,1903,85.81849670410156,85.93527982877627,0.001,7.466314315795898
3312,6,312,1925,110.8316879272461,85.97735346536471,0.001,9.093549489974976
3313,6,313,1699,86.65309143066406,85.9790361772234,0.001,8.462278366088867
3314,6,314,2233,93.95377349853516,85.99926514169933,0.001,8.740356683731079
3315,6,315,2067,87.82762145996094,86.00402165449927,0.001,8.693730592727661
3316,6,316,2197,94.90897369384766,86.03538884675551,0.001,8.43541431427002
3317,6,317,1092,86.90194702148438,86.03947310062597,0.001,7.5763208866119385
3318,6,318,1339,94.79695892333984,86.05439347657752,0.001,8.019635677337646
3319,6,319,1083,91.7889404296875,86.08053969736994,0.001,8.776857376098633
3320,6,320,2298,74.85269165039062,86.06228560246639,0.001,7.375373363494873
3321,6,321,1965,85.057861328125,86.05758054273358,0.001,8.619696378707886
3322,6,322,2140,95.80765533447266,86.07303936141373,0.001,7.773271799087524
3323,6,323,1306,76.19149017333984,86.02755270295273,0.001,7.909735679626465
3324,6,324,1128,74.09644317626953,85.98633463014149,0.001,8.369670629501343
3325,6,325,1333,104.60626220703125,86.05051015639759,0.001,8.768126249313354
3326,6,326,1311,75.6524658203125,86.00317226132044,0.001,9.258076429367065
3327,6,327,1706,104.02005767822266,86.06439915950449,0.001,9.422691822052002
3328,6,328,2274,88.0529556274414,86.07103431748034,0.001,8.022935152053833
3329,6,329,2249,88.89457702636719,86.08079149056096,0.001,9.371887683868408
3330,6,330,1541,80.25624084472656,86.0722495291189,0.001,8.472259998321533
3331,6,331,1779,92.17578125,86.09959075676686,0.001,10.014441728591919
3332,6,332,1259,77.9853515625,86.08051943358134,0.001,7.718096494674683
3333,6,333,2064,85.43679809570312,86.07833889175764,0.001,8.901929140090942
3334,6,334,2000,86.94867706298828,86.07970832243004,0.001,7.931991100311279
3335,6,335,2398,81.92908477783203,86.06145549159028,0.001,9.878119230270386
3336,6,336,2425,88.1104736328125,86.06828261729511,0.001,9.756934404373169
3337,6,337,1540,97.56639099121094,86.08655698763448,0.001,7.67352819442749
3338,6,338,190,76.24263763427734,86.04222439547783,0.001,10.120208740234375
3339,6,339,1481,80.52479553222656,86.02385667003419,0.001,8.848901987075806
3340,6,340,2073,82.12118530273438,86.01800128493016,0.001,8.30726957321167
3341,6,341,2427,80.3061752319336,85.99970676997978,0.001,9.424274444580078
3342,6,342,1769,82.04493713378906,85.98236091069859,0.001,9.99781608581543
3343,6,343,1326,91.43250274658203,85.99067643619661,0.001,9.524818897247314
3344,6,344,1383,91.77394104003906,86.00428681609709,0.001,9.297326564788818
3345,6,345,1690,77.46540832519531,85.99100845999467,0.001,9.774941682815552
3346,6,346,1324,89.07889556884766,86.004176582113,0.001,9.235488891601562
3347,6,347,1149,72.11451721191406,85.95909622898,0.001,8.043425559997559
3348,6,348,1346,97.66018676757812,86.0072688310578,0.001,8.457642316818237
3349,6,349,2413,90.22549438476562,86.02091541363117,0.001,8.86472487449646
3350,6,350,1569,89.77090454101562,86.03292177157515,0.001,8.652177333831787
3351,6,351,1506,79.0907974243164,86.02295691732624,0.001,9.282898664474487
3352,6,352,1945,79.29261016845703,85.99454233261437,0.001,8.80997633934021
3353,6,353,1441,78.8932113647461,85.98361885487645,0.001,9.16860055923462
3354,6,354,2192,92.02313995361328,85.99122772882508,0.001,7.848867177963257
3355,6,355,2327,101.53932189941406,86.02553732800119,0.001,7.800188302993774
3356,6,356,2179,92.69010925292969,86.04068941911521,0.001,9.12402057647705
3357,6,357,2216,90.22233581542969,86.04628940702437,0.001,9.413962364196777
3358,6,358,2340,87.5117416381836,86.0507701927698,0.001,7.560898780822754
3359,6,359,2406,88.51904296875,86.06111458313538,0.001,9.520640134811401
3360,6,360,1617,88.17866516113281,86.06956881898243,0.001,10.231055974960327
3361,6,361,2149,81.0134506225586,86.05370770539234,0.001,8.852248430252075
3362,6,362,178,80.87474822998047,86.03812932173288,0.001,8.903324842453003
3363,6,363,2202,88.53112030029297,86.04840136601605,0.001,7.763110637664795
3364,6,364,32,78.89839172363281,86.01873355461257,0.001,7.303634166717529
3365,6,365,1793,92.30012512207031,86.04389754734001,0.001,9.03049349784851
3366,6,366,1470,93.01900482177734,86.06451962418237,0.001,9.732985973358154
3367,6,367,2450,85.42020416259766,86.06260619736335,0.001,9.702174425125122
3368,6,368,2452,100.85084533691406,86.10721232583913,0.001,9.438676834106445
3369,6,369,1675,87.58258056640625,86.11035009097449,0.001,7.803474426269531
3370,6,370,1915,79.9299545288086,86.09722855111045,0.001,9.625159978866577
3371,6,371,2392,86.08198547363281,86.09719551909241,0.001,9.521218299865723
3372,6,372,2241,100.73182678222656,86.15619604828882,0.001,8.66774845123291
3373,6,373,2205,92.9233627319336,86.17668297072971,0.001,7.742451906204224
3374,6,374,1313,84.74406433105469,86.17125721586035,0.001,7.844279527664185
3375,6,375,1453,94.62047576904297,86.18235441092367,0.001,7.1838767528533936
3376,6,376,1648,96.85443115234375,86.20482720387648,0.001,8.699998378753662
3377,6,377,2505,86.07612609863281,86.20464233586135,0.001,8.657263040542603
3378,6,378,2070,89.36101531982422,86.2169865850418,0.001,9.957740306854248
3379,6,379,2513,101.72796630859375,86.23855151553155,0.001,8.502724647521973
3380,6,380,1111,87.6623306274414,86.2427059506454,0.001,10.275198459625244
3381,6,381,1153,87.94364929199219,86.24937139391854,0.001,7.832097291946411
3382,6,382,1846,85.59843444824219,86.24749548732974,0.001,9.440717220306396
3383,6,383,266,99.07208251953125,86.297090944097,0.001,8.935672521591187
3384,6,384,2157,79.87623596191406,86.27239695846306,0.001,8.62177848815918
3385,6,385,1484,88.65047454833984,86.27930372051789,0.001,7.376283407211304
3386,6,386,1440,92.21704864501953,86.2959682394839,0.001,9.021150827407837
3387,6,387,1821,99.3250961303711,86.313685152029,0.001,9.603514194488525
3388,6,388,1828,78.32117462158203,86.28261397203202,0.001,8.645375967025757
3389,6,389,2328,79.17667388916016,86.26798308726914,0.001,10.006094932556152
3390,6,390,1777,81.84601593017578,86.25561000315854,0.001,8.092515468597412
3391,6,391,1132,75.32892608642578,86.22420017287753,0.001,8.278485298156738
3392,6,392,2547,86.26773834228516,86.22432346382136,0.001,9.861869096755981
3393,6,393,2569,101.2516860961914,86.25447948116316,0.001,8.863919496536255
3394,6,394,1122,75.9434585571289,86.23344176643783,0.001,8.646407127380371
3395,6,395,38,83.34675598144531,86.22761139330595,0.001,9.390269041061401
3396,6,396,2007,84.4931640625,86.22278511591753,0.001,7.541247606277466
3397,6,397,1896,80.89027404785156,86.2080087393514,0.001,9.677913427352905
3398,6,398,2229,84.50430297851562,86.20507745206795,0.001,8.960617780685425
3399,6,399,2174,74.6888427734375,86.1636380916339,0.001,10.69124698638916
3400,6,400,28,96.4407958984375,86.17713880258646,0.001,9.461333274841309
3401,6,401,2294,94.62755584716797,86.18791875325995,0.001,8.251262426376343
3402,6,402,2071,94.82852935791016,86.20484334532881,0.001,9.207409620285034
3403,6,403,2172,84.50277709960938,86.20007511381526,0.001,8.765643119812012
3404,6,404,2510,80.4130859375,86.1790712776564,0.001,9.57345700263977
3405,6,405,1938,83.3449935913086,86.17550153609047,0.001,9.166134357452393
3406,6,406,1363,86.1797103881836,86.17551301890684,0.001,9.47813606262207
3407,6,407,250,86.72486877441406,86.17622940259713,0.001,6.348234415054321
3408,6,408,2608,87.08447265625,86.17958804807024,0.001,8.07086992263794
3409,6,409,2221,90.338623046875,86.19108952718808,0.001,8.72118878364563
3410,6,410,1355,77.31974029541016,86.16696490471254,0.001,7.916145324707031
3411,6,411,2603,74.8829574584961,86.12741134451369,0.001,9.734648942947388
3412,6,412,37,81.03206634521484,86.10925524785796,0.001,10.002439022064209
3413,6,413,2543,86.24435424804688,86.10961956331032,0.001,7.92697811126709
3414,6,414,2460,81.17137908935547,86.10333480626237,0.001,8.933014392852783
3415,6,415,1807,86.49942016601562,86.10472472839965,0.001,9.511232614517212
3416,6,416,2335,96.28038024902344,86.11796067952508,0.001,9.45859670639038
3417,6,417,1098,75.94352722167969,86.09844912620065,0.001,8.463147640228271
3418,6,418,1394,77.84429168701172,86.07656708855005,0.001,8.356741905212402
3419,6,419,1480,87.13167572021484,86.07787697955978,0.001,9.498707294464111
3420,6,420,2617,83.50712585449219,86.06889055005684,0.001,7.704910039901733
3421,6,421,1602,97.7249526977539,86.07856459862309,0.001,8.816113710403442
3422,6,422,1735,79.76805114746094,86.07057922491411,0.001,7.714552640914917
3423,6,423,2672,85.12711334228516,86.06725893289406,0.001,8.903033971786499
3424,6,424,2166,84.41065216064453,86.0641762047387,0.001,8.416116714477539
3425,6,425,2720,91.43318176269531,86.0703614601933,0.001,9.859567880630493
3426,6,426,2537,83.72115325927734,86.06409596536618,0.001,8.63841986656189
3427,6,427,1265,93.55619812011719,86.07342342499652,0.001,8.485784530639648
3428,6,428,2593,78.03990173339844,86.05210425683491,0.001,8.15559697151184
3429,6,429,1577,87.0106430053711,86.05457695502356,0.001,9.985628843307495
3430,6,430,1626,74.57192993164062,86.04088744241409,0.001,9.303945541381836
3431,6,431,1642,83.68850708007812,86.03489942086819,0.001,10.513400554656982
3432,6,432,2055,80.57579040527344,86.01616153144678,0.001,8.363786458969116
3433,6,433,2775,87.3931655883789,86.01964879896602,0.001,8.821625471115112
3434,6,434,1571,92.255615234375,86.04085069482414,0.001,8.41676378250122
3435,6,435,2432,75.49797058105469,86.02788202733628,0.001,9.895446538925171
3436,6,436,1575,98.73857116699219,86.06103273727288,0.001,7.109589576721191
3437,6,437,2588,87.62635803222656,86.06639494880127,0.001,9.358831405639648
3438,6,438,2610,83.52993774414062,86.06332437084613,0.001,8.481661319732666
3439,6,439,1921,80.33528137207031,86.04885587735994,0.001,8.4949791431427
3440,6,440,177,89.19967651367188,86.05669709085423,0.001,9.348254680633545
3441,6,441,2845,84.68125915527344,86.05209018536175,0.001,8.316274642944336
3442,6,442,2272,85.05711364746094,86.04959648887304,0.001,7.681546926498413
3443,6,443,2144,91.8827133178711,86.05648754861025,0.001,8.6805579662323
3444,6,444,1482,90.96324157714844,86.06226369694937,0.001,7.93511700630188
3445,6,445,1756,90.87744140625,86.0740893318146,0.001,8.710358142852783
3446,6,446,2546,85.18755340576172,86.07189897094894,0.001,9.930408716201782
3447,6,447,2080,78.85753631591797,86.0478655747869,0.001,8.656971216201782
3448,6,448,2929,85.96205139160156,86.04765288612016,0.001,8.843438863754272
3449,6,449,1794,78.77568817138672,86.02999412586315,0.001,9.303539276123047
3450,6,450,2782,78.88388061523438,86.00629003357382,0.001,9.7719087600708
3451,6,451,2789,86.86772918701172,86.0083981995939,0.001,8.424591302871704
3452,6,452,1174,85.9143295288086,86.00816701099923,0.001,8.984769344329834
3453,6,453,2479,85.05743408203125,86.00592027408399,0.001,10.070798397064209
3454,6,454,2401,78.37838745117188,85.98706250833547,0.001,9.529412746429443
3455,6,455,2619,87.00608825683594,85.98868471539559,0.001,7.7800726890563965
3456,6,456,2529,89.40316772460938,85.99716842619753,0.001,7.444734334945679
3457,6,457,337,78.95362091064453,85.98613450153135,0.001,7.763432502746582
3458,6,458,2117,91.415771484375,85.99895271525173,0.001,8.169684648513794
3459,6,459,2297,85.34595489501953,85.99734280929557,0.001,9.414830923080444
3460,6,460,1823,82.24738311767578,85.98504458321705,0.001,8.672317504882812
3461,6,461,1463,82.64501190185547,85.98171646323433,0.001,8.127946376800537
3462,6,462,1317,80.86650085449219,85.97588184580627,0.001,7.651453018188477
3463,6,463,1442,83.30072021484375,85.97136167733206,0.001,8.128079175949097
3464,6,464,1368,87.17961120605469,85.97346822513902,0.001,8.951439142227173
3465,6,465,1693,89.67474365234375,85.98519323302959,0.001,9.09738802909851
3466,6,466,2709,99.91207122802734,86.00078985687992,0.001,8.723597049713135
3467,6,467,367,96.55675506591797,86.01848896265501,0.001,8.608057737350464
3468,6,468,2901,91.87809753417969,86.02864987334779,0.001,9.888002872467041
3469,6,469,2772,79.76988220214844,86.01388101081557,0.001,9.464030265808105
3470,6,470,1586,88.11421203613281,86.02054114330419,0.001,8.579819440841675
3471,6,471,2565,80.09264373779297,86.01377419056175,0.001,8.865123987197876
3472,6,472,340,82.14219665527344,86.00464584456424,0.001,9.650723218917847
3473,6,473,2763,94.96347045898438,86.0145964522369,0.001,8.357785940170288
3474,6,474,2660,89.85542297363281,86.026348609782,0.001,8.743192911148071
3475,6,475,2147,87.19147491455078,86.02999891325462,0.001,8.216457843780518
3476,6,476,1523,86.60211181640625,86.03063568782224,0.001,10.474573612213135
3477,6,477,407,85.03715515136719,86.0283241427217,0.001,9.782274723052979
3478,6,478,2585,81.72726440429688,86.01853186908036,0.001,9.825955152511597
3479,6,479,363,90.31013488769531,86.02324800181398,0.001,8.924861431121826
3480,6,480,2051,83.59526824951172,86.0175964586687,0.001,9.324201107025146
3481,6,481,383,90.21920013427734,86.03011429668743,0.001,9.267027378082275
3482,6,482,2511,87.17242431640625,86.032016463084,0.001,7.625530481338501
3483,6,483,2706,79.20645141601562,86.02491305896774,0.001,9.122055292129517
3484,6,484,256,78.91252136230469,86.01338370903007,0.001,10.694311618804932
3485,6,485,2535,88.59735870361328,86.01620455031555,0.001,9.8374764919281
3486,6,486,2548,85.95133972167969,86.01605848225121,0.001,9.740455865859985
3487,6,487,2278,88.22555541992188,86.02118160564062,0.001,8.970920085906982
3488,6,488,2436,87.4978256225586,86.02279859492644,0.001,10.16209626197815
3489,6,489,368,82.73967742919922,86.01507675396773,0.001,8.990371465682983
3490,6,490,374,74.86698913574219,85.98154425475354,0.001,11.047755002975464
3491,6,491,408,74.2120590209961,85.96268868370545,0.001,8.130074977874756
3492,6,492,2223,85.10246276855469,85.96008064212751,0.001,9.317353248596191
3493,6,493,2113,87.3308334350586,85.9632106791878,0.001,10.228063106536865
3494,6,494,401,82.430419921875,85.95525944002074,0.001,10.065588474273682
3495,6,495,2758,100.19668579101562,85.98706266734617,0.001,9.369882345199585
3496,6,496,264,91.26408386230469,85.99894905291444,0.001,8.239158630371094
3497,6,497,1081,93.14824676513672,86.01494093413358,0.001,7.862106084823608
3498,6,498,2455,101.58492279052734,86.03184633611868,0.001,8.193797588348389
3499,6,499,2595,93.80089569091797,86.04002642910648,0.001,8.891189575195312
3500,7,0,458,83.4471435546875,83.4471435546875,0.001,8.19146466255188
3501,7,1,344,84.39738464355469,83.91636794229262,0.001,8.21464991569519
3502,7,2,2204,94.17613983154297,89.8248412273505,0.001,7.729414463043213
3503,7,3,2013,101.33173370361328,91.78549979509715,0.001,10.24524974822998
3504,7,4,2341,80.12308502197266,87.9568931309509,0.001,8.450021982192993
3505,7,5,2464,61.70491027832031,85.16749992733378,0.001,8.66056776046753
3506,7,6,1117,90.50062561035156,86.13795699696585,0.001,8.513394594192505
3507,7,7,2533,67.01983642578125,83.93844506717423,0.001,6.840353727340698
3508,7,8,2282,84.22311401367188,83.95833286566938,0.001,9.540589332580566
3509,7,9,2203,95.49714660644531,85.85428915746125,0.001,8.636072397232056
3510,7,10,1848,84.24661254882812,85.62720548767024,0.001,7.9251649379730225
3511,7,11,388,97.74732971191406,86.18412761421283,0.001,7.456272602081299
3512,7,12,1099,89.36560821533203,86.56159942832561,0.001,8.597218990325928
3513,7,13,68,94.19994354248047,87.02542331129858,0.001,9.571601629257202
3514,7,14,2377,75.5423812866211,86.14503455518005,0.001,8.545677423477173
3515,7,15,1551,93.63040924072266,86.68817273390509,0.001,7.960893154144287
3516,7,16,1717,101.56610107421875,87.17168604722586,0.001,9.218403339385986
3517,7,17,1737,87.14331817626953,87.16935392578911,0.001,8.679860353469849
3518,7,18,382,77.79571533203125,86.90224453508976,0.001,7.941720247268677
3519,7,19,69,89.0715103149414,87.06816824972407,0.001,9.052760601043701
3520,7,20,1585,86.88655090332031,87.05551280160265,0.001,8.555233478546143
3521,7,21,2909,84.87498474121094,86.94501461779458,0.001,9.059656858444214
3522,7,22,441,81.12615203857422,86.66717507584153,0.001,8.599533557891846
3523,7,23,1918,79.95686340332031,86.26398218975562,0.001,8.945819616317749
3524,7,24,1502,80.32138061523438,85.92337677478763,0.001,9.206929445266724
3525,7,25,1762,96.17668151855469,86.33921953041582,0.001,8.179735660552979
3526,7,26,2349,82.30734252929688,86.13300872904928,0.001,8.669455289840698
3527,7,27,488,87.43585968017578,86.19614700347556,0.001,9.1888587474823
3528,7,28,1636,72.3490982055664,85.5483745606134,0.001,8.69517993927002
3529,7,29,507,99.64505767822266,85.71018796667659,0.001,8.586803436279297
3530,7,30,2181,97.99061584472656,85.90985834226515,0.001,8.2244234085083
3531,7,31,1627,98.08456420898438,86.31375535803508,0.001,8.559648752212524
3532,7,32,1373,75.45973205566406,86.04027228759081,0.001,8.716749906539917
3533,7,33,1900,92.7407455444336,86.14355090262212,0.001,8.236242532730103
3534,7,34,2613,98.0758285522461,86.50434706637337,0.001,9.746756792068481
3535,7,35,1864,94.85863494873047,86.62537373346949,0.001,9.612807035446167
3536,7,36,1182,76.09784698486328,86.31447515291077,0.001,9.779430389404297
3537,7,37,2099,76.83251190185547,86.11931430081,0.001,9.547900676727295
3538,7,38,2673,84.91017150878906,86.08509549677602,0.001,8.15119218826294
3539,7,39,2448,82.15670776367188,85.94514115810752,0.001,8.10807991027832
3540,7,40,2784,87.68568420410156,86.00561361632327,0.001,8.354830980300903
3541,7,41,2251,96.44456481933594,86.19990153605359,0.001,9.132262229919434
3542,7,42,2191,93.7525405883789,86.33774630146618,0.001,8.232237577438354
3543,7,43,1196,87.24053955078125,86.34749710158196,0.001,7.149173736572266
3544,7,44,707,86.67129516601562,86.35102913868172,0.001,9.150625944137573
3545,7,45,455,67.50074768066406,86.18421248861077,0.001,9.552523136138916
3546,7,46,2534,101.09485626220703,86.35652070652249,0.001,9.693516969680786
3547,7,47,2225,90.38502502441406,86.48100488401896,0.001,8.715680122375488
3548,7,48,695,85.88721466064453,86.46741547543407,0.001,7.673216819763184
3549,7,49,2552,90.1113052368164,86.54748707663673,0.001,9.371906280517578
3550,7,50,496,80.69316101074219,86.42570834627978,0.001,8.67840027809143
3551,7,51,2580,89.04239654541016,86.49779099743681,0.001,8.913971900939941
3552,7,52,1580,97.07746887207031,86.65478012280974,0.001,9.36101508140564
3553,7,53,336,81.99323272705078,86.52804964654777,0.001,9.007436037063599
3554,7,54,2378,88.85716247558594,86.57478670431352,0.001,8.466977596282959
3555,7,55,1439,87.76673126220703,86.60512173030584,0.001,10.331270217895508
3556,7,56,2163,80.46485900878906,86.48562608599691,0.001,9.411214590072632
3557,7,57,468,85.61776733398438,86.4644262297662,0.001,8.18712592124939
3558,7,58,2458,77.96375274658203,86.31052595899268,0.001,7.59670615196228
3559,7,59,1766,87.80599212646484,86.31969643745352,0.001,7.778366327285767
3560,7,60,1700,87.92668914794922,86.34126562988315,0.001,7.780514717102051
3561,7,61,680,104.354248046875,86.49124801737293,0.001,8.084493160247803
3562,7,62,2832,78.32614135742188,86.31215809796097,0.001,9.17955994606018
3563,7,63,728,82.09710693359375,86.24036001041904,0.001,8.970749616622925
3564,7,64,1395,107.43365478515625,86.41311275520177,0.001,9.2335205078125
3565,7,65,2343,86.04767608642578,86.40882266785381,0.001,9.203959941864014
3566,7,66,377,87.35249328613281,86.41991376752047,0.001,6.834572076797485
3567,7,67,803,102.63391876220703,86.54262233248767,0.001,7.359222412109375
3568,7,68,2196,95.85923767089844,86.60741355547617,0.001,9.923359870910645
3569,7,69,254,75.69357299804688,86.37759862315679,0.001,8.66759967803955
3570,7,70,778,92.87503051757812,86.478295784123,0.001,9.685399532318115
3571,7,71,2923,91.7493896484375,86.53473556881524,0.001,9.522957563400269
3572,7,72,2538,94.3958511352539,86.5923022361326,0.001,8.219462633132935
3573,7,73,2583,90.95219421386719,86.65867823683949,0.001,8.082666635513306
3574,7,74,1495,90.95209503173828,86.7228863294178,0.001,9.53938627243042
3575,7,75,693,85.7850341796875,86.70455489354651,0.001,8.045685291290283
3576,7,76,2874,87.61009216308594,86.71732169200355,0.001,8.779385089874268
3577,7,77,727,80.80036926269531,86.6776258075053,0.001,7.62929892539978
3578,7,78,523,89.51422882080078,86.73114201126249,0.001,9.328278303146362
3579,7,79,706,79.77430725097656,86.68425275731299,0.001,10.19393801689148
3580,7,80,1460,89.1546401977539,86.70868671727256,0.001,8.162495136260986
3581,7,81,461,92.31034088134766,86.80893780946943,0.001,10.055680990219116
3582,7,82,858,92.75820922851562,86.84349956211426,0.001,8.327176809310913
3583,7,83,962,75.301513671875,86.73263333689475,0.001,9.635159015655518
3584,7,84,1845,78.95061492919922,86.68631145602471,0.001,8.20009994506836
3585,7,85,350,82.11947631835938,86.62615790212648,0.001,9.122227668762207
3586,7,86,686,73.84664916992188,86.45760847486937,0.001,9.850718259811401
3587,7,87,403,83.58405303955078,86.43161328909399,0.001,8.827481746673584
3588,7,88,2443,89.83211517333984,86.47422924929569,0.001,8.471378087997437
3589,7,89,2476,93.97886657714844,86.51927584925367,0.001,9.161704778671265
3590,7,90,74,97.64488983154297,86.5845031446728,0.001,8.314581632614136
3591,7,91,1264,88.25777435302734,86.59457858928843,0.001,9.624553918838501
3592,7,92,2927,86.9424819946289,86.59635117297084,0.001,9.59546446800232
3593,7,93,2387,96.76885986328125,86.68541611591681,0.001,8.445713996887207
3594,7,94,2668,93.60780334472656,86.77003422674491,0.001,9.99826431274414
3595,7,95,773,96.72284698486328,86.88888299050444,0.001,9.326356887817383
3596,7,96,1302,86.41724395751953,86.88195994535697,0.001,8.5751793384552
3597,7,97,376,103.02587890625,86.973260553152,0.001,9.962238311767578
3598,7,98,1832,97.41572570800781,87.13384000272303,0.001,8.910094499588013
3599,7,99,1370,73.68797302246094,86.97965819820372,0.001,6.874008655548096
3600,7,100,400,89.41848754882812,86.99730271560607,0.001,8.685788631439209
3601,7,101,814,74.69359588623047,86.92962483830793,0.001,9.808203220367432
3602,7,102,1372,78.58817291259766,86.83732110165258,0.001,10.251948356628418
3603,7,103,342,81.8504409790039,86.76333603470216,0.001,10.351040601730347
3604,7,104,2502,90.42610168457031,86.81656688259396,0.001,8.989551305770874
3605,7,105,2293,74.17326354980469,86.67838088120342,0.001,10.04573678970337
3606,7,106,2654,87.79129028320312,86.69406427251187,0.001,7.029865264892578
3607,7,107,981,91.3321533203125,86.74248233510842,0.001,8.864162921905518
3608,7,108,2462,87.67909240722656,86.75548301442831,0.001,9.971797466278076
3609,7,109,986,77.19134521484375,86.65663329415264,0.001,9.95741868019104
3610,7,110,65,92.0511703491211,86.68322357284221,0.001,7.738715648651123
3611,7,111,2060,80.84153747558594,86.62440265477215,0.001,10.80978012084961
3612,7,112,2669,98.49359893798828,86.6814784775239,0.001,9.81238341331482
3613,7,113,819,84.49986267089844,86.65985179324161,0.001,9.541990756988525
3614,7,114,1878,86.61141967773438,86.65951697668514,0.001,9.25602412223816
3615,7,115,811,73.63446044921875,86.60344649212796,0.001,8.332980394363403
3616,7,116,481,90.03509521484375,86.63658369827407,0.001,9.83829951286316
3617,7,117,273,88.9427719116211,86.65884747185474,0.001,8.289979696273804
3618,7,118,759,86.35867309570312,86.65603158757324,0.001,7.807326078414917
3619,7,119,2906,83.83554077148438,86.62963586901584,0.001,8.969386577606201
3620,7,120,2523,91.7481918334961,86.69302811173714,0.001,9.518831014633179
3621,7,121,56,87.91931915283203,86.70429588557195,0.001,7.691089868545532
3622,7,122,1488,80.76535034179688,86.63667560735857,0.001,8.298673868179321
3623,7,123,1858,81.3104248046875,86.58924538404361,0.001,9.604653120040894
3624,7,124,990,76.64764404296875,86.4984792563647,0.001,8.313194751739502
3625,7,125,2325,92.24315643310547,86.5493996547944,0.001,9.180438756942749
3626,7,126,743,84.3032455444336,86.54004373817652,0.001,9.015072345733643
3627,7,127,770,90.1412124633789,86.57192700310732,0.001,9.578489542007446
3628,7,128,490,88.15967559814453,86.57863136877472,0.001,8.027546644210815
3629,7,129,2184,94.57303619384766,86.62840226737764,0.001,10.500666618347168
3630,7,130,827,94.28431701660156,86.66748769113592,0.001,9.566148042678833
3631,7,131,2750,83.91748046875,86.65637503826801,0.001,8.519100904464722
3632,7,132,914,83.56632232666016,86.63025158982126,0.001,8.773495197296143
3633,7,133,1181,96.76419830322266,86.71353054372301,0.001,9.032934188842773
3634,7,134,2399,92.42160034179688,86.73395510270055,0.001,8.746657133102417
3635,7,135,1596,92.1072998046875,86.76520921614801,0.001,9.560730218887329
3636,7,136,1838,74.62437438964844,86.66655996009467,0.001,9.959216594696045
3637,7,137,1262,88.1717300415039,86.67237631709285,0.001,9.445306301116943
3638,7,138,851,85.88440704345703,86.66361895345548,0.001,7.890854358673096
3639,7,139,392,90.18193054199219,86.70107027588521,0.001,8.015816926956177
3640,7,140,685,86.89496612548828,86.70259922575123,0.001,8.01261568069458
3641,7,141,434,88.34468078613281,86.70824062453087,0.001,8.908215761184692
3642,7,142,29,81.10419464111328,86.66422662041643,0.001,10.3161141872406
3643,7,143,492,80.72610473632812,86.60218267128914,0.001,9.301365852355957
3644,7,144,274,88.29090881347656,86.6150790168186,0.001,7.423893928527832
3645,7,145,787,88.54736328125,86.62229409031603,0.001,9.778207302093506
3646,7,146,1519,87.14990234375,86.62641810416082,0.001,8.21273136138916
3647,7,147,2482,85.53617858886719,86.61527507787407,0.001,7.891993284225464
3648,7,148,453,99.1114501953125,86.68211292768336,0.001,9.569291114807129
3649,7,149,717,89.84471893310547,86.7136334352943,0.001,7.400090456008911
3650,7,150,390,94.64136505126953,86.75468835646268,0.001,9.015215396881104
3651,7,151,1620,84.87045288085938,86.75023473878159,0.001,7.325112581253052
3652,7,152,1120,81.31148529052734,86.72291605649144,0.001,8.564661979675293
3653,7,153,774,87.00614929199219,86.72499470812627,0.001,8.814593315124512
3654,7,154,1503,82.50104522705078,86.7047056592319,0.001,7.272737741470337
3655,7,155,2499,92.70211791992188,86.7358661278102,0.001,8.635525703430176
3656,7,156,64,97.72814178466797,86.77422951621035,0.001,8.807382822036743
3657,7,157,916,89.80583953857422,86.78481567080613,0.001,8.794357538223267
3658,7,158,2767,84.0277099609375,86.76481374372446,0.001,8.744630098342896
3659,7,159,1909,87.4695053100586,86.7713756992302,0.001,8.391602754592896
3660,7,160,2219,90.44999694824219,86.78299723162574,0.001,8.392280578613281
3661,7,161,972,88.43077087402344,86.79434371692587,0.001,7.364367961883545
3662,7,162,920,86.40863037109375,86.79072040740904,0.001,8.292933464050293
3663,7,163,2498,95.7445297241211,86.83486709630517,0.001,7.820547819137573
3664,7,164,1473,84.62992095947266,86.82541546830696,0.001,8.713428020477295
3665,7,165,424,88.87771606445312,86.83497283229923,0.001,8.397521734237671
3666,7,166,2449,79.38356018066406,86.78419712684924,0.001,9.537161827087402
3667,7,167,2564,82.32494354248047,86.75455978876688,0.001,8.872870206832886
3668,7,168,852,92.5821762084961,86.79330726742758,0.001,7.841628551483154
3669,7,169,954,73.80420684814453,86.75193807678782,0.001,7.745449781417847
3670,7,170,699,77.5458984375,86.69164699499626,0.001,8.817563533782959
3671,7,171,2834,82.04832458496094,86.65066129663053,0.001,7.933223009109497
3672,7,172,436,87.45844268798828,86.65438307547358,0.001,8.613910436630249
3673,7,173,771,85.47239685058594,86.64672218710777,0.001,7.732286214828491
3674,7,174,689,89.93301391601562,86.66191014990379,0.001,8.774675846099854
3675,7,175,611,88.88684844970703,86.67200585037396,0.001,7.904495000839233
3676,7,176,904,78.19721984863281,86.63754362031831,0.001,7.585564374923706
3677,7,177,98,89.46137237548828,86.66168097184554,0.001,7.342052221298218
3678,7,178,2781,76.6260986328125,86.6217731764378,0.001,8.80738377571106
3679,7,179,721,91.08135223388672,86.64159401779105,0.001,9.104699611663818
3680,7,180,2270,84.74244689941406,86.62553339426418,0.001,7.63537073135376
3681,7,181,471,87.37899017333984,86.63172202082295,0.001,7.421058893203735
3682,7,182,1123,90.06857299804688,86.64688539381102,0.001,8.512478828430176
3683,7,183,832,76.51548767089844,86.56434695660093,0.001,8.065728187561035
3684,7,184,2494,75.21178436279297,86.49558083761838,0.001,6.922282457351685
3685,7,185,977,86.00544738769531,86.49351536131844,0.001,10.056897163391113
3686,7,186,77,86.092529296875,86.49106144475458,0.001,8.836798906326294
3687,7,187,1686,89.49962615966797,86.5150652408291,0.001,9.495394706726074
3688,7,188,2861,79.84902954101562,86.47507217551588,0.001,7.448715925216675
3689,7,189,272,88.81697845458984,86.48505978487712,0.001,7.9403297901153564
3690,7,190,372,79.96004486083984,86.4689112927466,0.001,10.87316346168518
3691,7,191,522,76.06828308105469,86.38718343751614,0.001,9.165308475494385
3692,7,192,1493,83.43760681152344,86.36421025218937,0.001,9.65714144706726
3693,7,193,2682,80.63200378417969,86.31940440928273,0.001,8.414741516113281
3694,7,194,915,96.61432647705078,86.34665942096113,0.001,9.662673711776733
3695,7,195,2243,86.18679809570312,86.3454372520676,0.001,8.776960134506226
3696,7,196,1817,68.2586898803711,86.29790089764148,0.001,8.189140796661377
3697,7,197,1126,80.83448791503906,86.25651428421753,0.001,8.713493585586548
3698,7,198,1089,88.45487213134766,86.27297026160022,0.001,7.658275365829468
3699,7,199,521,83.53925323486328,86.26570666615976,0.001,10.533416748046875
3700,7,200,913,83.94091796875,86.25647064531566,0.001,7.8739869594573975
3701,7,201,2930,87.04015350341797,86.25850272341506,0.001,8.727020740509033
3702,7,202,1155,93.9403305053711,86.27917783392417,0.001,7.141820907592773
3703,7,203,834,90.57743835449219,86.3107311330148,0.001,8.75832724571228
3704,7,204,2614,79.04845428466797,86.2581491147933,0.001,10.636364698410034
3705,7,205,2911,78.91282653808594,86.24046030613607,0.001,7.696158170700073
3706,7,206,2563,75.42211151123047,86.19829826747532,0.001,8.704546451568604
3707,7,207,67,85.7196273803711,86.19570633298338,0.001,8.092570543289185
3708,7,208,2098,89.00604248046875,86.20565197071485,0.001,8.743841409683228
3709,7,209,2435,86.01280212402344,86.20514319315778,0.001,8.944448709487915
3710,7,210,1568,81.76022338867188,86.1815358599473,0.001,10.145681142807007
3711,7,211,2235,87.60807037353516,86.19159824183582,0.001,9.262314319610596
3712,7,212,2652,89.05903625488281,86.19870372063005,0.001,8.338335037231445
3713,7,213,961,79.2072982788086,86.14989496304925,0.001,8.814672946929932
3714,7,214,2101,93.4773178100586,86.20137383433146,0.001,8.068320035934448
3715,7,215,719,80.974365234375,86.16517816647917,0.001,9.036006689071655
3716,7,216,2722,72.92057037353516,86.13502669500822,0.001,7.925902605056763
3717,7,217,519,80.5263442993164,86.09641448904695,0.001,8.542986154556274
3718,7,218,514,98.34523010253906,86.14184323598772,0.001,8.025225162506104
3719,7,219,1554,87.27096557617188,86.14462655778647,0.001,9.133537530899048
3720,7,220,446,88.56627655029297,86.15683844562696,0.001,9.18536376953125
3721,7,221,861,92.4483642578125,86.17962042617164,0.001,8.720423460006714
3722,7,222,1434,89.60587310791016,86.19628937796138,0.001,10.483327865600586
3723,7,223,2601,89.4627914428711,86.2177182069591,0.001,8.306857585906982
3724,7,224,432,78.55640411376953,86.1802743368685,0.001,7.246965646743774
3725,7,225,1397,81.63426208496094,86.14992907878047,0.001,10.546149015426636
3726,7,226,919,86.35166931152344,86.15127256703063,0.001,8.646975755691528
3727,7,227,2596,94.09109497070312,86.1790289081247,0.001,9.905527114868164
3728,7,228,1274,85.38756561279297,86.17524687159556,0.001,8.049170017242432
3729,7,229,405,90.9987564086914,86.19236786464995,0.001,8.663374185562134
3730,7,230,1809,87.06614685058594,86.19788652577238,0.001,8.704072713851929
3731,7,231,447,95.4142837524414,86.21928036653074,0.001,8.11320972442627
3732,7,232,518,81.5867919921875,86.20863253888743,0.001,9.29712963104248
3733,7,233,2871,74.80121612548828,86.13641378592413,0.001,8.260380506515503
3734,7,234,956,82.8990249633789,86.11600893112816,0.001,9.17311978340149
3735,7,235,2590,100.37519836425781,86.16269947158997,0.001,8.76933240890503
3736,7,236,325,83.36934661865234,86.14959616427326,0.001,8.503783941268921
3737,7,237,873,89.21768951416016,86.1556336911075,0.001,8.017802953720093
3738,7,238,2422,78.6009521484375,86.13875485699077,0.001,7.51984429359436
3739,7,239,73,81.96943664550781,86.12935185272369,0.001,8.875231504440308
3740,7,240,870,86.86285400390625,86.1317982465658,0.001,7.328216552734375
3741,7,241,742,82.65275573730469,86.11021509819656,0.001,10.143739223480225
3742,7,242,789,80.90573120117188,86.08630003078699,0.001,8.302933692932129
3743,7,243,1692,88.0412826538086,86.0982065084398,0.001,7.917785882949829
3744,7,244,1090,86.53478240966797,86.0996112630033,0.001,7.957160949707031
3745,7,245,2008,113.2567138671875,86.1523397438073,0.001,7.794708490371704
3746,7,246,2347,83.5650405883789,86.14061776854,0.001,8.1005380153656
3747,7,247,2584,83.08224487304688,86.12228181642163,0.001,9.209512948989868
3748,7,248,2034,88.47721099853516,86.13615218133316,0.001,9.36328649520874
3749,7,249,951,90.21637725830078,86.15431726748206,0.001,7.868222951889038
3750,7,250,1361,80.64604949951172,86.14264008417102,0.001,10.294142723083496
3751,7,251,2522,78.96773529052734,86.11111845787322,0.001,9.964050531387329
3752,7,252,705,81.83589935302734,86.08558827614429,0.001,8.838168859481812
3753,7,253,448,96.97626495361328,86.13449604425918,0.001,9.914376974105835
3754,7,254,601,86.13766479492188,86.13451446760958,0.001,10.210055828094482
3755,7,255,788,81.50395202636719,86.10765289728283,0.001,7.533845901489258
3756,7,256,361,85.54603576660156,86.1045778462042,0.001,8.493179082870483
3757,7,257,694,82.81439208984375,86.08578342528085,0.001,8.80739974975586
3758,7,258,1615,87.29349517822266,86.09083470868778,0.001,8.737194299697876
3759,7,259,607,95.74647521972656,86.1096779421737,0.001,10.093775749206543
3760,7,260,1173,95.60799407958984,86.1290336246137,0.001,8.289764642715454
3761,7,261,1862,80.0234603881836,86.11667475052172,0.001,7.762320041656494
3762,7,262,1844,103.74217987060547,86.14830565858867,0.001,8.732868194580078
3763,7,263,2794,86.90328979492188,86.14984497640214,0.001,8.679666757583618
3764,7,264,616,89.53429412841797,86.16864729509378,0.001,9.65450143814087
3765,7,265,825,80.11885833740234,86.1568586454705,0.001,8.331074953079224
3766,7,266,864,94.85698699951172,86.17329133715232,0.001,7.2860424518585205
3767,7,267,1768,93.8425521850586,86.18847334807049,0.001,8.03986144065857
3768,7,268,801,85.80297088623047,86.1873588704881,0.001,10.316311836242676
3769,7,269,94,77.98055267333984,86.14458262437871,0.001,9.353458404541016
3770,7,270,469,90.74773406982422,86.16981680009282,0.001,7.642238616943359
3771,7,271,2793,80.61091613769531,86.13889536861377,0.001,8.371285676956177
3772,7,272,2692,87.61700439453125,86.14692792031995,0.001,6.486345529556274
3773,7,273,2694,100.9420394897461,86.17541456350278,0.001,6.738606691360474
3774,7,274,378,95.88655090332031,86.22788980545509,0.001,7.3099894523620605
3775,7,275,60,87.23182678222656,86.23077777434938,0.001,8.697203636169434
3776,7,276,808,87.11000061035156,86.23428499984705,0.001,7.598833084106445
3777,7,277,2040,84.33585357666016,86.22402900653647,0.001,9.316316604614258
3778,7,278,966,81.47984313964844,86.21077974686305,0.001,9.223265171051025
3779,7,279,2864,85.29105377197266,86.20813891614337,0.001,9.424083471298218
3780,7,280,682,92.17681121826172,86.23941370578969,0.001,8.377532243728638
3781,7,281,991,98.83317565917969,86.26258679537884,0.001,10.47458529472351
3782,7,282,989,90.29875946044922,86.27843242689241,0.001,8.69936728477478
3783,7,283,863,82.38643646240234,86.26307263463111,0.001,8.580989122390747
3784,7,284,1797,71.70777893066406,86.23539118546225,0.001,7.259894847869873
3785,7,285,459,109.75782775878906,86.27878791379509,0.001,8.774389505386353
3786,7,286,710,84.41472625732422,86.27157630344618,0.001,9.218936920166016
3787,7,287,1443,78.08663177490234,86.22958976330138,0.001,8.147511005401611
3788,7,288,1532,94.98670959472656,86.27426342556137,0.001,9.893718481063843
3789,7,289,1502,80.2045669555664,86.24282400303498,0.001,9.554583072662354
3790,7,290,1706,104.1312484741211,86.31080526557287,0.001,9.908856630325317
3791,7,291,1155,93.8003921508789,86.32462424965883,0.001,9.74148941040039
3792,7,292,1679,72.64125061035156,86.28674242423071,0.001,8.298402070999146
3793,7,293,1682,77.37871551513672,86.25312545363423,0.001,9.222538232803345
3794,7,294,1802,92.52859497070312,86.27667922570585,0.001,9.407471656799316
3795,7,295,1363,86.56781005859375,86.27776997130985,0.001,8.805386304855347
3796,7,296,1839,78.06652069091797,86.26340699623799,0.001,9.428168535232544
3797,7,297,1394,78.15308380126953,86.23311980492001,0.001,8.743910551071167
3798,7,298,177,89.1683120727539,86.24388837314365,0.001,9.164325952529907
3799,7,299,1814,76.53911590576172,86.20842387167313,0.001,8.882553100585938
3800,7,300,1832,97.47654724121094,86.26391146680433,0.001,8.880359411239624
3801,7,301,1626,74.46964263916016,86.2439100036697,0.001,8.452838659286499
3802,7,302,2050,74.74329376220703,86.21429391375332,0.001,7.960295915603638
3803,7,303,1113,87.50479125976562,86.22057892738246,0.001,10.785299301147461
3804,7,304,1126,80.58401489257812,86.19315813291772,0.001,8.460553646087646
3805,7,305,1120,81.49715423583984,86.18156876827088,0.001,7.779285669326782
3806,7,306,1817,68.58850860595703,86.15222094402307,0.001,8.237905979156494
3807,7,307,1714,73.60993194580078,86.10807214740022,0.001,9.937708854675293
3808,7,308,1355,77.10460662841797,86.07552751919323,0.001,8.849682569503784
3809,7,309,1951,92.49105834960938,86.09855735016063,0.001,9.133300304412842
3810,7,310,1361,80.67012786865234,86.08931583258621,0.001,9.189088106155396
3811,7,311,1642,83.09980010986328,86.07880983429692,0.001,8.866561651229858
3812,7,312,1463,83.08686828613281,86.07439264457088,0.001,8.61861777305603
3813,7,313,1470,93.1191177368164,86.09873487468157,0.001,9.503908157348633
3814,7,314,1484,88.66377258300781,86.10789033722308,0.001,9.38950514793396
3815,7,315,1848,84.43008422851562,86.09999085233774,0.001,10.101331949234009
3816,7,316,1909,87.502685546875,86.10644402280663,0.001,9.095417976379395
3817,7,317,1921,79.9599380493164,86.08503004534728,0.001,9.025034189224243
3818,7,318,1700,87.94071960449219,86.08989723866551,0.001,8.426008462905884
3819,7,319,2080,78.71590423583984,86.0556162776372,0.001,8.490168809890747
3820,7,320,1903,85.9693603515625,86.05540678228411,0.001,10.663661003112793
3821,7,321,1440,92.85553741455078,86.07832562559413,0.001,8.951647281646729
3822,7,322,2147,87.3554458618164,86.08420129155981,0.001,8.231443643569946
3823,7,323,1617,88.36992645263672,86.09424642027484,0.001,9.368366718292236
3824,7,324,1519,87.14781188964844,86.09789727781569,0.001,8.808779001235962
3825,7,325,2034,88.45840454101562,86.10839661164991,0.001,10.064311504364014
3826,7,326,1846,85.582763671875,86.10663786031974,0.001,9.01467514038086
3827,7,327,1442,83.67962646484375,86.1008742661974,0.001,9.62721586227417
3828,7,328,1481,80.46192169189453,86.08170863391126,0.001,8.219178676605225
3829,7,329,1334,86.56212615966797,86.08246200347396,0.001,8.79210090637207
3830,7,330,1794,79.12450408935547,86.05962183222948,0.001,8.842580795288086
3831,7,331,1196,87.28367614746094,86.06140466343903,0.001,9.617532014846802
3832,7,332,1250,83.13758087158203,86.05682405633625,0.001,6.312539100646973
3833,7,333,2191,93.81692504882812,86.07564168873488,0.001,11.135840654373169
3834,7,334,1523,86.65592956542969,86.07656004590497,0.001,8.933469295501709
3835,7,335,1699,86.56919860839844,86.0776949764762,0.001,8.551907062530518
3836,7,336,1540,98.00304412841797,86.0965935285404,0.001,9.923511743545532
3837,7,337,1488,80.78982543945312,86.07471287205898,0.001,8.75303053855896
3838,7,338,1809,86.97103881835938,86.07855414840506,0.001,9.251442432403564
3839,7,339,1615,87.2268295288086,86.0822247489145,0.001,8.165718793869019
3840,7,340,1098,75.11063385009766,86.05644136966566,0.001,9.088258266448975
3841,7,341,1923,86.28176879882812,86.05718922372994,0.001,8.59166955947876
3842,7,342,1506,78.82830810546875,86.04660041285332,0.001,8.865781307220459
3843,7,343,1339,94.3506851196289,86.05960028800958,0.001,9.475505828857422
3844,7,344,2166,84.53632354736328,86.05610495647424,0.001,8.51979684829712
3845,7,345,1819,88.56431579589844,86.05998709423835,0.001,10.521170616149902
3846,7,346,1576,96.0854263305664,86.07511145021155,0.001,10.092601776123047
3847,7,347,1879,81.76598358154297,86.06505668847177,0.001,8.07499885559082
3848,7,348,1751,85.38744354248047,86.06350222686608,0.001,9.769309520721436
3849,7,349,1823,82.47840118408203,86.0479041156371,0.001,10.3354651927948
3850,7,350,1864,95.05094146728516,86.0616720882001,0.001,9.264305353164673
3851,7,351,1324,89.12533569335938,86.07452115789029,0.001,6.773939371109009
3852,7,352,2113,87.27137756347656,86.07835647776494,0.001,9.933159828186035
3853,7,353,1118,84.19328308105469,86.07243755974348,0.001,8.843591690063477
3854,7,354,1370,73.74772644042969,86.03344026899076,0.001,9.8958580493927
3855,7,355,1586,88.20968627929688,86.0425893103244,0.001,8.354740381240845
3856,7,356,1453,95.12648010253906,86.05517726234295,0.001,9.534309387207031
3857,7,357,1862,80.20513916015625,86.0464764574915,0.001,8.878496646881104
3858,7,358,1735,79.5288314819336,86.03671789206543,0.001,6.432525873184204
3859,7,359,2270,84.77495574951172,86.0314411398051,0.001,8.284600734710693
3860,7,360,1088,87.08794403076172,86.03464044174933,0.001,9.941433906555176
3861,7,361,1173,95.57550048828125,86.04875238823934,0.001,7.9060351848602295
3862,7,362,1821,99.4794692993164,86.0684153681188,0.001,9.952588081359863
3863,7,363,2196,95.8939208984375,86.08139613824227,0.001,8.22818636894226
3864,7,364,1127,89.24639892578125,86.08848611798605,0.001,7.944566488265991
3865,7,365,2007,84.45838928222656,86.08352017312771,0.001,8.17225170135498
3866,7,366,2221,90.60247802734375,86.09758672820759,0.001,8.048626899719238
3867,7,367,1772,86.02670288085938,86.09729478767456,0.001,8.2446928024292
3868,7,368,1514,92.17655944824219,86.10601868730782,0.001,9.61590313911438
3869,7,369,1161,82.2844009399414,86.10082345894509,0.001,10.315038204193115
3870,7,370,1888,78.4878158569336,86.07064301402944,0.001,10.056989669799805
3871,7,371,2179,93.12262725830078,86.0860323284321,0.001,9.673394680023193
3872,7,372,2325,92.24313354492188,86.10458216938144,0.001,7.969784498214722
3873,7,373,2144,92.09456634521484,86.11305577200481,0.001,8.966683387756348
3874,7,374,1569,89.87044525146484,86.124369741891,0.001,7.025428056716919
3875,7,375,2233,93.99942779541016,86.1410896243018,0.001,9.902972936630249
3876,7,376,1460,89.14801025390625,86.14751511179186,0.001,9.217666149139404
3877,7,377,1109,84.40504455566406,86.14086008686466,0.001,9.966547966003418
3878,7,378,2274,88.17449951171875,86.14676548213737,0.001,8.654625177383423
3879,7,379,2399,92.3153305053711,86.15454530494227,0.001,8.550022602081299
3880,7,380,2203,95.44058227539062,86.19109059830083,0.001,6.776573419570923
3881,7,381,2060,80.87725067138672,86.17540668130661,0.001,7.564273357391357
3882,7,382,2051,83.56226348876953,86.1677123721622,0.001,9.895817995071411
3883,7,383,1264,88.30322265625,86.17074127947095,0.001,9.90949034690857
3884,7,384,2293,74.16094207763672,86.13491906085825,0.001,8.571095705032349
3885,7,385,1575,98.9615478515625,86.17305353232182,0.001,8.236366033554077
3886,7,386,2406,88.49738311767578,86.18210698741261,0.001,8.537889242172241
3887,7,387,2349,82.2841796875,86.16721118501339,0.001,9.652247905731201
3888,7,388,1182,76.0998306274414,86.13803285310298,0.001,8.98311972618103
3889,7,389,2071,94.8572998046875,86.15576272935859,0.001,6.956008195877075
3890,7,390,1915,79.72528076171875,86.14275445129806,0.001,9.353355169296265
3891,7,391,2205,92.90666198730469,86.16238923311734,0.001,7.26810622215271
3892,7,392,1397,81.55644989013672,86.14472412856972,0.001,9.23275375366211
3893,7,393,1123,90.04783630371094,86.15261262574161,0.001,8.076882123947144
3894,7,394,2152,87.06444549560547,86.15516757821688,0.001,9.086503028869629
3895,7,395,1766,87.79718780517578,86.15674423021865,0.001,7.379169702529907
3896,7,396,2297,85.1302490234375,86.15378777853437,0.001,8.567842483520508
3897,7,397,1530,80.74335479736328,86.1335478077068,0.001,7.318335294723511
3898,7,398,1344,80.96890258789062,86.11921370332728,0.001,9.342459201812744
3899,7,399,2223,85.11554718017578,86.11545459999213,0.001,7.79674220085144
3900,7,400,1083,91.73677825927734,86.13577388264905,0.001,8.564943313598633
3901,7,401,1122,75.83951568603516,86.11504601326877,0.001,7.789876699447632
3902,7,402,1806,79.68492126464844,86.09130069608734,0.001,8.826412677764893
3903,7,403,178,80.75631713867188,86.07694732690199,0.001,7.864469051361084
3904,7,404,2278,88.24516296386719,86.08299901386042,0.001,8.122788429260254
3905,7,405,2498,95.78916931152344,86.10198048836224,0.001,8.087604999542236
3906,7,406,1549,94.4912338256836,86.11886002866973,0.001,8.53729248046875
3907,7,407,2204,94.22026062011719,86.14788337763724,0.001,9.970165252685547
3908,7,408,1556,80.93283081054688,86.1336312460116,0.001,7.693657875061035
3909,7,409,2499,92.70366668701172,86.14640296362816,0.001,8.17253828048706
3910,7,410,2427,80.38380432128906,86.1311231133811,0.001,7.958105802536011
3911,7,411,2464,61.70502471923828,86.0989849658948,0.001,8.655672788619995
3912,7,412,2294,94.71586608886719,86.10971066497903,0.001,8.850266218185425
3913,7,413,1132,75.17327880859375,86.0797964758196,0.001,7.0823283195495605
3914,7,414,264,91.24068450927734,86.0937509403085,0.001,7.828824996948242
3915,7,415,2436,87.48639678955078,86.09554473361491,0.001,8.553034782409668
3916,7,416,2095,85.35198974609375,86.09294459028234,0.001,8.740770101547241
3917,7,417,266,99.04138946533203,86.13901620752287,0.001,8.932270765304565
3918,7,418,250,87.19910430908203,86.14036322638813,0.001,9.164694786071777
3919,7,419,2443,89.55858612060547,86.14936393329474,0.001,8.65501356124878
3920,7,420,2202,88.51968383789062,86.15777874022623,0.001,7.487123966217041
3921,7,421,2229,84.59141540527344,86.15522452627955,0.001,10.060422420501709
3922,7,422,1151,92.28093719482422,86.16633081037314,0.001,6.691439867019653
3923,7,423,1596,91.94081115722656,86.17692945426126,0.001,8.569904565811157
3924,7,424,1543,99.8910140991211,86.19434592706315,0.001,8.754172801971436
3925,7,425,1692,88.02102661132812,86.20070192492551,0.001,8.475394248962402
3926,7,426,1092,86.86080169677734,86.20300229591933,0.001,9.297405004501343
3927,7,427,2494,75.1534194946289,86.17448183837747,0.001,7.859304904937744
3928,7,428,1791,81.32950592041016,86.16562735499176,0.001,6.812624454498291
3929,7,429,1541,80.27525329589844,86.15900329242656,0.001,8.122964143753052
3930,7,430,1925,110.96456909179688,86.1893043682636,0.001,9.688579559326172
3931,7,431,256,79.04238891601562,86.17625609300438,0.001,8.545350074768066
3932,7,432,1648,96.846435546875,86.1958855590325,0.001,8.217140197753906
3933,7,433,272,88.97430419921875,86.20103139305404,0.001,9.459172010421753
3934,7,434,2067,87.93151092529297,86.20428624308818,0.001,9.135485649108887
3935,7,435,1128,74.04051208496094,86.17304372467648,0.001,9.482017040252686
3936,7,436,2101,93.4635009765625,86.19811416588847,0.001,6.833384037017822
3937,7,437,2216,90.23414611816406,86.20251588582872,0.001,8.114447116851807
3938,7,438,1858,81.627197265625,86.19098677803554,0.001,9.165217399597168
3939,7,439,1828,78.2535171508789,86.1635296198089,0.001,9.366544485092163
3940,7,440,2174,74.6854476928711,86.12587625891081,0.001,8.725249528884888
3941,7,441,1686,89.69220733642578,86.13784495003881,0.001,9.800984621047974
3942,7,442,2538,94.23628997802734,86.14758058087982,0.001,10.552984952926636
3943,7,443,1087,85.3179702758789,86.14485305863339,0.001,7.833864688873291
3944,7,444,2013,101.30193328857422,86.16265360484064,0.001,10.071133136749268
3945,7,445,2585,81.7452621459961,86.15181616552955,0.001,9.180189847946167
3946,7,446,2476,93.92858123779297,86.16110575000916,0.001,9.213272094726562
3947,7,447,2565,80.09388732910156,86.15377406274129,0.001,9.305633544921875
3948,7,448,1099,89.36833190917969,86.16446276810291,0.001,9.301437377929688
3949,7,449,1768,93.6092300415039,86.17321732800151,0.001,9.013108015060425
3950,7,450,2343,86.09247589111328,86.17307610716088,0.001,6.687001466751099
3951,7,451,2502,90.45874786376953,86.18733794936503,0.001,10.363395690917969
3952,7,452,1311,75.68001556396484,86.15291253637508,0.001,6.12676739692688
3953,7,453,2192,92.0231704711914,86.15868277680904,0.001,9.762822389602661
3954,7,454,28,96.39922332763672,86.1706130780061,0.001,8.456568241119385
3955,7,455,1439,87.74884033203125,86.17570215951912,0.001,9.732738733291626
3956,7,456,2552,90.19645690917969,86.18543471409083,0.001,9.925819873809814
3957,7,457,2422,78.44200134277344,86.17642208885124,0.001,9.09274411201477
3958,7,458,2157,79.82759094238281,86.15582207772087,0.001,9.011835098266602
3959,7,459,1342,84.22003936767578,86.15120878321623,0.001,10.034162282943726
3960,7,460,2073,82.11972045898438,86.14673906917365,0.001,9.61308741569519
3961,7,461,1620,84.93062591552734,86.14580058967533,0.001,9.561208724975586
3962,7,462,2435,85.93489837646484,86.1455501234935,0.001,7.6461920738220215
3963,7,463,2596,94.1705551147461,86.15938819581629,0.001,8.884615182876587
3964,7,464,2460,81.07769775390625,86.15355537575586,0.001,7.839351177215576
3965,7,465,2172,84.66626739501953,86.14991462788068,0.001,7.363790273666382
3966,7,466,2619,86.99323272705078,86.15124024123196,0.001,9.071972608566284
3967,7,467,2249,88.89159393310547,86.15794163253375,0.001,8.42688250541687
3968,7,468,2401,78.28062438964844,86.13883523147877,0.001,8.116177558898926
3969,7,469,1457,84.33197784423828,86.13314614678512,0.001,8.327843189239502
3970,7,470,1274,85.4134292602539,86.13146785344931,0.001,8.125684261322021
3971,7,471,1580,96.90699768066406,86.14970997508821,0.001,7.079876661300659
3972,7,472,2008,113.3609619140625,86.1772066264114,0.001,9.499512195587158
3973,7,473,2603,74.85724639892578,86.14239826003916,0.001,7.372107982635498
3974,7,474,2098,89.04235076904297,86.14689392222964,0.001,10.769320249557495
3975,7,475,1779,92.15062713623047,86.16569089448386,0.001,7.57928991317749
3976,7,476,2327,101.55457305908203,86.1910488417523,0.001,7.862884759902954
3977,7,477,1636,72.33950805664062,86.14766195209832,0.001,11.338685512542725
3978,7,478,1557,84.82432556152344,86.14351607708227,0.001,8.489124059677124
3979,7,479,2547,86.347900390625,86.14399379499955,0.001,9.401313543319702
3980,7,480,1918,79.9405517578125,86.12473305597196,0.001,8.193317890167236
3981,7,481,2694,101.0692367553711,86.1411281372297,0.001,9.716979265213013
3982,7,482,1317,80.75701904296875,86.13519658371034,0.001,8.760157108306885
3983,7,483,2793,80.65052032470703,86.11801410705411,0.001,8.2732093334198
3984,7,484,1793,92.36274719238281,86.13694426861242,0.001,8.30121111869812
3985,7,485,1693,89.80303955078125,86.14813177631254,0.001,8.334003210067749
3986,7,486,1764,88.10160827636719,86.15420929259741,0.001,8.874764204025269
3987,7,487,1878,86.6585464477539,86.15502263843105,0.001,8.465284585952759
3988,7,488,1527,86.16969299316406,86.15505588940246,0.001,8.53494381904602
3989,7,489,2583,90.87387084960938,86.16587359483589,0.001,7.922605276107788
3990,7,490,175,90.37071228027344,86.17283927785333,0.001,9.913306474685669
3991,7,491,2482,85.63880920410156,86.1712116982229,0.001,8.480671167373657
3992,7,492,2163,80.51437377929688,86.15809548267764,0.001,9.326939344406128
3993,7,493,2673,84.89434814453125,86.15520301194125,0.001,8.589599132537842
3994,7,494,254,75.72698974609375,86.1241060398194,0.001,8.905239582061768
3995,7,495,1346,97.65045928955078,86.15731887478725,0.001,7.936684608459473
3996,7,496,2432,75.25371551513672,86.14556755506618,0.001,9.400904893875122
3997,7,497,1259,77.9617691040039,86.13277421197758,0.001,8.40252161026001
3998,7,498,1649,77.4748306274414,86.11341770011094,0.001,8.260736227035522
3999,7,499,350,82.1371841430664,86.10450846843409,0.001,7.832727909088135
4000,8,0,2845,84.70572662353516,84.70572662353516,0.001,10.117178440093994
4001,8,1,37,80.91393280029297,82.8136123477768,0.001,9.594159603118896
4002,8,2,1149,72.21107482910156,79.89509041436368,0.001,9.6466805934906
4003,8,3,1434,89.61347198486328,81.92026553650105,0.001,8.815956592559814
4004,8,4,1310,82.31976318359375,82.00992011079252,0.001,7.248754024505615
4005,8,5,1675,87.60110473632812,82.60120780089534,0.001,6.497297048568726
4006,8,6,2775,87.35562896728516,83.21307902643736,0.001,9.139388084411621
4007,8,7,190,76.15833282470703,82.1463977383107,0.001,10.006998538970947
4008,8,8,382,77.77534484863281,81.93336367819471,0.001,6.958076238632202
4009,8,9,1945,79.21891021728516,81.5988229073365,0.001,8.801249980926514
4010,8,10,2593,78.0628890991211,81.29411302028375,0.001,7.4682395458221436
4011,8,11,2064,85.46478271484375,81.62209034371672,0.001,8.061358213424683
4012,8,12,1493,83.42861938476562,81.79215044588453,0.001,10.445539474487305
4013,8,13,1365,93.28346252441406,82.16605952405212,0.001,7.735227823257446
4014,8,14,2794,86.8606948852539,82.3153411662387,0.001,9.100278377532959
4015,8,15,1548,91.5429458618164,82.86544406762863,0.001,9.118823528289795
4016,8,16,2789,86.84959411621094,83.09738287907992,0.001,8.914437532424927
4017,8,17,1306,76.2865219116211,82.60651280193908,0.001,9.693243503570557
4018,8,18,1368,86.90322875976562,82.76987794672785,0.001,9.199004173278809
4019,8,19,2448,82.15912628173828,82.73038797209225,0.001,9.169958591461182
4020,8,20,1777,81.70317077636719,82.68326987601273,0.001,10.835744857788086
4021,8,21,405,90.97364044189453,82.95594585804068,0.001,10.12024450302124
4022,8,22,2458,77.97193908691406,82.74194662540681,0.001,5.860636234283447
4023,8,23,2758,100.22443389892578,83.46091857565345,0.001,10.309807777404785
4024,8,24,2767,84.00424194335938,83.48276141598272,0.001,12.19098162651062
4025,8,25,1902,90.14269256591797,83.73715962896438,0.001,8.965302228927612
4026,8,26,2340,87.35407257080078,83.86719793093332,0.001,10.99817681312561
4027,8,27,2282,84.31094360351562,83.8748142307098,0.001,10.198246479034424
4028,8,28,2668,93.62979888916016,84.21874940152152,0.001,10.286862134933472
4029,8,29,1938,83.46265411376953,84.20683235572527,0.001,10.286887168884277
4030,8,30,2929,85.89042663574219,84.26272408855135,0.001,9.815383434295654
4031,8,31,2197,94.91233825683594,84.60250690107964,0.001,9.163033723831177
4032,8,32,2335,96.13346862792969,84.78056532409569,0.001,10.101568698883057
4033,8,33,1117,90.45220184326172,84.95748578485274,0.001,8.600672483444214
4034,8,34,2911,78.9162368774414,84.87697520544258,0.001,9.581736087799072
4035,8,35,2425,88.18891143798828,84.9745254409177,0.001,7.8397438526153564
4036,8,36,2070,89.32083129882812,85.13776488549952,0.001,10.645595788955688
4037,8,37,388,97.78116607666016,85.2985635985127,0.001,11.108373641967773
4038,8,38,1756,91.08853912353516,85.4530424355244,0.001,9.280012369155884
4039,8,39,434,88.44993591308594,85.48769262166067,0.001,11.759170532226562
4040,8,40,2601,89.4760971069336,85.62306919992267,0.001,10.194632530212402
4041,8,41,2720,91.11355590820312,85.68499906429484,0.001,10.826428174972534
4042,8,42,2564,82.21819305419922,85.59988862745821,0.001,10.880815744400024
4043,8,43,2066,94.37393188476562,85.88122031978516,0.001,10.683592796325684
4044,8,44,325,83.26848602294922,85.81973429292394,0.001,7.959865093231201
4045,8,45,2181,97.98896789550781,85.9554987054724,0.001,9.82177472114563
4046,8,46,1577,86.89532470703125,85.97684247173015,0.001,10.426367044448853
4047,8,47,2523,91.73399353027344,86.14709553907703,0.001,9.699274063110352
4048,8,48,2533,67.00764465332031,85.84361255136214,0.001,10.84418511390686
4049,8,49,2347,83.67621612548828,85.79746232209045,0.001,10.631985664367676
4050,8,50,1900,92.77177429199219,85.86932601655877,0.001,12.142512083053589
4051,8,51,74,97.57968139648438,85.984296837716,0.001,11.628226041793823
4052,8,52,2909,84.8575210571289,85.9610257896129,0.001,12.423080444335938
4053,8,53,1089,88.45463562011719,86.02719087960521,0.001,10.822787761688232
4054,8,54,1627,98.0875244140625,86.26475356359447,0.001,12.490020990371704
4055,8,55,2834,82.0692367553711,86.15784664970126,0.001,10.201356649398804
4056,8,56,407,84.9617919921875,86.13550325117221,0.001,10.359614133834839
4057,8,57,2184,94.63941955566406,86.24850498390862,0.001,11.771530151367188
4058,8,58,2413,90.22874450683594,86.32151071553133,0.001,10.492077827453613
4059,8,59,1153,87.97248840332031,86.36071137294756,0.001,9.936137437820435
4060,8,60,64,97.76392364501953,86.45709460534106,0.001,10.73588228225708
4061,8,61,2452,101.04336547851562,86.70811564995344,0.001,9.977521657943726
4062,8,62,2590,100.42513275146484,86.86969306281362,0.001,10.203307390213013
4063,8,63,2511,86.95831298828125,86.87076998190378,0.001,10.069541454315186
4064,8,64,481,90.0372085571289,86.9230729249508,0.001,9.864282131195068
4065,8,65,1914,85.19141387939453,86.90956043674635,0.001,9.265639543533325
4066,8,66,436,87.4678955078125,86.91591390915198,0.001,7.290861129760742
4067,8,67,336,81.9957046508789,86.81111503155962,0.001,9.294195652008057
4068,8,68,1482,91.10147094726562,86.84289055667045,0.001,9.048988580703735
4069,8,69,2654,87.7885971069336,86.8624188288345,0.001,9.147295236587524
4070,8,70,693,85.78778076171875,86.84066826965807,0.001,7.361132621765137
4071,8,71,1399,81.6268310546875,86.73617819234867,0.001,8.523409366607666
4072,8,72,2251,96.4350814819336,86.84003807817228,0.001,7.651443243026733
4073,8,73,2906,83.8361587524414,86.7968099128972,0.001,8.716313123703003
4074,8,74,706,79.77387237548828,86.74807523055148,0.001,6.887829065322876
4075,8,75,1838,74.66514587402344,86.58018259335995,0.001,7.996605396270752
4076,8,76,1896,80.85499572753906,86.50090810154187,0.001,8.621557235717773
4077,8,77,1737,87.2047119140625,86.51341006563575,0.001,8.74384593963623
4078,8,78,73,81.96868133544922,86.48358740290165,0.001,8.207377910614014
4079,8,79,2927,86.91587829589844,86.4860017883175,0.001,9.742511987686157
4080,8,80,2479,84.91588592529297,86.46572833355629,0.001,8.807064056396484
4081,8,81,721,91.14581298828125,86.50922935860473,0.001,10.16271185874939
4082,8,82,2241,101.06463623046875,86.76471244449158,0.001,9.330247402191162
4083,8,83,471,87.42257690429688,86.77581134517634,0.001,7.533558130264282
4084,8,84,1097,96.06852722167969,86.83047631801202,0.001,8.698269605636597
4085,8,85,424,88.88065338134766,86.84801915788124,0.001,10.033113718032837
4086,8,86,273,88.93292999267578,86.87418286403421,0.001,8.619187355041504
4087,8,87,518,81.57479095458984,86.84283817599942,0.001,7.958008766174316
4088,8,88,1717,101.4870376586914,86.92754742579208,0.001,8.744823932647705
4089,8,89,1081,93.30647277832031,87.00513882507705,0.001,7.04776930809021
4090,8,90,2772,79.50341033935547,86.91543329606777,0.001,8.690346240997314
4091,8,91,2040,84.34526062011719,86.87445850999137,0.001,11.019700527191162
4092,8,92,1174,85.9543228149414,86.86368876818759,0.001,8.9171462059021
4093,8,93,2617,83.27369689941406,86.80903432891384,0.001,7.735550880432129
4094,8,94,2449,79.38440704345703,86.72461701772325,0.001,7.792676687240601
4095,8,95,1762,96.27071380615234,86.8315799416587,0.001,8.579049825668335
4096,8,96,1571,92.43775939941406,86.91404565870016,0.001,8.573875188827515
4097,8,97,519,80.45590209960938,86.81970807833412,0.001,9.728441715240479
4098,8,98,771,85.49049377441406,86.80545491763593,0.001,7.461352586746216
4099,8,99,1313,85.17223358154297,86.78325599991344,0.001,9.671483039855957
4100,8,100,2614,79.01441192626953,86.6754176493767,0.001,8.456835269927979
4101,8,101,2219,90.4620361328125,86.69310289431473,0.001,9.055813074111938
4102,8,102,2784,87.6056900024414,86.70569211225235,0.001,8.851784706115723
4103,8,103,507,99.71943664550781,86.75002909870496,0.001,8.52470088005066
4104,8,104,2543,86.47533416748047,86.74721982496135,0.001,8.253462314605713
4105,8,105,492,80.68588256835938,86.66604831821488,0.001,9.075909852981567
4106,8,106,2548,86.04034423828125,86.65993709721644,0.001,7.346207857131958
4107,8,107,274,88.2437744140625,86.675256732329,0.001,9.445711612701416
4108,8,108,1568,81.72589874267578,86.62740319198001,0.001,9.089414834976196
4109,8,109,770,90.08904266357422,86.6612623888652,0.001,8.975391626358032
4110,8,110,2235,87.59550476074219,86.67307482562663,0.001,9.894672870635986
4111,8,111,458,83.42437744140625,86.65800584304357,0.001,8.699317455291748
4112,8,112,819,84.49850463867188,86.63764076837079,0.001,7.7947096824646
4113,8,113,1676,84.59185028076172,86.61216861145428,0.001,8.499156951904297
4114,8,114,2782,78.69657135009766,86.51454381526905,0.001,9.371918678283691
4115,8,115,2672,84.9755859375,86.49587532566169,0.001,8.36268925666809
4116,8,116,1812,83.16146087646484,86.45568983654026,0.001,9.148004531860352
4117,8,117,372,79.93708801269531,86.43143044622049,0.001,7.1542603969573975
4118,8,118,2398,81.9571533203125,86.37943130653076,0.001,7.654895067214966
4119,8,119,961,79.20819854736328,86.29666763559837,0.001,10.476216554641724
4120,8,120,1495,90.95741271972656,86.33703914595037,0.001,9.220526695251465
4121,8,121,368,82.80191040039062,86.30581980526017,0.001,7.873775959014893
4122,8,122,1602,98.10591125488281,86.33747846398077,0.001,8.057140111923218
4123,8,123,773,96.75874328613281,86.42553870594466,0.001,10.070450782775879
4124,8,124,446,88.53461456298828,86.44307421933127,0.001,10.505215644836426
4125,8,125,904,78.25595092773438,86.39995201773957,0.001,8.367486715316772
4126,8,126,2535,88.43265533447266,86.4079830670045,0.001,9.261718511581421
4127,8,127,2117,91.48101043701172,86.44876160496844,0.001,9.051496267318726
4128,8,128,461,92.33917236328125,86.5121826000196,0.001,9.472008228302002
4129,8,129,2682,80.634033203125,86.44814208983551,0.001,7.410287380218506
4130,8,130,1372,78.6252670288086,86.38589938206482,0.001,8.969070196151733
4131,8,131,717,89.84011840820312,86.42231280272662,0.001,8.761061668395996
4132,8,132,523,89.55914306640625,86.4553473599321,0.001,7.925833702087402
4133,8,133,986,77.21185302734375,86.3823691362221,0.001,8.643139600753784
4134,8,134,2450,85.32597351074219,86.37438042576103,0.001,8.990840196609497
4135,8,135,342,81.80730438232422,86.3272023586492,0.001,8.779706001281738
4136,8,136,2901,91.81855010986328,86.35763409615998,0.001,8.853370189666748
4137,8,137,705,81.75546264648438,86.31083768064897,0.001,8.704532623291016
4138,8,138,956,82.93567657470703,86.27750801199151,0.001,9.05851149559021
4139,8,139,991,98.83963012695312,86.32085388451422,0.001,8.228516817092896
4140,8,140,514,98.35275268554688,86.38505997015999,0.001,8.256744623184204
4141,8,141,2608,87.43692016601562,86.39548948224122,0.001,10.141970157623291
4142,8,142,742,82.64961242675781,86.35924361516497,0.001,8.89852261543274
4143,8,143,808,87.07847595214844,86.36435947322904,0.001,8.577180624008179
4144,8,144,1262,88.19131469726562,86.3704870762315,0.001,9.5365731716156
4145,8,145,2075,75.82864379882812,86.31783112272274,0.001,9.263646364212036
4146,8,146,727,80.87614440917969,86.2997205567408,0.001,7.940072774887085
4147,8,147,2055,79.98506927490234,86.24056827715575,0.001,9.008945941925049
4148,8,148,1690,77.76718139648438,86.21209687620093,0.001,8.664863586425781
4149,8,149,1473,84.64544677734375,86.20530151768453,0.001,9.672661304473877
4150,8,150,778,92.87330627441406,86.25107953416868,0.001,8.505000114440918
4151,8,151,2584,83.03881072998047,86.22179972947386,0.001,10.120903968811035
4152,8,152,1395,107.43531036376953,86.29197586973345,0.001,8.645924091339111
4153,8,153,1965,85.05451202392578,86.28070742013969,0.001,10.04892349243164
4154,8,154,455,67.48225402832031,86.23434006416518,0.001,7.726688385009766
4155,8,155,2328,79.08554077148438,86.19958114956181,0.001,9.016799926757812
4156,8,156,787,88.52253723144531,86.20709815994245,0.001,9.984384298324585
4157,8,157,2537,83.64517211914062,86.18966419895297,0.001,9.81916856765747
4158,8,158,378,95.89521026611328,86.27509232039286,0.001,7.450143814086914
4159,8,159,2510,80.28060150146484,86.2232556822844,0.001,8.7089204788208
4160,8,160,2610,82.9933853149414,86.21320469407289,0.001,9.53336477279663
4161,8,161,521,83.50178527832031,86.20485208747361,0.001,7.821934938430786
4162,8,162,616,89.52305603027344,86.23309588002766,0.001,7.521454811096191
4163,8,163,803,102.6270980834961,86.28193121748457,0.001,10.127556085586548
4164,8,164,707,86.71605682373047,86.28317180926165,0.001,9.46892762184143
4165,8,165,913,84.00192260742188,86.27282028932464,0.001,10.659470081329346
4166,8,166,403,83.52916717529297,86.26049938191561,0.001,7.857457399368286
4167,8,167,685,86.88709259033203,86.26439922975001,0.001,8.129692792892456
4168,8,168,2225,90.40208435058594,86.29885464673303,0.001,7.228921175003052
4169,8,169,337,78.29908752441406,86.26664100617577,0.001,9.672235250473022
4170,8,170,852,92.57951354980469,86.30534062470161,0.001,9.522611379623413
4171,8,171,29,81.12641906738281,86.27366205242416,0.001,8.80059266090393
4172,8,172,2505,86.16841125488281,86.27334760452155,0.001,9.305209875106812
4173,8,173,69,89.10238647460938,86.29651099595384,0.001,9.521760940551758
4174,8,174,825,80.1272201538086,86.27912864870356,0.001,8.711628913879395
4175,8,175,363,90.42877197265625,86.29103234319876,0.001,9.391974925994873
4176,8,176,469,90.7420425415039,86.3265472699008,0.001,7.661028623580933
4177,8,177,1105,78.91010284423828,86.30455053351271,0.001,8.121484994888306
4178,8,178,2930,87.00091552734375,86.30648601206767,0.001,10.190250158309937
4179,8,179,977,85.98812866210938,86.30517425375561,0.001,9.578932285308838
4180,8,180,1769,81.9908676147461,86.27090480765136,0.001,8.991721630096436
4181,8,181,361,85.52651977539062,86.26537407687788,0.001,9.791034698486328
4182,8,182,1845,78.98222351074219,86.24627576698693,0.001,8.058225870132446
4183,8,183,56,87.94243621826172,86.25612278452637,0.001,7.771878957748413
4184,8,184,710,84.38867950439453,86.24540079488433,0.001,9.865009784698486
4185,8,185,2709,100.01040649414062,86.2826647778594,0.001,8.751628637313843
4186,8,186,1441,79.04560852050781,86.26243204772324,0.001,8.141685247421265
4187,8,187,2613,98.07746124267578,86.32902602659836,0.001,8.516984701156616
4188,8,188,490,88.12109375,86.33398272667485,0.001,8.344880819320679
4189,8,189,98,89.45250701904297,86.3575837360629,0.001,8.21198558807373
4190,8,190,38,83.55664825439453,86.34624062205532,0.001,8.558973550796509
4191,8,191,2513,101.94635009765625,86.38770084018319,0.001,8.050434350967407
4192,8,192,2652,89.05714416503906,86.39468925009267,0.001,6.604329824447632
4193,8,193,951,90.18547821044922,86.41572844856192,0.001,8.282230615615845
4194,8,194,728,82.083740234375,86.39167850225351,0.001,5.7433507442474365
4195,8,195,94,78.01103210449219,86.33379936978427,0.001,8.301157474517822
4196,8,196,2563,75.4258804321289,86.29101354332128,0.001,8.770834922790527
4197,8,197,68,94.15803527832031,86.32226385985625,0.001,8.530384540557861
4198,8,198,67,85.71501159667969,86.31896761728926,0.001,9.498905897140503
4199,8,199,344,84.381103515625,86.3139616302524,0.001,8.116739511489868
4200,8,200,377,87.4355697631836,86.3182800233141,0.001,7.793812036514282
4201,8,201,789,80.9141616821289,86.28941117018367,0.001,8.617453575134277
4202,8,202,2580,89.05113220214844,86.30857491614711,0.001,9.777071714401245
4203,8,203,2387,96.77742767333984,86.34829926308505,0.001,9.848519325256348
4204,8,204,864,94.92547607421875,86.36875050960627,0.001,8.354973793029785
4205,8,205,919,86.31231689453125,86.36834895991393,0.001,8.901391983032227
4206,8,206,1326,91.28185272216797,86.38042687034054,0.001,10.225137948989868
4207,8,207,2378,88.86479187011719,86.39351934592786,0.001,8.614883422851562
4208,8,208,77,86.08653259277344,86.39190781327906,0.001,7.396390199661255
4209,8,209,2243,86.14466094970703,86.39020703135998,0.001,8.585139036178589
4210,8,210,870,86.8389663696289,86.39185439219467,0.001,7.038562536239624
4211,8,211,743,84.3678207397461,86.38695443826877,0.001,9.06013560295105
4212,8,212,400,89.44970703125,86.39695214870468,0.001,9.58046817779541
4213,8,213,2149,81.13665008544922,86.36986414766515,0.001,8.304871797561646
4214,8,214,774,86.9920883178711,86.37300914275237,0.001,8.415516138076782
4215,8,215,611,88.90455627441406,86.38195251674897,0.001,8.812600374221802
4216,8,216,954,73.79475402832031,86.35190797754731,0.001,9.402401685714722
4217,8,217,2669,98.50053405761719,86.38126003001697,0.001,8.47088885307312
4218,8,218,1570,86.54339599609375,86.38164991739572,0.001,7.063094139099121
4219,8,219,376,103.01626586914062,86.42171666225744,0.001,7.562798261642456
4220,8,220,981,91.32386016845703,86.44607577129858,0.001,7.025738000869751
4221,8,221,2546,85.57704162597656,86.44182288602838,0.001,7.845499038696289
4222,8,222,759,86.35164642333984,86.44138471271802,0.001,9.311696767807007
4223,8,223,686,73.8697280883789,86.37863193174516,0.001,9.347964763641357
4224,8,224,2529,89.46173858642578,86.39396596376002,0.001,7.827250957489014
4225,8,225,432,78.5445785522461,86.35671218343852,0.001,7.7186198234558105
4226,8,226,719,81.00048065185547,86.32234268080494,0.001,8.148532152175903
4227,8,227,858,92.76358795166016,86.33567461088876,0.001,8.16103482246399
4228,8,228,811,73.63899993896484,86.30885717244833,0.001,9.79681134223938
4229,8,229,522,76.04957580566406,86.24356850889629,0.001,8.037564516067505
4230,8,230,488,87.35193634033203,86.2504844214434,0.001,9.047470331192017
4231,8,231,2588,87.53742218017578,86.25863744464624,0.001,10.087391376495361
4232,8,232,801,85.79077911376953,86.2571190016409,0.001,9.594263315200806
4233,8,233,2832,78.31172180175781,86.21017388081894,0.001,9.310020685195923
4234,8,234,2874,87.61363983154297,86.21654499850357,0.001,8.136564254760742
4235,8,235,468,85.66724395751953,86.21320537263915,0.001,7.612443923950195
4236,8,236,916,89.80319213867188,86.22119652142402,0.001,8.239492893218994
4237,8,237,915,96.70543670654297,86.24326408730978,0.001,9.301809072494507
4238,8,238,1516,82.7489242553711,86.22742349311103,0.001,8.497147560119629
4239,8,239,2377,75.46846008300781,86.17873509209481,0.001,10.8911874294281
4240,8,240,2923,91.6653823852539,86.19594794003244,0.001,7.3416383266448975
4241,8,241,680,104.32730865478516,86.23457376617918,0.001,7.46026086807251
4242,8,242,1263,96.52484893798828,86.28080436612585,0.001,9.01260232925415
4243,8,243,873,89.23152160644531,86.286355129903,0.001,8.277571201324463
4244,8,244,989,90.31746673583984,86.30433571600189,0.001,8.582664966583252
4245,8,245,2455,101.64807891845703,86.33765048451843,0.001,8.450126647949219
4246,8,246,1797,71.80951690673828,86.30621094896512,0.001,6.493187665939331
4247,8,247,374,74.84931182861328,86.23900252878532,0.001,8.374525308609009
4248,8,248,65,92.06331634521484,86.2515344177319,0.001,8.10062861442566
4249,8,249,2522,78.9968490600586,86.21994389243817,0.001,9.50690746307373
4250,8,250,607,95.71012115478516,86.23900189670952,0.001,8.643813848495483
4251,8,251,32,78.8568344116211,86.19529421883871,0.001,7.8284032344818115
4252,8,252,448,96.9854507446289,86.2432307689182,0.001,7.586002349853516
4253,8,253,2188,88.37286376953125,86.25236353466606,0.001,8.785097360610962
4254,8,254,966,81.45382690429688,86.23788568156397,0.001,7.645124435424805
4255,8,255,689,89.9559097290039,86.2492608993555,0.001,8.855417728424072
4256,8,256,2000,87.2918930053711,86.25136491249602,0.001,8.502736806869507
4257,8,257,367,96.05619049072266,86.28093096350487,0.001,9.391103267669678
4258,8,258,1333,104.94100189208984,86.36055054167393,0.001,8.4159574508667
4259,8,259,682,92.14083862304688,86.39295047864803,0.001,8.123097658157349
4260,8,260,694,82.84210205078125,86.37304602575666,0.001,9.338114976882935
4261,8,261,2781,76.6015625,86.3473738720955,0.001,7.9540135860443115
4262,8,262,1393,89.08570098876953,86.35888998756845,0.001,7.68903923034668
4263,8,263,1302,86.43769836425781,86.35929892454676,0.001,7.663321018218994
4264,8,264,788,81.49249267578125,86.33238122073456,0.001,8.377618551254272
4265,8,265,861,92.33261108398438,86.35007547240602,0.001,9.01601767539978
4266,8,266,827,94.29597473144531,86.36949957444364,0.001,8.28294324874878
4267,8,267,832,76.61695098876953,86.31658653833352,0.001,7.527839422225952
4268,8,268,601,86.13480377197266,86.31560086414345,0.001,9.608439207077026
4269,8,269,408,74.04642486572266,86.2803903696804,0.001,8.022475957870483
4270,8,270,920,86.39942169189453,86.28103954368207,0.001,8.671241283416748
4271,8,271,1265,93.5431900024414,86.29501633325837,0.001,7.627827882766724
4272,8,272,2692,87.55046081542969,86.30171537639016,0.001,8.754774570465088
4273,8,273,2864,85.2907943725586,86.29880059117022,0.001,9.913846731185913
4274,8,274,1551,93.59068298339844,86.32829097648967,0.001,6.555924654006958
4275,8,275,2341,79.98981475830078,86.29459433483578,0.001,6.572075128555298
4276,8,276,863,82.38690185546875,86.27908313187417,0.001,10.572822570800781
4277,8,277,914,83.57113647460938,86.26848902129676,0.001,8.895425796508789
4278,8,278,1383,91.69850158691406,86.283910574552,0.001,9.929402112960815
4279,8,279,459,109.7550277709961,86.32725258075126,0.001,9.312594890594482
4280,8,280,60,87.17440032958984,86.32960411289788,0.001,9.772194623947144
4281,8,281,1343,86.97967529296875,86.3307306658684,0.001,8.760998487472534
4282,8,282,814,74.72893524169922,86.30868927135637,0.001,9.041222095489502
4283,8,283,1554,87.27582550048828,86.31049811724787,0.001,10.327138423919678
4284,8,284,2534,101.0254135131836,86.33795235506756,0.001,8.095877408981323
4285,8,285,1181,96.76005554199219,86.37717795189208,0.001,7.718108654022217
4286,8,286,2298,74.85603332519531,86.35659334584355,0.001,7.907518148422241
4287,8,287,962,75.31558990478516,86.32608010978363,0.001,8.647823095321655
4288,8,288,1111,87.91962432861328,86.33215179697106,0.001,8.922068357467651
4289,8,289,699,77.55782318115234,86.29926494166999,0.001,7.672924995422363
4290,8,290,2750,83.85213470458984,86.29487276046315,0.001,8.324979543685913
4291,8,291,1093,84.18067932128906,86.28440887569647,0.001,8.525177955627441
4292,8,292,2462,87.6986083984375,86.29159987930913,0.001,8.552322149276733
4293,8,293,1503,82.51879119873047,86.282276524685,0.001,8.424483060836792
4294,8,294,2660,89.56015014648438,86.29827158600047,0.001,9.514315128326416
4295,8,295,2861,80.08484649658203,86.27499590819694,0.001,9.605713129043579
4296,8,296,2272,85.02552795410156,86.27036889551908,0.001,7.851796388626099
4297,8,297,1090,86.54414367675781,86.27108201769884,0.001,8.08949327468872
4298,8,298,2722,72.89192962646484,86.24935699756254,0.001,7.22505784034729
4299,8,299,401,82.30052185058594,86.23481668796794,0.001,7.704785585403442
4300,8,300,1360,98.4417724609375,86.25554505357618,0.001,7.65872597694397
4301,8,301,390,94.62466430664062,86.27688055333151,0.001,9.56230616569519
4302,8,302,2140,95.6850357055664,86.29255863574058,0.001,9.198525667190552
4303,8,303,2871,74.82760620117188,86.23724157659727,0.001,9.335113048553467
4304,8,304,2706,79.25569915771484,86.22576739179799,0.001,9.881263256072998
4305,8,305,1480,86.6507797241211,86.22649009361047,0.001,8.86981749534607
4306,8,306,1585,86.95051574707031,86.22993187155569,0.001,9.958386182785034
4307,8,307,447,95.28510284423828,86.2456576816847,0.001,9.073519945144653
4308,8,308,2595,93.20635986328125,86.25748796918162,0.001,8.307446718215942
4309,8,309,340,82.10758209228516,86.24257731737865,0.001,8.857449054718018
4310,8,310,1373,75.46116638183594,86.212304357276,0.001,8.45262598991394
4311,8,311,453,99.09896087646484,86.24483285286405,0.001,8.968203067779541
4312,8,312,1807,86.70527648925781,86.24698280517632,0.001,8.49180269241333
4313,8,313,990,76.71095275878906,86.21247837114721,0.001,9.021478176116943
4314,8,314,2569,101.72220611572266,86.25143568455034,0.001,7.6822874546051025
4315,8,315,2763,94.78292846679688,86.26563668973276,0.001,8.316100358963013
4316,8,316,972,88.41889190673828,86.27305025626183,0.001,7.453275918960571
4317,8,317,496,80.68798828125,86.25435425659923,0.001,9.536706686019897
4318,8,318,851,85.92757415771484,86.25280245947214,0.001,7.9121949672698975
4319,8,319,834,90.71939849853516,86.2734014933213,0.001,8.59937047958374
4320,8,320,392,90.19574737548828,86.29126848271657,0.001,7.695373296737671
4321,8,321,441,81.06307220458984,86.27333158748318,0.001,6.140549182891846
4322,8,322,2392,86.06048583984375,86.27280415887941,0.001,7.4743263721466064
4323,8,323,695,85.98444366455078,86.2718105309797,0.001,8.69982123374939
4324,8,324,1844,103.75145721435547,86.29705640398087,0.001,9.126539707183838
4325,8,325,2099,76.71038055419922,86.27364753024496,0.001,8.9857816696167
4326,8,326,1616,93.31305694580078,86.298065610533,0.001,9.028677225112915
4327,8,327,383,90.4842529296875,86.31632201193655,0.001,10.253332614898682
4328,8,328,1111,87.9381332397461,86.32176272144662,0.001,9.917079448699951
4329,8,329,1463,83.00643920898438,86.31714228684265,0.001,8.365888595581055
4330,8,330,1460,89.18683624267578,86.32404248066868,0.001,9.209674596786499
4331,8,331,1339,94.32595825195312,86.33699581353338,0.001,10.254599809646606
4332,8,332,1090,86.54681396484375,86.33748932663572,0.001,8.713843822479248
4333,8,333,1925,110.6337661743164,86.37567079527675,0.001,9.678014755249023
4334,8,334,1306,76.45325469970703,86.33189229426965,0.001,8.860874891281128
4335,8,335,1481,80.46489715576172,86.31223570883932,0.001,9.039888143539429
4336,8,336,1858,81.22799682617188,86.29565487385942,0.001,8.270514488220215
4337,8,337,1482,91.15476989746094,86.30317752541278,0.001,9.54185175895691
4338,8,338,1089,88.43492889404297,86.31248132289964,0.001,7.656810998916626
4339,8,339,1596,92.13440704345703,86.3257653233025,0.001,8.725423097610474
4340,8,340,1099,89.36893463134766,86.33901146329508,0.001,8.296303510665894
4341,8,341,1181,96.7610092163086,86.37204415318777,0.001,7.382314443588257
4342,8,342,1373,75.46038055419922,86.34429099690028,0.001,9.350486755371094
4343,8,343,1862,80.13895416259766,86.33472948564386,0.001,7.395413637161255
4344,8,344,1117,90.35065460205078,86.34790614975365,0.001,8.017996072769165
4345,8,345,2040,84.27041625976562,86.3389077432806,0.001,8.19372844696045
4346,8,346,1848,84.36453247070312,86.33046820374314,0.001,7.671201705932617
4347,8,347,1682,77.35986328125,86.30197802173213,0.001,8.18938159942627
4348,8,348,1819,88.50078582763672,86.30533363094142,0.001,6.809328079223633
4349,8,349,1441,79.1155014038086,86.29421892553235,0.001,6.692825078964233
4350,8,350,1909,87.47928619384766,86.29914004333241,0.001,8.072290182113647
4351,8,351,1317,80.63390350341797,86.29064125031168,0.001,9.397258281707764
4352,8,352,1457,84.32123565673828,86.28246777974599,0.001,10.046676874160767
4353,8,353,1365,93.21058654785156,86.2928510068403,0.001,9.288435935974121
4354,8,354,1717,101.47130584716797,86.31523364401852,0.001,8.05569052696228
4355,8,355,1127,89.23283386230469,86.32188383387893,0.001,7.515720844268799
4356,8,356,1132,75.05921936035156,86.28624180852833,0.001,7.0400755405426025
4357,8,357,1527,86.22333526611328,86.2860475486486,0.001,8.247105598449707
4358,8,358,1756,91.19280242919922,86.30099683344874,0.001,7.351395130157471
4359,8,359,2013,101.37284851074219,86.32283012127002,0.001,8.797224044799805
4360,8,360,2140,95.71014404296875,86.33604539843306,0.001,8.049633502960205
4361,8,361,1878,86.59638977050781,86.33661154459318,0.001,7.485574245452881
4362,8,362,1675,87.61907958984375,86.33939764965088,0.001,8.74554443359375
4363,8,363,1360,98.44763946533203,86.35659435067255,0.001,8.138655662536621
4364,8,364,1554,87.27336120605469,86.35795095223428,0.001,7.329896450042725
4365,8,365,2172,84.84205627441406,86.3532392845768,0.001,8.35867977142334
4366,8,366,1627,98.14871978759766,86.38948806171946,0.001,7.999367713928223
4367,8,367,1602,98.19334411621094,86.40080232512238,0.001,8.616450071334839
4368,8,368,1846,85.5811538696289,86.39833580311694,0.001,8.825437068939209
4369,8,369,1896,80.85460662841797,86.38167541073976,0.001,9.390785932540894
4370,8,370,1311,75.60393524169922,86.33847145956555,0.001,9.86656928062439
4371,8,371,1569,89.86862182617188,86.34914814130289,0.001,10.222909450531006
4372,8,372,1751,85.42088317871094,86.34715543453626,0.001,7.776925325393677
4373,8,373,2149,81.14347839355469,86.33136846730241,0.001,8.681340217590332
4374,8,374,1265,93.54334259033203,86.34165579296646,0.001,10.336763620376587
4375,8,375,1617,88.28461456298828,86.34909498196107,0.001,9.14217209815979
4376,8,376,1173,95.62016296386719,86.36228081232885,0.001,8.987908124923706
4377,8,377,1439,87.76974487304688,86.36775961400075,0.001,9.145076990127563
4378,8,378,2157,79.75989532470703,86.34180147847572,0.001,10.059423685073853
4379,8,379,1443,78.05408477783203,86.30955424038449,0.001,8.597731590270996
4380,8,380,175,90.3140869140625,86.31810740203326,0.001,9.468753099441528
4381,8,381,1302,86.38938903808594,86.31836690162821,0.001,9.599988222122192
4382,8,382,2184,94.61222839355469,86.33577775417847,0.001,10.059777975082397
4383,8,383,2007,84.4623031616211,86.33036838389773,0.001,7.548872709274292
4384,8,384,1473,84.64128112792969,86.32732149994702,0.001,9.640273571014404
4385,8,385,1334,86.854736328125,86.32803598907617,0.001,7.5654449462890625
4386,8,386,1965,85.05449676513672,86.32309956412615,0.001,9.489193201065063
4387,8,387,1548,91.5633773803711,86.33757772325774,0.001,9.20211148262024
4388,8,388,2050,74.64049530029297,86.31404649274107,0.001,9.31228256225586
4389,8,389,1346,97.63986206054688,86.35567930772248,0.001,8.734840393066406
4390,8,390,1699,86.60794830322266,86.35618051664166,0.001,9.523972272872925
4391,8,391,2225,90.39964294433594,86.37147476730863,0.001,9.770373106002808
4392,8,392,2203,95.41687774658203,86.40571642828834,0.001,8.31488585472107
4393,8,393,2229,84.6960678100586,86.40273159021625,0.001,9.022516012191772
4394,8,394,1324,89.10460662841797,86.41279120069619,0.001,9.943451881408691
4395,8,395,2071,94.8675308227539,86.4296365614569,0.001,12.829367876052856
4396,8,396,1568,81.7292709350586,86.41655457964012,0.001,13.155941009521484
4397,8,397,1951,92.52877807617188,86.43366619839972,0.001,8.876218557357788
4398,8,398,1493,83.3988037109375,86.42237128442717,0.001,12.634851932525635
4399,8,399,1495,90.95185089111328,86.43500806812803,0.001,10.354499578475952
4400,8,400,2243,86.09489440917969,86.43375098185557,0.001,8.244213104248047
4401,8,401,1394,78.06888580322266,86.41067375936682,0.001,9.197000980377197
4402,8,402,1344,81.0470962524414,86.39604871494349,0.001,8.186209440231323
4403,8,403,2270,84.75180053710938,86.38997298155772,0.001,7.677416086196899
4404,8,404,1113,87.57996368408203,86.39430337050946,0.001,7.981000661849976
4405,8,405,1264,88.27085876464844,86.39678757069795,0.001,9.664745569229126
4406,8,406,1903,85.88160705566406,86.39580195160772,0.001,9.58066439628601
4407,8,407,1766,87.81932830810547,86.39711702094354,0.001,8.84340786933899
4408,8,408,1480,86.71404266357422,86.39752067166434,0.001,10.028815269470215
4409,8,409,1549,94.64722442626953,86.41395538893057,0.001,8.054620742797852
4410,8,410,2098,88.9693832397461,86.41849482394895,0.001,9.282279968261719
4411,8,411,1735,79.5647201538086,86.40959258252445,0.001,9.330978870391846
4412,8,412,2113,87.29524993896484,86.4120116086329,0.001,9.894898891448975
4413,8,413,1938,83.49473571777344,86.40840400753183,0.001,8.134089946746826
4414,8,414,2067,87.6991195678711,86.41093965568625,0.001,9.68459153175354
4415,8,415,1648,96.97643280029297,86.43112644125539,0.001,8.023370265960693
4416,8,416,2297,85.00320434570312,86.42722484296853,0.001,8.854666709899902
4417,8,417,1679,72.75747680664062,86.40062823931893,0.001,8.599183559417725
4418,8,418,2174,74.70538330078125,86.3603020238113,0.001,8.35953164100647
4419,8,419,2070,89.30362701416016,86.37068069356278,0.001,8.474954605102539
4420,8,420,1814,76.65254211425781,86.34535689024669,0.001,8.548471450805664
4421,8,421,1453,95.03246307373047,86.35552910075445,0.001,8.782586574554443
4422,8,422,1576,96.10923767089844,86.36758222886766,0.001,9.20244574546814
4423,8,423,2202,88.47779846191406,86.37502640388547,0.001,8.807984828948975
4424,8,424,2282,84.45755004882812,86.37263588411932,0.001,11.126151323318481
4425,8,425,1519,87.14942932128906,86.37470717741792,0.001,7.560711145401001
4426,8,426,1532,94.96582794189453,86.40440331289666,0.001,9.358218908309937
4427,8,427,1440,92.70610809326172,86.42044692966715,0.001,10.321632385253906
4428,8,428,1126,80.69572448730469,86.40059535589526,0.001,9.445151805877686
4429,8,429,2205,92.89387512207031,86.41767278436045,0.001,7.49932861328125
4430,8,430,2080,78.74867248535156,86.39115246435662,0.001,8.512863874435425
4431,8,431,1791,81.56510162353516,86.38241765299585,0.001,10.164742231369019
4432,8,432,2427,80.533935546875,86.36772503692553,0.001,9.380238771438599
4433,8,433,2147,87.30182647705078,86.37093028827233,0.001,8.280704498291016
4434,8,434,1821,99.46490478515625,86.38680670516575,0.001,9.048055171966553
4435,8,435,1879,81.82376861572266,86.37835586507074,0.001,8.134069919586182
4436,8,436,1693,89.96089935302734,86.39045049599595,0.001,10.414098024368286
4437,8,437,1182,76.07959747314453,86.36410209241912,0.001,9.7789888381958
4438,8,438,2192,92.06524658203125,86.36986649223388,0.001,8.584769487380981
4439,8,439,2458,77.8872299194336,86.3485174342514,0.001,9.910634279251099
4440,8,440,2064,85.49520111083984,86.34634348996487,0.001,8.413864135742188
4441,8,441,1823,82.42044830322266,86.33290491666304,0.001,7.341840028762817
4442,8,442,1802,92.62104034423828,86.34858410176548,0.001,8.703840970993042
4443,8,443,1794,79.03684997558594,86.33063185215627,0.001,8.89735221862793
4444,8,444,1342,83.93350982666016,86.3247690106359,0.001,9.25855541229248
4445,8,445,2499,92.70225524902344,86.33612457080491,0.001,8.64978814125061
4446,8,446,1370,73.68849182128906,86.30452646383861,0.001,6.884836912155151
4447,8,447,2448,82.18305969238281,86.2910177668017,0.001,8.060568809509277
4448,8,448,37,80.8746337890625,86.27331164957461,0.001,8.782311201095581
4449,8,449,1844,103.74246978759766,86.29152299507192,0.001,9.612184286117554
4450,8,450,2294,94.76998138427734,86.301131503701,0.001,7.968161344528198
4451,8,451,1762,96.2605209350586,86.32550484898607,0.001,8.556427717208862
4452,8,452,2117,91.51335144042969,86.33789772029971,0.001,9.933931112289429
4453,8,453,1551,93.60331726074219,86.3559283415886,0.001,8.603620290756226
4454,8,454,1772,86.01383209228516,86.35480102562815,0.001,9.228867530822754
4455,8,455,1812,83.1624755859375,86.3443567745154,0.001,8.297904253005981
4456,8,456,2349,82.18810272216797,86.33103522270201,0.001,8.615492343902588
4457,8,457,1828,77.9710922241211,86.30358588378168,0.001,10.942228078842163
4458,8,458,1128,74.15657806396484,86.27435210039252,0.001,7.625369310379028
4459,8,459,2401,78.16911315917969,86.25464338854337,0.001,7.825556039810181
4460,8,460,1616,93.3617935180664,86.27203470508834,0.001,7.323719501495361
4461,8,461,2406,88.48690795898438,86.27914410381888,0.001,9.049720287322998
4462,8,462,2422,78.5969009399414,86.27042143757153,0.001,8.48431396484375
4463,8,463,1514,92.139892578125,86.27701986983425,0.001,9.992942333221436
4464,8,464,1397,81.67378234863281,86.26229425316389,0.001,7.968690395355225
4465,8,465,2051,83.54448699951172,86.25582458248854,0.001,8.716267108917236
4466,8,466,1888,78.50128173828125,86.23182239932723,0.001,9.59276533126831
4467,8,467,1918,80.03260803222656,86.21234071745016,0.001,8.601500034332275
4468,8,468,1636,72.37232208251953,86.16897423628411,0.001,8.4579017162323
4469,8,469,190,76.0975570678711,86.13684059573565,0.001,9.098760604858398
4470,8,470,2197,94.91551208496094,86.15717193261082,0.001,9.561450242996216
4471,8,471,1262,88.18272399902344,86.1593846379541,0.001,7.792240858078003
4472,8,472,2204,94.34713745117188,86.18434270597649,0.001,10.385879039764404
4473,8,473,1779,92.00537872314453,86.20225747293654,0.001,8.421187162399292
4474,8,474,1817,68.34194946289062,86.18324413872367,0.001,9.08179235458374
4475,8,475,1088,87.01484680175781,86.18512206706104,0.001,9.239792108535767
4476,8,476,1902,90.17095947265625,86.19430950424855,0.001,7.943992614746094
4477,8,477,1151,92.4284896850586,86.20416346019067,0.001,9.105018615722656
4478,8,478,2523,91.7420654296875,86.22110336818962,0.001,8.798454999923706
4479,8,479,273,88.96088409423828,86.22742028955435,0.001,9.046990156173706
4480,8,480,1541,80.24271392822266,86.22149832626064,0.001,8.921296119689941
4481,8,481,2101,93.47686767578125,86.2437077047454,0.001,8.882863521575928
4482,8,482,2166,84.49263000488281,86.24088033912902,0.001,9.32831859588623
4483,8,483,1105,78.9026107788086,86.23262905446079,0.001,9.312211275100708
4484,8,484,2425,88.18180847167969,86.2370616059736,0.001,8.091707468032837
4485,8,485,1557,84.85466766357422,86.2328752205546,0.001,8.264315843582153
4486,8,486,2596,94.12458038330078,86.24557002513899,0.001,8.26673173904419
4487,8,487,2601,89.48182678222656,86.25510066680405,0.001,8.606605291366577
4488,8,488,2000,87.05000305175781,86.25594042818611,0.001,7.84673547744751
4489,8,489,178,80.7613296508789,86.24392701225169,0.001,8.23701524734497
4490,8,490,1945,79.232666015625,86.22302716398579,0.001,9.232490062713623
4491,8,491,1506,78.99453735351562,86.21573940883604,0.001,9.358963966369629
4492,8,492,2546,85.42933654785156,86.21400280102739,0.001,8.039097785949707
4493,8,493,2580,89.05911254882812,86.22223639572994,0.001,8.672679424285889
4494,8,494,1642,83.38602447509766,86.21604354444449,0.001,8.49402666091919
4495,8,495,2668,93.64449310302734,86.23264880728766,0.001,7.9441375732421875
4496,8,496,1809,87.15868377685547,86.23531886321187,0.001,8.345410823822021
4497,8,497,2614,79.06024169921875,86.21446652978727,0.001,9.166633605957031
4498,8,498,2432,75.2404556274414,86.20286976949589,0.001,7.787378549575806
4499,8,499,1097,96.10214233398438,86.21292033979556,0.001,8.292473554611206
4500,9,0,2095,85.35517883300781,85.35517883300781,0.001,9.88326120376587
4501,9,1,2181,97.98783874511719,88.73547170101833,0.001,9.603454828262329
4502,9,2,2055,80.03578186035156,85.01570631240362,0.001,8.624053239822388
4503,9,3,1442,83.47753143310547,84.73206884013375,0.001,8.893754482269287
4504,9,4,2340,87.36215209960938,85.26762275349978,0.001,7.976612091064453
4505,9,5,2750,84.03614807128906,85.15737644861615,0.001,8.94639778137207
4506,9,6,1363,86.41432189941406,85.35731326670748,0.001,8.748225688934326
4507,9,7,1793,92.41007232666016,86.5803275722491,0.001,8.695273637771606
4508,9,8,1361,80.63845825195312,86.22971718321624,0.001,7.57953953742981
4509,9,9,2216,90.17670440673828,86.42820166808029,0.001,7.467411994934082
4510,9,10,2563,75.3881607055664,85.56921205997004,0.001,8.83517336845398
4511,9,11,2452,101.07633209228516,87.08795499089783,0.001,9.90228271484375
4512,9,12,2585,81.67861938476562,86.6137880252236,0.001,10.010316610336304
4513,9,13,2593,78.07006072998047,85.89919049457477,0.001,7.632760524749756
4514,9,14,1372,78.59568786621094,85.34872253919791,0.001,9.082852125167847
4515,9,15,2347,83.5958251953125,85.22551338614076,0.001,8.905475378036499
4516,9,16,2548,86.03097534179688,85.27769115686,0.001,8.98331069946289
4517,9,17,2034,88.48274230957031,85.53281151552537,0.001,9.145869016647339
4518,9,18,1571,92.42572784423828,86.04662688983983,0.001,9.653695821762085
4519,9,19,1470,93.0743179321289,86.41066948461204,0.001,7.581406831741333
4520,9,20,2343,86.03743743896484,86.39717653211777,0.001,9.693356275558472
4521,9,21,1580,97.16004943847656,86.77656728215007,0.001,9.659974098205566
4522,9,22,1120,81.2851333618164,86.59787258634078,0.001,9.42568325996399
4523,9,23,1764,88.09244537353516,86.68910973404451,0.001,8.544466733932495
4524,9,24,250,87.56861114501953,86.70758044035938,0.001,8.181320905685425
4525,9,25,2722,72.90985107421875,86.44573809227892,0.001,8.6474769115448
4526,9,26,2278,88.28611755371094,86.52297522074048,0.001,9.42615795135498
4527,9,27,1263,96.4891128540039,86.91803012088579,0.001,9.340290784835815
4528,9,28,2775,87.35238647460938,86.93439986981873,0.001,9.763574600219727
4529,9,29,2513,101.94845581054688,87.20120811036972,0.001,8.777578353881836
4530,9,30,28,96.34442138671875,87.36094364835333,0.001,8.084032773971558
4531,9,31,2073,81.95709991455078,87.27138170892168,0.001,8.430246591567993
4532,9,32,2706,79.226806640625,87.14156591445558,0.001,7.819069862365723
4533,9,33,2196,95.84966278076172,87.27279913454316,0.001,8.497901439666748
4534,9,34,1123,90.05784606933594,87.34078623795322,0.001,9.580783128738403
4535,9,35,1355,77.18826293945312,87.00271928526233,0.001,9.457840204238892
4536,9,36,2462,87.66683959960938,87.03118057679093,0.001,7.223696231842041
4537,9,37,2476,93.95683288574219,87.13461521244167,0.001,8.805869579315186
4538,9,38,2293,74.15937805175781,86.73252701149217,0.001,9.471225500106812
4539,9,39,1081,93.18804168701172,86.92250718574181,0.001,9.05161166191101
4540,9,40,1313,84.98714447021484,86.85251414230348,0.001,9.166149616241455
4541,9,41,2794,86.83931732177734,86.85233644510919,0.001,9.25437879562378
4542,9,42,2163,80.50273132324219,86.67537297827649,0.001,9.949174165725708
4543,9,43,2772,79.63055419921875,86.48971895916269,0.001,9.17521071434021
4544,9,44,1686,89.54057312011719,86.59342011789909,0.001,8.525559186935425
4545,9,45,2789,86.85295104980469,86.59986134497933,0.001,9.573915243148804
4546,9,46,1570,86.3788833618164,86.59724272673249,0.001,8.77282452583313
4547,9,47,1502,80.33076477050781,86.39535093357584,0.001,7.721103191375732
4548,9,48,2909,84.88285827636719,86.35985332626936,0.001,8.95414924621582
4549,9,49,367,96.35176086425781,86.52113459526254,0.001,8.599699974060059
4550,9,50,388,97.75055694580078,86.63719749102229,0.001,8.036895275115967
4551,9,51,2075,75.8238525390625,86.46790569975538,0.001,8.152698993682861
4552,9,52,1516,82.77488708496094,86.38789246968919,0.001,9.355958223342896
4553,9,53,2923,91.90765380859375,86.47005266137461,0.001,7.8300254344940186
4554,9,54,2251,96.45411682128906,86.62444084818087,0.001,8.920233964920044
4555,9,55,337,78.51889038085938,86.51514372133094,0.001,7.931808233261108
4556,9,56,2583,90.8929672241211,86.60530153141397,0.001,8.435476064682007
4557,9,57,1921,80.14695739746094,86.47614836922739,0.001,8.536532402038574
4558,9,58,2619,86.98638916015625,86.48274558228805,0.001,8.466433763504028
4559,9,59,2249,88.93569946289062,86.53122985457024,0.001,9.801544666290283
4560,9,60,1310,82.3255615234375,86.42472945126538,0.001,9.51705265045166
4561,9,61,374,74.86133575439453,86.14221529338916,0.001,8.447060823440552
4562,9,62,1585,86.90036010742188,86.16018115313176,0.001,8.220302820205688
4563,9,63,2569,101.52357482910156,86.35457542484119,0.001,8.452631711959839
4564,9,64,2511,86.99676513671875,86.36272064413947,0.001,8.309693098068237
4565,9,65,1174,85.94244384765625,86.3554543792853,0.001,9.589123249053955
4566,9,66,1503,82.47868347167969,86.31195379150672,0.001,7.976791143417358
4567,9,67,2874,87.6038589477539,86.33317477447046,0.001,7.700078725814819
4568,9,68,2537,83.65013885498047,86.28796962758952,0.001,9.312920331954956
4569,9,69,2781,76.63490295410156,86.18943934995711,0.001,9.289117574691772
4570,9,70,272,88.79651641845703,86.21964847787424,0.001,8.703487634658813
4571,9,71,2709,99.99624633789062,86.32332212976173,0.001,9.428852558135986
4572,9,72,2682,80.64102172851562,86.20299608893345,0.001,9.398784399032593
4573,9,73,344,84.3671875,86.1893668242049,0.001,8.512067317962646
4574,9,74,2060,80.87310791015625,86.1075338488844,0.001,8.91068696975708
4575,9,75,2660,89.68773651123047,86.17772860849571,0.001,9.912596225738525
4576,9,76,2552,90.10774993896484,86.23527664120147,0.001,9.122123956680298
4577,9,77,2008,113.29095458984375,86.40460834719158,0.001,7.506379842758179
4578,9,78,2235,87.59748077392578,86.4274453984617,0.001,9.070963621139526
4579,9,79,1832,97.39935302734375,86.63457201101254,0.001,8.921887874603271
4580,9,80,382,77.73506927490234,86.57671301187727,0.001,8.678232669830322
4581,9,81,2479,84.92889404296875,86.55463048970672,0.001,8.812082767486572
4582,9,82,2767,84.02352905273438,86.51954926156496,0.001,6.403257846832275
4583,9,83,2533,66.9716567993164,86.327043942315,0.001,8.63045334815979
4584,9,84,2845,84.72310638427734,86.29864897801323,0.001,8.361489295959473
4585,9,85,1923,86.30510711669922,86.29873557954862,0.001,7.585510492324829
4586,9,86,1196,87.25936126708984,86.30420786539344,0.001,7.129823684692383
4587,9,87,2377,75.46891784667969,86.16525046379876,0.001,8.84772276878357
4588,9,88,1839,78.1998519897461,86.11768004925484,0.001,9.120074272155762
4589,9,89,461,92.30309295654297,86.22055228097787,0.001,7.569054126739502
4590,9,90,2588,87.53085327148438,86.24242419520972,0.001,8.318456411361694
4591,9,91,1395,107.47344207763672,86.36881795839128,0.001,8.816023111343384
4592,9,92,1530,80.73097229003906,86.27792059458801,0.001,9.128930568695068
4593,9,93,2901,91.78128051757812,86.32616206073142,0.001,7.377170562744141
4594,9,94,2930,86.93407440185547,86.32953836192543,0.001,10.351245164871216
4595,9,95,363,90.50115203857422,86.35299130976088,0.001,8.303067445755005
4596,9,96,64,97.69660186767578,86.41756013218235,0.001,9.535940885543823
4597,9,97,1540,97.98713684082031,86.48266584449223,0.001,7.92473840713501
4598,9,98,2565,79.73283386230469,86.44454535163852,0.001,8.432044267654419
4599,9,99,507,99.76213836669922,86.49589010126371,0.001,9.94986605644226
4600,9,100,1914,85.37030029296875,86.48970141355949,0.001,10.00711989402771
4601,9,101,1806,79.73003387451172,86.38694004130434,0.001,8.105560064315796
4602,9,102,2782,78.61007690429688,86.26952708433822,0.001,7.72385048866272
4603,9,103,2595,93.23516082763672,86.3062179711414,0.001,10.515713930130005
4604,9,104,2654,87.81281280517578,86.32837303041008,0.001,7.875555992126465
4605,9,105,1700,87.93245697021484,86.34154096735722,0.001,8.133040189743042
4606,9,106,1098,75.08341979980469,86.25374927640202,0.001,9.249112129211426
4607,9,107,376,103.06161499023438,86.34111160149372,0.001,8.649519681930542
4608,9,108,496,80.68868255615234,86.28352181605965,0.001,9.415120124816895
4609,9,109,256,78.65228271484375,86.22662213745849,0.001,7.960728645324707
4610,9,110,1326,91.11122131347656,86.2507109565033,0.001,9.381982803344727
4611,9,111,1769,81.95396423339844,86.19073854506128,0.001,11.35849928855896
4612,9,112,2152,87.18694305419922,86.20085927567808,0.001,9.276951551437378
4613,9,113,68,93.98821258544922,86.25862583937906,0.001,8.73969554901123
4614,9,114,74,97.68871307373047,86.31303943034847,0.001,9.375630378723145
4615,9,115,1368,86.64595794677734,86.3154811057614,0.001,9.032586812973022
4616,9,116,2613,98.08557891845703,86.4312579242148,0.001,7.6855247020721436
4617,9,117,67,85.79963684082031,86.42502284247016,0.001,8.55951476097107
4618,9,118,2832,78.27891540527344,86.32427479594729,0.001,9.318320512771606
4619,9,119,1915,79.41299438476562,86.27702353698984,0.001,9.315955638885498
4620,9,120,1807,86.7232666015625,86.28263337229563,0.001,8.383812665939331
4621,9,121,2505,86.26094818115234,86.28253300506859,0.001,9.004141807556152
4622,9,122,2399,92.59761810302734,86.3080547387564,0.001,8.198244333267212
4623,9,123,2221,90.6734619140625,86.34979036589611,0.001,8.06817889213562
4624,9,124,69,89.16246032714844,86.38483185062819,0.001,8.843962669372559
4625,9,125,1768,94.0358657836914,86.41823233132192,0.001,9.47063946723938
4626,9,126,488,87.22989654541016,86.42799545266666,0.001,9.720802307128906
4627,9,127,2272,85.02186584472656,86.4153129971228,0.001,9.117568731307983
4628,9,128,1845,78.88407897949219,86.38489847090833,0.001,7.30109715461731
4629,9,129,38,83.70106506347656,86.3676375641286,0.001,8.173311710357666
4630,9,130,73,81.72815704345703,86.34773072316754,0.001,5.691854953765869
4631,9,131,699,77.56883239746094,86.27151442894086,0.001,7.246692895889282
4632,9,132,378,95.8441162109375,86.38283620893459,0.001,9.520642280578613
4633,9,133,2538,94.51795959472656,86.41654005681538,0.001,7.5683043003082275
4634,9,134,2502,90.40699005126953,86.462640166913,0.001,7.527822256088257
4635,9,135,441,81.05464935302734,86.41670733346783,0.001,7.702329874038696
4636,9,136,1900,92.21852111816406,86.44070240625068,0.001,7.896401643753052
4637,9,137,518,81.5079116821289,86.42079038551357,0.001,7.949126482009888
4638,9,138,340,82.10701751708984,86.3846038555197,0.001,9.039600849151611
4639,9,139,350,82.10579681396484,86.34885200329387,0.001,9.352525472640991
4640,9,140,459,109.87364959716797,86.44072602971232,0.001,9.560625314712524
4641,9,141,2188,88.412841796875,86.45676268284865,0.001,9.069161415100098
4642,9,142,490,88.26151275634766,86.46392334492843,0.001,8.945276737213135
4643,9,143,2692,87.4512939453125,86.47454569032989,0.001,8.998385906219482
4644,9,144,77,86.0300064086914,86.47093924368505,0.001,8.140282392501831
4645,9,145,694,82.89402770996094,86.4331810778734,0.001,8.256448984146118
4646,9,146,368,83.02992248535156,86.40552451376317,0.001,10.561543464660645
4647,9,147,2436,87.7759017944336,86.4106777723013,0.001,7.707135915756226
4648,9,148,372,79.8008804321289,86.389100663256,0.001,8.88634443283081
4649,9,149,1692,88.0538558959961,86.40619882872198,0.001,7.282056093215942
4650,9,150,852,92.70548248291016,86.45401015381414,0.001,9.246450662612915
4651,9,151,446,88.77436828613281,86.47153294858333,0.001,9.888980627059937
4652,9,152,1109,84.54784393310547,86.45287321126658,0.001,8.138234615325928
4653,9,153,2498,95.6810073852539,86.50218868653914,0.001,9.658376216888428
4654,9,154,680,104.29010009765625,86.56483144959077,0.001,7.301385879516602
4655,9,155,98,89.65504455566406,86.59545256809523,0.001,8.957552433013916
4656,9,156,1399,81.57377624511719,86.5456826970464,0.001,7.304495811462402
4657,9,157,2529,89.49235534667969,86.56759802191364,0.001,7.3120036125183105
4658,9,158,2398,81.99504852294922,86.524110136221,0.001,9.920902013778687
4659,9,159,2435,86.12069702148438,86.52269006286316,0.001,9.4296236038208
4660,9,160,481,90.02998352050781,86.5476598792257,0.001,9.019293785095215
4661,9,161,447,95.29283905029297,86.57758331073597,0.001,7.039403200149536
4662,9,162,521,83.45368194580078,86.5671089693974,0.001,8.682864665985107
4663,9,163,455,67.3698959350586,86.51765315247108,0.001,9.876608610153198
4664,9,164,2720,90.98602294921875,86.53149773524257,0.001,8.134727954864502
4665,9,165,914,83.57112121582031,86.51089118318322,0.001,8.138742923736572
4666,9,166,721,91.21467590332031,86.53386296404932,0.001,9.799941062927246
4667,9,167,787,88.56236267089844,86.54064921190833,0.001,7.803048133850098
4668,9,168,705,81.87686920166016,86.49728811010856,0.001,9.077526569366455
4669,9,169,390,94.62403869628906,86.53593327932212,0.001,8.206192970275879
4670,9,170,1161,82.25196075439453,86.52285513261049,0.001,8.697611093521118
4671,9,171,686,73.82295989990234,86.4350859570489,0.001,8.391427516937256
4672,9,172,2494,75.26546478271484,86.36064806672775,0.001,8.710721492767334
4673,9,173,1393,89.09082794189453,86.37897497096566,0.001,7.068134784698486
4674,9,174,2911,78.96846771240234,86.3572308478385,0.001,7.278457403182983
4675,9,175,2510,80.24542236328125,86.30393343046995,0.001,8.523462057113647
4676,9,176,2274,88.26780700683594,86.31656314283815,0.001,8.96187448501587
4677,9,177,685,86.9000244140625,86.3203103821064,0.001,7.081657886505127
4678,9,178,770,90.1932373046875,86.34572695885859,0.001,10.24758005142212
4679,9,179,2335,96.08280944824219,86.37639388652528,0.001,8.26674485206604
4680,9,180,2144,92.12206268310547,86.39380615997297,0.001,10.28161096572876
4681,9,181,1083,91.60680389404297,86.43702271188657,0.001,8.445508480072021
4682,9,182,432,78.5226821899414,86.38782985143632,0.001,7.205472946166992
4683,9,183,858,92.74838256835938,86.40517111318852,0.001,9.490162372589111
4684,9,184,693,85.75364685058594,86.39970350105071,0.001,8.674424171447754
4685,9,185,956,82.86942291259766,86.37056061883348,0.001,9.284069299697876
4686,9,186,1250,83.10548400878906,86.36104144504327,0.001,7.880511283874512
4687,9,187,2191,93.79304504394531,86.39450960283379,0.001,8.819011926651001
4688,9,188,2413,90.23234558105469,86.41835549395768,0.001,7.215550184249878
4689,9,189,728,82.14266967773438,86.39222767605122,0.001,8.117822647094727
4690,9,190,1118,84.20494842529297,86.37903470510442,0.001,6.835275650024414
4691,9,191,706,79.77327728271484,86.3597331321304,0.001,8.056025505065918
4692,9,192,863,82.3848876953125,86.33571300263385,0.001,7.965591192245483
4693,9,193,2543,86.4878921508789,86.33662659892687,0.001,6.699854850769043
4694,9,194,1484,88.65657806396484,86.35051693759802,0.001,8.444222927093506
4695,9,195,801,85.7655258178711,86.34812205274027,0.001,8.58914589881897
4696,9,196,2927,86.94220733642578,86.34956663879798,0.001,8.179169416427612
4697,9,197,1543,99.71648406982422,86.3875217857569,0.001,6.660562038421631
4698,9,198,1259,77.904296875,86.35281191691902,0.001,8.752856254577637
4699,9,199,1575,99.05137634277344,86.42838793701436,0.001,9.620951890945435
4700,9,200,2584,83.08399200439453,86.40273825883311,0.001,9.634924411773682
4701,9,201,989,90.32707977294922,86.42520418394353,0.001,7.365323543548584
4702,9,202,773,96.7232666015625,86.48395299997367,0.001,7.667614698410034
4703,9,203,1864,94.96062469482422,86.50710363331109,0.001,7.750972032546997
4704,9,204,695,85.92830657958984,86.50380116652936,0.001,7.911671161651611
4705,9,205,2590,100.35608673095703,86.55784851599788,0.001,9.000040292739868
4706,9,206,717,89.8443374633789,86.58234381177226,0.001,9.059921026229858
4707,9,207,719,81.00956726074219,86.54104678117035,0.001,8.182433366775513
4708,9,208,1690,77.88111877441406,86.51803057461177,0.001,8.550567626953125
4709,9,209,1737,87.20550537109375,86.52293189507095,0.001,9.623858451843262
4710,9,210,954,73.79074096679688,86.48973308719012,0.001,9.49557876586914
4711,9,211,1714,73.6387939453125,86.42139044941374,0.001,10.065200567245483
4712,9,212,2617,83.28217315673828,86.39887150793098,0.001,9.049820899963379
4713,9,213,492,80.65898132324219,86.35765663453529,0.001,9.891173839569092
4714,9,214,771,85.47647094726562,86.35297386234274,0.001,8.521037578582764
4715,9,215,1434,89.6028060913086,86.36966319932239,0.001,7.797760486602783
4716,9,216,873,89.20260620117188,86.37596231190696,0.001,7.772745132446289
4717,9,217,400,89.44419860839844,86.38634909363195,0.001,8.457598686218262
4718,9,218,966,81.5116195678711,86.36836613599003,0.001,9.037542581558228
4719,9,219,2066,94.41932678222656,86.42423777333856,0.001,9.767773389816284
4720,9,220,434,88.40538024902344,86.42869868742893,0.001,10.223379850387573
4721,9,221,990,76.62507629394531,86.376583736526,0.001,9.456118106842041
4722,9,222,986,77.19637298583984,86.32835685781491,0.001,8.986687660217285
4723,9,223,825,80.1314926147461,86.31353163179625,0.001,10.309307098388672
4724,9,224,2522,78.88921356201172,86.27581890049429,0.001,9.23164701461792
4725,9,225,913,83.98033142089844,86.2674746254413,0.001,9.224188089370728
4726,9,226,759,86.38400268554688,86.26806092889836,0.001,9.078628540039062
4727,9,227,468,85.62579345703125,86.263778240513,0.001,8.614681005477905
4728,9,228,2672,84.971923828125,86.25508637413371,0.001,8.35806655883789
4729,9,229,403,83.48046875,86.24527821462871,0.001,7.361898899078369
4730,9,230,377,87.36287689208984,86.24925521298054,0.001,9.472796201705933
4731,9,231,961,79.21189880371094,86.20304600400445,0.001,8.585208415985107
4732,9,232,616,89.4990234375,86.22444378612336,0.001,8.564280033111572
4733,9,233,977,85.99627685546875,86.22366915975256,0.001,9.826637268066406
4734,9,234,2099,76.8197250366211,86.19072708356309,0.001,9.116353273391724
4735,9,235,827,94.2557601928711,86.21405428816281,0.001,8.39938473701477
4736,9,236,834,90.59423065185547,86.24225665473969,0.001,7.107555866241455
4737,9,237,523,89.54623413085938,86.26361820564871,0.001,8.824548721313477
4738,9,238,2378,88.86158752441406,86.27618012188059,0.001,9.608967304229736
4739,9,239,401,82.38513946533203,86.25764153713627,0.001,9.557495594024658
4740,9,240,1523,86.62734985351562,86.25847935470789,0.001,7.424556493759155
4741,9,241,1274,85.39301300048828,86.25446992864009,0.001,8.347240447998047
4742,9,242,32,78.8689193725586,86.20738560029028,0.001,8.160978317260742
4743,9,243,266,99.02484130859375,86.28727119410205,0.001,8.875576972961426
4744,9,244,1092,86.95490264892578,86.29140733433617,0.001,8.80697512626648
4745,9,245,1153,87.97525024414062,86.30183950780585,0.001,8.284610271453857
4746,9,246,514,98.33695220947266,86.34188253355636,0.001,9.255180597305298
4747,9,247,94,77.99546813964844,86.29398147075958,0.001,7.525374889373779
4748,9,248,962,75.29096984863281,86.25789763447963,0.001,10.89574670791626
4749,9,249,2179,93.02227020263672,86.28011955303474,0.001,9.609107732772827
4750,9,250,1706,104.06803894042969,86.3601577336529,0.001,8.84504508972168
4751,9,251,2482,85.57827758789062,86.3554331810326,0.001,8.96357274055481
4752,9,252,336,81.99466705322266,86.32930607476209,0.001,8.254812240600586
4753,9,253,607,95.77915954589844,86.34857094496978,0.001,9.68990421295166
4754,9,254,2610,83.00837707519531,86.34148589743333,0.001,9.42165732383728
4755,9,255,436,87.46583557128906,86.34498262350087,0.001,8.491143465042114
4756,9,256,2547,86.39564514160156,86.34520678510364,0.001,10.173344612121582
4757,9,257,789,80.90827941894531,86.3214091029101,0.001,10.09005355834961
4758,9,258,325,83.34600067138672,86.30844235881982,0.001,9.103850841522217
4759,9,259,2784,87.63655090332031,86.31617366323094,0.001,7.277604341506958
4760,9,260,919,86.36204528808594,86.31644223026032,0.001,8.28519892692566
4761,9,261,2864,85.29214477539062,86.31325721960893,0.001,10.05753755569458
4762,9,262,392,90.17460632324219,86.33510801547962,0.001,8.696128368377686
4763,9,263,2223,85.15730285644531,86.32837329181143,0.001,9.378400087356567
4764,9,264,1676,84.60248565673828,86.31855464008119,0.001,8.917109489440918
4765,9,265,522,76.05130767822266,86.26070222491822,0.001,10.199133157730103
4766,9,266,471,87.40089416503906,86.26700600158777,0.001,9.951091289520264
4767,9,267,2327,101.58174896240234,86.31184106246732,0.001,8.145668745040894
4768,9,268,2906,83.8368148803711,86.30158325884847,0.001,7.727892160415649
4769,9,269,2387,96.7724609375,86.33264997778191,0.001,9.042710304260254
4770,9,270,2861,79.9434585571289,86.3060930763953,0.001,9.02362060546875
4771,9,271,1093,84.12853240966797,86.29439012197888,0.001,9.811095476150513
4772,9,272,2298,74.85264587402344,86.27260986127943,0.001,8.590845584869385
4773,9,273,1797,72.04576873779297,86.24431487136967,0.001,10.598559617996216
4774,9,274,458,83.42572021484375,86.23868178643663,0.001,8.504369258880615
4775,9,275,1577,86.87647247314453,86.24126275407616,0.001,9.264839887619019
4776,9,276,1838,74.69611358642578,86.19531579397858,0.001,8.01614236831665
4777,9,277,177,89.16803741455078,86.20713962631294,0.001,7.860273599624634
4778,9,278,2464,61.70777130126953,86.15915951054853,0.001,8.185999631881714
4779,9,279,56,87.93682098388672,86.1662873842919,0.001,9.115339756011963
4780,9,280,951,90.19860076904297,86.18234637916652,0.001,10.238246440887451
4781,9,281,1343,86.91505432128906,86.18364751593545,0.001,9.627357244491577
4782,9,282,819,84.50006866455078,86.17693076855583,0.001,8.690727949142456
4783,9,283,2535,88.27781677246094,86.18089291111141,0.001,7.7307164669036865
4784,9,284,808,87.09825897216797,86.18448409502584,0.001,7.4968531131744385
4785,9,285,2603,74.8523178100586,86.12662268277357,0.001,8.013907194137573
4786,9,286,2219,90.44656372070312,86.13419545614092,0.001,8.056199789047241
4787,9,287,1122,75.80506896972656,86.10489207440675,0.001,9.090648412704468
4788,9,288,65,92.05200958251953,86.11620057322638,0.001,9.390284061431885
4789,9,289,469,90.749755859375,86.14010182852834,0.001,8.435101747512817
4790,9,290,60,87.23780822753906,86.1431285739645,0.001,9.500906229019165
4791,9,291,2694,100.93763732910156,86.17015750203612,0.001,9.080547094345093
4792,9,292,2652,89.04747772216797,86.1753490011183,0.001,10.424646139144897
4793,9,293,774,87.0003662109375,86.17852259341292,0.001,9.612770080566406
4794,9,294,519,80.46769714355469,86.14928261533377,0.001,9.055480241775513
4795,9,295,1620,84.87125396728516,86.14772870742883,0.001,7.676061391830444
4796,9,296,710,84.39741516113281,86.14110644579709,0.001,8.57704496383667
4797,9,297,707,86.74169921875,86.14212356896624,0.001,9.35205364227295
4798,9,298,2871,74.81094360351562,86.08535660854182,0.001,9.050039052963257
4799,9,299,915,96.70616149902344,86.10374764172003,0.001,9.347051858901978
4800,9,300,611,88.93485260009766,86.11122590431191,0.001,7.614212274551392
4801,9,301,274,88.26240539550781,86.11915759212665,0.001,8.943686962127686
4802,9,302,2834,82.03927612304688,86.09879264298856,0.001,9.23054552078247
4803,9,303,778,92.87969207763672,86.12378216118604,0.001,6.752723217010498
4804,9,304,405,91.0134048461914,86.13702011194003,0.001,10.987219333648682
4805,9,305,1777,81.67911529541016,86.1208012142421,0.001,8.4537193775177
4806,9,306,2929,85.8748779296875,86.1198958964774,0.001,9.626075506210327
4807,9,307,2449,79.38286590576172,86.09518582286908,0.001,10.1241135597229
4808,9,308,2443,89.75540161132812,86.10844648768027,0.001,9.248385429382324
4809,9,309,2328,79.08212280273438,86.0899423298385,0.001,8.88616132736206
4810,9,310,851,85.8503189086914,86.08875746101548,0.001,9.11264181137085
4811,9,311,2534,101.08513641357422,86.1149207757043,0.001,7.970120668411255
4812,9,312,727,80.84700775146484,86.10598997670984,0.001,9.598746299743652
4813,9,313,2669,98.47929382324219,86.12751532640341,0.001,8.368175029754639
4814,9,314,2455,101.61709594726562,86.15464810510804,0.001,9.250051498413086
4815,9,315,2758,100.23065948486328,86.2048982921024,0.001,8.961946249008179
4816,9,316,408,74.13722229003906,86.17437121610267,0.001,7.999645948410034
4817,9,317,870,86.83861541748047,86.17606707824915,0.001,9.255178451538086
4818,9,318,29,81.13866424560547,86.15827344405069,0.001,8.75236964225769
4819,9,319,1586,88.15985870361328,86.16778866042698,0.001,10.06273603439331
4820,9,320,383,90.33209228515625,86.18673363166432,0.001,8.561403751373291
4821,9,321,2241,100.97232818603516,86.25671820927701,0.001,6.769543886184692
4822,9,322,407,84.94776153564453,86.25214574805854,0.001,8.654556035995483
4823,9,323,2673,84.9131851196289,86.24741346397198,0.001,8.638826847076416
4824,9,324,2460,81.03583526611328,86.23880033783682,0.001,9.668797969818115
4825,9,325,811,73.61373901367188,86.21947078132368,0.001,7.679262638092041
4826,9,326,832,76.50164031982422,86.1749649092861,0.001,7.525678634643555
4827,9,327,1383,91.73675537109375,86.18886434495656,0.001,8.719206809997559
4828,9,328,2793,80.63298797607422,86.16303208684879,0.001,9.052628755569458
4829,9,329,2233,93.97460174560547,86.18203552636471,0.001,8.763522148132324
4830,9,330,814,74.65415954589844,86.16277361313921,0.001,8.155599355697632
4831,9,331,1155,93.94298553466797,86.17562622306293,0.001,9.47168779373169
4832,9,332,1615,87.4048843383789,86.17971605544645,0.001,7.285250425338745
4833,9,333,682,92.360595703125,86.20740128687221,0.001,7.774536609649658
4834,9,334,453,99.1314697265625,86.23828530882602,0.001,7.564535140991211
4835,9,335,1649,77.47940063476562,86.20875062199649,0.001,8.357305526733398
4836,9,336,264,91.31465148925781,86.22597635385385,0.001,9.311616659164429
4837,9,337,361,85.5089340209961,86.22293892767262,0.001,9.228334903717041
4838,9,338,743,84.4148941040039,86.2200883713285,0.001,8.452409744262695
4839,9,339,2450,85.32818603515625,86.21718101068613,0.001,9.350646495819092
4840,9,340,864,94.9236068725586,86.23019754580723,0.001,9.331526517868042
4841,9,341,2564,82.23090362548828,86.21720425868973,0.001,8.749364852905273
4842,9,342,1333,104.72920989990234,86.27834094795973,0.001,7.484654903411865
4843,9,343,981,91.38859558105469,86.29516222914279,0.001,9.942697525024414
4844,9,344,342,81.80770874023438,86.27528830117345,0.001,8.989237308502197
4845,9,345,972,88.43831634521484,86.28220650269263,0.001,8.004302024841309
4846,9,346,254,75.70665740966797,86.2366688947153,0.001,8.080520153045654
4847,9,347,448,96.95545959472656,86.27214261082712,0.001,8.778058528900146
4848,9,348,920,86.41898345947266,86.27278167708398,0.001,8.49913501739502
4849,9,349,689,89.92254638671875,86.28113106981522,0.001,10.357165813446045
4850,9,350,991,98.84017944335938,86.29990015515068,0.001,9.036810636520386
4851,9,351,1149,72.23175811767578,86.25448393460366,0.001,8.560413599014282
4852,9,352,803,102.6427001953125,86.27874353762901,0.001,8.491230487823486
4853,9,353,916,89.81299591064453,86.2842031052741,0.001,8.67235279083252
4854,9,354,2763,94.87845611572266,86.29713846041567,0.001,8.689599514007568
4855,9,355,2325,92.26554107666016,86.31612594427212,0.001,9.933850049972534
4856,9,356,1087,85.40879821777344,86.31237108071618,0.001,9.400789976119995
4857,9,357,424,88.87368774414062,86.3178579482715,0.001,9.55897045135498
4858,9,358,742,82.6491928100586,86.30242783936082,0.001,8.830439567565918
4859,9,359,2341,80.08443450927734,86.27630934132125,0.001,9.389472246170044
4860,9,360,601,86.1474838256836,86.27577482534639,0.001,7.9669716358184814
4861,9,361,1488,80.74311828613281,86.25426378981786,0.001,8.827348709106445
4862,9,362,1626,74.49952697753906,86.23749655387245,0.001,8.185209274291992
4863,9,363,2608,87.42063903808594,86.24245683215723,0.001,8.252473592758179
4864,9,364,788,81.52864074707031,86.2230947840917,0.001,8.584795713424683
4865,9,365,861,92.48424530029297,86.23681727260929,0.001,9.63883352279663
4866,9,366,1556,80.95306396484375,86.22059958486882,0.001,9.39933180809021
4867,9,367,904,78.2466049194336,86.20523293543377,0.001,7.925316572189331
4868,9,368,2392,86.06948852539062,86.2049343338175,0.001,9.280921697616577
4869,9,369,1153,87.97186279296875,86.21213218893996,0.001,8.903452396392822
4870,9,370,1812,83.16080474853516,86.19970904619493,0.001,8.601148128509521
4871,9,371,1117,90.44755554199219,86.21272678587121,0.001,9.141535997390747
4872,9,372,1395,107.42630004882812,86.24357456026955,0.001,9.047778129577637
4873,9,373,1779,92.04940032958984,86.26668221354299,0.001,9.820226907730103
4874,9,374,1530,80.73949432373047,86.24473412950029,0.001,8.625497102737427
4875,9,375,1310,82.33786010742188,86.22918482346803,0.001,8.088403940200806
4876,9,376,1845,78.98867797851562,86.21954397239548,0.001,8.716342449188232
4877,9,377,1149,72.25593566894531,86.17787253028872,0.001,8.124043703079224
4878,9,378,1768,93.80449676513672,86.18852973398837,0.001,9.313402652740479
4879,9,379,2013,101.35396575927734,86.20946757577259,0.001,8.713886976242065
4880,9,380,1370,73.65586853027344,86.17231127226039,0.001,7.830227851867676
4881,9,381,1806,79.6966323852539,86.14698073994208,0.001,8.514231443405151
4882,9,382,1586,88.15884399414062,86.15486380469456,0.001,6.873317003250122
4883,9,383,2008,113.30235290527344,86.18854098036519,0.001,6.612353086471558
4884,9,384,1821,99.42681884765625,86.20682144141503,0.001,7.728070974349976
4885,9,385,1394,78.03643035888672,86.18312519293279,0.001,9.400020599365234
4886,9,386,1360,98.46099853515625,86.1995709355363,0.001,8.494317770004272
4887,9,387,1514,92.05979919433594,86.20758006601318,0.001,8.966326713562012
4888,9,388,1896,80.86119079589844,86.19226796479644,0.001,8.859607934951782
4889,9,389,2064,85.46480560302734,86.19015203167368,0.001,7.431712627410889
4890,9,390,1123,90.0504379272461,86.1980427169934,0.001,8.842733383178711
4891,9,391,1692,88.03265380859375,86.2050137100955,0.001,9.380321264266968
4892,9,392,1313,84.98846435546875,86.20058788603932,0.001,7.7507483959198
4893,9,393,1938,83.44657135009766,86.19698867905375,0.001,9.242720365524292
4894,9,394,1616,93.40895080566406,86.21791418311032,0.001,8.787182092666626
4895,9,395,1317,80.74024963378906,86.21053898893405,0.001,7.968878984451294
4896,9,396,1568,81.7910385131836,86.19814181903847,0.001,9.754257678985596
4897,9,397,1503,82.46556854248047,86.19121278416218,0.001,9.129509449005127
4898,9,398,2113,87.3296890258789,86.19445653528226,0.001,8.506090879440308
4899,9,399,1626,74.50860595703125,86.17934600712987,0.001,8.593869686126709
4900,9,400,1951,92.55448913574219,86.19722647936683,0.001,9.395758867263794
4901,9,401,1081,93.14237213134766,86.21665116661426,0.001,8.663878679275513
4902,9,402,1766,87.79042053222656,86.21814230927761,0.001,8.598855018615723
4903,9,403,1274,85.4080581665039,86.21593335712316,0.001,9.464420557022095
4904,9,404,1182,76.10753631591797,86.18765622696061,0.001,8.63658094406128
4905,9,405,1326,91.35076141357422,86.19436740693985,0.001,8.998647928237915
4906,9,406,2163,80.51612091064453,86.17826855083018,0.001,8.195591926574707
4907,9,407,1434,89.6190414428711,86.18742099222305,0.001,8.181275129318237
4908,9,408,1945,79.24209594726562,86.16197388660765,0.001,7.304476737976074
4909,9,409,1699,86.64694213867188,86.1628992039038,0.001,8.429783582687378
4910,9,410,1264,88.3243179321289,86.16576977392963,0.001,8.234347820281982
4911,9,411,1502,80.32401275634766,86.14422945061942,0.001,8.380685806274414
4912,9,412,1443,78.03766632080078,86.11503576843333,0.001,7.457635879516602
4913,9,413,2181,97.99836730957031,86.1304398971455,0.001,8.948747396469116
4914,9,414,1888,78.55382537841797,86.1035611179453,0.001,8.169260263442993
4915,9,415,1965,85.05622100830078,86.09976848701544,0.001,6.610675811767578
4916,9,416,1363,86.38600158691406,86.10053568329744,0.001,6.934400320053101
4917,9,417,2179,92.94407653808594,86.11381933924915,0.001,6.034307241439819
4918,9,418,1817,68.267822265625,86.09181260165425,0.001,8.26699423789978
4919,9,419,1714,73.6565170288086,86.05942510887992,0.001,8.561934232711792
4920,9,420,1440,92.51083374023438,86.07624144048458,0.001,8.753749132156372
4921,9,421,1858,81.41609191894531,86.06399483967637,0.001,9.283989667892456
4922,9,422,1506,78.97694396972656,86.05549690613715,0.001,8.38244104385376
4923,9,423,1339,94.66695404052734,86.0665356351997,0.001,7.823698282241821
4924,9,424,1921,80.14022064208984,86.05089695911887,0.001,8.352960586547852
4925,9,425,1570,86.4334487915039,86.0513831685463,0.001,8.23329210281372
4926,9,426,1113,87.62191772460938,86.05688806275475,0.001,9.17159628868103
4927,9,427,2192,92.04679870605469,86.06317476643841,0.001,9.448718309402466
4928,9,428,2202,88.4985580444336,86.07173619006925,0.001,8.624555826187134
4929,9,429,1083,91.71090698242188,86.09087281115025,0.001,10.555574655532837
4930,9,430,1693,89.86200714111328,86.10390520021859,0.001,9.19483494758606
4931,9,431,2251,96.44599151611328,86.12352852923979,0.001,8.6479971408844
4932,9,432,1844,103.73757934570312,86.14286587259808,0.001,8.042924642562866
4933,9,433,1918,79.99095916748047,86.12161855995895,0.001,8.650201320648193
4934,9,434,1802,92.68867492675781,86.13847356656731,0.001,10.213042736053467
4935,9,435,1541,80.24394989013672,86.13189594905293,0.001,7.5389299392700195
4936,9,436,2204,94.2810287475586,86.15935298919044,0.001,7.340694904327393
4937,9,437,1557,84.86885070800781,86.1549267679681,0.001,9.825764656066895
4938,9,438,1914,85.15214538574219,86.15370807839469,0.001,8.37054991722107
4939,9,439,2144,92.04288482666016,86.16078956036269,0.001,9.038763046264648
4940,9,440,1706,104.05228424072266,86.20613472577269,0.001,9.121843576431274
4941,9,441,1111,87.79954528808594,86.21016631922384,0.001,8.693588018417358
4942,9,442,1777,81.71717834472656,86.19895683333684,0.001,9.916698694229126
4943,9,443,1864,94.84060668945312,86.20944622636593,0.001,8.893616914749146
4944,9,444,1473,84.67193603515625,86.20703040294532,0.001,9.180479288101196
4945,9,445,2152,87.05174255371094,86.20913684893183,0.001,9.917028903961182
4946,9,446,2327,101.55924224853516,86.23619031307483,0.001,7.31684136390686
4947,9,447,1174,85.93451690673828,86.23543153763752,0.001,8.637041807174683
4948,9,448,1128,74.10307312011719,86.20505166707419,0.001,9.100873947143555
4949,9,449,2325,92.28165435791016,86.22025080087218,0.001,9.53919506072998
4950,9,450,1756,91.021728515625,86.23200432421632,0.001,8.376241207122803
4951,9,451,2117,91.45783996582031,86.2446678591333,0.001,8.029570579528809
4952,9,452,1602,98.00878143310547,86.25385610372587,0.001,9.557664632797241
4953,9,453,1181,96.78849792480469,86.27931719668881,0.001,8.044818639755249
4954,9,454,1679,72.98876953125,86.25538147510777,0.001,8.294353008270264
4955,9,455,1151,92.3033676147461,86.26564320747786,0.001,8.580204486846924
4956,9,456,1088,86.91331481933594,86.26720333471323,0.001,9.349840641021729
4957,9,457,2406,88.51261901855469,86.27461513433693,0.001,7.822351455688477
4958,9,458,1523,86.60133361816406,86.27499705354734,0.001,6.938977003097534
4959,9,459,1814,76.89854431152344,86.25241239006391,0.001,8.902927875518799
4960,9,460,1832,97.32691955566406,86.288417561339,0.001,8.331976890563965
4961,9,461,1098,75.56636047363281,86.26961070019836,0.001,8.674073457717896
4962,9,462,2007,84.47699737548828,86.2652872407194,0.001,7.888289451599121
4963,9,463,2140,95.84138488769531,86.27586086566963,0.001,8.000615358352661
4964,9,464,1556,80.86541748046875,86.26272652477944,0.001,8.109458446502686
4965,9,465,177,89.18101501464844,86.26966448357064,0.001,10.235281944274902
4966,9,466,2347,83.77165985107422,86.26366618694361,0.001,7.729646921157837
4967,9,467,1848,84.20214080810547,86.25705168176508,0.001,9.085474252700806
4968,9,468,1453,94.69503021240234,86.26601401008462,0.001,8.496345520019531
4969,9,469,1099,89.3678207397461,86.27591367469225,0.001,9.190631628036499
4970,9,470,1324,89.07968139648438,86.28473526856862,0.001,9.407171726226807
4971,9,471,2191,93.7000961303711,86.29759754137513,0.001,8.553324460983276
4972,9,472,2147,87.19071960449219,86.30043572607588,0.001,9.867127418518066
4973,9,473,1682,77.30520629882812,86.27923711133488,0.001,8.552152395248413
4974,9,474,1439,87.74854278564453,86.28379104195776,0.001,8.053051710128784
4975,9,475,2034,88.52229309082031,86.29069440284186,0.001,7.738288879394531
4976,9,476,2196,95.80027770996094,86.30026302272829,0.001,8.183713436126709
4977,9,477,1442,83.33561706542969,86.29536665351662,0.001,8.146229267120361
4978,9,478,1862,79.6106185913086,86.2879127382025,0.001,10.455771207809448
4979,9,479,1571,92.3143310546875,86.30658995430537,0.001,9.474888801574707
4980,9,480,1302,86.28816986083984,86.30653652233087,0.001,9.387158632278442
4981,9,481,2040,84.71092987060547,86.30154270998958,0.001,10.63822865486145
4982,9,482,1372,78.71444702148438,86.2840806002887,0.001,9.698606967926025
4983,9,483,1087,85.31321716308594,86.2811494183371,0.001,8.584418535232544
4984,9,484,1488,80.68827056884766,86.26503361808606,0.001,9.052347660064697
4985,9,485,2401,78.35702514648438,86.24664306552229,0.001,9.30911660194397
4986,9,486,1915,79.95890045166016,86.23646846463224,0.001,9.639266014099121
4987,9,487,2378,88.98135375976562,86.24280930842137,0.001,8.268720388412476
4988,9,488,2377,75.60929107666016,86.21866632822815,0.001,8.390262126922607
4989,9,489,2458,78.19425201416016,86.20047832333857,0.001,8.195835590362549
4990,9,490,1126,80.9952621459961,86.18469427095718,0.001,7.900149822235107
4991,9,491,2174,74.68502807617188,86.15099199561308,0.001,8.93904423713684
4992,9,492,2067,87.89835357666016,86.15387572843406,0.001,9.904223203659058
4993,9,493,1393,88.90653228759766,86.16011053463785,0.001,8.159249544143677
4994,9,494,1460,89.08686065673828,86.16483012190407,0.001,8.864643335342407
4995,9,495,1620,84.93977355957031,86.16395369394368,0.001,8.642256259918213
4996,9,496,2449,79.37760925292969,86.14872911726412,0.001,9.172325611114502
4997,9,497,2499,92.70734405517578,86.1592366851275,0.001,8.826277732849121
4998,9,498,254,75.76055908203125,86.12845075151962,0.001,9.46105670928955
4999,9,499,1772,85.964111328125,86.12795568072592,0.001,9.879745483398438
5000,10,0,1690,77.47724914550781,77.47724914550781,0.001,10.849120616912842
5001,10,1,1481,80.523681640625,79.54408472688382,0.001,8.17704153060913
5002,10,2,1132,75.2215347290039,77.79428647470989,0.001,8.92078948020935
5003,10,3,1344,80.89034271240234,78.67114847024713,0.001,9.212433338165283
5004,10,4,2537,83.67073822021484,79.80154148636538,0.001,9.914407968521118
5005,10,5,2462,87.64549255371094,81.6064367516834,0.001,8.30370831489563
5006,10,6,1764,88.1068344116211,82.82789538884906,0.001,9.072856664657593
5007,10,7,1519,87.16423797607422,83.36330065383018,0.001,9.749560594558716
5008,10,8,2522,78.68879699707031,82.86226433726345,0.001,8.777698993682861
5009,10,9,1543,99.86933135986328,83.70766341550421,0.001,8.606248140335083
5010,10,10,37,80.94998931884766,83.37670073568829,0.001,8.832008123397827
5011,10,11,1397,81.41661071777344,83.16347675404197,0.001,9.496320009231567
5012,10,12,2241,100.79267883300781,84.89469259575911,0.001,9.488015174865723
5013,10,13,1909,87.43199920654297,85.11597179493202,0.001,7.454006195068359
5014,10,14,2432,75.33997344970703,84.8132033446194,0.001,9.24808669090271
5015,10,15,2050,74.54930114746094,84.37027391120138,0.001,9.787311792373657
5016,10,16,2511,87.25337982177734,84.49313582818141,0.001,11.051018714904785
5017,10,17,1118,84.26988983154297,84.48075793534309,0.001,7.6753880977630615
5018,10,18,1122,75.88221740722656,84.14693375476816,0.001,8.786850929260254
5019,10,19,2543,86.35076141357422,84.25953580840756,0.001,7.800725936889648
5020,10,20,250,87.0978775024414,84.32671804917689,0.001,7.383692741394043
5021,10,21,274,87.9926528930664,84.49717154367262,0.001,9.409148693084717
5022,10,22,2435,85.91619110107422,84.52933135264402,0.001,8.782069683074951
5023,10,23,2399,92.061279296875,84.67492546137775,0.001,7.897497653961182
5024,10,24,256,78.99039459228516,84.49880723518166,0.001,9.031603574752808
5025,10,25,1735,79.6741714477539,84.39913089653798,0.001,6.524717330932617
5026,10,26,1173,95.7203598022461,84.62750920046899,0.001,8.712400197982788
5027,10,27,2073,82.16614532470703,84.58100945387716,0.001,8.62465238571167
5028,10,28,2055,80.31586456298828,84.3582016378506,0.001,8.358256340026855
5029,10,29,2051,83.61602020263672,84.33006386995196,0.001,8.478394985198975
5030,10,30,1105,78.8744125366211,84.23008987454956,0.001,8.046708106994629
5031,10,31,1900,93.06680297851562,84.38681939244633,0.001,8.673005104064941
5032,10,32,32,78.89537811279297,84.12868832452494,0.001,8.685059309005737
5033,10,33,1903,85.78458404541016,84.16802588537922,0.001,10.162065744400024
5034,10,34,2075,75.8171615600586,83.97439603889036,0.001,10.464564323425293
5035,10,35,2341,80.17572021484375,83.81306050469927,0.001,7.572052240371704
5036,10,36,1819,87.9638671875,83.87511893063059,0.001,8.974161624908447
5037,10,37,1554,87.26902770996094,83.92537128804044,0.001,9.548609972000122
5038,10,38,1259,77.99668884277344,83.8008111997774,0.001,8.218197345733643
5039,10,39,1797,72.56175994873047,83.63903275588942,0.001,7.651113986968994
5040,10,40,1569,89.78290557861328,83.81680308791276,0.001,8.365034341812134
5041,10,41,2297,85.23493957519531,83.85727326556086,0.001,9.575506925582886
5042,10,42,1540,97.57875061035156,84.03870504221499,0.001,9.094965696334839
5043,10,43,1480,86.88502502441406,84.07501731208494,0.001,9.934043884277344
5044,10,44,1617,88.2098617553711,84.21495991927118,0.001,8.214072465896606
5045,10,45,2184,94.70330047607422,84.41002755696522,0.001,8.956143379211426
5046,10,46,2294,94.70043182373047,84.53092056746402,0.001,9.56876540184021
5047,10,47,2343,86.07606506347656,84.5582138719616,0.001,8.483950853347778
5048,10,48,1676,84.55805206298828,84.55820860537075,0.001,9.106137990951538
5049,10,49,2203,95.51625061035156,84.90203141249401,0.001,9.012014150619507
5050,10,50,2682,80.61619567871094,84.77022401158837,0.001,7.60765266418457
5051,10,51,2278,88.21875762939453,84.84807790281415,0.001,8.207396745681763
5052,10,52,2482,85.64999389648438,84.87137674488203,0.001,12.46773386001587
5053,10,53,1923,86.37040710449219,84.90374689289388,0.001,8.060415267944336
5054,10,54,1549,94.42694091796875,85.04930670473985,0.001,9.434007167816162
5055,10,55,1838,74.80369567871094,84.84408440679096,0.001,8.064876556396484
5056,10,56,1878,86.66290283203125,84.86987051753509,0.001,8.85948657989502
5057,10,57,1532,94.88223266601562,85.12955966579787,0.001,8.083798885345459
5058,10,58,1615,87.45140838623047,85.17321691308186,0.001,9.023137092590332
5059,10,59,2529,89.43192291259766,85.25528644951711,0.001,9.941742897033691
5060,10,60,2452,100.97325134277344,85.54577717395496,0.001,10.0859956741333
5061,10,61,2608,87.35831451416016,85.59020434470075,0.001,8.992186069488525
5062,10,62,2387,96.78145599365234,85.73278506136118,0.001,7.6975438594818115
5063,10,63,2784,87.742919921875,85.77959273268411,0.001,7.536072015762329
5064,10,64,1441,78.96711730957031,85.72238305953182,0.001,9.517744541168213
5065,10,65,1769,82.01895904541016,85.63834021805961,0.001,8.39517331123352
5066,10,66,2834,82.08499908447266,85.55995601061812,0.001,7.7062766551971436
5067,10,67,1649,77.47186279296875,85.4285006164759,0.001,9.2493417263031
5068,10,68,2845,84.70208740234375,85.41315043711917,0.001,8.998400449752808
5069,10,69,2861,79.78694152832031,85.32467985706984,0.001,8.876681327819824
5070,10,70,2654,87.764404296875,85.37465555167249,0.001,9.31635332107544
5071,10,71,2793,80.6510238647461,85.27865697932619,0.001,9.320046663284302
5072,10,72,1575,98.91326141357422,85.48465969232211,0.001,8.380424737930298
5073,10,73,2219,90.37173461914062,85.51670569176855,0.001,8.679505109786987
5074,10,74,2569,101.44619750976562,85.68138228222277,0.001,11.011509656906128
5075,10,75,2436,87.47657775878906,85.69380378121583,0.001,8.8762948513031
5076,10,76,1902,90.02786254882812,85.75548835353423,0.001,8.393930912017822
5077,10,77,2270,84.71229553222656,85.73588274679291,0.001,8.088104486465454
5078,10,78,2534,101.15902709960938,85.83889168456,0.001,6.621699094772339
5079,10,79,2906,83.85738372802734,85.81191486844712,0.001,7.127627849578857
5080,10,80,1576,96.23211669921875,85.87819154737696,0.001,8.080873250961304
5081,10,81,2782,78.8066635131836,85.75120584098475,0.001,7.962252140045166
5082,10,82,363,90.29296112060547,85.7797154285841,0.001,8.691822528839111
5083,10,83,2909,84.9413070678711,85.76865866733259,0.001,7.341598272323608
5084,10,84,2767,83.94937133789062,85.7448621925608,0.001,9.547576427459717
5085,10,85,29,81.21430969238281,85.68752769716203,0.001,9.6082444190979
5086,10,86,1828,78.18408966064453,85.55953046280788,0.001,8.253851413726807
5087,10,87,1839,78.47918701171875,85.51840571553062,0.001,8.5740065574646
5088,10,88,2071,94.84368133544922,85.59996864191798,0.001,9.722223997116089
5089,10,89,1675,87.58711242675781,85.61713784641532,0.001,8.16093373298645
5090,10,90,2794,86.78330993652344,85.62397272569945,0.001,8.183401107788086
5091,10,91,2593,78.05229949951172,85.53110379480077,0.001,7.803278923034668
5092,10,92,390,94.72810363769531,85.60735437275792,0.001,7.658981561660767
5093,10,93,1737,87.11354064941406,85.6302680170987,0.001,7.182619333267212
5094,10,94,2901,91.85824584960938,85.68319208216462,0.001,7.7998435497283936
5095,10,95,2789,86.85785675048828,85.69664805157235,0.001,8.513030290603638
5096,10,96,2066,94.28112030029297,85.82555038643751,0.001,7.584001779556274
5097,10,97,1484,88.64971160888672,85.85747916348768,0.001,9.50932264328003
5098,10,98,1577,86.9283447265625,85.86928041075788,0.001,9.44762372970581
5099,10,99,178,80.83114624023438,85.81541515619077,0.001,9.091379642486572
5100,10,100,273,89.02620697021484,85.85051378849677,0.001,8.695583820343018
5101,10,101,2221,90.4569320678711,85.90082839854875,0.001,9.154654741287231
5102,10,102,372,80.02272033691406,85.87460989465762,0.001,9.398853778839111
5103,10,103,1090,86.50613403320312,85.87932060250695,0.001,8.696735858917236
5104,10,104,266,99.044921875,86.06290300260743,0.001,8.121426582336426
5105,10,105,1516,82.7874755859375,86.02928101862656,0.001,8.823020458221436
5106,10,106,2098,89.05280303955078,86.04965339353801,0.001,9.38443398475647
5107,10,107,2425,88.11875915527344,86.07076306569353,0.001,8.25969672203064
5108,10,108,1311,75.65824890136719,85.93195090668891,0.001,10.547053575515747
5109,10,109,2588,87.57339477539062,85.95384963280071,0.001,8.536134243011475
5110,10,110,2552,90.16931915283203,85.99473546143099,0.001,8.393428802490234
5111,10,111,175,90.38670349121094,86.02588493177444,0.001,8.528422117233276
5112,10,112,337,78.62454223632812,85.97966883813454,0.001,10.306642055511475
5113,10,113,2340,87.43142700195312,85.99326150548175,0.001,7.9216039180755615
5114,10,114,2750,84.1439208984375,85.98493803385203,0.001,7.658093690872192
5115,10,115,1373,75.46047973632812,85.90671664742952,0.001,8.58928656578064
5116,10,116,407,84.98412322998047,85.89807064456102,0.001,8.23084282875061
5117,10,117,2157,79.78583526611328,85.82264467157441,0.001,8.736384630203247
5118,10,118,342,81.79371643066406,85.77276142046873,0.001,9.585683107376099
5119,10,119,432,78.58308410644531,85.7088597223748,0.001,9.151385068893433
5120,10,120,1482,91.07610321044922,85.73163073900375,0.001,7.158701419830322
5121,10,121,441,81.11347961425781,85.69040918245034,0.001,8.468262910842896
5122,10,122,2538,94.36797332763672,85.72727993580669,0.001,8.333283185958862
5123,10,123,2930,87.0187759399414,85.73261059500747,0.001,9.498242378234863
5124,10,124,2479,84.94682312011719,85.72593226325331,0.001,8.12238621711731
5125,10,125,2272,85.03266143798828,85.71989760460713,0.001,9.422586917877197
5126,10,126,2590,100.41230773925781,85.80802180269163,0.001,9.808809757232666
5127,10,127,481,90.03654479980469,85.84431496211157,0.001,7.910157680511475
5128,10,128,2095,85.36156463623047,85.83895321816422,0.001,7.9156060218811035
5129,10,129,2282,84.3575439453125,85.83300115699869,0.001,8.204535245895386
5130,10,130,2546,85.55777740478516,85.83071130362735,0.001,7.0717761516571045
5131,10,131,383,90.35965728759766,85.87925299377474,0.001,8.855775594711304
5132,10,132,446,88.58979034423828,85.90138691946385,0.001,8.447787761688232
5133,10,133,2172,84.79475402832031,85.89220344275832,0.001,8.981202125549316
5134,10,134,2494,75.22156524658203,85.80650944971984,0.001,8.09611988067627
5135,10,135,2563,75.39744567871094,85.74647946468197,0.001,9.255426168441772
5136,10,136,1793,92.40763092041016,85.816300371639,0.001,8.416992902755737
5137,10,137,1751,85.4366455078125,85.81414778112962,0.001,9.519093751907349
5138,10,138,1879,81.9143295288086,85.7918371471429,0.001,8.48037314414978
5139,10,139,2692,87.66564178466797,85.81128568462007,0.001,9.168681621551514
5140,10,140,1463,82.83779907226562,85.8017061239322,0.001,8.511793613433838
5141,10,141,1263,96.47138214111328,85.88383511444592,0.001,8.851939678192139
5142,10,142,2225,90.3813705444336,85.9295001370081,0.001,9.541582107543945
5143,10,143,2547,86.37799072265625,85.93290651699432,0.001,8.910991668701172
5144,10,144,2610,83.06317901611328,85.92257338785741,0.001,8.680463075637817
5145,10,145,190,76.14229583740234,85.82283329403758,0.001,7.861100912094116
5146,10,146,2205,92.90481567382812,85.87621477631451,0.001,8.29458498954773
5147,10,147,2595,93.63197326660156,85.9032805482246,0.001,8.868050336837769
5148,10,148,455,67.50473022460938,85.85380835360431,0.001,9.548179149627686
5149,10,149,1346,97.64339447021484,85.96441795437495,0.001,6.6170690059661865
5150,10,150,2197,94.91340637207031,86.02882936455634,0.001,8.554165601730347
5151,10,151,2565,79.86618041992188,86.00728741489866,0.001,9.046449661254883
5152,10,152,2464,61.70763397216797,85.92225331245314,0.001,9.749511241912842
5153,10,153,453,99.1214828491211,85.98914285874751,0.001,9.430458545684814
5154,10,154,2775,87.35107421875,85.99869230030673,0.001,8.811668395996094
5155,10,155,518,81.58560180664062,85.98373982793002,0.001,7.076551198959351
5156,10,156,2476,93.97137451171875,86.01069653116856,0.001,6.807952404022217
5157,10,157,392,90.1756591796875,86.04917413339109,0.001,8.642387390136719
5158,10,158,2274,88.20494842529297,86.06386820631053,0.001,7.539971828460693
5159,10,159,1596,92.08321380615234,86.09290038247417,0.001,8.20192575454712
5160,10,160,1092,86.98056030273438,86.10102154086682,0.001,9.244921684265137
5161,10,161,2427,80.49004364013672,86.0636454224763,0.001,9.266018152236938
5162,10,162,272,88.74913787841797,86.076712512183,0.001,7.947829246520996
5163,10,163,1686,89.41314697265625,86.10650461607541,0.001,8.28580617904663
5164,10,164,405,91.01506805419922,86.13045333489187,0.001,9.761016368865967
5165,10,165,2864,85.29190063476562,86.12643145464422,0.001,9.954658269882202
5166,10,166,2533,66.97107696533203,86.03425783286713,0.001,9.441819429397583
5167,10,167,773,96.73210144042969,86.10454172282321,0.001,9.213751316070557
5168,10,168,2188,88.35099029541016,86.11908645205826,0.001,7.365793228149414
5169,10,169,2781,76.61550903320312,86.08042801909026,0.001,9.854709386825562
5170,10,170,73,81.97991943359375,86.06761228422171,0.001,10.400569200515747
5171,10,171,1383,91.71541595458984,86.09403705260426,0.001,7.9343836307525635
5172,10,172,788,81.50556182861328,86.05480055650474,0.001,7.840278148651123
5173,10,173,2523,91.75233459472656,86.10304765837797,0.001,9.149429082870483
5174,10,174,699,77.54920959472656,86.04998774914533,0.001,8.920273065567017
5175,10,175,77,86.06315612792969,86.05007123969393,0.001,8.31850790977478
5176,10,176,459,109.67318725585938,86.1197577690144,0.001,9.740789890289307
5177,10,177,2617,83.26799011230469,86.09636343648626,0.001,9.352172613143921
5178,10,178,682,92.19097137451172,86.14592235212089,0.001,8.805420875549316
5179,10,179,2652,89.04255676269531,86.154219965387,0.001,8.194615602493286
5180,10,180,448,96.9791030883789,86.22162439604695,0.001,9.662383079528809
5181,10,181,488,87.32107543945312,86.23038702873629,0.001,8.724124908447266
5182,10,182,1585,86.93778228759766,86.23596748963455,0.001,9.674441814422607
5183,10,183,69,89.12403869628906,86.25904761418388,0.001,7.724184513092041
5184,10,184,2669,98.53021240234375,86.29413173918053,0.001,9.046502113342285
5185,10,185,496,80.69000244140625,86.26252528000227,0.001,8.56904649734497
5186,10,186,2070,89.30068969726562,86.28615394415498,0.001,8.645011186599731
5187,10,187,521,83.46263885498047,86.27835368380387,0.001,6.730628490447998
5188,10,188,344,84.32261657714844,86.27292450063221,0.001,9.21321725845337
5189,10,189,771,85.50312042236328,86.26850244461639,0.001,9.811368703842163
5190,10,190,461,92.29592895507812,86.31419225277436,0.001,10.340399265289307
5191,10,191,1355,77.13975524902344,86.26160584516188,0.001,8.893062353134155
5192,10,192,2763,94.8076400756836,86.28458740684722,0.001,7.720918416976929
5193,10,193,2603,74.85419464111328,86.20068727888761,0.001,9.439439058303833
5194,10,194,28,96.30704498291016,86.22765683763227,0.001,8.174827575683594
5195,10,195,468,85.7069091796875,86.22381353459973,0.001,9.410386800765991
5196,10,196,819,84.50651550292969,86.21422305436155,0.001,8.89460825920105
5197,10,197,2619,86.97663879394531,86.21698414504417,0.001,7.176272630691528
5198,10,198,2249,89.02365112304688,86.23274682348871,0.001,8.376761436462402
5199,10,199,705,81.87713623046875,86.20049884155203,0.001,8.064951419830322
5200,10,200,67,85.77401733398438,86.1981783274181,0.001,9.227524280548096
5201,10,201,401,82.30044555664062,86.17707942370168,0.001,10.32965636253357
5202,10,202,1580,97.2734375,86.2196831078806,0.001,7.287216424942017
5203,10,203,915,96.7409896850586,86.24563737229987,0.001,7.918706893920898
5204,10,204,1636,72.39073181152344,86.146826706977,0.001,10.407042026519775
5205,10,205,858,92.7435302734375,86.16197635954413,0.001,8.502358436584473
5206,10,206,1089,88.43836212158203,86.17799606066099,0.001,10.884886980056763
5207,10,207,2243,86.04193878173828,86.17704210412367,0.001,10.182308197021484
5208,10,208,977,85.95355987548828,86.17623228782435,0.001,10.210519790649414
5209,10,209,913,84.03738403320312,86.16830537549409,0.001,11.135977983474731
5210,10,210,2585,81.66230010986328,86.14540015725882,0.001,10.218052625656128
5211,10,211,378,95.87521362304688,86.21221619874682,0.001,9.022377967834473
5212,10,212,376,103.03846740722656,86.25398041068875,0.001,9.145127296447754
5213,10,213,695,85.93922424316406,86.25235864552661,0.001,9.173640727996826
5214,10,214,1823,82.43231964111328,86.225932607617,0.001,6.661664962768555
5215,10,215,774,87.01165008544922,86.2299027727179,0.001,9.23987627029419
5216,10,216,1457,84.32109069824219,86.21726582553165,0.001,8.740990161895752
5217,10,217,2060,80.81041717529297,86.19014203537958,0.001,8.209777355194092
5218,10,218,864,94.83152770996094,86.20952955957182,0.001,9.91615891456604
5219,10,219,2548,86.05020141601562,86.2087531399058,0.001,8.764026880264282
5220,10,220,2583,90.98245239257812,86.23245842430111,0.001,8.055662155151367
5221,10,221,916,89.8027572631836,86.24096395366244,0.001,9.39623212814331
5222,10,222,2298,74.85372924804688,86.21502048308359,0.001,8.376304864883423
5223,10,223,689,89.94322204589844,86.22799681915583,0.001,8.31420350074768
5224,10,224,94,77.96916961669922,86.17757638252039,0.001,9.624997615814209
5225,10,225,801,85.78479766845703,86.17625775598069,0.001,8.077672958374023
5226,10,226,2398,81.97471618652344,86.14955240904405,0.001,8.620053052902222
5227,10,227,2580,89.02839660644531,86.16749831308144,0.001,8.043628454208374
5228,10,228,68,94.07256317138672,86.19493762098861,0.001,8.22693920135498
5229,10,229,920,86.40554809570312,86.1962851691259,0.001,7.802896022796631
5230,10,230,56,87.9020767211914,86.20432340841803,0.001,8.06044864654541
5231,10,231,814,74.70263671875,86.1778669633754,0.001,8.352889776229858
5232,10,232,2584,83.08391571044922,86.15865438553683,0.001,7.779451608657837
5233,10,233,832,76.58879852294922,86.09973056594961,0.001,8.441753387451172
5234,10,234,2235,87.5801773071289,86.10880539868607,0.001,8.66254448890686
5235,10,235,1161,82.28580474853516,86.10091348009179,0.001,8.53485107421875
5236,10,236,471,87.42938995361328,86.1089416256068,0.001,7.6094324588775635
5237,10,237,2413,90.23219299316406,86.12798637592724,0.001,8.955007314682007
5238,10,238,2706,79.24653625488281,86.11382979882987,0.001,9.260958433151245
5239,10,239,743,84.29231262207031,86.10991990437633,0.001,9.552855968475342
5240,10,240,2099,76.76225280761719,86.07958408887677,0.001,8.433786392211914
5241,10,241,2335,96.0921859741211,86.10165280534989,0.001,10.670477151870728
5242,10,242,1155,93.85062408447266,86.11855866731338,0.001,9.229819297790527
5243,10,243,2149,81.17507934570312,86.09607225547903,0.001,8.093351602554321
5244,10,244,367,96.0813980102539,86.12753961225529,0.001,8.295435428619385
5245,10,245,447,95.32120513916016,86.14729745333473,0.001,8.197069883346558
5246,10,246,2223,85.19032287597656,86.14160352248862,0.001,8.260509967803955
5247,10,247,2874,87.622314453125,86.1480065553802,0.001,9.804107427597046
5248,10,248,2422,78.64864349365234,86.1322636739431,0.001,9.33360481262207
5249,10,249,1120,81.3765869140625,86.11806195293198,0.001,9.468362092971802
5250,10,250,1794,79.09251403808594,86.08787130935966,0.001,8.847232341766357
5251,10,251,951,90.23295593261719,86.10586333447117,0.001,9.060012102127075
5252,10,252,2871,74.8260726928711,86.04113412273054,0.001,6.7827088832855225
5253,10,253,707,86.78794860839844,86.04257280970482,0.001,8.914012432098389
5254,10,254,870,86.88278198242188,86.04516186855255,0.001,10.644553899765015
5255,10,255,2613,98.08091735839844,86.0961213450137,0.001,8.286475419998169
5256,10,256,742,82.65501403808594,86.07647165573444,0.001,8.55540657043457
5257,10,257,852,92.62605285644531,86.10399051318943,0.001,7.016918420791626
5258,10,258,680,104.32334899902344,86.14037972015659,0.001,10.078538417816162
5259,10,259,2166,84.52032470703125,86.13551685246294,0.001,6.451641321182251
5260,10,260,2502,90.42285919189453,86.15976266579818,0.001,9.437417984008789
5261,10,261,1250,83.09527587890625,86.15371762719107,0.001,8.902673482894897
5262,10,262,1097,96.06868743896484,86.17292550481989,0.001,9.534096717834473
5263,10,263,861,92.38416290283203,86.19145235138608,0.001,8.429365873336792
5264,10,264,607,95.74193572998047,86.20965292256933,0.001,7.37867546081543
5265,10,265,1342,83.93160247802734,86.20038077693813,0.001,9.664235830307007
5266,10,266,1368,86.79501342773438,86.20217284967869,0.001,9.331304788589478
5267,10,267,1265,93.54325866699219,86.21664525595736,0.001,8.256540775299072
5268,10,268,2772,79.48001861572266,86.18905683774923,0.001,7.484044313430786
5269,10,269,851,85.8841781616211,86.18735697694072,0.001,8.668510675430298
5270,10,270,2911,78.95830535888672,86.17435459710843,0.001,8.505911588668823
5271,10,271,685,86.89757537841797,86.1772524625286,0.001,7.9385857582092285
5272,10,272,2229,84.7356948852539,86.17364446822135,0.001,8.43645453453064
5273,10,273,1333,104.92208862304688,86.24948001732386,0.001,8.60660696029663
5274,10,274,2720,91.00150299072266,86.25791154893922,0.001,9.3853280544281
5275,10,275,834,90.66743469238281,86.2814353707803,0.001,10.078303575515747
5276,10,276,1306,76.41175842285156,86.22913869652322,0.001,8.321263313293457
5277,10,277,2498,95.71966552734375,86.25602738200318,0.001,8.54005742073059
5278,10,278,904,78.1195068359375,86.23564362949267,0.001,10.203977823257446
5279,10,279,616,89.56404876708984,86.2529809430051,0.001,9.92262864112854
5280,10,280,336,82.00518798828125,86.23060837265,0.001,7.899726390838623
5281,10,281,956,82.86888885498047,86.21317753821562,0.001,9.266144275665283
5282,10,282,966,81.46769714355469,86.20024831004795,0.001,9.869386672973633
5283,10,283,490,88.17167663574219,86.2039698615706,0.001,10.25010633468628
5284,10,284,434,88.34098815917969,86.20754385759771,0.001,8.072466373443604
5285,10,285,728,82.14396667480469,86.19179613988788,0.001,7.857196092605591
5286,10,286,989,90.30854797363281,86.20760464663792,0.001,9.398539543151855
5287,10,287,727,80.70034790039062,86.1976726286301,0.001,7.621268033981323
5288,10,288,325,83.42497253417969,86.18709692513217,0.001,8.822446584701538
5289,10,289,523,89.47710418701172,86.20395158157503,0.001,8.708356618881226
5290,10,290,686,73.82935333251953,86.15599695807015,0.001,7.954886436462402
5291,10,291,706,79.77296447753906,86.14430251915618,0.001,9.71302318572998
5292,10,292,2929,85.85110473632812,86.1431958142917,0.001,8.052087545394897
5293,10,293,770,90.2098159790039,86.1586961234123,0.001,9.327992916107178
5294,10,294,2596,94.0430908203125,86.17977942091726,0.001,7.837071180343628
5295,10,295,991,98.83165740966797,86.20182357436124,0.001,10.72756052017212
5296,10,296,2535,88.06275939941406,86.20513005162438,0.001,8.34351134300232
5297,10,297,492,80.78823852539062,86.17824741039509,0.001,8.177852630615234
5298,10,298,2513,102.06773376464844,86.20615853018828,0.001,8.640863418579102
5299,10,299,340,82.10771179199219,86.19097651489078,0.001,8.762417793273926
5300,10,300,2505,86.21742248535156,86.19102399365379,0.001,8.455815553665161
5301,10,301,1700,87.93267822265625,86.19585139812727,0.001,8.707416772842407
5302,10,302,514,98.20503234863281,86.22775820458911,0.001,8.231237173080444
5303,10,303,1846,85.58135986328125,86.22541597614466,0.001,10.451916933059692
5304,10,304,424,88.88726043701172,86.23200896425675,0.001,7.1624603271484375
5305,10,305,1470,93.09566497802734,86.2562985631049,0.001,8.118567705154419
5306,10,306,2443,89.88787841796875,86.26934259604677,0.001,7.425533294677734
5307,10,307,1493,83.35780334472656,86.2553226012808,0.001,7.489582061767578
5308,10,308,961,79.26689147949219,86.22206896796341,0.001,8.481619834899902
5309,10,309,811,73.66930389404297,86.20224029732499,0.001,9.010097026824951
5310,10,310,954,73.74533081054688,86.18106822048532,0.001,8.248515367507935
5311,10,311,1627,98.17724609375,86.2241439019005,0.001,9.445591688156128
5312,10,312,374,74.8473892211914,86.17068895393305,0.001,8.453542709350586
5313,10,313,759,86.2805404663086,86.1710729263238,0.001,6.606438875198364
5314,10,314,2927,86.99140930175781,86.17226714175634,0.001,7.336331605911255
5315,10,315,469,90.77261352539062,86.19372472538332,0.001,9.355637788772583
5316,10,316,1642,83.20805358886719,86.18342905638079,0.001,8.025115251541138
5317,10,317,2672,84.94051361083984,86.17762429686579,0.001,6.85859489440918
5318,10,318,519,80.42422485351562,86.15091800788214,0.001,9.962394714355469
5319,10,319,2758,100.27798461914062,86.19949130181256,0.001,9.751955270767212
5320,10,320,2694,100.8763656616211,86.22341789473631,0.001,6.778054475784302
5321,10,321,264,91.50220489501953,86.241673205976,0.001,8.600821018218994
5322,10,322,972,88.42408752441406,86.24900741871971,0.001,8.277444124221802
5323,10,323,2668,93.59862518310547,86.27437731298073,0.001,8.531257629394531
5324,10,324,2392,86.06239318847656,86.27385563952285,0.001,7.3817458152771
5325,10,325,710,84.40758514404297,86.26755710185562,0.001,8.949170589447021
5326,10,326,1109,84.483642578125,86.25980169765423,0.001,8.622583866119385
5327,10,327,825,80.08879089355469,86.2501411128193,0.001,8.355968236923218
5328,10,328,65,92.06605529785156,86.25968452906649,0.001,8.815634489059448
5329,10,329,60,87.19042205810547,86.26191147240299,0.001,8.153234720230103
5330,10,330,863,82.38622283935547,86.24884524971394,0.001,9.097338914871216
5331,10,331,1551,93.5912857055664,86.27374755679256,0.001,9.936638355255127
5332,10,332,400,89.3721923828125,86.2803496349556,0.001,8.231212377548218
5333,10,333,803,102.60904693603516,86.30551389707276,0.001,8.580821514129639
5334,10,334,2923,91.5859375,86.31764595868135,0.001,7.900188446044922
5335,10,335,368,82.93411254882812,86.30608744182712,0.001,8.288861513137817
5336,10,336,1925,110.64065551757812,86.34394521409877,0.001,8.688592672348022
5337,10,337,1548,91.62279510498047,86.36063316428057,0.001,8.563209056854248
5338,10,338,507,99.765869140625,86.37525187630455,0.001,9.333450317382812
5339,10,339,611,89.00409698486328,86.38130427317277,0.001,7.031790494918823
5340,10,340,2233,94.0296630859375,86.39909558718435,0.001,8.674435138702393
5341,10,341,2709,100.06090545654297,86.42007923210717,0.001,8.630671977996826
5342,10,342,361,85.57202911376953,86.41657878967024,0.001,8.48048448562622
5343,10,343,2455,101.66242218017578,86.44067714428257,0.001,8.672333717346191
5344,10,344,808,87.13916778564453,86.44291921331956,0.001,8.353230476379395
5345,10,345,2216,90.15521240234375,86.44804342420889,0.001,9.317192316055298
5346,10,346,2722,72.89437866210938,86.42879969702184,0.001,9.077659845352173
5347,10,347,1717,101.45996856689453,86.45159615674311,0.001,8.307263135910034
5348,10,348,1334,86.68517303466797,86.45194798065016,0.001,9.563748836517334
5349,10,349,717,89.84671020507812,86.46644526151091,0.001,9.297031164169312
5350,10,350,1196,87.26835632324219,86.46756608423797,0.001,7.104021310806274
5351,10,351,2614,79.00454711914062,86.43611298663988,0.001,7.660642147064209
5352,10,352,1527,86.23172760009766,86.43546776222911,0.001,9.026840686798096
5353,10,353,2460,80.99195098876953,86.42725701717708,0.001,10.129352331161499
5354,10,354,827,94.2956314086914,86.44205751784902,0.001,7.764203786849976
5355,10,355,2000,87.28199768066406,86.44330684218139,0.001,6.703922510147095
5356,10,356,694,82.83818054199219,86.42819647309587,0.001,6.0118796825408936
5357,10,357,2601,89.43756866455078,86.44055791321247,0.001,8.904618501663208
5358,10,358,2673,84.9520034790039,86.43583505537919,0.001,8.654448509216309
5359,10,359,721,91.17269897460938,86.44621032262981,0.001,8.659002304077148
5360,10,360,914,83.56670379638672,86.43729238688793,0.001,8.3353271484375
5361,10,361,2328,79.067138671875,86.42076337355675,0.001,7.977884531021118
5362,10,362,436,87.40509796142578,86.42290152918572,0.001,8.909327268600464
5363,10,363,98,89.53392791748047,86.4357457205979,0.001,9.72761058807373
5364,10,364,1262,88.17630004882812,86.438258704193,0.001,8.918258428573608
5365,10,365,919,86.38642120361328,86.43804348977524,0.001,8.627865076065063
5366,10,366,64,97.72550201416016,86.45471123749485,0.001,9.032855987548828
5367,10,367,388,97.82833862304688,86.47057099321361,0.001,8.413891315460205
5368,10,368,1648,96.97303009033203,86.49338896118236,0.001,9.57492709159851
5369,10,369,990,76.64212799072266,86.46274219092032,0.001,8.721568822860718
5370,10,370,38,83.58072662353516,86.4564503102782,0.001,10.128396034240723
5371,10,371,1399,81.62545776367188,86.43670143587045,0.001,7.47234034538269
5372,10,372,408,74.11369323730469,86.41043202370896,0.001,7.6059346199035645
5373,10,373,377,87.31712341308594,86.41238048673121,0.001,9.228317260742188
5374,10,374,2832,78.31951904296875,86.38159432846065,0.001,7.960680246353149
5375,10,375,778,92.87653350830078,86.40084035768875,0.001,10.821131467819214
5376,10,376,981,91.33822631835938,86.41557917854735,0.001,8.289788722991943
5377,10,377,2080,78.7692642211914,86.38513988551081,0.001,7.280760049819946
5378,10,378,962,75.29584503173828,86.36149252048878,0.001,9.087025165557861
5379,10,379,2101,93.48136901855469,86.3897279560713,0.001,9.173150062561035
5380,10,380,1093,84.13724517822266,86.38106962449746,0.001,7.673847913742065
5381,10,381,986,77.1867904663086,86.3536933527538,0.001,8.744805574417114
5382,10,382,458,83.4184799194336,86.34949146386415,0.001,9.29952883720398
5383,10,383,1127,89.21699523925781,86.35559143264022,0.001,8.710221767425537
5384,10,384,1495,90.95177459716797,86.3690277054544,0.001,8.489537239074707
5385,10,385,2660,89.6380615234375,86.38140681313206,0.001,11.48998737335205
5386,10,386,1762,96.2579574584961,86.40988007921338,0.001,8.813549280166626
5387,10,387,873,89.21432495117188,86.41327148326393,0.001,8.056242942810059
5388,10,388,693,85.77326202392578,86.41080650453942,0.001,8.897935628890991
5389,10,389,2450,85.28366088867188,86.40763488443385,0.001,8.363763093948364
5390,10,390,74,97.62886047363281,86.42272845953728,0.001,8.921624422073364
5391,10,391,2564,82.35076141357422,86.41130184506044,0.001,6.042234659194946
5392,10,392,787,88.53682708740234,86.41422843101076,0.001,9.041211605072021
5393,10,393,403,83.54000091552734,86.40844345345774,0.001,7.130256175994873
5394,10,394,2448,82.17787170410156,86.39254554229042,0.001,8.749140739440918
5395,10,395,1791,81.51423645019531,86.38283338966183,0.001,8.483500003814697
5396,10,396,2349,82.19608306884766,86.36718686295308,0.001,8.42362356185913
5397,10,397,601,86.14107513427734,86.36634075727568,0.001,7.125873804092407
5398,10,398,1807,86.65049743652344,86.36738705815787,0.001,10.48620891571045
5399,10,399,1365,93.25365447998047,86.37657611648615,0.001,9.997032642364502
5400,10,400,789,80.90872192382812,86.36139037312954,0.001,9.453824758529663
5401,10,401,350,82.12618255615234,86.34953941159421,0.001,9.775509357452393
5402,10,402,522,76.0550765991211,86.3114062918896,0.001,8.692912101745605
5403,10,403,1809,87.0741958618164,86.3141593961006,0.001,7.7904627323150635
5404,10,404,382,77.74097442626953,86.30322982785974,0.001,8.361297607421875
5405,10,405,719,80.98983001708984,86.28376032391711,0.001,8.611098289489746
5406,10,406,2510,80.27832794189453,86.2620454916242,0.001,8.408684968948364
5407,10,407,1343,86.9146728515625,86.26283959714155,0.001,9.124486207962036
5408,10,408,1361,80.64014434814453,86.2555402366462,0.001,8.943166494369507
5409,10,409,2293,74.17106628417969,86.22188429554114,0.001,9.621197700500488
5410,10,410,1768,93.82915496826172,86.23166793584593,0.001,10.113731622695923
5411,10,411,1196,87.24836730957031,86.23287307601959,0.001,8.441856861114502
5412,10,412,1126,80.77037811279297,86.21311861866239,0.001,7.560448884963989
5413,10,413,1326,91.23593139648438,86.21948248943625,0.001,8.57212209701538
5414,10,414,1809,87.06647491455078,86.22246472497396,0.001,7.920695543289185
5415,10,415,1838,74.68003845214844,86.1920214775451,0.001,9.521734952926636
5416,10,416,1122,75.80638885498047,86.1718336709682,0.001,9.909132480621338
5417,10,417,1615,87.30709838867188,86.17480329890218,0.001,7.786199569702148
5418,10,418,1828,77.95713806152344,86.14499663148595,0.001,9.484720468521118
5419,10,419,1570,86.56280517578125,86.1455314142203,0.001,7.3786211013793945
5420,10,420,1676,84.61141967773438,86.14007213156765,0.001,8.196369886398315
5421,10,421,1762,96.27425384521484,86.16678126797508,0.001,8.683035373687744
5422,10,422,1779,91.9535903930664,86.18704387470598,0.001,9.928444623947144
5423,10,423,1900,92.47374725341797,86.19511340431387,0.001,9.231504917144775
5424,10,424,1310,82.37923431396484,86.1817100198606,0.001,9.183464050292969
5425,10,425,1791,81.56124877929688,86.17320715048837,0.001,10.880515575408936
5426,10,426,1081,93.3599624633789,86.19198636129197,0.001,9.47071361541748
5427,10,427,1845,78.93226623535156,86.18349184835654,0.001,8.32966923713684
5428,10,428,1514,92.19178009033203,86.19088000192221,0.001,8.028432846069336
5429,10,429,1098,75.13458251953125,86.17016028492309,0.001,9.72881555557251
5430,10,430,1250,83.11122131347656,86.16642596575853,0.001,8.575550317764282
5431,10,431,1571,92.45404815673828,86.18803144928866,0.001,9.213947534561157
5432,10,432,2066,94.48995971679688,86.21639534252147,0.001,8.581431865692139
5433,10,433,1151,92.50615692138672,86.22752505073903,0.001,9.117977380752563
5434,10,434,1434,89.59555053710938,86.23586726942357,0.001,7.906991243362427
5435,10,435,1365,93.20702362060547,86.24439785220433,0.001,9.623629331588745
5436,10,436,1182,76.07701873779297,86.21819309862036,0.001,8.581892013549805
5437,10,437,1648,96.98757934570312,86.23777048256896,0.001,7.9216156005859375
5438,10,438,1580,97.21691131591797,86.25770074670805,0.001,9.536624431610107
5439,10,439,1099,89.36759948730469,86.26825261842836,0.001,9.468777894973755
5440,10,440,1636,72.38126373291016,86.22129346300287,0.001,8.941460847854614
5441,10,441,1797,71.86949920654297,86.20366569723095,0.001,8.093627214431763
5442,10,442,1692,88.0417251586914,86.209816561063,0.001,9.305230140686035
5443,10,443,1149,72.3111801147461,86.17457903630991,0.001,9.645455837249756
5444,10,444,1383,91.71334838867188,86.18465099161683,0.001,9.783319473266602
5445,10,445,1965,85.05428314208984,86.18085408930585,0.001,9.86951756477356
5446,10,446,1161,82.2999267578125,86.17651270792902,0.001,8.39024829864502
5447,10,447,2055,79.87592315673828,86.15560907164387,0.001,9.706239223480225
5448,10,448,1551,93.60028839111328,86.17438463077366,0.001,10.04717230796814
5449,10,449,1457,84.32128143310547,86.16833346542415,0.001,7.548471689224243
5450,10,450,1806,79.71402740478516,86.14707818330311,0.001,8.656736373901367
5451,10,451,1888,78.48863983154297,86.12238516473911,0.001,7.999898672103882
5452,10,452,1576,96.11933135986328,86.13388177097933,0.001,8.81867504119873
5453,10,453,1864,94.97029876708984,86.14427965374864,0.001,8.59725284576416
5454,10,454,1440,92.67244720458984,86.15990044517953,0.001,8.924903154373169
5455,10,455,1923,86.29793548583984,86.16024466963577,0.001,8.353199481964111
5456,10,456,1862,80.06439971923828,86.15316468145744,0.001,9.287575960159302
5457,10,457,1903,85.89102935791016,86.1527166081802,0.001,9.767352819442749
5458,10,458,1399,81.61026000976562,86.13781327115997,0.001,10.162339925765991
5459,10,459,1506,78.87763214111328,86.12986890277031,0.001,9.801844120025635
5460,10,460,1794,79.03993225097656,86.11303192262237,0.001,9.264079570770264
5461,10,461,1333,104.861328125,86.15831744901487,0.001,9.021346807479858
5462,10,462,1620,84.87187194824219,86.157330883205,0.001,9.775295972824097
5463,10,463,1132,75.07877349853516,86.13030783748776,0.001,9.655309438705444
5464,10,464,1394,78.06985473632812,86.11099026370464,0.001,9.120744228363037
5465,10,465,1361,80.64204406738281,86.10476038849202,0.001,8.515699863433838
5466,10,466,1938,83.48670959472656,86.10188443490001,0.001,9.203099012374878
5467,10,467,1548,91.57144165039062,86.11442353567655,0.001,8.411940813064575
5468,10,468,177,89.16777801513672,86.12158954893304,0.001,8.227862358093262
5469,10,469,1846,85.58174133300781,86.12031874708711,0.001,9.270158290863037
5470,10,470,1480,86.74175262451172,86.12100986818591,0.001,7.95391845703125
5471,10,471,2163,80.44774627685547,86.10723394563443,0.001,7.630138158798218
5472,10,472,1355,77.16852569580078,86.08602786319864,0.001,8.42707872390747
5473,10,473,1502,80.27268981933594,86.06752720309264,0.001,8.95573353767395
5474,10,474,1569,89.85953521728516,86.07648592301673,0.001,8.47965693473816
5475,10,475,1540,97.83445739746094,86.08971319943916,0.001,7.485013246536255
5476,10,476,2241,101.0090560913086,86.13680061471246,0.001,9.699534893035889
5477,10,477,1259,77.92647552490234,86.1234001056089,0.001,9.425079345703125
5478,10,478,2274,88.17221069335938,86.12808108977661,0.001,9.041082620620728
5479,10,479,1092,86.96025085449219,86.13066110677083,0.001,8.697254419326782
5480,10,480,1896,80.858642578125,86.1185378032915,0.001,8.162643909454346
5481,10,481,1460,89.13575744628906,86.12354111300873,0.001,10.042192459106445
5482,10,482,1793,92.40509033203125,86.14259337577951,0.001,9.524221897125244
5483,10,483,2196,95.85208129882812,86.15218382852557,0.001,8.772808313369751
5484,10,484,1516,82.76345825195312,86.1444509509009,0.001,10.114184617996216
5485,10,485,1530,80.74140930175781,86.12796631178712,0.001,8.476736068725586
5486,10,486,2272,85.03471374511719,86.12547091581717,0.001,7.97724723815918
5487,10,487,2098,89.01022338867188,86.12979159657176,0.001,8.127187252044678
5488,10,488,1817,68.26585388183594,86.11104116099054,0.001,7.184675693511963
5489,10,489,1397,81.5534439086914,86.09707201700903,0.001,10.11598014831543
5490,10,490,1699,86.63621520996094,86.09792375318023,0.001,8.301304578781128
5491,10,491,1083,91.73738861083984,86.1145112836632,0.001,8.879479169845581
5492,10,492,1915,79.74420928955078,86.10434455618224,0.001,7.707338333129883
5493,10,493,2327,101.56182098388672,86.12878047036236,0.001,10.080965757369995
5494,10,494,2278,88.2421875,86.13360797880817,0.001,7.29867148399353
5495,10,495,1090,86.51658630371094,86.13421395147216,0.001,7.817857980728149
5496,10,496,1155,93.95539093017578,86.14271630083054,0.001,7.922508239746094
5497,10,497,1344,80.959716796875,86.13121665932614,0.001,9.305691242218018
5498,10,498,1439,87.75965118408203,86.1359999514602,0.001,9.475952625274658
5499,10,499,1089,88.45791625976562,86.14288079957464,0.001,10.604856967926025
5500,11,0,1839,78.3609390258789,78.3609390258789,0.001,8.843058347702026
5501,11,1,1173,95.66004180908203,87.12282225373504,0.001,9.85543155670166
5502,11,2,1523,86.61629486083984,86.95291997012366,0.001,8.729766845703125
5503,11,3,2034,88.50115203857422,87.69608399645254,0.001,8.96433401107788
5504,11,4,2216,90.19263458251953,88.03309850118895,0.001,7.408667802810669
5505,11,5,2013,101.33953094482422,89.74906788640413,0.001,8.08306360244751
5506,11,6,2233,93.96993255615234,90.44024803926521,0.001,8.265408515930176
5507,11,7,2051,83.57156372070312,89.14822576071492,0.001,8.43140172958374
5508,11,8,1123,90.04173278808594,89.25322322509079,0.001,9.463728666305542
5509,11,9,1097,96.10222625732422,89.73929851729115,0.001,8.732435703277588
5510,11,10,1568,81.77731323242188,88.68751476279627,0.001,8.3303861618042
5511,11,11,1265,93.54493713378906,88.97781383069893,0.001,8.77518081665039
5512,11,12,1914,85.1077651977539,88.76040969511291,0.001,9.095593452453613
5513,11,13,1682,77.32176208496094,87.55534774791518,0.001,8.882927417755127
5514,11,14,1848,84.26730346679688,87.1481635452302,0.001,8.397066354751587
5515,11,15,1342,84.07624053955078,86.89236997061613,0.001,8.769223690032959
5516,11,16,1575,98.94519805908203,87.855199366756,0.001,8.527706861495972
5517,11,17,2144,92.02143096923828,88.00305231102496,0.001,6.962985038757324
5518,11,18,1585,86.89080810546875,87.90271815431102,0.001,8.258253335952759
5519,11,19,1395,107.40583801269531,88.52845197058674,0.001,8.463026523590088
5520,11,20,1441,78.97909545898438,88.2297724862121,0.001,10.536052942276001
5521,11,21,2235,87.6238021850586,88.18214552232789,0.001,9.264822244644165
5522,11,22,1393,88.97028350830078,88.22642100478332,0.001,8.609999418258667
5523,11,23,1700,87.9263916015625,88.21430386312095,0.001,9.301285028457642
5524,11,24,1532,94.88338470458984,88.6565372621223,0.001,8.914348602294922
5525,11,25,1679,72.94503784179688,88.10356293806093,0.001,8.404681205749512
5526,11,26,1519,87.15974426269531,88.05931992248141,0.001,10.07626986503601
5527,11,27,1706,104.02454376220703,88.75903482778982,0.001,9.175321817398071
5528,11,28,2117,91.45948791503906,88.87022621417992,0.001,10.406633853912354
5529,11,29,1109,84.28852844238281,88.63428727642228,0.001,8.230183839797974
5530,11,30,1909,87.44100189208984,88.57469137726206,0.001,8.605789422988892
5531,11,31,1088,86.930419921875,88.51568625977058,0.001,10.890263557434082
5532,11,32,2498,95.82275390625,88.70173202558762,0.001,9.663844585418701
5533,11,33,2191,93.71444702148438,88.82913678657383,0.001,11.136539697647095
5534,11,34,1858,81.50643157958984,88.5853904988538,0.001,8.596944332122803
5535,11,35,1616,93.43826293945312,88.74688119204667,0.001,9.63602066040039
5536,11,36,2064,85.4358901977539,88.64140354752345,0.001,9.622113943099976
5537,11,37,2270,84.71177673339844,88.48135415413769,0.001,8.75859785079956
5538,11,38,1823,82.30318450927734,88.23687926541699,0.001,9.276653528213501
5539,11,39,2184,94.70967102050781,88.3695104439491,0.001,8.347316265106201
5540,11,40,2067,87.8489761352539,88.35891189649901,0.001,8.989973545074463
5541,11,41,1334,87.1435546875,88.343276485203,0.001,8.27065920829773
5542,11,42,2533,67.03532409667969,87.92548920856096,0.001,8.617733716964722
5543,11,43,1118,84.25611114501953,87.8295695250548,0.001,7.717792272567749
5544,11,44,274,88.05020141601562,87.83512249969093,0.001,7.961008787155151
5545,11,45,1264,88.34158325195312,87.8413338276516,0.001,8.847811460494995
5546,11,46,1878,86.67060852050781,87.82082709222855,0.001,7.74668550491333
5547,11,47,2282,84.19258880615234,87.77853802143314,0.001,7.395024299621582
5548,11,48,266,99.04068756103516,88.13587099369622,0.001,8.147280931472778
5549,11,49,1879,82.01294708251953,88.03198168222461,0.001,7.869901180267334
5550,11,50,2179,92.82620239257812,88.11169739063935,0.001,8.085102319717407
5551,11,51,29,81.18431854248047,87.95714495373544,0.001,9.180779933929443
5552,11,52,1769,82.0254135131836,87.78304521530131,0.001,9.428230285644531
5553,11,53,1735,79.63212585449219,87.6985497294343,0.001,8.995382070541382
5554,11,54,2225,90.34773254394531,87.77246801023385,0.001,9.008048295974731
5555,11,55,2223,85.094970703125,87.69916494551153,0.001,9.75762152671814
5556,11,56,1343,86.84756469726562,87.69149858345544,0.001,9.683736085891724
5557,11,57,2552,90.16007995605469,87.73993211831565,0.001,9.342354774475098
5558,11,58,2243,86.24301147460938,87.70132828623977,0.001,8.755228996276855
5559,11,59,1945,79.2489013671875,87.48904654192157,0.001,8.450197696685791
5560,11,60,2422,78.49442291259766,87.40907893348859,0.001,7.8668577671051025
5561,11,61,2458,78.05445098876953,87.23836811200808,0.001,5.984752178192139
5562,11,62,2529,89.43125915527344,87.27869486678415,0.001,10.125703811645508
5563,11,63,2251,96.4581527709961,87.39772798697156,0.001,10.351364135742188
5564,11,64,2298,74.85275268554688,87.29521592408602,0.001,8.2456693649292
5565,11,65,2398,81.94247436523438,87.17362926504354,0.001,9.005341291427612
5566,11,66,2443,89.62799072265625,87.21480147063815,0.001,10.430451154708862
5567,11,67,175,90.36503601074219,87.25317097315659,0.001,9.760282516479492
5568,11,68,2427,80.37808227539062,87.1425601222574,0.001,8.381840944290161
5569,11,69,2203,95.49119567871094,87.32202251686594,0.001,7.959557056427002
5570,11,70,1370,73.61520385742188,87.1036238164452,0.001,10.684086322784424
5571,11,71,2008,113.34268951416016,87.27926761532184,0.001,7.656291961669922
5572,11,72,190,76.18202209472656,87.04608434848537,0.001,8.92425274848938
5573,11,73,2147,87.22872161865234,87.0497790978404,0.001,7.618121385574341
5574,11,74,1596,92.00247192382812,87.1013337746485,0.001,9.2284836769104
5575,11,75,2436,87.50907897949219,87.10423315226008,0.001,8.388942956924438
5576,11,76,2505,86.1255111694336,87.09722710156025,0.001,8.36146855354309
5577,11,77,2435,85.9758529663086,87.08919342552028,0.001,7.429515838623047
5578,11,78,1484,88.65070343017578,87.11188171619823,0.001,9.57577657699585
5579,11,79,1556,80.91224670410156,87.02355251416607,0.001,9.047651052474976
5580,11,80,1554,87.2691421508789,87.02522206213185,0.001,7.482665777206421
5581,11,81,2297,85.18599700927734,86.99912319657385,0.001,8.608041763305664
5582,11,82,1482,91.0414047241211,87.02535247162253,0.001,9.134569883346558
5583,11,83,1495,90.97026062011719,87.07929358144277,0.001,9.143482446670532
5584,11,84,2202,88.5129165649414,87.1050151705697,0.001,7.37821102142334
5585,11,85,1925,110.84120178222656,87.25361928943354,0.001,9.78823208808899
5586,11,86,2413,90.22689819335938,87.2931162719327,0.001,8.856621026992798
5587,11,87,1649,77.46827697753906,87.16571441944876,0.001,8.918087720870972
5588,11,88,2347,83.72030639648438,87.1217904741419,0.001,8.524404525756836
5589,11,89,2340,87.432373046875,87.12562130412185,0.001,9.341434001922607
5590,11,90,2694,101.07449340820312,87.20830543887044,0.001,8.03847885131836
5591,11,91,1586,88.13717651367188,87.22369323332555,0.001,6.81255030632019
5592,11,92,2070,89.3319320678711,87.25771942009517,0.001,8.298670291900635
5593,11,93,1313,84.93754577636719,87.22232148655702,0.001,8.307987928390503
5594,11,94,1541,80.25135040283203,87.18641331712787,0.001,8.04163670539856
5595,11,95,2050,74.59115600585938,87.08233705959614,0.001,9.451375246047974
5596,11,96,1093,84.08299255371094,87.03677702723974,0.001,10.378066062927246
5597,11,97,2328,79.10843658447266,86.97078414592926,0.001,7.47880744934082
5598,11,98,1821,99.4018783569336,87.03834487227428,0.001,7.487964153289795
5599,11,99,2113,87.32987976074219,87.04168826998703,0.001,9.913355112075806
5600,11,100,2476,93.95018005371094,87.07886476963054,0.001,7.700338363647461
5601,11,101,2593,78.05829620361328,86.97635608014792,0.001,7.877100467681885
5602,11,102,1128,74.10543060302734,86.83455024399976,0.001,8.023903846740723
5603,11,103,1105,78.89234924316406,86.79148460791181,0.001,8.391356229782104
5604,11,104,2794,86.8240966796875,86.79165575801166,0.001,9.40009880065918
5605,11,105,1527,86.16841125488281,86.78498365893716,0.001,7.927728891372681
5606,11,106,2834,82.08736419677734,86.71821509605907,0.001,7.396331548690796
5607,11,107,2343,86.0704116821289,86.71339979761926,0.001,9.476056575775146
5608,11,108,1111,87.75999450683594,86.72428221342376,0.001,10.252636671066284
5609,11,109,2601,89.49617004394531,86.761654640344,0.001,7.979500770568848
5610,11,110,2590,100.51338958740234,86.85893856021892,0.001,7.770632028579712
5611,11,111,2569,101.44852447509766,86.96433638066394,0.001,8.81370735168457
5612,11,112,1777,81.74431610107422,86.91267589895843,0.001,8.711421489715576
5613,11,113,2672,85.00811004638672,86.88736209902352,0.001,8.739712953567505
5614,11,114,2603,74.85620880126953,86.73435007711261,0.001,9.298967123031616
5615,11,115,2455,101.5766830444336,86.80469040242778,0.001,7.485484838485718
5616,11,116,2071,94.85037994384766,86.85984292818151,0.001,8.858800649642944
5617,11,117,2377,75.54927825927734,86.75193927172232,0.001,8.620103597640991
5618,11,118,1602,98.02001953125,86.78581252023591,0.001,8.764955282211304
5619,11,119,1463,82.74972534179688,86.76989187480386,0.001,8.77384638786316
5620,11,120,1481,80.50965881347656,86.71016150669574,0.001,9.650200366973877
5621,11,121,1127,89.15080261230469,86.72680799176302,0.001,9.256777286529541
5622,11,122,2758,100.18028259277344,86.85096081872977,0.001,8.140055418014526
5623,11,123,2482,85.66089630126953,86.8362974966314,0.001,8.265681743621826
5624,11,124,2871,74.75939178466797,86.69144207077402,0.001,7.6998419761657715
5625,11,125,1453,94.74047088623047,86.72360256459524,0.001,9.05833125114441
5626,11,126,2349,82.39080810546875,86.67246258427308,0.001,9.51766061782837
5627,11,127,2522,78.70958709716797,86.60285418329734,0.001,8.172655820846558
5628,11,128,2293,74.14683532714844,86.49132508172126,0.001,7.3197386264801025
5629,11,129,2585,81.72784423828125,86.45081190029312,0.001,9.390409708023071
5630,11,130,2546,85.32723999023438,86.44122962284791,0.001,9.807317972183228
5631,11,131,363,90.29878997802734,86.45688396661748,0.001,7.70639443397522
5632,11,132,2406,88.51409149169922,86.48032638992089,0.001,7.412455797195435
5633,11,133,1442,83.3517837524414,86.46175821569446,0.001,9.15584421157837
5634,11,134,1117,90.56591033935547,86.4966331198662,0.001,8.60686993598938
5635,11,135,1844,103.72710418701172,86.55728816526441,0.001,9.177703619003296
5636,11,136,2537,83.67621612548828,86.53300533434853,0.001,7.751674652099609
5637,11,137,1626,74.52981567382812,86.48760665895024,0.001,9.272261381149292
5638,11,138,2166,84.4512939453125,86.47579153634503,0.001,9.244642734527588
5639,11,139,1153,87.94937133789062,86.49178913859437,0.001,9.105093240737915
5640,11,140,1690,77.40457916259766,86.45669188314405,0.001,7.206321716308594
5641,11,141,2460,81.10230255126953,86.43628225483167,0.001,9.348279237747192
5642,11,142,2565,80.10276794433594,86.41179627343637,0.001,9.244621992111206
5643,11,143,2864,85.3031997680664,86.40544472054192,0.001,7.970847129821777
5644,11,144,337,78.85478973388672,86.36691536621677,0.001,9.342508554458618
5645,11,145,2610,83.36079406738281,86.35562716236902,0.001,7.4361891746521
5646,11,146,2909,84.9676742553711,86.34469587546252,0.001,7.805753231048584
5647,11,147,441,81.16151428222656,86.30461545503645,0.001,8.694483280181885
5648,11,148,1686,89.6540756225586,86.33878776938893,0.001,7.768279314041138
5649,11,149,2660,89.85809326171875,86.37368818570077,0.001,9.099594593048096
5650,11,150,254,75.76094055175781,86.26786766455415,0.001,8.779418230056763
5651,11,151,1263,96.39285278320312,86.34328489955755,0.001,7.910353660583496
5652,11,152,2784,87.80210876464844,86.35771211746668,0.001,9.547364950180054
5653,11,153,1262,88.21971130371094,86.36414142966233,0.001,8.311702966690063
5654,11,154,28,96.38436889648438,86.39896878300654,0.001,9.618410587310791
5655,11,155,1714,73.67804718017578,86.30863469616536,0.001,8.044008493423462
5656,11,156,2906,83.85259246826172,86.29093787515514,0.001,9.182067632675171
5657,11,157,2149,81.0660629272461,86.25288436265983,0.001,9.230451822280884
5658,11,158,2722,72.9439468383789,86.21100252392573,0.001,8.349318981170654
5659,11,159,1693,89.79857635498047,86.24478690876043,0.001,9.323020458221436
5660,11,160,1921,80.17160034179688,86.20212005023762,0.001,9.529227495193481
5661,11,161,1764,88.1014633178711,86.22011144814607,0.001,7.916591167449951
5662,11,162,390,94.69608306884766,86.26103803498633,0.001,7.453245162963867
5663,11,163,2927,86.71662139892578,86.26233884483682,0.001,9.007133960723877
5664,11,164,2584,82.9886703491211,86.2325174772376,0.001,9.601778268814087
5665,11,165,2845,84.7041244506836,86.2186944793651,0.001,9.449969053268433
5666,11,166,2543,86.4022216796875,86.21994050027214,0.001,9.315658569335938
5667,11,167,453,99.13636779785156,86.28134391486206,0.001,11.409278154373169
5668,11,168,2140,95.79063415527344,86.31035320117365,0.001,10.492959022521973
5669,11,169,2157,79.79071807861328,86.25268679993741,0.001,9.231982707977295
5670,11,170,350,82.13861846923828,86.22538503781934,0.001,8.380527257919312
5671,11,171,2580,89.05925750732422,86.2495244988721,0.001,9.43294358253479
5672,11,172,2174,74.68901062011719,86.15242053890312,0.001,9.160699367523193
5673,11,173,1470,93.04837799072266,86.19566812333278,0.001,7.4443018436431885
5674,11,174,2510,80.31107330322266,86.14599967189618,0.001,9.025842428207397
5675,11,175,1802,92.72994995117188,86.18759262686834,0.001,10.25165605545044
5676,11,176,2596,94.13153839111328,86.22339515072768,0.001,9.668291568756104
5677,11,177,1751,85.45233917236328,86.21992489959594,0.001,9.86679458618164
5678,11,178,1902,90.0985336303711,86.24419718700437,0.001,9.107485055923462
5679,11,179,2534,101.11483001708984,86.28886841446861,0.001,8.205863237380981
5680,11,180,1363,86.38092041015625,86.28943697044481,0.001,9.220619440078735
5681,11,181,1503,82.47232818603516,86.27394309581898,0.001,9.366425037384033
5682,11,182,407,84.9688491821289,86.26594628436257,0.001,9.614478826522827
5683,11,183,1812,83.16043853759766,86.24048953268111,0.001,7.568357229232788
5684,11,184,38,83.52144622802734,86.2286475215445,0.001,10.211697101593018
5685,11,185,1317,80.72093200683594,86.21285334621307,0.001,8.253509521484375
5686,11,186,2613,98.07593536376953,86.28310984587095,0.001,9.714009761810303
5687,11,187,336,81.98916625976562,86.24881334271316,0.001,9.109945297241211
5688,11,188,2249,88.93281555175781,86.26500057802616,0.001,9.372493028640747
5689,11,189,471,87.34876251220703,86.27339593070226,0.001,10.079727411270142
5690,11,190,2929,85.89753723144531,86.27120143019259,0.001,8.386570692062378
5691,11,191,1120,81.17890930175781,86.2510757844696,0.001,8.05720329284668
5692,11,192,2652,89.0639877319336,86.25870065212881,0.001,9.515434265136719
5693,11,193,2432,75.23120880126953,86.22802046213145,0.001,10.120405435562134
5694,11,194,361,85.50177001953125,86.2227332072801,0.001,9.312658309936523
5695,11,195,2073,82.00194549560547,86.21169270592637,0.001,9.321655988693237
5696,11,196,434,88.46873474121094,86.21724764544001,0.001,8.905905723571777
5697,11,197,2399,92.23965454101562,86.23188060831411,0.001,6.6254518032073975
5698,11,198,1360,98.46620178222656,86.26401092548451,0.001,8.714647054672241
5699,11,199,2511,87.034912109375,86.2671637437685,0.001,9.10008978843689
5700,11,200,523,89.56488800048828,86.29206905235523,0.001,8.504113912582397
5701,11,201,2901,91.82333374023438,86.31466117608176,0.001,9.653266906738281
5702,11,202,2832,78.334716796875,86.25842607964601,0.001,7.017974138259888
5703,11,203,2750,84.05307006835938,86.25266062118415,0.001,8.326013565063477
5704,11,204,2619,86.98551940917969,86.2553041131552,0.001,7.616992473602295
5705,11,205,1346,97.64376831054688,86.33550873367219,0.001,8.867104768753052
5706,11,206,2706,79.23013305664062,86.3179452269947,0.001,8.943336963653564
5707,11,207,432,78.56370544433594,86.27660392834274,0.001,7.799611568450928
5708,11,208,717,89.84143829345703,86.30223685628782,0.001,8.452938318252563
5709,11,209,68,94.1118392944336,86.33281079249353,0.001,8.360151529312134
5710,11,210,2387,96.7729721069336,86.37280895999605,0.001,7.337725877761841
5711,11,211,490,88.12968444824219,86.37736750551717,0.001,7.675565004348755
5712,11,212,705,81.79900360107422,86.3444916282324,0.001,7.713279724121094
5713,11,213,682,92.24759674072266,86.38563918944632,0.001,9.2681884765625
5714,11,214,680,104.34010314941406,86.43008640350229,0.001,8.175468921661377
5715,11,215,2923,91.70732116699219,86.44921458191816,0.001,8.533427476882935
5716,11,216,2060,80.82486724853516,86.41977560847533,0.001,8.558035850524902
5717,11,217,2392,86.06468963623047,86.41844457632943,0.001,8.389012336730957
5718,11,218,1756,91.1826171875,86.44261973163724,0.001,8.361118793487549
5719,11,219,1549,94.67466735839844,86.4737126265299,0.001,8.163545370101929
5720,11,220,1493,83.38005828857422,86.45260469323456,0.001,6.929700613021851
5721,11,221,1675,87.6201171875,86.45679957319746,0.001,7.959871530532837
5722,11,222,814,74.70629119873047,86.42763034058235,0.001,7.980853319168091
5723,11,223,469,90.7626724243164,86.45666119188114,0.001,9.813971996307373
5724,11,224,801,85.76566314697266,86.45425526783681,0.001,9.347384452819824
5725,11,225,56,87.89134979248047,86.46143668174857,0.001,8.361177206039429
5726,11,226,69,89.12142944335938,86.47919517290181,0.001,8.303290367126465
5727,11,227,344,84.32733154296875,86.4741064920905,0.001,9.471374750137329
5728,11,228,2767,84.04206848144531,86.46195580051348,0.001,8.918040990829468
5729,11,229,374,74.84932708740234,86.38659218548109,0.001,8.094363689422607
5730,11,230,2450,85.26126098632812,86.38121214526508,0.001,9.202466249465942
5731,11,231,2874,87.61944580078125,86.38709544965785,0.001,8.584397077560425
5732,11,232,272,88.71089172363281,86.3951650572281,0.001,9.957056283950806
5733,11,233,1113,87.55451202392578,86.40258133341284,0.001,10.297154188156128
5734,11,234,834,90.6744155883789,86.42971171031306,0.001,8.659099578857422
5735,11,235,514,98.22250366210938,86.47031667239128,0.001,8.855685949325562
5736,11,236,400,89.36781311035156,86.47910553640942,0.001,7.563483238220215
5737,11,237,707,86.79546356201172,86.47977287206372,0.001,7.407244443893433
5738,11,238,382,77.68163299560547,86.46055901246903,0.001,8.926010847091675
5739,11,239,819,84.50675964355469,86.45133824167469,0.001,9.019843578338623
5740,11,240,919,86.44309997558594,86.45128615033293,0.001,8.833160400390625
5741,11,241,1772,86.03750610351562,86.4486872837918,0.001,9.479472875595093
5742,11,242,710,84.41268157958984,86.43933729019608,0.001,8.682801008224487
5743,11,243,1473,84.58926391601562,86.43403647917471,0.001,6.418151378631592
5744,11,244,601,86.1333999633789,86.43220367146567,0.001,8.719031810760498
5745,11,245,2101,93.49166107177734,86.47538108234863,0.001,9.312806367874146
5746,11,246,920,86.3948974609375,86.47488949592672,0.001,8.250735998153687
5747,11,247,2229,84.75843048095703,86.4701112141097,0.001,8.939616680145264
5748,11,248,2720,90.97251892089844,86.47903085766706,0.001,7.675238847732544
5749,11,249,481,90.02994537353516,86.49492335422232,0.001,9.551894903182983
5750,11,250,851,85.91069030761719,86.4913751540086,0.001,9.924397468566895
5751,11,251,2709,100.0647201538086,86.51972695541492,0.001,10.431471824645996
5752,11,252,1488,80.79328918457031,86.48802322501123,0.001,8.47063660621643
5753,11,253,2221,90.62374114990234,86.50655912181168,0.001,8.489222049713135
5754,11,254,721,91.22015380859375,86.52107448529365,0.001,9.446589469909668
5755,11,255,2378,88.7874526977539,86.5310761519324,0.001,9.653401851654053
5756,11,256,778,92.88992309570312,86.55848504144973,0.001,8.10620641708374
5757,11,257,2335,96.076904296875,86.57864444786719,0.001,9.54665756225586
5758,11,258,2669,98.54054260253906,86.60362270513548,0.001,7.323042631149292
5759,11,259,977,85.9461669921875,86.60165703852108,0.001,7.979557991027832
5760,11,260,507,99.74878692626953,86.6204527217449,0.001,9.298862218856812
5761,11,261,368,82.916259765625,86.60403309652463,0.001,8.33467411994934
5762,11,262,915,96.72901153564453,86.62393165335668,0.001,9.951104164123535
5763,11,263,787,88.55003356933594,86.6279043942818,0.001,9.615456581115723
5764,11,264,1311,75.59480285644531,86.56557898548557,0.001,9.031116724014282
5765,11,265,916,89.80278015136719,86.57222759989821,0.001,8.551703691482544
5766,11,266,405,91.03218078613281,86.58599869966253,0.001,8.967105865478516
5767,11,267,74,97.63410949707031,86.60788536585683,0.001,10.075629472732544
5768,11,268,459,109.64936065673828,86.65371117222095,0.001,8.67770004272461
5769,11,269,2781,76.61624908447266,86.6273442115456,0.001,9.491560220718384
5770,11,270,2192,92.05915832519531,86.63643617187024,0.001,9.60676884651184
5771,11,271,1373,75.45903778076172,86.59975320286226,0.001,8.226451873779297
5772,11,272,37,80.88629913330078,86.56827419007539,0.001,9.311048746109009
5773,11,273,521,83.50389862060547,86.56225315099944,0.001,8.538543701171875
5774,11,274,728,82.1034164428711,86.54378646336475,0.001,8.596781730651855
5775,11,275,2789,86.84842681884766,86.5450345996737,0.001,7.803584575653076
5776,11,276,808,87.0853500366211,86.5472288273298,0.001,10.136980772018433
5777,11,277,273,88.95761108398438,86.55714724905931,0.001,8.64859676361084
5778,11,278,811,73.62144470214844,86.53390975049192,0.001,8.222627401351929
5779,11,279,461,92.3294906616211,86.56492349271556,0.001,8.466092586517334
5780,11,280,827,94.25630950927734,86.58338528188341,0.001,8.253759145736694
5781,11,281,1617,88.26509094238281,86.59208638062282,0.001,9.251946926116943
5782,11,282,340,82.11739349365234,86.57413102370737,0.001,7.105632066726685
5783,11,283,325,83.29084777832031,86.56108543608059,0.001,7.521353244781494
5784,11,284,2547,86.37548065185547,86.56034617228777,0.001,9.6753671169281
5785,11,285,1302,86.36762237548828,86.55939616057445,0.001,10.283255815505981
5786,11,286,65,92.04081726074219,86.56993003400686,0.001,9.846196174621582
5787,11,287,803,102.64735412597656,86.59926891485743,0.001,8.441343545913696
5788,11,288,1174,85.93827056884766,86.59666920763779,0.001,9.010169982910156
5789,11,289,972,88.4419937133789,86.60374214490756,0.001,9.578239440917969
5790,11,290,686,73.93132781982422,86.55336802416468,0.001,7.403715133666992
5791,11,291,719,80.95033264160156,86.52441976052701,0.001,9.181822299957275
5792,11,292,2000,87.0355453491211,86.52534892747298,0.001,8.558001041412354
5793,11,293,2294,94.71940612792969,86.53990962573566,0.001,8.697403907775879
5794,11,294,873,89.14447021484375,86.54411060213835,0.001,8.973814249038696
5795,11,295,60,87.329345703125,86.54625806727572,0.001,9.265175819396973
5796,11,296,694,82.74126434326172,86.52690301612859,0.001,8.845887184143066
5797,11,297,250,87.25740051269531,86.5282331892555,0.001,8.349025964736938
5798,11,298,2583,90.86096954345703,86.54481544359228,0.001,9.045070886611938
5799,11,299,2782,78.77476501464844,86.50525524696174,0.001,8.68489933013916
5800,11,300,2563,75.48737335205078,86.47550387596799,0.001,9.2161283493042
5801,11,301,2172,84.66822814941406,86.46860456866268,0.001,8.366108655929565
5802,11,302,954,73.90773010253906,86.446215472041,0.001,9.443084239959717
5803,11,303,2513,101.82498931884766,86.47346634468404,0.001,9.437618017196655
5804,11,304,852,92.45278930664062,86.4955241613434,0.001,8.056837797164917
5805,11,305,2099,76.91365814208984,86.46996398199606,0.001,8.126534223556519
5806,11,306,2007,84.47557830810547,86.46261826573554,0.001,9.036930084228516
5807,11,307,1339,94.86949920654297,86.47765194616491,0.001,9.283929586410522
5808,11,308,2401,78.30656433105469,86.44713422771245,0.001,8.82440972328186
5809,11,309,863,82.37310028076172,86.43207890427942,0.001,8.851203441619873
5810,11,310,616,89.40422058105469,86.44641442136125,0.001,8.642677783966064
5811,11,311,256,78.95110321044922,86.42714274305634,0.001,7.823205471038818
5812,11,312,742,82.64604187011719,86.40878428181672,0.001,7.335633039474487
5813,11,313,518,81.67422485351562,86.40058822069638,0.001,8.274166107177734
5814,11,314,2040,84.61388397216797,86.39190028886209,0.001,9.371317625045776
5815,11,315,378,95.93814086914062,86.43754355123014,0.001,8.364514112472534
5816,11,316,870,86.7890625,86.43844278118281,0.001,9.457805156707764
5817,11,317,2930,87.09919738769531,86.43954056823858,0.001,9.791571378707886
5818,11,318,67,85.68716430664062,86.4368627643836,0.001,8.490072011947632
5819,11,319,904,78.34384155273438,86.41871823477402,0.001,8.31506061553955
5820,11,320,2538,94.30699157714844,86.4320535065179,0.001,8.02684211730957
5821,11,321,372,79.99881744384766,86.42254039858749,0.001,8.476483345031738
5822,11,322,2608,87.33692169189453,86.42691516221507,0.001,7.024379253387451
5823,11,323,458,83.450439453125,86.42179501424829,0.001,8.85098385810852
5824,11,324,611,88.76837921142578,86.42757101241696,0.001,8.775482892990112
5825,11,325,1577,86.90995788574219,86.4292480570041,0.001,7.644530534744263
5826,11,326,2325,92.28163146972656,86.44967101703452,0.001,8.03270173072815
5827,11,327,2425,88.14178466796875,86.45556521668644,0.001,8.960525035858154
5828,11,328,1819,88.09529876708984,86.45829113793299,0.001,9.425851106643677
5829,11,329,522,76.07878112792969,86.41041944359613,0.001,9.02123475074768
5830,11,330,2523,91.72715759277344,86.43478276275663,0.001,10.398057222366333
5831,11,331,401,82.4471664428711,86.42113175575585,0.001,9.551453113555908
5832,11,332,693,85.86195373535156,86.418582365986,0.001,9.00291132926941
5833,11,333,2682,80.61727905273438,86.39200749911382,0.001,8.256952047348022
5834,11,334,956,82.99032592773438,86.37676376198935,0.001,9.546776533126831
5835,11,335,2502,90.44624328613281,86.3951616990919,0.001,7.987533807754517
5836,11,336,1368,87.01470184326172,86.39667457661886,0.001,9.016414642333984
5837,11,337,2452,100.95796203613281,86.44527438717114,0.001,7.786658048629761
5838,11,338,689,89.90812683105469,86.45348588899341,0.001,8.158156633377075
5839,11,339,2654,87.7632827758789,86.45930048519968,0.001,7.990664482116699
5840,11,340,825,80.17717742919922,86.44964716499767,0.001,7.76434063911438
5841,11,341,1543,99.8284912109375,86.47102432547433,0.001,8.190392017364502
5842,11,342,706,79.78077697753906,86.46033917531221,0.001,9.788930892944336
5843,11,343,1766,87.79005432128906,86.46182802897349,0.001,8.602754354476929
5844,11,344,2219,90.37989044189453,86.46759432653273,0.001,9.135284900665283
5845,11,345,990,76.57164764404297,86.43436887772293,0.001,8.194798231124878
5846,11,346,981,91.44479370117188,86.45078864442863,0.001,8.011654615402222
5847,11,347,492,80.48751068115234,86.42485628392994,0.001,8.904604196548462
5848,11,348,770,89.93561553955078,86.4364136194617,0.001,8.124301195144653
5849,11,349,695,85.84358215332031,86.4344796369352,0.001,9.03533148765564
5850,11,350,789,80.9193344116211,86.41675887986217,0.001,9.32961654663086
5851,11,351,986,77.23358917236328,86.38675578824078,0.001,9.683140993118286
5852,11,352,2763,94.9148178100586,86.39969234457705,0.001,8.260938167572021
5853,11,353,727,81.033203125,86.39162152681591,0.001,8.603116035461426
5854,11,354,2095,85.35253143310547,86.38728600946723,0.001,8.130246639251709
5855,11,355,2595,93.8407211303711,86.39850476513806,0.001,9.531014919281006
5856,11,356,1557,84.8232650756836,86.39180267973573,0.001,7.968378067016602
5857,11,357,2911,78.89191436767578,86.38132694752149,0.001,9.013020992279053
5858,11,358,864,94.97828674316406,86.39358355608056,0.001,6.423037528991699
5859,11,359,966,81.58056640625,86.38295100779185,0.001,10.3494713306427
5860,11,360,2668,93.64627838134766,86.40606271963168,0.001,8.903821229934692
5861,11,361,2775,87.357421875,86.40900643854323,0.001,9.365127325057983
5862,11,362,773,96.77572631835938,86.44141730709458,0.001,9.148895502090454
5863,11,363,1087,85.3918228149414,86.43713766332432,0.001,10.501900672912598
5864,11,364,383,90.28215026855469,86.45253962526586,0.001,8.143216609954834
5865,11,365,436,87.5348892211914,86.45489059004146,0.001,9.87318229675293
5866,11,366,2548,85.97817993164062,86.45344370373856,0.001,8.854511499404907
5867,11,367,858,92.79784393310547,86.46187788155909,0.001,8.447936296463013
5868,11,368,2564,82.1954345703125,86.44899948536847,0.001,8.859323024749756
5869,11,369,408,74.18125915527344,86.4224070243259,0.001,8.438490390777588
5870,11,370,2080,78.79300689697266,86.39115633250427,0.001,9.353869676589966
5871,11,371,1181,96.77911376953125,86.42202985779527,0.001,9.069971561431885
5872,11,372,1372,78.62814331054688,86.39849378142816,0.001,9.06232213973999
5873,11,373,1627,98.08776092529297,86.43414933199485,0.001,9.042233228683472
5874,11,374,989,90.4323959350586,86.44618052547895,0.001,7.699997901916504
5875,11,375,914,83.55435180664062,86.43751687721493,0.001,9.236388444900513
5876,11,376,913,83.94833374023438,86.43220364605857,0.001,8.499125957489014
5877,11,377,64,97.77183532714844,86.44859812519452,0.001,9.009981632232666
5878,11,378,403,83.44190979003906,86.44224072644607,0.001,9.164952278137207
5879,11,379,2588,87.55223083496094,86.4466990589368,0.001,8.17669415473938
5880,11,380,488,87.41250610351562,86.45048073405202,0.001,9.156883716583252
5881,11,381,1918,79.98298645019531,86.42494224006263,0.001,9.437191486358643
5882,11,382,2462,87.66780090332031,86.4298845556781,0.001,9.641844034194946
5883,11,383,519,80.54188537597656,86.40676954299977,0.001,9.46991491317749
5884,11,384,447,95.47992706298828,86.4195696415467,0.001,9.851455688476562
5885,11,385,367,96.25929260253906,86.43983970266461,0.001,9.232123136520386
5886,11,386,832,76.51065826416016,86.40153195381342,0.001,7.848508834838867
5887,11,387,376,102.98917388916016,86.42482950599772,0.001,6.942850828170776
5888,11,388,496,80.693359375,86.40893190423117,0.001,8.497607469558716
5889,11,389,685,86.88007354736328,86.410274514991,0.001,8.978322267532349
5890,11,390,1737,87.17794799804688,86.41314038811046,0.001,7.70033597946167
5891,11,391,73,82.07047271728516,86.40712026168102,0.001,9.368483543395996
5892,11,392,2535,88.34139251708984,86.40976238833537,0.001,8.986485481262207
5893,11,393,2464,61.707340240478516,86.37531609082568,0.001,8.297076225280762
5894,11,394,32,78.86656188964844,86.346210235372,0.001,8.716471433639526
5895,11,395,424,88.87804412841797,86.35111178159673,0.001,8.553661823272705
5896,11,396,2692,87.6276626586914,86.35593870720082,0.001,10.8584725856781
5897,11,397,2205,92.89956665039062,86.37477853042867,0.001,8.91276216506958
5898,11,398,1807,86.65694427490234,86.37582578187799,0.001,8.40878415107727
5899,11,399,1324,89.10684204101562,86.38597134768668,0.001,8.358810663223267
5900,11,400,771,85.48052978515625,86.38344978454262,0.001,8.681446552276611
5901,11,401,2499,92.70232391357422,86.39609989193094,0.001,7.144242525100708
5902,11,402,1306,76.36375427246094,86.35894305630327,0.001,10.157134056091309
5903,11,403,1814,76.68109893798828,86.33243585806865,0.001,10.53680682182312
5904,11,404,77,86.06689453125,86.33169087950148,0.001,7.233454465866089
5905,11,405,607,95.74248504638672,86.34361054526997,0.001,9.051929235458374
5906,11,406,2197,94.91779327392578,86.36712009225118,0.001,9.172340393066406
5907,11,407,1717,101.48042297363281,86.38672003922117,0.001,8.768210411071777
5908,11,408,2181,97.91650390625,86.40188325569319,0.001,10.71579623222351
5909,11,409,2449,79.384765625,86.38260619841704,0.001,9.501083135604858
5910,11,410,1642,83.23323822021484,86.37410769839563,0.001,8.843158483505249
5911,11,411,388,97.84639739990234,86.38842047450679,0.001,7.9278175830841064
5912,11,412,2772,79.46503448486328,86.36960641021828,0.001,9.149911165237427
5913,11,413,962,75.30847930908203,86.3479239051103,0.001,8.739285469055176
5914,11,414,1443,78.07532501220703,86.31818714047,0.001,8.413392305374146
5915,11,415,392,90.18563842773438,86.33198992607186,0.001,8.33538293838501
5916,11,416,178,80.62588500976562,86.31698281602712,0.001,8.700652837753296
5917,11,417,2075,75.83891296386719,86.2971934171235,0.001,10.035727977752686
5918,11,418,961,79.26528930664062,86.27218324149246,0.001,9.656725883483887
5919,11,419,951,90.23397827148438,86.28274312610404,0.001,8.65964150428772
5920,11,420,759,86.2676010131836,86.28270317653961,0.001,9.690120697021484
5921,11,421,2448,82.2070541381836,86.26835310826878,0.001,8.210063934326172
5922,11,422,2152,87.16940307617188,86.27071710348162,0.001,8.260913848876953
5923,11,423,699,77.55831909179688,86.24805365065976,0.001,8.703477144241333
5924,11,424,2341,79.97868347167969,86.2258776220039,0.001,6.755577802658081
5925,11,425,2617,83.24127197265625,86.21550143710537,0.001,8.550678253173828
5926,11,426,991,98.83091735839844,86.23090279090397,0.001,7.758259534835815
5927,11,427,774,87.03761291503906,86.23301390573889,0.001,8.28831696510315
5928,11,428,1951,92.50607299804688,86.24939640431434,0.001,6.710059404373169
5929,11,429,448,96.9953384399414,86.27798595152373,0.001,4.846288442611694
5930,11,430,2793,80.57940673828125,86.2579658633705,0.001,8.55277419090271
5931,11,431,468,85.72533416748047,86.25614976858225,0.001,9.308780431747437
5932,11,432,2204,94.52448272705078,86.28409231448667,0.001,8.806209564208984
5933,11,433,743,84.21698760986328,86.28157873775393,0.001,7.974633455276489
5934,11,434,788,81.48356628417969,86.26514420437044,0.001,6.728870868682861
5935,11,435,1832,97.44904327392578,86.30325788526535,0.001,8.727349281311035
5936,11,436,377,87.11626434326172,86.3047381172983,0.001,7.6614038944244385
5937,11,437,446,88.7186508178711,86.31082591684834,0.001,7.90055251121521
5938,11,438,2614,78.99337768554688,86.28630775332635,0.001,8.32435941696167
5939,11,439,2188,88.38518524169922,86.29156860616929,0.001,6.9654529094696045
5940,11,440,1274,85.3670883178711,86.2892844308458,0.001,8.27787160873413
5941,11,441,94,77.932861328125,86.26290108699872,0.001,9.370546340942383
5942,11,442,264,91.54092407226562,86.27621494833689,0.001,8.38330626487732
5943,11,443,861,92.29427337646484,86.2869812094843,0.001,9.41786003112793
5944,11,444,98,89.62483215332031,86.29813145298253,0.001,9.179725408554077
5945,11,445,2861,80.10398864746094,86.2826213494631,0.001,6.987521409988403
5946,11,446,2494,75.27117919921875,86.2555207565468,0.001,9.261436223983765
5947,11,447,2479,84.88973999023438,86.25225235428078,0.001,8.49148941040039
5948,11,448,2673,84.96267700195312,86.24901942715398,0.001,9.153357028961182
5949,11,449,455,67.36810302734375,86.23201640838244,0.001,8.565591096878052
5950,11,450,342,81.89546203613281,86.21757526259822,0.001,9.198277473449707
5951,11,451,1914,85.34551239013672,86.21655617636394,0.001,8.538247346878052
5952,11,452,1838,74.6029281616211,86.18859690257953,0.001,8.185124635696411
5953,11,453,1373,75.45999145507812,86.16798687721047,0.001,9.110085248947144
5954,11,454,1717,101.46002960205078,86.1855612779666,0.001,7.931370496749878
5955,11,455,1806,79.72257995605469,86.16454097493684,0.001,8.604231834411621
5956,11,456,1921,80.03862762451172,86.14968920392975,0.001,8.88874888420105
5957,11,457,1132,75.0469970703125,86.12237994606988,0.001,10.256579875946045
5958,11,458,1699,86.58191680908203,86.12315383354313,0.001,7.5785722732543945
5959,11,459,1506,78.8433837890625,86.11520731152591,0.001,9.803398132324219
5960,11,460,1439,87.78080749511719,86.12048552066447,0.001,8.438591957092285
5961,11,461,1896,80.85012817382812,86.10791240703062,0.001,6.9817938804626465
5962,11,462,1649,77.50524139404297,86.08724329740579,0.001,7.033220052719116
5963,11,463,1480,86.65631866455078,86.08788206582999,0.001,5.949104070663452
5964,11,464,1812,83.16466522216797,86.07847309594487,0.001,9.50816297531128
5965,11,465,1846,85.58135223388672,86.07729989324707,0.001,9.12805700302124
5966,11,466,1153,87.99925994873047,86.08343019002568,0.001,6.755159139633179
5967,11,467,1568,81.6765365600586,86.07307001743105,0.001,8.4262535572052
5968,11,468,1575,99.1021728515625,86.10456221097078,0.001,8.971695184707642
5969,11,469,1317,80.60633087158203,86.09839728425672,0.001,8.447942733764648
5970,11,470,1083,91.5625,86.11510710043066,0.001,9.305878639221191
5971,11,471,1372,78.54727172851562,86.09743460953068,0.001,6.400129318237305
5972,11,472,1093,84.19291687011719,86.09160447602284,0.001,8.523748397827148
5973,11,473,1342,83.8130111694336,86.08638464550567,0.001,8.798291683197021
5974,11,474,1360,98.4373779296875,86.09970062543428,0.001,6.9855055809021
5975,11,475,1797,71.5665054321289,86.08324683244614,0.001,8.319708585739136
5976,11,476,1626,74.47090911865234,86.07080756220233,0.001,7.911633014678955
5977,11,477,1109,84.54747772216797,86.06626100946644,0.001,10.628127098083496
5978,11,478,1088,87.12290954589844,86.06865486690394,0.001,7.4660913944244385
5979,11,479,1648,97.03351593017578,86.08670359615874,0.001,7.9871461391448975
5980,11,480,1149,72.42849731445312,86.05492583960196,0.001,8.295413255691528
5981,11,481,1339,94.23136138916016,86.0640304166448,0.001,8.77425479888916
5982,11,482,1151,92.59371185302734,86.07435609990523,0.001,8.819786787033081
5983,11,483,1482,91.18754577636719,86.07987728730916,0.001,7.607044219970703
5984,11,484,1620,84.85067749023438,86.07897917350562,0.001,8.591562509536743
5985,11,485,1259,77.86214447021484,86.06581442722386,0.001,9.089665651321411
5986,11,486,1453,95.17034912109375,86.07505433322784,0.001,9.60980772972107
5987,11,487,1802,92.52177429199219,86.08971187015725,0.001,7.368600845336914
5988,11,488,1951,92.49745178222656,86.10433308881859,0.001,7.971397161483765
5989,11,489,1393,89.13641357421875,86.11126474106774,0.001,8.683092594146729
5990,11,490,1569,89.93299865722656,86.11998652189479,0.001,9.401599407196045
5991,11,491,1460,89.20008087158203,86.12498813783475,0.001,9.581509351730347
5992,11,492,1814,76.56165313720703,86.10369326110681,0.001,7.912112712860107
5993,11,493,1848,84.40421295166016,86.09857126862681,0.001,9.589531421661377
5994,11,494,1554,87.27726745605469,86.09985082477287,0.001,10.031311750411987
5995,11,495,2099,76.70133972167969,86.08470394682134,0.001,7.5692174434661865
5996,11,496,2191,93.82711791992188,86.09737943023934,0.001,9.323011875152588
5997,11,497,1777,81.62434387207031,86.08751682076326,0.001,8.958778142929077
5998,11,498,1127,89.27237701416016,86.09270300020181,0.001,9.30518627166748
5999,11,499,1123,90.15924072265625,86.09916250260764,0.001,7.689321756362915
6000,12,0,1111,87.94615173339844,87.94615173339844,0.001,6.925994873046875
6001,12,1,1311,75.57559967041016,80.8757810268926,0.001,9.530661582946777
6002,12,2,1821,99.4937744140625,84.03071296070172,0.001,7.523953676223755
6003,12,3,2101,93.4935073852539,87.1000544382488,0.001,9.192296504974365
6004,12,4,1355,77.12554168701172,85.15411119319491,0.001,8.12617802619934
6005,12,5,1344,81.126708984375,84.50431768855955,0.001,8.90911078453064
6006,12,6,1858,81.21265411376953,84.0477898558567,0.001,9.5899977684021
6007,12,7,1173,95.57038879394531,84.77289087818096,0.001,9.779467582702637
6008,12,8,1676,84.63401794433594,84.75205690802336,0.001,8.369948625564575
6009,12,9,1493,83.35237121582031,84.57025834601093,0.001,9.048717975616455
6010,12,10,1363,86.53084564208984,84.7435535935875,0.001,7.740480184555054
6011,12,11,1105,78.9312515258789,84.49920040038548,0.001,8.56137466430664
6012,12,12,2163,80.37816619873047,84.16905436440383,0.001,8.503506183624268
6013,12,13,1679,72.6772689819336,83.55028414343883,0.001,8.113654851913452
6014,12,14,1182,76.06878662109375,83.03169061374498,0.001,7.161869287490845
6015,12,15,1888,78.45819854736328,82.65325577527376,0.001,9.711454153060913
6016,12,16,2192,92.07843017578125,82.88477569712089,0.001,8.420228719711304
6017,12,17,2008,113.20940399169922,83.65884452682761,0.001,8.842944145202637
6018,12,18,2075,75.841552734375,83.34313124309762,0.001,8.223804473876953
6019,12,19,1442,83.65789794921875,83.35540143926218,0.001,9.539705991744995
6020,12,20,1113,87.53238677978516,83.64191314224149,0.001,9.706072092056274
6021,12,21,2060,80.74554443359375,83.49935397094482,0.001,8.394425630569458
6022,12,22,2202,88.47021484375,83.80584323923937,0.001,9.66110610961914
6023,12,23,1772,86.04491424560547,83.9369492988417,0.001,8.540298223495483
6024,12,24,1324,89.12638854980469,84.21756680014661,0.001,8.229644775390625
6025,12,25,1540,98.05552673339844,84.4838840093412,0.001,7.907432556152344
6026,12,26,2149,81.2191390991211,84.35618259691424,0.001,8.745240926742554
6027,12,27,1766,87.84608459472656,84.40128268644455,0.001,8.098885297775269
6028,12,28,1440,92.78022766113281,84.70202881489853,0.001,7.627622842788696
6029,12,29,1819,88.58436584472656,84.76920876330148,0.001,9.326031923294067
6030,12,30,1087,85.4981689453125,84.80206733103543,0.001,9.736257314682007
6031,12,31,1457,84.32118225097656,84.78116101325264,0.001,8.48075556755066
6032,12,32,2197,94.92314147949219,85.10243533173615,0.001,9.226903676986694
6033,12,33,1636,72.39298248291016,84.58287196210965,0.001,10.422178983688354
6034,12,34,2013,101.38024139404297,84.82002792262108,0.001,10.261699914932251
6035,12,35,1839,78.16984558105469,84.72777003713047,0.001,9.07242727279663
6036,12,36,1081,93.3527603149414,84.97718459431769,0.001,9.236197471618652
6037,12,37,2144,92.11522674560547,85.07302047025986,0.001,8.419427156448364
6038,12,38,1965,85.0543212890625,85.07233086664144,0.001,8.430701971054077
6039,12,39,2000,87.22943878173828,85.09981991787122,0.001,9.309741020202637
6040,12,40,2325,92.2433090209961,85.28863784979237,0.001,8.374683380126953
6041,12,41,1878,86.60466766357422,85.31267231927534,0.001,9.694881677627563
6042,12,42,1395,107.45442962646484,85.58660660133522,0.001,9.51145076751709
6043,12,43,1343,86.9231948852539,85.60165527685626,0.001,7.44689154624939
6044,12,44,2398,81.96804809570312,85.48425250260891,0.001,7.243583679199219
6045,12,45,2071,94.86673736572266,85.64416762850847,0.001,8.131878852844238
6046,12,46,2229,84.68838500976562,85.63018216883684,0.001,9.002172470092773
6047,12,47,1596,92.05561065673828,85.73466815625548,0.001,9.372618436813354
6048,12,48,1250,83.06212615966797,85.70567728730745,0.001,9.347746849060059
6049,12,49,1488,80.74884033203125,85.56647198723651,0.001,6.362466096878052
6050,12,50,1541,80.2440185546875,85.5152809215784,0.001,8.345651388168335
6051,12,51,1274,85.3960189819336,85.51274215692045,0.001,7.553259372711182
6052,12,52,1523,86.62261962890625,85.52412783747367,0.001,8.766406297683716
6053,12,53,1585,86.8970718383789,85.56192564822142,0.001,8.067786931991577
6054,12,54,1845,79.01358795166016,85.50102901054713,0.001,8.478667259216309
6055,12,55,1196,87.23111724853516,85.51653780913378,0.001,10.261729955673218
6056,12,56,1693,89.83242797851562,85.63111001965778,0.001,8.848012685775757
6057,12,57,2452,100.9942626953125,85.9319448493122,0.001,8.767637491226196
6058,12,58,2251,96.45513916015625,86.0804807697853,0.001,8.014193534851074
6059,12,59,1823,82.33600616455078,85.9844070903555,0.001,10.13792896270752
6060,12,60,2223,85.10221099853516,85.96267322570723,0.001,8.95444130897522
6061,12,61,1443,78.03289794921875,85.77433352930278,0.001,8.474476337432861
6062,12,62,2067,87.82072448730469,85.80079565548468,0.001,8.156799554824829
6063,12,63,1310,82.29573059082031,85.719630708371,0.001,9.449300289154053
6064,12,64,1117,90.51709747314453,85.80257216795036,0.001,8.661789655685425
6065,12,65,2249,88.8947525024414,85.85519387149748,0.001,9.791547060012817
6066,12,66,1602,98.00518798828125,85.91868911052777,0.001,8.891726732254028
6067,12,67,1262,88.2165298461914,85.9364463097566,0.001,8.569708585739136
6068,12,68,2293,74.14781188964844,85.74095947211129,0.001,9.917250633239746
6069,12,69,2427,80.32830810546875,85.65645868220557,0.001,8.011881351470947
6070,12,70,2436,87.44923400878906,85.6700773232523,0.001,8.760835647583008
6071,12,71,2219,90.34416198730469,85.70291531747141,0.001,7.963123321533203
6072,12,72,1470,93.0289535522461,85.81335253941972,0.001,7.734216690063477
6073,12,73,1090,86.50283813476562,85.82078831569058,0.001,9.744963645935059
6074,12,74,2327,101.5403060913086,85.987718189808,0.001,8.349398851394653
6075,12,75,1615,87.55652618408203,86.01064329756865,0.001,9.331301212310791
6076,12,76,2221,90.43228912353516,86.07690149090597,0.001,9.836575984954834
6077,12,77,1756,90.93721771240234,86.14617871445665,0.001,9.318728923797607
6078,12,78,1577,86.94544219970703,86.15754299764691,0.001,9.360595941543579
6079,12,79,1864,94.69049835205078,86.21566364190848,0.001,8.614623546600342
6080,12,80,2188,88.26142883300781,86.24405629831449,0.001,9.648972272872925
6081,12,81,1580,96.74553680419922,86.34775998665582,0.001,10.182883501052856
6082,12,82,1557,84.75161743164062,86.31864061709823,0.001,9.864975214004517
6083,12,83,2349,82.51921844482422,86.2513465651628,0.001,9.100807905197144
6084,12,84,38,83.38432312011719,86.22403845380097,0.001,9.808080673217773
6085,12,85,2241,100.67888641357422,86.47778318144948,0.001,8.482411623001099
6086,12,86,2040,84.77738189697266,86.44844877332547,0.001,9.790002584457397
6087,12,87,1551,93.67215728759766,86.541058464925,0.001,8.116578578948975
6088,12,88,2294,94.64325714111328,86.58787395356084,0.001,9.863685607910156
6089,12,89,2335,96.23456573486328,86.64659641929718,0.001,9.215569972991943
6090,12,90,2535,89.00007629394531,86.66047210980398,0.001,8.42881727218628
6091,12,91,1879,82.20918273925781,86.62076318721373,0.001,9.315362453460693
6092,12,92,1302,86.25907897949219,86.61530607875693,0.001,8.976931810379028
6093,12,93,2399,91.94034576416016,86.6426474457571,0.001,9.390192747116089
6094,12,94,2462,87.62467193603516,86.65835947416761,0.001,9.234129428863525
6095,12,95,2184,94.80398559570312,86.72729498609175,0.001,9.84007716178894
6096,12,96,1556,80.79875946044922,86.6582022656944,0.001,9.738828420639038
6097,12,97,2449,79.37734985351562,86.57462628377995,0.001,8.40973711013794
6098,12,98,2511,87.43943786621094,86.58173990547098,0.001,8.907526969909668
6099,12,99,1938,83.36251831054688,86.56500516270484,0.001,7.491108179092407
6100,12,100,2435,85.85636901855469,86.56109246827992,0.001,9.92908787727356
6101,12,101,1368,87.24430847167969,86.56665172462287,0.001,9.122038841247559
6102,12,102,1627,97.96234893798828,86.69348511145022,0.001,8.215837478637695
6103,12,103,2460,81.12703704833984,86.66441821015107,0.001,9.281551122665405
6104,12,104,1514,91.80690002441406,86.69096019337617,0.001,8.318782329559326
6105,12,105,1779,92.33290100097656,86.7717453558796,0.001,9.357267618179321
6106,12,106,1764,88.1158447265625,86.79112755772664,0.001,6.847751617431641
6107,12,107,2502,90.47225189208984,86.84297876960771,0.001,8.960911512374878
6108,12,108,2533,67.08832550048828,86.69373777450338,0.001,7.964851379394531
6109,12,109,2585,81.7609634399414,86.6440132538214,0.001,9.823033809661865
6110,12,110,1361,80.6307601928711,86.61474529150065,0.001,8.975682258605957
6111,12,111,1706,103.96456909179688,86.78972910234435,0.001,5.91089940071106
6112,12,112,1862,79.51876831054688,86.75480342912387,0.001,8.264404535293579
6113,12,113,264,91.04562377929688,86.79788078831227,0.001,6.663896083831787
6114,12,114,2529,89.40215301513672,86.8241926581856,0.001,7.792762279510498
6115,12,115,1126,81.03410339355469,86.74872220661557,0.001,8.053043365478516
6116,12,116,2448,82.0882339477539,86.68928828167824,0.001,8.565268754959106
6117,12,117,1128,74.03369903564453,86.56854824203357,0.001,9.355388164520264
6118,12,118,2406,88.5299072265625,86.59338965364327,0.001,9.642770767211914
6119,12,119,1181,96.81016540527344,86.68641202771288,0.001,7.854780673980713
6120,12,120,2660,89.94410705566406,86.72561515183935,0.001,8.46443772315979
6121,12,121,1516,82.82233428955078,86.69022569703505,0.001,8.1608407497406
6122,12,122,2668,93.69569396972656,86.75430980619245,0.001,8.78373646736145
6123,12,123,1519,87.1761703491211,86.75816107448642,0.001,8.770811080932617
6124,12,124,1263,96.33934783935547,86.84314413375557,0.001,7.841876268386841
6125,12,125,2203,95.61791229248047,86.94611569908744,0.001,8.869815349578857
6126,12,126,2196,95.7781753540039,86.97924785964042,0.001,7.1949756145477295
6127,12,127,2274,87.92753601074219,86.9873163464319,0.001,9.467032194137573
6128,12,128,273,89.07859802246094,87.00545232642193,0.001,8.670068264007568
6129,12,129,1313,84.68115234375,86.98021421410635,0.001,8.37062931060791
6130,12,130,2608,87.16885375976562,86.98236922984039,0.001,7.1620354652404785
6131,12,131,2614,79.14217376708984,86.89617046106761,0.001,8.766206741333008
6132,12,132,2157,79.86830139160156,86.81913694536625,0.001,6.458144426345825
6133,12,133,2055,80.42330932617188,86.74976271803949,0.001,9.153783321380615
6134,12,134,1473,84.75963592529297,86.73974064874326,0.001,8.254087209701538
6135,12,135,2767,83.91886138916016,86.71678586650351,0.001,7.920055627822876
6136,12,136,2233,93.91204833984375,86.75761759727992,0.001,9.004740476608276
6137,12,137,178,80.92401885986328,86.71253441525135,0.001,7.268327474594116
6138,12,138,2007,84.48699951171875,86.69514734756913,0.001,8.429154634475708
6139,12,139,2498,95.89257049560547,86.74636714522138,0.001,8.247568130493164
6140,12,140,175,90.46223449707031,86.76741864326331,0.001,8.564096450805664
6141,12,141,2523,91.70709228515625,86.81813887565217,0.001,8.348480224609375
6142,12,142,1370,73.53515625,86.71608871336558,0.001,8.95841932296753
6143,12,143,2782,78.86381530761719,86.63620041403404,0.001,8.749481201171875
6144,12,144,2794,86.74083709716797,86.63657991142948,0.001,9.151787519454956
6145,12,145,2772,79.78999328613281,86.58561729813762,0.001,8.090109586715698
6146,12,146,2392,86.0833969116211,86.5829205305227,0.001,7.740545272827148
6147,12,147,2834,82.1295394897461,86.5390753886999,0.001,7.487117528915405
6148,12,148,2505,86.07911682128906,86.53743455114451,0.001,8.16115140914917
6149,12,149,2538,94.23980712890625,86.5642820972637,0.001,8.597885847091675
6150,12,150,1399,81.73818969726562,86.51704749572568,0.001,9.315457105636597
6151,12,151,2911,78.85005187988281,86.49267433052972,0.001,7.653894662857056
6152,12,152,1902,89.93926239013672,86.51738404087207,0.001,8.230135679244995
6153,12,153,2927,86.51520538330078,86.51737762315203,0.001,8.459983110427856
6154,12,154,2510,80.36700439453125,86.45989318982355,0.001,9.56006908416748
6155,12,155,2610,83.37133026123047,86.44950750515949,0.001,7.537513732910156
6156,12,156,2601,89.53363800048828,86.47772118232231,0.001,6.739787578582764
6157,12,157,2432,75.3829345703125,86.44055549683823,0.001,9.001959562301636
6158,12,158,2583,90.79395294189453,86.47086198879704,0.001,8.728883028030396
6159,12,159,2861,79.61781311035156,86.42352291917854,0.001,7.9042744636535645
6160,12,160,1481,80.53980255126953,86.38291405070812,0.001,10.300868511199951
6161,12,161,336,81.97347259521484,86.34294206880641,0.001,9.277789115905762
6162,12,162,2425,88.06568908691406,86.35454518703096,0.001,9.276547193527222
6163,12,163,1495,90.98542022705078,86.3855436904738,0.001,9.113723516464233
6164,12,164,1098,75.63880920410156,86.3341358023795,0.001,9.23075008392334
6165,12,165,2564,81.96065521240234,86.30582413896893,0.001,8.769136190414429
6166,12,166,2563,75.55469512939453,86.25532229229336,0.001,8.536994695663452
6167,12,167,2569,101.34069061279297,86.3254420670851,0.001,9.399091482162476
6168,12,168,2784,87.860595703125,86.33874162425036,0.001,8.301159143447876
6169,12,169,342,81.70088195800781,86.29845471103822,0.001,6.702364683151245
6170,12,170,1548,91.4493408203125,86.33000380140659,0.001,7.674455642700195
6171,12,171,1918,79.8643569946289,86.27538522226365,0.001,8.325463771820068
6172,12,172,2652,89.09703063964844,86.28370243860013,0.001,9.65693473815918
6173,12,173,2387,96.79558563232422,86.3308920156639,0.001,7.463439226150513
6174,12,174,2596,94.21062469482422,86.36601163439221,0.001,7.506333589553833
6175,12,175,2152,86.96283721923828,86.36967990261029,0.001,8.36416506767273
6176,12,176,2901,91.88140106201172,86.39456399161433,0.001,7.851318597793579
6177,12,177,2709,99.90995025634766,86.43372312686597,0.001,8.505181074142456
6178,12,178,1394,77.92745208740234,86.38163685556455,0.001,9.834998846054077
6179,12,179,2546,85.22201538085938,86.3746361612848,0.001,9.958946943283081
6180,12,180,2098,89.09984588623047,86.3854807484992,0.001,7.906085729598999
6181,12,181,37,80.98141479492188,86.3423789774219,0.001,7.819393157958984
6182,12,182,2706,79.182861328125,86.32295291228964,0.001,6.592528343200684
6183,12,183,2073,82.21249389648438,86.31171376991868,0.001,8.754655599594116
6184,12,184,32,78.90637969970703,86.2520713558482,0.001,10.359081983566284
6185,12,185,1769,82.07098388671875,86.21893173032286,0.001,9.071913957595825
6186,12,186,1692,88.017822265625,86.23289448366609,0.001,9.244686126708984
6187,12,187,424,88.85552215576172,86.24325817748647,0.001,8.662897109985352
6188,12,188,2066,94.20757293701172,86.3042194185147,0.001,8.609004735946655
6189,12,189,325,83.04737854003906,86.28558931289173,0.001,9.221383810043335
6190,12,190,2534,101.20947265625,86.32678521576862,0.001,8.835822820663452
6191,12,191,2051,83.63201904296875,86.31135539266964,0.001,8.083053588867188
6192,12,192,2537,83.68966674804688,86.2961907133175,0.001,8.196904420852661
6193,12,193,2906,83.87117767333984,86.28259265170695,0.001,9.567461013793945
6194,12,194,2923,92.2003402709961,86.30556693456049,0.001,7.38660454750061
6195,12,195,447,95.77053833007812,86.33106597300412,0.001,7.8623878955841064
6196,12,196,368,82.61140441894531,86.30970269913905,0.001,9.969669342041016
6197,12,197,2278,88.153564453125,86.32004835652008,0.001,8.802496433258057
6198,12,198,436,87.71009826660156,86.32541934365152,0.001,9.317429304122925
6199,12,199,2464,61.70332336425781,86.25966162727046,0.001,7.774757146835327
6200,12,200,1264,88.38672637939453,86.26531423630303,0.001,8.405669212341309
6201,12,201,2909,84.98125457763672,86.25825968185053,0.001,7.436236143112183
6202,12,202,1686,89.68144226074219,86.28288641159057,0.001,7.890932083129883
6203,12,203,1616,93.47039794921875,86.32241378848747,0.001,8.911993026733398
6204,12,204,1807,86.56690979003906,86.32413144808014,0.001,8.441116571426392
6205,12,205,2147,87.18194580078125,86.33023301343717,0.001,10.031588792800903
6206,12,206,2832,78.3765640258789,86.27706455805512,0.001,8.046403646469116
6207,12,207,2617,83.39099884033203,86.25707160080594,0.001,8.547591209411621
6208,12,208,2595,94.04637145996094,86.27626868682128,0.001,9.393815040588379
6209,12,209,1326,91.43043518066406,86.28885054057312,0.001,9.217361211776733
6210,12,210,2692,87.80224609375,86.2992658501438,0.001,7.8221681118011475
6211,12,211,67,85.67969512939453,86.29607812966849,0.001,7.9734132289886475
6212,12,212,1586,88.1287612915039,86.30864951695548,0.001,9.095420360565186
6213,12,213,2113,87.34230041503906,86.313969970711,0.001,6.167636156082153
6214,12,214,468,85.54076385498047,86.30881894335575,0.001,7.27472710609436
6215,12,215,1161,82.44491577148438,86.30010055184898,0.001,9.649145126342773
6216,12,216,2377,75.54782104492188,86.24645429310449,0.001,9.459861993789673
6217,12,217,29,81.17807006835938,86.22135532435802,0.001,7.78779149055481
6218,12,218,2401,78.25577545166016,86.18130279790216,0.001,8.378831148147583
6219,12,219,2522,78.78105926513672,86.14513091418537,0.001,9.36210298538208
6220,12,220,56,88.00309753417969,86.15425450842135,0.001,9.281916379928589
6221,12,221,1503,82.46902465820312,86.14237846033406,0.001,8.68445873260498
6222,12,222,401,82.41485595703125,86.12420204830292,0.001,9.234678030014038
6223,12,223,2669,98.44694519042969,86.1530981533041,0.001,8.326432704925537
6224,12,224,514,98.38267517089844,86.19598853622115,0.001,9.526190996170044
6225,12,225,1762,96.19461059570312,86.24405178730028,0.001,8.936457872390747
6226,12,226,2793,80.63263702392578,86.20762508177462,0.001,9.93855333328247
6227,12,227,523,89.5557632446289,86.22905604659462,0.001,8.400331735610962
6228,12,228,372,79.94486236572266,86.21658222049402,0.001,8.601299285888672
6229,12,229,616,89.49139404296875,86.23698807443846,0.001,10.924294471740723
6230,12,230,64,97.76190185546875,86.26316801782252,0.001,8.04172396659851
6231,12,231,400,89.46730041503906,86.27279176373155,0.001,10.010283708572388
6232,12,232,1793,92.40911865234375,86.31045744657585,0.001,8.203902006149292
6233,12,233,1642,83.30665588378906,86.29670894866447,0.001,9.137596845626831
6234,12,234,361,85.52692413330078,86.29219968002948,0.001,9.50433874130249
6235,12,235,2174,74.69764709472656,86.22322964943707,0.001,9.400322675704956
6236,12,236,1925,110.72614288330078,86.27611431061575,0.001,10.048418283462524
6237,12,237,434,88.39427947998047,86.2802879419364,0.001,8.743546724319458
6238,12,238,522,76.0514144897461,86.21812888313444,0.001,8.103045463562012
6239,12,239,378,95.88693237304688,86.27636008325663,0.001,7.903424501419067
6240,12,240,2080,78.76300811767578,86.23111927626728,0.001,10.045795679092407
6241,12,241,383,90.38967895507812,86.25508323434742,0.001,8.955551147460938
6242,12,242,1549,94.65708923339844,86.28253906643823,0.001,9.703490495681763
6243,12,243,2845,84.72496795654297,86.27337065488302,0.001,7.321213006973267
6244,12,244,403,83.558349609375,86.26490888999277,0.001,9.979155540466309
6245,12,245,2694,100.9217529296875,86.29538300502878,0.001,9.067383289337158
6246,12,246,2181,97.92178344726562,86.31976193594522,0.001,8.790128469467163
6247,12,247,2929,85.86603546142578,86.31777782149098,0.001,6.884855508804321
6248,12,248,2413,90.23145294189453,86.33503515420429,0.001,9.065788507461548
6249,12,249,2590,100.35379028320312,86.37713428230697,0.001,8.745179176330566
6250,12,250,392,90.1795425415039,86.398793920323,0.001,7.734745025634766
6251,12,251,2871,74.81280517578125,86.33292237183056,0.001,8.900835275650024
6252,12,252,2422,78.61515808105469,86.31717992075437,0.001,8.988698720932007
6253,12,253,2095,85.36825561523438,86.31189907849149,0.001,8.08976125717163
6254,12,254,2179,93.1360855102539,86.33285729641413,0.001,6.935281991958618
6255,12,255,73,81.9422607421875,86.3238930627852,0.001,9.75993013381958
6256,12,256,1118,84.2079086303711,86.31500765446275,0.001,7.3926355838775635
6257,12,257,2775,87.34922790527344,86.31929134674971,0.001,8.372968435287476
6258,12,258,2479,84.91260528564453,86.31360502084097,0.001,9.093620777130127
6259,12,259,2166,84.51921844482422,86.30828953851864,0.001,9.357197284698486
6260,12,260,778,92.88319396972656,86.33536544393576,0.001,7.882655382156372
6261,12,261,801,85.76910400390625,86.33374028256613,0.001,7.498041391372681
6262,12,262,448,96.9779052734375,86.3786351126771,0.001,7.199867010116577
6263,12,263,340,82.11054992675781,86.36106920514173,0.001,7.641741514205933
6264,12,264,94,77.95999145507812,86.31795630713908,0.001,9.327662706375122
6265,12,265,2565,79.77618408203125,86.30504400878975,0.001,9.186843633651733
6266,12,266,1915,79.55333709716797,86.2856513776237,0.001,9.165331363677979
6267,12,267,2455,101.6526107788086,86.31599277203347,0.001,7.971620798110962
6268,12,268,686,73.83183288574219,86.26446233448095,0.001,8.34449052810669
6269,12,269,2593,78.08038330078125,86.23083836012621,0.001,9.124084711074829
6270,12,270,455,67.37236022949219,86.20318207524191,0.001,8.195491075515747
6271,12,271,607,95.6943130493164,86.22060188635186,0.001,7.067927122116089
6272,12,272,2378,88.7838134765625,86.23095276175962,0.001,6.482164144515991
6273,12,273,1690,78.03376007080078,86.21526770568119,0.001,10.677911043167114
6274,12,274,1097,96.04420471191406,86.23337462743613,0.001,8.177370071411133
6275,12,275,461,92.28190612792969,86.26501081385108,0.001,8.57167100906372
6276,12,276,405,91.09600830078125,86.27894130806719,0.001,9.39646863937378
6277,12,277,266,99.00798797607422,86.34567651393296,0.001,10.104454278945923
6278,12,278,1809,86.92701721191406,86.34864729387635,0.001,8.556561470031738
6279,12,279,1571,92.48815155029297,86.3803521878989,0.001,10.547179698944092
6280,12,280,680,104.28953552246094,86.41309487447266,0.001,9.502010345458984
6281,12,281,458,83.38736724853516,86.40736104834393,0.001,8.787836074829102
6282,12,282,858,92.71647644042969,86.41788159393867,0.001,8.591545343399048
6283,12,283,2216,90.13917541503906,86.42401256954679,0.001,10.218893766403198
6284,12,284,2547,86.47737121582031,86.42421827677478,0.001,9.641926765441895
6285,12,285,825,80.05766296386719,86.41288150470733,0.001,8.156883001327515
6286,12,286,1617,88.36827087402344,86.42249252447516,0.001,6.848542213439941
6287,12,287,1346,97.62419128417969,86.47721027557755,0.001,9.48651909828186
6288,12,288,1828,77.80838775634766,86.43256846900776,0.001,10.489332437515259
6289,12,289,2552,90.00804138183594,86.44589995755001,0.001,9.836124658584595
6290,12,290,956,82.7991714477539,86.42774877703437,0.001,8.312746524810791
6291,12,291,832,76.7147216796875,86.37973322806685,0.001,7.83361554145813
6292,12,292,471,87.53251647949219,86.38537894240208,0.001,10.447285413742065
6293,12,293,920,86.38323211669922,86.38536823313358,0.001,9.225580215454102
6294,12,294,759,86.18353271484375,86.38463356555417,0.001,8.490785360336304
6295,12,295,954,73.68595123291016,86.36246059799524,0.001,8.804673671722412
6296,12,296,989,90.19437408447266,86.37644678313168,0.001,9.54400897026062
6297,12,297,1463,83.0954818725586,86.37147663263904,0.001,9.219470500946045
6298,12,298,374,74.8391342163086,86.31590381502495,0.001,8.05991530418396
6299,12,299,2034,88.44970703125,86.32604267392304,0.001,9.610050678253174
6300,12,300,74,97.72265625,86.34537594608824,0.001,8.599010467529297
6301,12,301,377,86.94532775878906,86.3469200714464,0.001,9.202564477920532
6302,12,302,611,89.12090301513672,86.35391919204756,0.001,9.498552799224854
6303,12,303,710,84.4429931640625,86.34711367415602,0.001,8.516075849533081
6304,12,304,787,88.60596466064453,86.35101186562609,0.001,9.000062942504883
6305,12,305,694,82.91078186035156,86.33471649049153,0.001,7.356370449066162
6306,12,306,1817,68.60923767089844,86.30572713680412,0.001,8.568946361541748
6307,12,307,272,88.61396026611328,86.31160347081895,0.001,8.703228950500488
6308,12,308,789,80.8963394165039,86.29255200171892,0.001,7.77375864982605
6309,12,309,376,103.11317443847656,86.32120489668941,0.001,8.577776432037354
6310,12,310,521,83.4002456665039,86.31633503000488,0.001,9.01721739768982
6311,12,311,432,78.46240234375,86.28932219864596,0.001,9.538851737976074
6312,12,312,367,95.87985229492188,86.31297774180311,0.001,8.4029221534729
6313,12,313,864,94.67784881591797,86.32614310302203,0.001,8.138047695159912
6314,12,314,1441,79.22456359863281,86.31408681924684,0.001,8.449574947357178
6315,12,315,1945,79.07992553710938,86.2805868020569,0.001,8.53738284111023
6316,12,316,77,86.02450561523438,86.27969026324942,0.001,9.658906936645508
6317,12,317,1714,73.60771179199219,86.23710791311792,0.001,8.572451829910278
6318,12,318,2603,74.86548614501953,86.18639214958034,0.001,9.979037523269653
6319,12,319,488,87.19908905029297,86.19095776484015,0.001,8.997064113616943
6320,12,320,337,77.77776336669922,86.17243467722058,0.001,10.11197566986084
6321,12,321,981,91.11540222167969,86.18925847144384,0.001,10.468720436096191
6322,12,322,788,81.44908905029297,86.16783088911498,0.001,8.479007244110107
6323,12,323,2458,77.67125701904297,86.13929929711098,0.001,8.519023895263672
6324,12,324,2874,87.65819549560547,86.14429756744433,0.001,9.396047353744507
6325,12,325,274,88.54600524902344,86.15220631307828,0.001,9.746290683746338
6326,12,326,873,89.37103271484375,86.15671342192621,0.001,8.881297826766968
6327,12,327,2864,85.29331970214844,86.15463558826622,0.001,8.495562314987183
6328,12,328,693,85.63414001464844,86.15232136158161,0.001,8.64049482345581
6329,12,329,1737,87.3414077758789,86.15741887537986,0.001,8.453378915786743
6330,12,330,706,79.78382873535156,86.14723972835176,0.001,8.6364107131958
6331,12,331,705,82.0481185913086,86.12899899392067,0.001,8.11551284790039
6332,12,332,1751,85.34474182128906,86.12715878596366,0.001,7.889050245285034
6333,12,333,1532,95.05860137939453,86.16578401953187,0.001,8.523086309432983
6334,12,334,991,98.82542419433594,86.18499974525227,0.001,8.15878677368164
6335,12,335,2682,80.76054382324219,86.16120777643798,0.001,8.597288370132446
6336,12,336,707,87.02118682861328,86.16245030611941,0.001,7.924720048904419
6337,12,337,851,85.99559020996094,86.16171596284146,0.001,7.58594012260437
6338,12,338,1735,79.47293853759766,86.15136373527882,0.001,7.985326290130615
6339,12,339,2619,86.96720886230469,86.15307816756177,0.001,9.762828826904297
6340,12,340,2347,83.36770629882812,86.14417075880635,0.001,6.054043292999268
6341,12,341,2282,84.71610260009766,86.14200107016275,0.001,8.059356451034546
6342,12,342,519,80.28077697753906,86.11699925740736,0.001,8.58771824836731
6343,12,343,2499,92.70584869384766,86.13198714216519,0.001,7.1209094524383545
6344,12,344,863,82.39798736572266,86.12007755210303,0.001,9.35787582397461
6345,12,345,811,73.73322296142578,86.10278964768636,0.001,7.497486591339111
6346,12,346,699,77.58148193359375,86.07634053800986,0.001,7.824522495269775
6347,12,347,1306,76.61292266845703,86.03683924028421,0.001,8.808869361877441
6348,12,348,1333,105.18811798095703,86.09691943950054,0.001,6.873690128326416
6349,12,349,2580,88.99148559570312,86.10868311230168,0.001,6.6103675365448
6350,12,350,1900,92.1026611328125,86.11779050714334,0.001,8.870559930801392
6351,12,351,1909,87.50939178466797,86.12345780386079,0.001,9.176954984664917
6352,12,352,1174,85.98849487304688,86.12303943326806,0.001,9.836464881896973
6353,12,353,719,81.09758758544922,86.1023924736209,0.001,8.05397367477417
6354,12,354,1120,81.51335906982422,86.09280621388221,0.001,8.248604536056519
6355,12,355,382,77.62354278564453,86.08078672976846,0.001,7.977786302566528
6356,12,356,1682,77.39539337158203,86.0542972683779,0.001,7.560814142227173
6357,12,357,2763,94.75550079345703,86.06685740796524,0.001,8.753305912017822
6358,12,358,2930,86.8564682006836,86.06797811994265,0.001,9.342823028564453
6359,12,359,496,80.6871337890625,86.05231913016299,0.001,8.035893201828003
6360,12,360,1092,87.0627212524414,86.05640539212062,0.001,9.185660123825073
6361,12,361,2341,79.9285659790039,86.03158436207839,0.001,9.589154481887817
6362,12,362,1832,97.47984313964844,86.0774821473924,0.001,7.840304136276245
6363,12,363,695,86.01451873779297,86.07729198935567,0.001,9.879806518554688
6364,12,364,446,88.79327392578125,86.08533681207872,0.001,10.169878721237183
6365,12,365,2494,75.30369567871094,86.05350450173036,0.001,9.126122951507568
6366,12,366,1791,81.65198516845703,86.04430566877144,0.001,10.176478147506714
6367,12,367,1155,93.78156280517578,86.05542476419339,0.001,8.252818584442139
6368,12,368,2117,91.56830596923828,86.07133774595154,0.001,9.510554313659668
6369,12,369,2328,79.04418182373047,86.05634101919223,0.001,8.769518852233887
6370,12,370,1397,81.83418273925781,86.03960025073707,0.001,10.107715368270874
6371,12,371,2548,86.10931396484375,86.03980127445607,0.001,8.784019708633423
6372,12,372,2750,83.8150863647461,86.03672628245987,0.001,8.394031763076782
6373,12,373,2343,86.01344299316406,86.03667831759246,0.001,9.380836963653564
6374,12,374,685,86.90721130371094,86.03917910085774,0.001,8.412310123443604
6375,12,375,1570,86.67562103271484,86.04007027713263,0.001,7.29675817489624
6376,12,376,972,88.42169952392578,86.04684826849905,0.001,7.628281593322754
6377,12,377,2672,84.93253326416016,86.04253025933568,0.001,8.503854513168335
6378,12,378,773,96.70291900634766,86.0732387748728,0.001,9.996983766555786
6379,12,379,1502,80.2188720703125,86.05051850071818,0.001,8.013977766036987
6380,12,380,827,94.30219268798828,86.06456370708104,0.001,8.683600425720215
6381,12,381,2140,95.6844711303711,86.07710669030435,0.001,8.861433029174805
6382,12,382,1484,88.65837860107422,86.08454190161113,0.001,7.769546747207642
6383,12,383,390,94.62393951416016,86.10146396084255,0.001,8.559826374053955
6384,12,384,344,84.3140869140625,86.09903731895882,0.001,10.301599025726318
6385,12,385,808,87.14278411865234,86.10197163712535,0.001,8.53811001777649
6386,12,386,2543,86.50958251953125,86.10313135122324,0.001,9.185745239257812
6387,12,387,2172,84.88693237304688,86.09964559726966,0.001,9.801954746246338
6388,12,388,770,90.20639038085938,86.11135662002826,0.001,8.179621458053589
6389,12,389,69,89.12972259521484,86.12272458593604,0.001,9.680783033370972
6390,12,390,819,84.5054702758789,86.1181871076576,0.001,8.586781024932861
6391,12,391,2450,85.25943756103516,86.11584039075703,0.001,9.076656341552734
6392,12,392,2070,89.3012466430664,86.12759881696483,0.001,8.244650602340698
6393,12,393,469,90.76612854003906,86.14463685468667,0.001,8.466685771942139
6394,12,394,803,102.61565399169922,86.16571706404093,0.001,9.379615068435669
6395,12,395,1530,80.73246002197266,86.1458083926106,0.001,6.283953905105591
6396,12,396,408,74.0662841796875,86.12235514442169,0.001,7.078487873077393
6397,12,397,1923,86.2966537475586,86.1228429650863,0.001,9.149613857269287
6398,12,398,977,85.95652770996094,86.12252803436738,0.001,7.455935001373291
6399,12,399,490,88.16815948486328,86.12524044941435,0.001,8.599061727523804
6400,12,400,2789,86.84603118896484,86.12719491569318,0.001,9.922357082366943
6401,12,401,2781,76.60643005371094,86.11100967029306,0.001,10.030259132385254
6402,12,402,2584,83.09074401855469,86.10014338614647,0.001,9.35649299621582
6403,12,403,727,80.7177734375,86.09331222525752,0.001,8.115674018859863
6404,12,404,743,84.27926635742188,86.09099505554192,0.001,9.77826714515686
6405,12,405,717,89.84602355957031,86.10445882037531,0.001,10.006982803344727
6406,12,406,2064,85.5040054321289,86.10282927231208,0.001,8.006467580795288
6407,12,407,2654,87.80665588378906,86.10892797542152,0.001,9.081175565719604
6408,12,408,966,81.4594955444336,86.10024321457026,0.001,8.995198011398315
6409,12,409,774,87.02226257324219,86.10269986362235,0.001,8.82241439819336
6410,12,410,986,77.16545104980469,86.07858076345964,0.001,8.089143514633179
6411,12,411,254,75.66397094726562,86.04203193363493,0.001,9.353376865386963
6412,12,412,2513,102.04972076416016,86.062059955819,0.001,9.416971683502197
6413,12,413,771,85.50688934326172,86.06060621388748,0.001,7.67072868347168
6414,12,414,834,90.67730712890625,86.07674304813004,0.001,8.967512607574463
6415,12,415,728,82.15402221679688,86.06643938983,0.001,7.970030784606934
6416,12,416,2298,74.85520935058594,86.0528216597341,0.001,8.287040710449219
6417,12,417,60,87.19478607177734,86.0549450171425,0.001,8.44512414932251
6418,12,418,28,96.3119125366211,86.06761889642716,0.001,8.411690711975098
6419,12,419,913,84.04620361328125,86.06387629611285,0.001,8.89985728263855
6420,12,420,1099,89.36846160888672,86.07533385667844,0.001,9.672456502914429
6421,12,421,459,109.70821380615234,86.10425939200749,0.001,9.771604299545288
6422,12,422,453,99.11018371582031,86.12807017454524,0.001,8.648050785064697
6423,12,423,914,83.56695556640625,86.12148917568173,0.001,6.730159044265747
6424,12,424,2673,84.94780731201172,86.1184238829973,0.001,8.97724962234497
6425,12,425,2243,86.0527114868164,86.1181988326555,0.001,9.265405178070068
6426,12,426,915,96.71446228027344,86.1306547804698,0.001,7.8514039516448975
6427,12,427,852,92.61418151855469,86.14704214378474,0.001,9.544494390487671
6428,12,428,1903,85.88972473144531,86.14658113927358,0.001,9.687660455703735
6429,12,429,1543,99.72480773925781,86.16329344407772,0.001,10.032698631286621
6430,12,430,2225,90.4136734008789,86.17764636783076,0.001,9.038501024246216
6431,12,431,2482,85.54740905761719,86.17550136900253,0.001,8.176356077194214
6432,12,432,2205,92.89761352539062,86.19274641219218,0.001,9.486958503723145
6433,12,433,407,84.90716552734375,86.18951172521221,0.001,8.653929233551025
6434,12,434,990,76.64603424072266,86.16499927708965,0.001,9.058096170425415
6435,12,435,2270,84.75232696533203,86.16023616390663,0.001,7.842057466506958
6436,12,436,518,81.57719421386719,86.15475910181426,0.001,8.815155744552612
6437,12,437,861,92.3958740234375,86.16588792435931,0.001,8.846801042556763
6438,12,438,2613,98.07874298095703,86.19515056331433,0.001,7.7378458976745605
6439,12,439,2720,91.03741455078125,86.20044987808899,0.001,8.771475076675415
6440,12,440,492,80.68353271484375,86.18219855814766,0.001,10.370602130889893
6441,12,441,65,92.05519104003906,86.18927809706581,0.001,8.182741165161133
6442,12,442,1365,93.22753143310547,86.1975824055715,0.001,10.20792031288147
6443,12,443,1844,103.74330139160156,86.21591784157643,0.001,8.753057956695557
6444,12,444,682,92.20936584472656,86.23544050031785,0.001,8.355933427810669
6445,12,445,1576,96.12357330322266,86.24682678779496,0.001,9.526494026184082
6446,12,446,2297,84.994384765625,86.24368999778962,0.001,7.953531980514526
6447,12,447,1527,86.2223892211914,86.24363823248346,0.001,10.203369379043579
6448,12,448,1794,79.0572738647461,86.22640656337617,0.001,10.365244626998901
6449,12,449,256,78.70792388916016,86.21348364272527,0.001,9.403859376907349
6450,12,450,1089,88.43844604492188,86.22067494891928,0.001,8.994200229644775
6451,12,451,1434,89.59500122070312,86.2285634926045,0.001,7.498324871063232
6452,12,452,68,94.0389175415039,86.24231673209586,0.001,7.579499244689941
6453,12,453,481,90.03165435791016,86.25144973103987,0.001,9.23960542678833
6454,12,454,2722,72.89268493652344,86.23729479606055,0.001,9.227543592453003
6455,12,455,177,89.16667938232422,86.24423664262667,0.001,9.722634077072144
6456,12,456,721,91.21334838867188,86.25261163418276,0.001,9.404634237289429
6457,12,457,2204,94.49665832519531,86.2785030838635,0.001,8.611675262451172
6458,12,458,1768,93.93824005126953,86.28716481337833,0.001,11.35673475265503
6459,12,459,1383,91.69981384277344,86.29652811743242,0.001,9.719099998474121
6460,12,460,951,90.23133850097656,86.30586363063408,0.001,9.297418117523193
6461,12,461,190,76.03887176513672,86.27261367666853,0.001,8.358538389205933
6462,12,462,919,86.42520141601562,86.27310232789932,0.001,6.1136744022369385
6463,12,463,689,89.9549789428711,86.27928859919966,0.001,9.358181953430176
6464,12,464,2050,74.68147277832031,86.26013161391174,0.001,9.406405210494995
6465,12,465,250,87.71224975585938,86.26176351918122,0.001,8.927353143692017
6466,12,466,1265,93.54320526123047,86.26994206418738,0.001,9.543729305267334
6467,12,467,441,81.08500671386719,86.25780260913989,0.001,8.01509952545166
6468,12,468,904,78.13368225097656,86.24578144352533,0.001,9.78312635421753
6469,12,469,1675,87.61939239501953,86.24804990749644,0.001,8.403253078460693
6470,12,470,2476,93.97742462158203,86.25667954537937,0.001,8.117380142211914
6471,12,471,1700,87.9289321899414,86.25961714713,0.001,8.948428392410278
6472,12,472,1122,75.79639434814453,86.24194733032263,0.001,9.814445972442627
6473,12,473,2235,87.58332061767578,86.24608083296582,0.001,7.193063974380493
6474,12,474,2758,100.25698852539062,86.27836728392322,0.001,8.872750759124756
6475,12,475,98,89.51714324951172,86.28837945908066,0.001,9.644825458526611
6476,12,476,2588,87.53608703613281,86.29225102106075,0.001,8.477354764938354
6477,12,477,350,82.12181091308594,86.28261272710326,0.001,9.090724468231201
6478,12,478,1334,86.78323364257812,86.28314991662697,0.001,8.168524026870728
6479,12,479,363,90.44934844970703,86.28767151029179,0.001,7.588769912719727
6480,12,480,2340,87.30316925048828,86.28994077609057,0.001,8.82313585281372
6481,12,481,814,74.69296264648438,86.27699035730264,0.001,8.014177799224854
6482,12,482,2272,85.0295181274414,86.27415269562101,0.001,8.308037042617798
6483,12,483,961,79.23333740234375,86.25293828493625,0.001,9.123850584030151
6484,12,484,507,99.7083969116211,86.26306831594148,0.001,8.527581453323364
6485,12,485,870,86.8566665649414,86.26403045212511,0.001,8.761212825775146
6486,12,486,916,89.80516815185547,86.2679123321282,0.001,8.79152250289917
6487,12,487,601,86.13994598388672,86.26752772219155,0.001,8.193876266479492
6488,12,488,962,75.29615783691406,86.24972911362063,0.001,9.0075843334198
6489,12,489,742,82.65167236328125,86.23890859894505,0.001,10.145602226257324
6490,12,490,2443,89.7608871459961,86.2467372879716,0.001,9.369052410125732
6491,12,491,388,97.81072998046875,86.2585471423293,0.001,9.651572227478027
6492,12,492,1682,77.33613586425781,86.23867304919096,0.001,7.870370388031006
6493,12,493,1548,91.55914306640625,86.25006522425623,0.001,9.736159563064575
6494,12,494,1087,85.42674255371094,86.24766980078164,0.001,8.320054769515991
6495,12,495,1648,96.95001983642578,86.2645857824913,0.001,8.482109308242798
6496,12,496,1480,86.77056884765625,86.26511151039442,0.001,10.251392841339111
6497,12,497,1355,77.18157196044922,86.2449265520516,0.001,9.548901081085205
6498,12,498,1484,88.65264129638672,86.25029013100774,0.001,8.730612754821777
6499,12,499,1117,90.44914245605469,86.25970275890286,0.001,10.054239749908447
6500,13,0,1568,81.75926971435547,81.75926971435547,0.001,7.862455368041992
6501,13,1,1196,87.23772430419922,83.43285578367139,0.001,8.050347089767456
6502,13,2,1439,87.7646484375,85.50892839627578,0.001,8.771684646606445
6503,13,3,1807,86.63343811035156,85.87325625320337,0.001,9.491271018981934
6504,13,4,1706,104.0554428100586,89.45410957079615,0.001,8.936136245727539
6505,13,5,1793,92.39615631103516,90.06153394265878,0.001,8.573348760604858
6506,13,6,1878,86.63642120361328,89.72017044948682,0.001,7.995568037033081
6507,13,7,1473,84.65901947021484,89.31117002608487,0.001,8.966378688812256
6508,13,8,1965,85.05569458007812,88.6787306448861,0.001,8.221835374832153
6509,13,9,1360,98.4631576538086,89.15461181409519,0.001,7.9670023918151855
6510,13,10,1470,93.05671691894531,89.51719726141613,0.001,8.46122407913208
6511,13,11,1756,91.08509826660156,89.65168800314076,0.001,7.0206849575042725
6512,13,12,1395,107.4178466796875,90.37118070802742,0.001,7.7355194091796875
6513,13,13,1092,86.93737030029297,90.02594581502872,0.001,7.205097198486328
6514,13,14,1636,72.35116577148438,88.4100391784823,0.001,10.166900157928467
6515,13,15,1317,80.7238998413086,88.1680712826821,0.001,8.584882497787476
6516,13,16,1460,89.1219482421875,88.21133291727655,0.001,7.273824453353882
6517,13,17,1113,87.63134765625,88.16626700522998,0.001,9.346857070922852
6518,13,18,1923,86.35176849365234,88.064174812122,0.001,7.824461936950684
6519,13,19,1699,86.63761901855469,88.01152152792794,0.001,7.800568103790283
6520,13,20,1762,96.18312072753906,88.42186963588345,0.001,8.605776071548462
6521,13,21,1306,76.24217224121094,87.6579017858693,0.001,7.5580854415893555
6522,13,22,2034,88.50077056884766,87.70708942606096,0.001,8.155326843261719
6523,13,23,1571,92.37472534179688,87.9673529089683,0.001,8.144314765930176
6524,13,24,1122,75.84224700927734,87.60912335612127,0.001,8.031354427337646
6525,13,25,1617,88.23765563964844,87.64042917178931,0.001,7.881196737289429
6526,13,26,1845,79.03079986572266,87.49340987167298,0.001,8.420270919799805
6527,13,27,1089,88.45899200439453,87.53994500799378,0.001,8.687035083770752
6528,13,28,2080,78.80136108398438,87.13519074508834,0.001,8.591308116912842
6529,13,29,1541,80.25090026855469,87.03371383221062,0.001,8.05970549583435
6530,13,30,1679,72.92291259765625,86.69234350531443,0.001,8.692939519882202
6531,13,31,1493,83.44918060302734,86.55460155229066,0.001,9.95744252204895
6532,13,32,2000,87.03291320800781,86.56164808554308,0.001,8.231147289276123
6533,13,33,2140,95.78750610351562,86.69143974231703,0.001,6.873516321182251
6534,13,34,1838,74.77186584472656,86.34052401050364,0.001,9.047399282455444
6535,13,35,1372,78.63629913330078,86.1174615416645,0.001,7.592112302780151
6536,13,36,1488,80.73472595214844,85.9280928092802,0.001,9.154016256332397
6537,13,37,2075,75.8252182006836,85.73282018699699,0.001,6.601458549499512
6538,13,38,1153,87.9677734375,85.81255775323983,0.001,8.727319240570068
6539,13,39,1324,89.09414672851562,85.92381198999144,0.001,7.7190845012664795
6540,13,40,1814,76.77872467041016,85.69833837343951,0.001,8.419496774673462
6541,13,41,2196,95.84400177001953,85.80603615330833,0.001,9.308059930801392
6542,13,42,1081,93.19517517089844,85.98476146995138,0.001,8.260478258132935
6543,13,43,1862,79.86410522460938,85.91510938875314,0.001,8.031908512115479
6544,13,44,1481,80.49186706542969,85.78707741878625,0.001,9.875983953475952
6545,13,45,2216,90.18901824951172,85.83045914408567,0.001,10.635073184967041
6546,13,46,1902,90.10552215576172,85.9270556836348,0.001,10.354406595230103
6547,13,47,1123,90.04371643066406,85.99215090779008,0.001,9.37199330329895
6548,13,48,1109,84.33258056640625,85.94605312016157,0.001,8.588196754455566
6549,13,49,1903,85.82749938964844,85.94428169798701,0.001,8.72090768814087
6550,13,50,1265,93.54523468017578,86.0207238942116,0.001,8.245256423950195
6551,13,51,1442,83.43299865722656,85.98287220761033,0.001,9.483220338821411
6552,13,52,1333,104.63525390625,86.36269121809417,0.001,8.982809066772461
6553,13,53,1576,96.20301818847656,86.45549633292596,0.001,9.834850549697876
6554,13,54,1769,82.02490234375,86.33858484666227,0.001,9.887717962265015
6555,13,55,1443,78.02982330322266,86.12821178582988,0.001,9.195407629013062
6556,13,56,1779,92.16426086425781,86.27772612219928,0.001,9.284677028656006
6557,13,57,1363,86.3254165649414,86.27859623918638,0.001,9.833153009414673
6558,13,58,1914,84.99874114990234,86.26755563706934,0.001,9.017805814743042
6559,13,59,1394,77.97500610351562,86.11990341162334,0.001,10.144602298736572
6560,13,60,2192,92.0293960571289,86.1616304446918,0.001,7.592083215713501
6561,13,61,1802,92.80225372314453,86.27652034362754,0.001,10.247872114181519
6562,13,62,2051,83.60115051269531,86.2305570475115,0.001,9.494657039642334
6563,13,63,2282,84.14160919189453,86.21374963674998,0.001,9.684686660766602
6564,13,64,1945,79.28226470947266,86.06052055875756,0.001,8.940792560577393
6565,13,65,1766,87.7762680053711,86.07011926721285,0.001,11.02298641204834
6566,13,66,1642,83.48355102539062,86.02879370661559,0.001,9.114171028137207
6567,13,67,1737,87.10639953613281,86.05097935794477,0.001,9.660614013671875
6568,13,68,1514,91.90283966064453,86.09454510537877,0.001,10.28913688659668
6569,13,69,1846,85.59099578857422,86.08680087619064,0.001,6.758623361587524
6570,13,70,1127,89.12357330322266,86.12076063840276,0.001,7.848984956741333
6571,13,71,1675,87.58462524414062,86.1364531171816,0.001,7.2746522426605225
6572,13,72,1361,80.62861633300781,86.096963858128,0.001,8.379922866821289
6573,13,73,1557,84.77037048339844,86.07068504586265,0.001,8.660305738449097
6574,13,74,2179,92.67289733886719,86.1405283572067,0.001,8.027719497680664
6575,13,75,1821,99.35731506347656,86.23158115069485,0.001,8.151063203811646
6576,13,76,1627,97.99378967285156,86.40121439404494,0.001,8.054826259613037
6577,13,77,1370,73.54408264160156,86.21867580606707,0.001,9.00434422492981
6578,13,78,2203,95.59844970703125,86.39220089870425,0.001,7.994453430175781
6579,13,79,1700,87.93180847167969,86.40809012906522,0.001,8.143208026885986
6580,13,80,2347,83.840087890625,86.37345269347242,0.001,9.439839124679565
6581,13,81,1649,77.44676971435547,86.25415969688034,0.001,10.225272417068481
6582,13,82,2064,85.40483856201172,86.24286089765724,0.001,10.555437088012695
6583,13,83,1556,80.8139419555664,86.17207165924519,0.001,10.525607585906982
6584,13,84,1586,88.10420989990234,86.2051929282535,0.001,7.604998588562012
6585,13,85,2181,98.12571716308594,86.2774236989464,0.001,7.8094987869262695
6586,13,86,1690,77.29007720947266,86.22304269309294,0.001,8.936410188674927
6587,13,87,1326,91.53801727294922,86.25428877099324,0.001,8.822677373886108
6588,13,88,2229,84.52735900878906,86.24102599452888,0.001,9.316992044448853
6589,13,89,1264,88.40647888183594,86.25401612727198,0.001,8.573927640914917
6590,13,90,1310,82.23201751708984,86.1884645404575,0.001,10.482614517211914
6591,13,91,1393,88.86295318603516,86.22077738559446,0.001,7.514571189880371
6592,13,92,1440,92.22639465332031,86.2905435057938,0.001,8.352502822875977
6593,13,93,2007,84.49095153808594,86.26954599728457,0.001,7.521275281906128
6594,13,94,2460,81.1349105834961,86.24105285157853,0.001,8.411863088607788
6595,13,95,175,90.4885025024414,86.27689127376924,0.001,8.791619300842285
6596,13,96,2166,84.42854309082031,86.26181938934498,0.001,9.347843647003174
6597,13,97,1093,83.99156951904297,86.22822972876341,0.001,9.545140027999878
6598,13,98,1311,75.72650909423828,86.07267117184573,0.001,9.4322030544281
6599,13,99,1909,87.41100311279297,86.09197172990658,0.001,8.185602903366089
6600,13,100,1918,79.81282043457031,86.00117260087292,0.001,8.446286678314209
6601,13,101,1812,83.16657257080078,85.96040149396534,0.001,6.672556638717651
6602,13,102,1342,84.4077377319336,85.94431832472826,0.001,8.831155061721802
6603,13,103,1717,101.69575500488281,86.02214856200534,0.001,9.977009534835815
6604,13,104,1570,86.08399963378906,86.02245967411741,0.001,9.69741678237915
6605,13,105,2325,92.33662414550781,86.0879093680318,0.001,9.703072547912598
6606,13,106,1809,87.39126586914062,86.10530620727889,0.001,8.572484731674194
6607,13,107,2272,85.06034088134766,86.0947652520886,0.001,8.410168409347534
6608,13,108,2202,88.5517349243164,86.12762869894331,0.001,6.60694694519043
6609,13,109,1938,83.35253143310547,86.11498445192854,0.001,9.622548341751099
6610,13,110,256,79.10416412353516,86.06624587114453,0.001,7.923974275588989
6611,13,111,2297,85.40642547607422,86.0596718372284,0.001,9.25997519493103
6612,13,112,2482,85.77403259277344,86.05597194243012,0.001,8.917834520339966
6613,13,113,1105,78.86123657226562,86.02182973075381,0.001,7.935760498046875
6614,13,114,2278,88.13406372070312,86.04217575625002,0.001,9.207914113998413
6615,13,115,2101,93.462646484375,86.13566398746266,0.001,9.49397873878479
6616,13,116,1132,75.3009262084961,86.03358448210479,0.001,8.3339262008667
6617,13,117,2328,79.16157531738281,85.98778039816509,0.001,9.443734884262085
6618,13,118,1173,95.74458312988281,86.03066140185992,0.001,9.194222688674927
6619,13,119,1346,97.6705093383789,86.16640246745013,0.001,7.906505107879639
6620,13,120,1888,78.67755889892578,86.07831693870195,0.001,7.557925462722778
6621,13,121,1596,91.90555572509766,86.11453310303092,0.001,9.574511528015137
6622,13,122,1506,79.13372802734375,86.08654924816184,0.001,7.682021141052246
6623,13,123,2452,100.83477783203125,86.2162032094273,0.001,9.601890087127686
6624,13,124,2070,89.35714721679688,86.25252557961409,0.001,8.892606019973755
6625,13,125,272,88.9480972290039,86.26925929995723,0.001,9.035551071166992
6626,13,126,2197,94.90840148925781,86.34277389680612,0.001,8.128491163253784
6627,13,127,2147,87.17753601074219,86.35225846250462,0.001,8.393839836120605
6628,13,128,2233,93.92864990234375,86.3976050819142,0.001,10.141382932662964
6629,13,129,2406,88.51946258544922,86.4213747985919,0.001,9.230587720870972
6630,13,130,1900,93.07603454589844,86.44829916538241,0.001,9.480279684066772
6631,13,131,32,78.89627838134766,86.36427054106086,0.001,8.280636310577393
6632,13,132,1441,78.8918228149414,86.33456081324029,0.001,8.053802967071533
6633,13,133,1858,81.55941009521484,86.29631108300762,0.001,7.168434381484985
6634,13,134,2436,87.42135620117188,86.30066781552902,0.001,9.011823654174805
6635,13,135,2341,80.17787170410156,86.23503102009168,0.001,8.685060739517212
6636,13,136,2449,79.37772369384766,86.18069465125436,0.001,7.643613338470459
6637,13,137,1540,97.54236602783203,86.22368770634937,0.001,8.995160341262817
6638,13,138,1620,84.93228149414062,86.2204522221928,0.001,8.52506399154663
6639,13,139,38,83.4415054321289,86.20480382401557,0.001,8.124781370162964
6640,13,140,2099,76.92185974121094,86.15298411214545,0.001,10.056544065475464
6641,13,141,1532,94.85354614257812,86.2417632585742,0.001,10.632434844970703
6642,13,142,1495,90.97806549072266,86.2781252602925,0.001,10.67914867401123
6643,13,143,2464,61.703468322753906,86.18711729475886,0.001,8.775094747543335
6644,13,144,2413,90.22601318359375,86.21804619873795,0.001,10.323925256729126
6645,13,145,2055,80.24014282226562,86.15841303475499,0.001,9.678706884384155
6646,13,146,1339,94.86475372314453,86.18979411971922,0.001,9.441082954406738
6647,13,147,2270,84.70877838134766,86.17506422956303,0.001,8.938457012176514
6648,13,148,1523,86.60359954833984,86.17656788694349,0.001,8.22320008277893
6649,13,149,2157,79.81466674804688,86.11481290138002,0.001,11.145649909973145
6650,13,150,2172,84.66333770751953,86.10414704935579,0.001,9.64276909828186
6651,13,151,1848,84.22081756591797,86.08610601731931,0.001,9.712905168533325
6652,13,152,2401,78.28722381591797,86.02991025969284,0.001,8.83289122581482
6653,13,153,2584,82.95142364501953,86.00110645646764,0.001,9.14086365699768
6654,13,154,1819,88.03064727783203,86.00794217531016,0.001,7.488986968994141
6655,13,155,2067,87.84326934814453,86.01731024882938,0.001,8.844079732894897
6656,13,156,2205,92.91515350341797,86.06593472230331,0.001,9.358396768569946
6657,13,157,1181,96.78926086425781,86.13803002367754,0.001,10.237420320510864
6658,13,158,1118,84.25794219970703,86.1252247140926,0.001,8.649883508682251
6659,13,159,2510,80.33526611328125,86.07335237226164,0.001,7.117597341537476
6660,13,160,1616,93.4370346069336,86.12404281412381,0.001,8.349550008773804
6661,13,161,1151,92.31194305419922,86.15256029608074,0.001,8.713934898376465
6662,13,162,2669,98.40433502197266,86.19203722209838,0.001,8.424299240112305
6663,13,163,2040,84.5902099609375,86.17772415155383,0.001,8.402856588363647
6664,13,164,2432,75.3010482788086,86.14318154485845,0.001,9.288342714309692
6665,13,165,1794,78.88468170166016,86.09641890010371,0.001,8.322396516799927
6666,13,166,2343,86.0762710571289,86.09632619710524,0.001,8.861786365509033
6667,13,167,2098,89.04691314697266,86.10890820119921,0.001,9.165935277938843
6668,13,168,1155,93.99278259277344,86.1336441598903,0.001,7.230349063873291
6669,13,169,2499,92.70484161376953,86.16396648899753,0.001,9.38271951675415
6670,13,170,266,99.03975677490234,86.27385796588696,0.001,9.724899291992188
6671,13,171,1569,89.80377960205078,86.29641669352124,0.001,9.561108827590942
6672,13,172,2706,79.21155548095703,86.27612154099593,0.001,9.66837739944458
6673,13,173,1250,83.0168228149414,86.26643948340562,0.001,7.871486186981201
6674,13,174,2073,82.0468978881836,86.25429683233337,0.001,8.16584300994873
6675,13,175,1503,82.46244812011719,86.23864673241015,0.001,8.465709447860718
6676,13,176,1128,74.10184478759766,86.16295354688359,0.001,8.73539113998413
6677,13,177,178,80.7822494506836,86.13043558726694,0.001,8.096168756484985
6678,13,178,2511,87.10086822509766,86.13476153282188,0.001,7.104665040969849
6679,13,179,2758,100.19583892822266,86.220527079228,0.001,9.68935751914978
6680,13,180,1262,88.20512390136719,86.22621540652482,0.001,8.024962186813354
6681,13,181,2502,90.4414291381836,86.26060395771992,0.001,7.303893089294434
6682,13,182,2533,67.01103210449219,86.1761074922024,0.001,9.531843900680542
6683,13,183,2327,101.56214141845703,86.24090969268119,0.001,9.459015846252441
6684,13,184,2191,93.7381362915039,86.27364987581112,0.001,8.580721378326416
6685,13,185,2071,94.85628509521484,86.30988748507683,0.001,6.214436292648315
6686,13,186,1925,110.78947448730469,86.37842388488183,0.001,9.184654235839844
6687,13,187,2498,95.7858657836914,86.41808320334765,0.001,9.176904916763306
6688,13,188,1373,75.4597396850586,86.36740014439,0.001,7.640139102935791
6689,13,189,2767,83.99422454833984,86.3533186040633,0.001,9.603993892669678
6690,13,190,2535,88.42096710205078,86.35906040700912,0.001,8.524170398712158
6691,13,191,1896,80.86126708984375,86.3273842802368,0.001,8.679546356201172
6692,13,192,2750,84.04435729980469,86.32114605836877,0.001,9.801539659500122
6693,13,193,2095,85.35869598388672,86.31391743222956,0.001,9.57566213607788
6694,13,194,2225,90.38658142089844,86.34480500638942,0.001,9.22762942314148
6695,13,195,2422,78.56140899658203,86.32371640983055,0.001,8.898534774780273
6696,13,196,1951,92.53485870361328,86.35887812605834,0.001,8.669864177703857
6697,13,197,2874,87.6069107055664,86.36575171213288,0.001,7.925939559936523
6698,13,198,2593,78.0676498413086,86.31839492806967,0.001,9.77571964263916
6699,13,199,2221,90.55013275146484,86.34236248787656,0.001,8.011101961135864
6700,13,200,2583,90.94345092773438,86.36797884735824,0.001,10.327979326248169
6701,13,201,2340,87.3329086303711,86.37316528111062,0.001,9.474224328994751
6702,13,202,2794,86.880615234375,86.37450602431453,0.001,8.79294204711914
6703,13,203,350,82.12535095214844,86.3511801186464,0.001,8.676099061965942
6704,13,204,177,89.1624526977539,86.36621111372646,0.001,9.516807079315186
6705,13,205,2117,91.45613098144531,86.39300621485462,0.001,8.445622444152832
6706,13,206,2455,101.47453308105469,86.43249755879215,0.001,7.877723693847656
6707,13,207,1161,82.27664947509766,86.42250056641252,0.001,9.817576169967651
6708,13,208,2523,91.62042999267578,86.4594897655004,0.001,10.158470630645752
6709,13,209,1577,86.85884094238281,86.46159646124593,0.001,9.349715232849121
6710,13,210,2613,97.8098373413086,86.52068248567447,0.001,9.81438398361206
6711,13,211,2450,85.33805084228516,86.51459475538516,0.001,7.103649854660034
6712,13,212,274,87.68431854248047,86.52060045969289,0.001,8.168039321899414
6713,13,213,1434,89.34626770019531,86.53476526237934,0.001,8.634393453598022
6714,13,214,264,90.69541931152344,86.55639556477792,0.001,7.586744070053101
6715,13,215,2784,87.62837982177734,86.56375984182074,0.001,6.2711498737335205
6716,13,216,2722,72.14805603027344,86.5313038680165,0.001,7.3153908252716064
6717,13,217,2845,84.13644409179688,86.51509166262701,0.001,7.378559827804565
6718,13,218,2443,87.09829711914062,86.51801870233041,0.001,6.434645414352417
6719,13,219,1397,79.49147033691406,86.47040049114851,0.001,7.04907488822937
6720,13,220,1090,81.04908752441406,86.4512811142073,0.001,5.8200907707214355
6721,13,221,1530,78.9796142578125,86.40178147036339,0.001,6.03620982170105
6722,13,222,2335,93.79835510253906,86.41970436463345,0.001,7.5416295528411865
6723,13,223,1502,79.1004409790039,86.37091940956597,0.001,6.817736387252808
6724,13,224,2672,84.26300811767578,86.35707705830224,0.001,5.737564325332642
6725,13,225,2448,77.01274871826172,86.2968328907461,0.001,6.644891262054443
6726,13,226,2294,87.41044616699219,86.29932331822472,0.001,5.56633996963501
6727,13,227,407,83.32549285888672,86.28496006666668,0.001,6.018969297409058
6728,13,228,2458,80.57241821289062,86.25759330261326,0.001,5.121142148971558
6729,13,229,2149,72.24607849121094,86.18957905537074,0.001,7.295389652252197
6730,13,230,2781,72.71414184570312,86.14936559527207,0.001,5.691561698913574
6731,13,231,1772,76.37751007080078,86.08666162471006,0.001,6.110781192779541
6732,13,232,2152,72.9310302734375,86.02522045597613,0.001,6.408537149429321
6733,13,233,2204,72.4577407836914,85.94170986868986,0.001,6.614090919494629
6734,13,234,368,64.80339050292969,85.83980191095611,0.001,5.092981338500977
6735,13,235,273,67.53379821777344,85.7540494497389,0.001,6.050498962402344
6736,13,236,2565,78.09756469726562,85.73687438661817,0.001,5.828686237335205
6737,13,237,1714,63.355594635009766,85.63622299680593,0.001,6.151158332824707
6738,13,238,2564,55.218772888183594,85.49899678741653,0.001,6.4080810546875
6739,13,239,1844,74.02513885498047,85.47673807908357,0.001,5.723320960998535
6740,13,240,408,58.01640319824219,85.38804039199864,0.001,5.897583484649658
6741,13,241,1126,63.919151306152344,85.25769924820838,0.001,5.6789538860321045
6742,13,242,2864,64.75979614257812,85.19076127640271,0.001,4.677422761917114
6743,13,243,376,79.7334976196289,85.17885136369412,0.001,5.490156173706055
6744,13,244,2144,64.09990692138672,85.13408611789995,0.001,5.638615846633911
6745,13,245,1399,65.96742248535156,85.0179355532583,0.001,5.14189887046814
6746,13,246,2692,68.68377685546875,84.92109941247907,0.001,5.618489503860474
6747,13,247,432,65.43309020996094,84.83636872807283,0.001,5.298580169677734
6748,13,248,1686,74.22491455078125,84.77415227694874,0.001,5.257049083709717
6749,13,249,1551,71.45174407958984,84.71475369034644,0.001,4.890684604644775
6750,13,250,65,66.11064910888672,84.67507300640253,0.001,5.237637758255005
6751,13,251,1182,53.046875,84.53609183793102,0.001,4.9385130405426025
6752,13,252,68,67.24808502197266,84.4813873995583,0.001,5.124817609786987
6753,13,253,2569,67.84648132324219,84.43007804760865,0.001,5.81660795211792
6754,13,254,64,63.96562576293945,84.38740201746518,0.001,5.988191843032837
6755,13,255,2595,77.87269592285156,84.37412639861279,0.001,6.482373237609863
6756,13,256,2427,59.52828598022461,84.26965766078578,0.001,6.344570159912109
6757,13,257,519,60.69792938232422,84.13484697609641,0.001,6.533299446105957
6758,13,258,2349,61.67552947998047,84.00842551880555,0.001,7.344733953475952
6759,13,259,461,61.590450286865234,83.8833371516811,0.001,5.416039228439331
6760,13,260,2608,56.8908576965332,83.72931363227069,0.001,5.935182809829712
6761,13,261,2709,69.57256317138672,83.70141889998271,0.001,5.120638370513916
6762,13,262,254,53.28358459472656,83.53325277839306,0.001,5.431370735168457
6763,13,263,2763,62.074989318847656,83.49106328552115,0.001,3.739245891571045
6764,13,264,2590,69.31324768066406,83.45035492212801,0.001,3.0268728733062744
6765,13,265,2066,62.134315490722656,83.33379272185522,0.001,3.033019542694092
6766,13,266,340,57.82647705078125,83.2287718856863,0.001,3.0359907150268555
6767,13,267,1463,56.95008087158203,83.18408729163733,0.001,3.0446910858154297
6768,13,268,1174,60.30717468261719,83.09038971452414,0.001,4.689849853515625
6769,13,269,2930,50.133792877197266,83.02786286695387,0.001,7.912696361541748
6770,13,270,2617,62.26298141479492,82.91634661001355,0.001,5.764040946960449
6771,13,271,2911,66.00028991699219,82.88616307473106,0.001,6.420847177505493
6772,13,272,344,57.60601806640625,82.83740965319284,0.001,5.572486877441406
6773,13,273,403,52.72026062011719,82.7516353195113,0.001,6.030829668045044
6774,13,274,1791,54.961849212646484,82.67311787811757,0.001,5.886249303817749
6775,13,275,74,61.052154541015625,82.63241277657167,0.001,5.189702987670898
6776,13,276,73,73.59168243408203,82.61497069729285,0.001,6.166854619979858
6777,13,277,436,60.09556579589844,82.551914448063,0.001,5.361871242523193
6778,13,278,2789,52.75105667114258,82.43393470156411,0.001,6.929712295532227
6779,13,279,2274,51.53725051879883,82.31393472190426,0.001,6.322734832763672
6780,13,280,689,71.57439422607422,82.28375644086647,0.001,6.313591003417969
6781,13,281,2614,62.56230545043945,82.18134164184039,0.001,5.443558692932129
6782,13,282,607,64.4422378540039,82.14951924548853,0.001,6.531355857849121
6783,13,283,2538,60.630096435546875,82.10934270797351,0.001,5.0207719802856445
6784,13,284,2563,53.233646392822266,82.02863990285964,0.001,5.565937280654907
6785,13,285,1915,54.96284866333008,81.95423198698178,0.001,5.789160490036011
6786,13,286,2861,44.397857666015625,81.8077220816308,0.001,6.21458625793457
6787,13,287,2377,52.15122604370117,81.69368911162971,0.001,7.50810694694519
6788,13,288,496,52.39291763305664,81.5858105109892,0.001,6.7505505084991455
6789,13,289,521,53.395538330078125,81.53452339905371,0.001,6.35949969291687
6790,13,290,1482,59.8227424621582,81.49539579290284,0.001,5.947344064712524
6791,13,291,361,53.40447998046875,81.35944808804993,0.001,5.7185752391815186
6792,13,292,601,57.5487060546875,81.23907338274044,0.001,5.249880790710449
6793,13,293,2585,52.489173889160156,81.13248622333687,0.001,6.665698289871216
6794,13,294,717,58.867027282714844,81.02087973712007,0.001,5.796568155288696
6795,13,295,1839,51.21912384033203,80.9686640570132,0.001,5.760362148284912
6796,13,296,2720,56.39411163330078,80.92809472347557,0.001,5.715525150299072
6797,13,297,1527,58.15290832519531,80.84356212075822,0.001,6.015931606292725
6798,13,298,1383,48.89556884765625,80.75725128708953,0.001,4.6109960079193115
6799,13,299,2249,57.84149169921875,80.67054076280954,0.001,6.772897958755493
6800,13,300,1580,51.58621597290039,80.59382196435025,0.001,5.570387601852417
6801,13,301,1365,55.01728057861328,80.5487042639657,0.001,6.913660287857056
6802,13,302,2832,49.038143157958984,80.40161020495506,0.001,5.379207611083984
6803,13,303,490,56.59050750732422,80.35914569372657,0.001,5.429595470428467
6804,13,304,2673,54.76091003417969,80.26410597273413,0.001,5.56318473815918
6805,13,305,2923,55.2741813659668,80.20096656939113,0.001,5.720360517501831
6806,13,306,2008,72.61822509765625,80.18920567321533,0.001,6.401355504989624
6807,13,307,707,46.45293045043945,80.13450045744504,0.001,6.4730753898620605
6808,13,308,858,45.82705307006836,80.08076363989233,0.001,5.447907447814941
6809,13,309,337,42.46213150024414,79.99273770994617,0.001,5.901625394821167
6810,13,310,1797,46.8383903503418,79.93446285027288,0.001,5.6864190101623535
6811,13,311,1554,44.992340087890625,79.87361014565973,0.001,4.626073598861694
6812,13,312,2188,57.476173400878906,79.79371885115678,0.001,6.688552379608154
6813,13,313,2775,52.7608757019043,79.69814771565495,0.001,6.993959188461304
6814,13,314,706,49.008872985839844,79.64501905985375,0.001,5.900778770446777
6815,13,315,1302,53.5169792175293,79.52893472014644,0.001,5.8956098556518555
6816,13,316,1751,54.256622314453125,79.46466804529673,0.001,6.1053786277771
6817,13,317,2522,48.3140869140625,79.35544853079261,0.001,6.804940700531006
6818,13,318,2834,47.39476013183594,79.20472866345477,0.001,5.477873802185059
6819,13,319,471,47.18762969970703,79.05650991277723,0.001,5.893434524536133
6820,13,320,693,50.010799407958984,78.92072305957488,0.001,6.374673128128052
6821,13,321,1764,48.696617126464844,78.7780430391869,0.001,6.2316882610321045
6822,13,322,1516,48.99415969848633,78.67562340336355,0.001,5.9252402782440186
6823,13,323,1828,45.86153793334961,78.5215639973113,0.001,6.976802587509155
6824,13,324,448,56.986572265625,78.4459087788012,0.001,5.865918874740601
6825,13,325,1626,45.68288040161133,78.39418579865419,0.001,5.672460317611694
6826,13,326,2513,49.16720199584961,78.3468077880937,0.001,5.943260669708252
6827,13,327,972,47.49517822265625,78.24353598230199,0.001,6.912125110626221
6828,13,328,2378,57.166969299316406,78.17108778392205,0.001,8.437312841415405
6829,13,329,458,52.16212463378906,78.12787722410856,0.001,6.375643014907837
6830,13,330,870,46.4110107421875,78.05103638264158,0.001,6.182321786880493
6831,13,331,2435,38.725860595703125,77.98582062543792,0.001,7.719045400619507
6832,13,332,852,54.73540496826172,77.90830626984886,0.001,6.2471184730529785
6833,13,333,814,35.598026275634766,77.83868766529191,0.001,6.572944164276123
6834,13,334,2113,50.40829849243164,77.74551724053596,0.001,6.03749418258667
6835,13,335,694,48.00116729736328,77.61335731014178,0.001,3.4402616024017334
6836,13,336,469,49.64820861816406,77.48991050259072,0.001,3.5571725368499756
6837,13,337,1693,44.34838104248047,77.34425651254773,0.001,3.8485074043273926
6838,13,338,400,46.564697265625,77.27924357089636,0.001,3.739828109741211
6839,13,339,770,45.61109924316406,77.17355971929214,0.001,3.5275042057037354
6840,13,340,686,36.50690841674805,77.03733294178281,0.001,3.667046546936035
6841,13,341,695,38.58421325683594,76.91059393488506,0.001,3.6522409915924072
6842,13,342,1334,42.48529815673828,76.85802397951353,0.001,3.423535108566284
6843,13,343,1097,45.249759674072266,76.81034594831009,0.001,4.008464097976685
6844,13,344,1259,44.224815368652344,76.73626803829958,0.001,6.321318864822388
6845,13,345,1263,48.83266830444336,76.64599125580702,0.001,6.464091539382935
6846,13,346,1543,58.051544189453125,76.61691576624176,0.001,7.773422002792358
6847,13,347,374,36.6721076965332,76.44635018185774,0.001,4.979395627975464
6848,13,348,977,49.637977600097656,76.38664440977455,0.001,5.587527275085449
6849,13,349,336,40.989776611328125,76.23458636718756,0.001,6.352848768234253
6850,13,350,991,45.435489654541016,76.18874612197466,0.001,6.645892858505249
6851,13,351,1823,43.478389739990234,76.0468393362088,0.001,5.6469550132751465
6852,13,352,1313,50.50229263305664,75.94347096744394,0.001,6.01202392578125
6853,13,353,611,43.692684173583984,75.87187489460696,0.001,6.008042812347412
6854,13,354,721,40.71598815917969,75.79397155351764,0.001,6.652639627456665
6855,13,355,1343,41.387451171875,75.74569473379688,0.001,6.434440612792969
6856,13,356,492,42.26997756958008,75.605431425247,0.001,6.030233860015869
6857,13,357,60,44.54308319091797,75.53618661487134,0.001,6.239905118942261
6858,13,358,834,43.37358856201172,75.40273127070886,0.001,6.452757835388184
6859,13,359,2479,43.49361801147461,75.30686796776506,0.001,5.424347162246704
6860,13,360,98,43.146690368652344,75.17354184406653,0.001,7.258144378662109
6861,13,361,1615,41.9969367980957,75.07332672089275,0.001,6.667126893997192
6862,13,362,250,49.195133209228516,75.0352564184646,0.001,6.573704957962036
6863,13,363,1120,37.086326599121094,74.95590615486641,0.001,6.407716989517212
6864,13,364,827,49.1939811706543,74.90893246468166,0.001,6.9947638511657715
6865,13,365,710,43.928043365478516,74.81465483246045,0.001,6.834178686141968
6866,13,366,2906,41.23896789550781,74.71259151676335,0.001,6.121987342834473
6867,13,367,1832,51.125144958496094,74.61694446616346,0.001,6.796054363250732
6868,13,368,514,53.08506393432617,74.56967777656064,0.001,5.692213535308838
6869,13,369,956,40.129234313964844,74.43155467732544,0.001,6.218700170516968
6870,13,370,819,45.420509338378906,74.3438260727962,0.001,6.110339879989624
6871,13,371,401,48.38199234008789,74.26583668721437,0.001,6.356259822845459
6872,13,372,1088,38.580020904541016,74.16130452009294,0.001,5.579663991928101
6873,13,373,468,40.554622650146484,74.02906506836389,0.001,7.280625581741333
6874,13,374,863,47.07194900512695,73.94841196193639,0.001,5.462776184082031
6875,13,375,2387,58.891357421875,73.91646594039644,0.001,5.703632593154907
6876,13,376,2601,50.44697570800781,73.82563914087693,0.001,5.302892684936523
6877,13,377,2243,43.8386116027832,73.70778052826685,0.001,6.011139392852783
6878,13,378,434,39.259986877441406,73.66413861150792,0.001,7.362106561660767
6879,13,379,989,43.098960876464844,73.5747986786963,0.001,5.75310754776001
6880,13,380,2235,41.01570129394531,73.4486030935382,0.001,5.852285861968994
6881,13,381,699,34.12345504760742,73.33596476448761,0.001,7.104069471359253
6882,13,382,1457,38.37666702270508,73.2021633710641,0.001,5.6576032638549805
6883,13,383,1344,33.813541412353516,73.08933440124962,0.001,6.440391778945923
6884,13,384,1274,45.05231857299805,73.01012863115693,0.001,4.739312648773193
6885,13,385,2543,36.96357727050781,72.90587239188442,0.001,7.337843418121338
6886,13,386,808,41.6427116394043,72.81703315303506,0.001,7.014413118362427
6887,13,387,954,39.41169357299805,72.77156882818312,0.001,7.259742259979248
6888,13,388,861,44.79408264160156,72.71443605544901,0.001,6.683077573776245
6889,13,389,2547,51.25105285644531,72.65312604308421,0.001,5.0109543800354
6890,13,390,1149,32.066505432128906,72.5367831537823,0.001,6.012409210205078
6891,13,391,2654,35.3158073425293,72.39581598106275,0.001,6.626123428344727
6892,13,392,69,47.43825912475586,72.30122052001447,0.001,6.489247798919678
6893,13,393,2901,44.53519821166992,72.24416452681862,0.001,6.354996919631958
6894,13,394,2793,39.369659423828125,72.11928770284925,0.001,6.382602214813232
6895,13,395,2929,42.90220260620117,72.03759256104475,0.001,5.415361166000366
6896,13,396,2298,36.49465560913086,71.99153588746972,0.001,5.303373098373413
6897,13,397,2476,40.125396728515625,71.94908431320624,0.001,5.920393705368042
6898,13,398,367,50.39486312866211,71.90680850517266,0.001,6.831089496612549
6899,13,399,342,36.50577926635742,71.77396273749807,0.001,6.414818286895752
6900,13,400,1879,42.356483459472656,71.714870843847,0.001,7.016814470291138
6901,13,401,2682,34.53919219970703,71.57642149803904,0.001,5.917912483215332
6902,13,402,1768,46.817440032958984,71.54417960218463,0.001,6.147490501403809
6903,13,403,1864,41.69771194458008,71.5048146109983,0.001,6.044108867645264
6904,13,404,913,42.0234375,71.44730262978226,0.001,5.342262029647827
6905,13,405,920,38.39275360107422,71.32526595216851,0.001,6.126673221588135
6906,13,406,325,37.95924377441406,71.23466187829771,0.001,5.109667062759399
6907,13,407,981,39.5245361328125,71.1483078676535,0.001,6.176656007766724
6908,13,408,789,40.187583923339844,71.06469067299665,0.001,6.407169580459595
6909,13,409,2603,35.821258544921875,70.94096920934645,0.001,6.275753974914551
6910,13,410,2537,37.774169921875,70.84966083985752,0.001,5.617079734802246
6911,13,411,2251,37.994632720947266,70.78511720224071,0.001,5.64283299446106
6912,13,412,2596,35.027252197265625,70.71666518841019,0.001,5.514905214309692
6913,13,413,1098,34.12900161743164,70.64599447509032,0.001,5.798298120498657
6914,13,414,2619,35.5721321105957,70.58469729870572,0.001,4.885122537612915
6915,13,415,1453,40.18187713623047,70.54870513841372,0.001,6.705326080322266
6916,13,416,1368,36.686092376708984,70.48293640675975,0.001,5.969836473464966
6917,13,417,743,37.20978927612305,70.44105296246121,0.001,6.276279926300049
6918,13,418,1585,37.03064727783203,70.3243743654238,0.001,5.530236482620239
6919,13,419,773,41.68387985229492,70.24863236939136,0.001,5.522505760192871
6920,13,420,1099,34.458778381347656,70.12254483682554,0.001,6.304994344711304
6921,13,421,916,34.24415588378906,70.0767933510307,0.001,7.18764066696167
6922,13,422,990,33.78291320800781,69.97929469825436,0.001,6.14278769493103
6923,13,423,2223,34.93804168701172,69.85625326748263,0.001,6.969562768936157
6924,13,424,864,35.73515319824219,69.81607321445045,0.001,6.431779861450195
6925,13,425,522,42.228240966796875,69.71997504419538,0.001,4.5541229248046875
6926,13,426,446,36.09235382080078,69.63333575309537,0.001,5.779941082000732
6927,13,427,377,40.98275375366211,69.58027816024354,0.001,5.89631986618042
6928,13,428,2529,43.771705627441406,69.51201594656786,0.001,6.235207557678223
6929,13,429,832,33.861873626708984,69.39023366268813,0.001,6.1763598918914795
6930,13,430,788,38.205604553222656,69.28317764519333,0.001,6.808027267456055
6931,13,431,2652,31.921009063720703,69.23836204941435,0.001,5.6377997398376465
6932,13,432,742,35.071537017822266,69.12141496639309,0.001,6.451187372207642
6933,13,433,390,34.591041564941406,69.06010093084068,0.001,5.896640300750732
6934,13,434,2184,46.62076187133789,69.0189102755086,0.001,5.692463397979736
6935,13,435,523,38.72053146362305,68.91545911679538,0.001,7.566956996917725
6936,13,436,2462,34.317909240722656,68.79721972310627,0.001,5.298448324203491
6937,13,437,778,37.28379440307617,68.71836693620035,0.001,6.001788854598999
6938,13,438,919,35.71662521362305,68.60596883071848,0.001,6.104723215103149
6939,13,439,459,35.28147888183594,68.5664296892071,0.001,6.392929792404175
6940,13,440,405,29.945144653320312,68.49569913880164,0.001,5.642289161682129
6941,13,441,2293,36.554500579833984,68.41395092324377,0.001,6.719269037246704
6942,13,442,383,44.33148193359375,68.33643481615329,0.001,6.96403431892395
6943,13,443,759,32.57416534423828,68.24845326017216,0.001,7.36095404624939
6944,13,444,2399,31.1802921295166,68.20917285977464,0.001,6.789452314376831
6945,13,445,825,35.369136810302734,68.1713666625893,0.001,5.087376594543457
6946,13,446,873,39.84986877441406,68.14196898648211,0.001,6.453726291656494
6947,13,447,1602,40.477882385253906,68.12040629926547,0.001,5.829196453094482
6948,13,448,705,28.261507034301758,67.98718946594772,0.001,6.075435400009155
6949,13,449,1575,42.38889694213867,67.92270575454785,0.001,6.262598991394043
6950,13,450,771,37.822322845458984,67.84925250421136,0.001,4.998301267623901
6951,13,451,2398,39.61314392089844,67.75796695117984,0.001,6.035578727722168
6952,13,452,616,39.34662628173828,67.66643016075889,0.001,6.496914386749268
6953,13,453,774,30.5199031829834,67.5759299802475,0.001,6.0182414054870605
6954,13,454,2219,32.475242614746094,67.53777900060516,0.001,5.5595948696136475
6955,13,455,1921,34.71674728393555,67.45831946346348,0.001,5.506438255310059
6956,13,456,1777,36.15359878540039,67.383683911744,0.001,5.839184522628784
6957,13,457,961,34.717350006103516,67.2791404215851,0.001,4.848438024520874
6958,13,458,719,40.44538497924805,67.19303468536853,0.001,6.2507569789886475
6959,13,459,2909,45.01203155517578,67.13937010615186,0.001,5.694604158401489
6960,13,460,2241,39.02246856689453,67.04862407599676,0.001,5.77492094039917
6961,13,461,2163,28.37858772277832,66.95400068125308,0.001,6.654695749282837
6962,13,462,441,39.284847259521484,66.8882935416275,0.001,6.3023481369018555
6963,13,463,2425,46.95601272583008,66.84079505740755,0.001,5.487186670303345
6964,13,464,2610,43.473388671875,66.81436022057548,0.001,7.1244893074035645
6965,13,465,1083,42.35655212402344,66.73920766973617,0.001,5.813249588012695
6966,13,466,2392,27.447832107543945,66.67220543925797,0.001,5.188256740570068
6967,13,467,914,33.22162628173828,66.5937641887334,0.001,6.653485298156738
6968,13,468,424,35.36050796508789,66.54390827331707,0.001,6.267799139022827
6969,13,469,382,24.310537338256836,66.49803632746341,0.001,4.832906723022461
6970,13,470,388,28.466463088989258,66.45734479743838,0.001,6.081235885620117
6971,13,471,507,55.7471923828125,66.44901792918138,0.001,6.231791257858276
6972,13,472,2546,25.365081787109375,66.35376341619495,0.001,6.215094804763794
6973,13,473,2548,30.77819061279297,66.27214098039936,0.001,5.802874565124512
6974,13,474,372,32.79446029663086,66.23953160594279,0.001,7.1532604694366455
6975,13,475,2580,39.75051498413086,66.1593206080876,0.001,7.259937047958374
6976,13,476,2534,32.00004196166992,66.12109763949368,0.001,5.492815017700195
6977,13,477,1692,30.569801330566406,66.01180782811707,0.001,5.835974216461182
6978,13,478,1676,32.65703201293945,65.90849328924654,0.001,8.019629716873169
6979,13,479,2050,27.16136360168457,65.8459551141195,0.001,7.976398706436157
6980,13,480,1817,23.52627182006836,65.80113714120306,0.001,5.8256566524505615
6981,13,481,56,35.492576599121094,65.7315962308317,0.001,6.485973834991455
6982,13,482,728,32.46586227416992,65.65521176146308,0.001,5.307741403579712
6983,13,483,2552,40.0049934387207,65.59719931038958,0.001,5.400087118148804
6984,13,484,447,35.15804672241211,65.56372639102027,0.001,5.569906711578369
6985,13,485,190,32.41324234008789,65.46076301008462,0.001,6.303427457809448
6986,13,486,803,35.7408447265625,65.42946063519706,0.001,5.620424270629883
6987,13,487,2668,36.06598663330078,65.36213835607533,0.001,5.771684646606445
6988,13,488,28,28.807720184326172,65.32291231657489,0.001,6.212437868118286
6989,13,489,455,31.197856903076172,65.29472724371779,0.001,7.110728740692139
6990,13,490,2772,24.44642448425293,65.2028255046804,0.001,5.9551966190338135
6991,13,491,481,32.42995071411133,65.12905207034308,0.001,6.689860820770264
6992,13,492,2060,41.43998718261719,65.0755203983565,0.001,6.291331052780151
6993,13,493,378,38.51255798339844,64.99612360162847,0.001,5.637481927871704
6994,13,494,2871,26.336101531982422,64.88160991796774,0.001,7.508573770523071
6995,13,495,951,27.104970932006836,64.79764454580302,0.001,5.633064270019531
6996,13,496,727,31.456890106201172,64.76279548159825,0.001,6.5303685665130615
6997,13,497,787,26.085311889648438,64.72125922299122,0.001,6.523342847824097
6998,13,498,2588,28.647480010986328,64.61335697060063,0.001,6.783447265625
6999,13,499,851,26.68895149230957,64.49895097599021,0.001,5.574012756347656
